Region,Application/Plan,Operation,A7 Job Name,Production Job Match,Mapping Status,Expected Duration (min),Avg Runtime Jun-26 (min),P95 Runtime Jun-26 (min),Run Count,Avg Runtime Dec-25 (min),P95 Runtime Dec-25 (min),Run Count Dec-25,SLA Start,SLA End/Cut-off,Criticality,Area,Job Description,Executed Programs,Referenced Datasets (max 30),Source Reference,Validation Status,Environment Status,Implementation Status,Frequency
MY,TMYCLKA7,CPU_001,J7START,,Dev only - not in Prod,1,,,0,,,,,,Development only,,Not implemented in production; runs in development only.,,,A76_LIST.txt; D2606JUN.txt; MY SLA; MY_JCL_Evidence.txt; user confirmation 2026-07-19,User confirmed dev-only,Development,Not implemented in production,
MY,TMYCLKA7,CPU_002,J7AEM#1,JOAEM#1,Matched,10,0.1,0.13,32,0.1,0.12,31,,,Standard,,,,&CNTLLIB(OADC200A),A76_LIST.txt; D2606JUN.txt; MY SLA; MY_JCL_Evidence.txt,Parsed,Production,Implemented,
MY,TMYCLKA7,CPU_003,J7AEC,JOAEC,Matched,10,0,0.02,32,0.01,0.02,31,,,Standard,,,,&CNTLLIB(OADC200D),A76_LIST.txt; D2606JUN.txt; MY SLA; MY_JCL_Evidence.txt,Parsed,Production,Implemented,
MY,TMYCLKA7,CPU_004,J7ADBKED,JOADBKED,Matched,10,0.22,0.25,32,0.25,0.32,31,,,Standard,,,IDCAMS,&CNTLLIB(ICP00591) &CNTLLIB(ICP00592) &CNTLLIB(RESETCC) PRDCAU.BKPVSM.MY20A2.AUSYS.CEDC.EOD PRDEDC.BKPVSM.MY20A2.OADCLGA.EOD PRDEDC.BKPVSM.MY20A2.OADCLGB.EOD PRDEDC.BKPVSM.MY20A2.OADCTF.EOD,A76_LIST.txt; D2606JUN.txt; MY SLA; MY_JCL_Evidence.txt,Parsed,Production,Implemented,
MY,TMYCLKA7,CPU_005,J7ADCEOD,JOADCEOD,Matched,10,4.05,7.42,32,3.45,6.62,31,,,Standard,,,,,A76_LIST.txt; D2606JUN.txt; MY SLA; MY_JCL_Evidence.txt,Parsed,Production,Implemented,
MY,TMYCLKA7,CPU_006,J7ADCEO2,JOADCEO2,Matched,10,20.76,24.95,32,17.71,20.58,31,,,Standard,,,,PRDCAU.BTHLOD.MY20A2 PRDCIS.BTHLOD.MY20A2 PRDCSS.BTHLOD.MY20A2 PRDEDC.BTHLOD.MY20A2,A76_LIST.txt; D2606JUN.txt; MY SLA; MY_JCL_Evidence.txt,Parsed,Production,Implemented,
MY,TMYCLKA7,CPU_007,J7ADCDEB,JOADCDEB,Matched,10,0.79,1.38,32,0.37,0.95,31,,,Standard,,,,PRDCAU.BTHLOD.MY20A2 PRDCIS.BTHLOD.MY20A2 PRDCRD.BTHLOD.MY20A2 PRDCSS.BTHLOD.MY20A2 PRDEDC.BTHLOD.MY20A2,A76_LIST.txt; D2606JUN.txt; MY SLA; MY_JCL_Evidence.txt,Parsed,Production,Implemented,
MY,TMYCLKA7,CPU_008,J7AEO,JOAEO,Matched,10,0,0,32,0,0,31,,,Standard,,,,&CNTLLIB(OADC200E),A76_LIST.txt; D2606JUN.txt; MY SLA; MY_JCL_Evidence.txt,Parsed,Production,Implemented,
MY,TMYCLKA7,CPU_009,J7AEM#3,JOAEM#3,Matched,10,0,0,32,0,0,31,1.30 AM,-,Critical,OAEX,EDC After Hour Transaction Update - To trigger the OAEX (OADX when manually triggered from CICS) transfer to next active log in CICS. Must Start at 1.30 AM bcoz need 2 hrs to finish,,&CNTLLIB(OADC200C),A76_LIST.txt; D2606JUN.txt; MY SLA; MY_JCL_Evidence.txt,Parsed,Production,Implemented,
MY,TMYCLKA7,CPU_010,J7AEM#6,JOAEM#6,Matched,10,0,0,32,0,0,31,,,Standard,,,,&CNTLLIB(OADC200F),A76_LIST.txt; D2606JUN.txt; MY SLA; MY_JCL_Evidence.txt,Parsed,Production,Implemented,
MY,TMYCLKA7,CPU_011,J7ISM#1,JAISM#1,Matched,10,0.03,0.05,32,0.04,0.05,31,,,Standard,,,,&CNTLLIB(AUD600A),A76_LIST.txt; D2606JUN.txt; MY SLA; MY_JCL_Evidence.txt,Parsed,Production,Implemented,
MY,TMYCLKA7,CPU_012,J7IBKEOD,JAIBKEOD,Matched,10,0.96,1.43,32,1.28,2.15,31,,,Standard,,,IDCAMS,PRDCAU.BKPVSM.MY20A2.AUSYS.EOD.AFT PRDCAU.BKPVSM.MY20A2.ISSCATV.EOD.AFTER PRDCAU.BKPVSM.MY20A2.ISSCCVS.EOD.AFTER PRDCAU.BKPVSM.MY20A2.ISSCTYV.EOD.AFTER PRDCAU.BKPVSM.MY20A2.ISSFRD.EOD.AFTER PRDCAU.BKPVSM.MY20A2.ISSLOGA.EOD.AFTER PRDCAU.BKPVSM.MY20A2.ISSLOGB.EOD.AFTER PRDCAU.BKPVSM.MY20A2.ISSPAR.EOD.AFTER PRDCAU.BKPVSM.MY20A2.ISSRPCS.EOD.AFTER PRDCAU.BKPVSM.MY20A2.ISSSPCL.EOD.AFTER PRDCAU.BKPVSM.MY20A2.ISSSTLA.EOD.AFTER PRDCAU.BKPVSM.MY20A2.ISSSTLB.EOD.AFTER PRDCAU.BKPVSM.MY20A2.ISSSTV.EOD.AFTER PRDCAU.BKPVSM.MY20A2.ISSVTP.EOD.AFTER PRDCAU.BKPVSM.MY20A2.ISSWMSG.EOD.AFTER PRDCAU.BTHLOD.MY20A2 PRDCSS.BTHLOD.MY20A2,A76_LIST.txt; D2606JUN.txt; MY SLA; MY_JCL_Evidence.txt,Parsed,Production,Implemented,
MY,TMYCLKA7,CPU_013,J7IEOD,JAIEOD,Matched,10,6.52,11.42,32,5.99,9.6,31,,,Standard,,,,PRDCAU.BTHLOD.MY20A2 PRDCSS.BTHLOD.MY20A2,A76_LIST.txt; D2606JUN.txt; MY SLA; MY_JCL_Evidence.txt,Parsed,Production,Implemented,
MY,TMYCLKA7,CPU_014,J7IEOD2,JAIEOD2,Matched,10,3.37,4.5,32,2.79,3.43,31,,,Standard,,,IDCAMS,PRDCAU.BKPVSM.MY20A2.AUSYS.JCP2028R PRDCIS.BKPVSM.MY20A2.CPSYSA.JCP2028R PRDCIS.BKPVSM.MY20A2.CPSYSB.JCP2028R,A76_LIST.txt; D2606JUN.txt; MY SLA; MY_JCL_Evidence.txt,Parsed,Production,Implemented,
MY,TMYCLKA7,CPU_015,J7P2715U,JCP2715U,Matched,1,0.08,0.12,32,0.1,0.12,31,,,Standard,,,AUU000 AUU001 CPDFP003 ICETOOL IDCAMS IEFBR14 SORT,&CNTLLIB(AUU001D) &CNTLLIB(CPDFPRD1) &CNTLLIB(CPDFPRD2) &CNTLLIB(CPDFPRLG) &CNTLLIB(CPDFPRM1) &CNTLLIB(CPDFPRM2) &CNTLLIB(CPDFPRMB) &CNTLLIB(CPDLPRD1) &CNTLLIB(CPDLPRD2) &CNTLLIB(CPDLPRLG) &CNTLLIB(CPDLPRM1) &CNTLLIB(CPDLPRM2) &CNTLLIB(CPDLPRMB) &CNTLLIB(RESETCC) &ENV.CAU.ONLVSM.&VER.AUSYS &ENV.CIS.BTHVSM.&VER.CPBSYS &ENV.CRD.BTHSEQ.&VER.CPBPRD &ENV.CRD.BTHSEQ.&VER.CPBPRM &ENV.CRD.BTHSEQ.&VER.CPPRLG &ENV.CRD.BTHVSM.&VER.CPBPRM &ENV.CRD.ONLVSM.&VER.CP1PRD &ENV.CRD.ONLVSM.&VER.CP1PRM &ENV.CRD.ONLVSM.&VER.CP2PRD &ENV.CRD.ONLVSM.&VER.CP2PRM &ENV.CRD.ONLVSM.&VER.CPPRLG,A76_LIST.txt; D2606JUN.txt; MY SLA; MY_JCL_Evidence.txt,Parsed,Production,Implemented,
MY,TMYCLKA7,CPU_016,J7IDHST,JAIDHST,Matched,10,12.13,15.22,32,9.44,12.8,31,,,Standard,,,,,A76_LIST.txt; D2606JUN.txt; MY SLA; MY_JCL_Evidence.txt,Parsed,Production,Implemented,
MY,TMYCLKA7,CPU_019,J7USM#1,JAUSM#1,Matched,10,0.19,0.22,32,0.19,0.2,31,,,Standard,,,,&CNTLLIB(AUD500A),A76_LIST.txt; D2606JUN.txt; MY SLA; MY_JCL_Evidence.txt,Parsed,Production,Implemented,
MY,TMYCLKA7,CPU_020,J7UBKEOD,JAUBKEOD,Matched,10,0.13,0.17,32,0.13,0.23,31,,,Standard,,,IDCAMS,PRDCAU.BKPVSM.MY20A2.AULOG1.EOD.AFTER PRDCAU.BKPVSM.MY20A2.AULOG2.EOD.AFTER PRDCAU.BKPVSM.MY20A2.AULOG3.EOD.AFTER PRDCAU.BKPVSM.MY20A2.AUSYS.EOD.AFTER PRDCAU.BTHLOD.MY20A2 PRDCSS.BTHLOD.MY20A2,A76_LIST.txt; D2606JUN.txt; MY SLA; MY_JCL_Evidence.txt,Parsed,Production,Implemented,
MY,TMYCLKA7,CPU_021,J7UEOD,JAUEOD,Matched,10,11.8,15.27,32,9.63,13.43,31,,,Standard,,,,PRDCAU.BTHLOD.MY20A2 PRDCSS.BTHLOD.MY20A2,A76_LIST.txt; D2606JUN.txt; MY SLA; MY_JCL_Evidence.txt,Parsed,Production,Implemented,
MY,TMYCLKA7,CPU_022,J7UEOD2,JAUEOD2,Matched,10,1.71,2.22,32,1.52,1.82,31,,,Standard,,,,PRDCAU.BTHLOD.MY20A2 PRDCSS.BTHLOD.MY20A2,A76_LIST.txt; D2606JUN.txt; MY SLA; MY_JCL_Evidence.txt,Parsed,Production,Implemented,
MY,TMYCLKA7,CPU_023,J7UD800,JAUD800,Matched,10,0.07,0.1,32,0.06,0.08,31,,,Standard,,,,PRDCAU.BTHLOD.MY20A2 PRDCIS.BTHLOD.MY20A2 PRDCSS.BTHLOD.MY20A2,A76_LIST.txt; D2606JUN.txt; MY SLA; MY_JCL_Evidence.txt,Parsed,Production,Implemented,
MY,TMYCLKA7,CPU_024,J7UU801,JAUU801,Matched,10,0.09,0.12,32,0.1,0.12,31,,,Standard,,,IDCAMS,PRDCAU.BKPVSM.MY20A2.AUCRFL PRDCAU.BTHLOD.MY20A2,A76_LIST.txt; D2606JUN.txt; MY SLA; MY_JCL_Evidence.txt,Parsed,Production,Implemented,
MY,TMYCLKA7,CPU_026,J7UDHST,JAUDHST,Matched,10,6.03,8.27,32,4.41,5.98,31,,,Standard,,,,,A76_LIST.txt; D2606JUN.txt; MY SLA; MY_JCL_Evidence.txt,Parsed,Production,Implemented,
MY,TMYCLKA7,CPU_029,J7P476CL,JEP476CL,Matched,10,0,0,32,0,0,31,,,Standard,,,,PRDCRD.BTHCTL.MY20A2(CEPPCL),A76_LIST.txt; D2606JUN.txt; MY SLA; MY_JCL_Evidence.txt,Parsed,Production,Implemented,
MY,TMYCLKA7,CPU_030,J7PDY2BK,JEPDY2BK,Matched,10,1.1,1.95,32,1.05,1.58,31,,,Standard,,,IDCAMS,,A76_LIST.txt; D2606JUN.txt; MY SLA; MY_JCL_Evidence.txt,Parsed,Production,Implemented,
MY,TMYCLKA7,CPU_031,J7PDLY02,JEPDLY02,Matched,10,11.04,12.62,32,11.46,13.98,31,,,Standard,,,,,A76_LIST.txt; D2606JUN.txt; MY SLA; MY_JCL_Evidence.txt,Parsed,Production,Implemented,
MY,TMYCLKA7,CPU_032,J7PSM#1,JQPSM#1,Matched,10,0,0,32,0,0.02,31,,,Standard,,,,,A76_LIST.txt; D2606JUN.txt; MY SLA; MY_JCL_Evidence.txt,Parsed,Production,Implemented,
MY,TMYCLKA7,CPU_033,J7MDY01,JQMDY01,Matched,10,9.14,9.6,32,9.4,13.4,31,,,Standard,,,,&ENV.CRD.BTHBGD.&VER.ASW.CPSWTUI(0) &ENV.CRD.BTHBGD.&VER.CSGQTOCP.L350(0) &ENV.CRD.BTHBGD.&VER.DDS.CPSITUI.DD(0) &ENV.CRD.BTHBGD.&VER.ISGQTOCP.L350(0) &ENV.CRD.BTHBGD.&VER.PPI.CPSITUI.PP(0) &ENV.CRD.BTHBGD.&VER.RCS.VCHC.QMUI(0) &ENV.CRD.BTHBGD.&VER.RCS.VCHI.QMUI(0) &ENV.CRD.BTHBGD.&VER.VCRCAQ.L350(0) &ENV.CRD.BTHBGD.&VER.VCRCAQ.RBK1.L5(0) &ENV.CRD.BTHBGD.&VER.VIRCAQ.L350(0) &ENV.CRD.BTHBGD.&VER.VIRCAQ.RBK1.L5(0) &ENV.CRD.BTHSEQ.&VER.CSGQTOCP.L350.CAF &ENV.CRD.BTHSEQ.&VER.IBGDD.ITR.CPTUI &ENV.CRD.BTHSEQ.&VER.IBGDD.QMC204.W1 &ENV.CRD.BTHSEQ.&VER.IBGDD.QMC204.W2 &ENV.CRD.BTHSEQ.&VER.IBGDD.QMC204.W3 &ENV.CRD.BTHSEQ.&VER.IBGDD.QMC204.W4 &ENV.CRD.BTHSEQ.&VER.IBGDD.QMC204.W5 &ENV.CRD.BTHSEQ.&VER.ISGQTOCP.L350.CAF &ENV.CRD.BTHSEQ.&VER.MID807.COMET.QMTUI1 &ENV.CRD.BTHSEQ.&VER.NBPS.QMETUI &ENV.CRD.BTHSEQ.&VER.PPI.QMC204 &ENV.CRD.BTHSEQ.&VER.QRISS.QMETUI &ENV.CRD.BTHSEQ.&VER.QRONUS.QMETUIA &ENV.CRD.BTHSEQ.&VER.RPS.DLY.CPTUI &ENV.CRD.BTHSEQ.&VER.RTPRTD.QMETUI &ENV.EDC.BTHBGD.&VER.AMUI(0) &ENV.EDC.BTHBGD.&VER.TOAMEDC1(0) &ENV.EPP.BTHSEQ.&VER.AMUI &ENV.IMX.BTHSEQ.&VER.BIZFUSE.BZFUI,A76_LIST.txt; D2606JUN.txt; MY SLA; MY_JCL_Evidence.txt,Parsed,Production,Implemented,
MY,TMYCLKA7,CPU_034,J7PPCCT,JCPPCCT,Matched,10,0.24,0.28,32,0.24,0.25,31,,,Standard,,,,&CNTLLIB(CPU920CT),A76_LIST.txt; D2606JUN.txt; MY SLA; MY_JCL_Evidence.txt,Parsed,Production,Implemented,
MY,TMYCLKA7,CPU_035,J7PUHST,JCPUHST,Matched,10,0.79,0,32,3.7,25.5,37,,,Standard,,,IDCAMS IEBDG IEFBR14,PRDCIS.BTHLOD.MY20A2 PRDCRD.BTHCTL.MY20A2(CPDFCPP) PRDCRD.BTHCTL.MY20A2(REPRO) PRDCRD.BTHSEQ.MY20A2.CPBCPP.BCKUP PRDCRD.BTHVSM.MY20A2.CPBCPP PRDCSS.BTHLOD.MY20A2,A76_LIST.txt; D2606JUN.txt; MY SLA; MY_JCL_Evidence.txt,Parsed,Production,Implemented,
MY,TMYCLKA7,CPU_036,J7PU909,JCPU909,Matched,10,1.62,2,32,1.66,2.43,31,,,Standard,,,,,A76_LIST.txt; D2606JUN.txt; MY SLA; MY_JCL_Evidence.txt,Parsed,Production,Implemented,
MY,TMYCLKA7,CPU_037,J7PDY1,JCPDY1,Matched,10,0.66,0.87,32,0.65,1.38,31,01:00,01:30,Critical,JCPDY1,CIS DAY1,,&ENV.CAU.BTHSEQ.&VER.CPTUI.PE &ENV.CAU.BTHSEQ.&VER.CPTUIM.PE &ENV.CIS.BTHSEQ.&VER.CLWBKFL.CPTUI.PE &ENV.CIS.BTHSEQ.&VER.CPTUI.CRP.PE &ENV.CIS.BTHSEQ.&VER.CPTUI.GSTW.PE &ENV.CIS.BTHSEQ.&VER.CPTUI.KH.AUTO.PE &ENV.CIS.BTHSEQ.&VER.CPTUI.WELB.PE &ENV.CIS.BTHSEQ.&VER.CUS.PRGE.UI.PE &ENV.CIS.BTHSEQ.&VER.DS30.CPTUI.DSA.PE &ENV.CIS.BTHSEQ.&VER.DS40.CPTUI.DSA.PE &ENV.CIS.BTHSEQ.&VER.GST.CPTUI.PE &ENV.CIS.BTHSEQ.&VER.MAINT.CPTUI.RCYC.PE &ENV.CIS.BTHSEQ.&VER.NPD030.CPTUIM.PE &ENV.CIS.BTHSEQ.&VER.OABI.UI.PE &ENV.CIS.BTHSEQ.&VER.PLTMNUI.PE &ENV.CIS.BTHSEQ.&VER.RCSBVCUI.BULK.PE &ENV.CIS.BTHSEQ.&VER.RCSBVCUI.PE &ENV.CIS.BTHSEQ.&VER.SST.CPTUI.PE &ENV.CIS.BTHSEQ.&VER.SST.CPTUI.REV.PE &ENV.CIS.BTHSEQ.&VER.SST.MAINT.CPTUI.PE &ENV.CRD.BTHSEQ.&VER.ABC.SAS.CPTUI.PE &ENV.CRD.BTHSEQ.&VER.ADDLCR.LBUCIA.PE &ENV.CRD.BTHSEQ.&VER.ADEBIT.CPTUI.PE &ENV.CRD.BTHSEQ.&VER.ADHOC1.UI.PE &ENV.CRD.BTHSEQ.&VER.ADHOC2.UI.PE &ENV.CRD.BTHSEQ.&VER.ADHOC3.UI.PE &ENV.CRD.BTHSEQ.&VER.AKPK.CPTUI.PE &ENV.CRD.BTHSEQ.&VER.AUTO.REBATE.CPTUI.PE &ENV.CRD.BTHSEQ.&VER.AUTOBLK.EQUOUI.PE &ENV.CRD.BTHSEQ.&VER.AUTOBLK.LOWOUI.PE,A76_LIST.txt; D2606JUN.txt; MY SLA; MY_JCL_Evidence.txt,Parsed,Production,Implemented,
MY,TMYCLKA7,CPU_038,J7MBMER,JQMBMER,Matched,10,5.64,6.6,32,6.76,10.67,31,,,Standard,,,,&ENV.CAQ.ONLVSM.&VER.QMMBUS &ENV.CAQ.ONLVSM.&VER.QMMCNT &ENV.CAQ.ONLVSM.&VER.QMMMER &ENV.CAQ.ONLVSM.&VER.QMMPRF &ENV.CAQ.ONLVSM.&VER.QMPORG &ENV.CAQ.ONLVSM.&VER.QMPSYS,A76_LIST.txt; D2606JUN.txt; MY SLA; MY_JCL_Evidence.txt,Parsed,Production,Implemented,
MY,TMYCLKA7,CPU_039,J7XVERCL,JCXVERCL,Matched,10,0.11,0.15,39,0.1,0.15,36,,,Standard,,,IDCAMS,PRDCRD.BTHCTL.MY20A2(FCCXCL) PRDIMX.BTHVSM.MY20A2.CXIFS.JCI PRDIMX.BTHVSM.MY20A2.CXIFS.MCI PRDIMX.BTHVSM.MY20A2.CXIFS.MDI PRDIMX.BTHVSM.MY20A2.CXIFS.SPI PRDIMX.BTHVSM.MY20A2.CXIFS.VSI PRDIMX.BTHVSM.MY20A2.CXKPS PRDIMX.ONLVSM.MY20A2.CXASO PRDIMX.ONLVSM.MY20A2.CXAUT PRDIMX.ONLVSM.MY20A2.CXERR PRDIMX.ONLVSM.MY20A2.CXH01 PRDIMX.ONLVSM.MY20A2.CXH02 PRDIMX.ONLVSM.MY20A2.CXH03 PRDIMX.ONLVSM.MY20A2.CXH04 PRDIMX.ONLVSM.MY20A2.CXH05 PRDIMX.ONLVSM.MY20A2.CXH06 PRDIMX.ONLVSM.MY20A2.CXH07 PRDIMX.ONLVSM.MY20A2.CXH08 PRDIMX.ONLVSM.MY20A2.CXH09 PRDIMX.ONLVSM.MY20A2.CXH10 PRDIMX.ONLVSM.MY20A2.CXHSK PRDIMX.ONLVSM.MY20A2.CXHSX PRDIMX.ONLVSM.MY20A2.CXHXA01 PRDIMX.ONLVSM.MY20A2.CXHXA02 PRDIMX.ONLVSM.MY20A2.CXHXA03 PRDIMX.ONLVSM.MY20A2.CXHXA04 PRDIMX.ONLVSM.MY20A2.CXHXA05 PRDIMX.ONLVSM.MY20A2.CXHXA06 PRDIMX.ONLVSM.MY20A2.CXHXA07 PRDIMX.ONLVSM.MY20A2.CXHXA08,A76_LIST.txt; D2606JUN.txt; MY SLA; MY_JCL_Evidence.txt,Parsed,Production,Implemented,
MY,TMYCLKA7,CPU_040,J7XBCKUP,JCXBCKUP,Matched,1,0.07,0.08,32,0.07,0.1,31,,,Standard,,,IDCAMS SORT,PRDCRD.BTHCTL.MY20A2(CXRESET) PRDCRD.BTHCTL.MY20A2(CXSYSRDF) PRDCRD.BTHCTL.MY20A2(CXSYSRDL) PRDIMX.BKPBGD.MY20A2.CXABS(+1) PRDIMX.BKPBGD.MY20A2.CXAUD(+1) PRDIMX.BKPBGD.MY20A2.CXAUT(+1) PRDIMX.BKPBGD.MY20A2.CXCCR(+1) PRDIMX.BKPBGD.MY20A2.CXIFS.CBS(+1) PRDIMX.BKPBGD.MY20A2.CXIFS.JCI(+1) PRDIMX.BKPBGD.MY20A2.CXIFS.MCI(+1) PRDIMX.BKPBGD.MY20A2.CXIFS.MDI(+1) PRDIMX.BKPBGD.MY20A2.CXIFS.SPI(+1) PRDIMX.BKPBGD.MY20A2.CXIFS.VSI(+1) PRDIMX.BKPBGD.MY20A2.CXIRO.BKUP(+1) PRDIMX.BKPBGD.MY20A2.CXKPS(+1) PRDIMX.BKPBGD.MY20A2.CXMRO(+1) PRDIMX.BKPBGD.MY20A2.CXRTE(+1) PRDIMX.BKPBGD.MY20A2.CXTCO.BKUP(+1) PRDIMX.BKPBGD.MY20A2.CXTFE.BKUP(+1) PRDIMX.BTHBGD.MY20A2.CXMRO(0) PRDIMX.BTHVSM.MY20A2.CXABS PRDIMX.BTHVSM.MY20A2.CXCCR PRDIMX.BTHVSM.MY20A2.CXIFS.CBS PRDIMX.BTHVSM.MY20A2.CXIFS.JCI PRDIMX.BTHVSM.MY20A2.CXIFS.MCI PRDIMX.BTHVSM.MY20A2.CXIFS.MDI PRDIMX.BTHVSM.MY20A2.CXIFS.SPI PRDIMX.BTHVSM.MY20A2.CXIFS.VSI PRDIMX.BTHVSM.MY20A2.CXKPS PRDIMX.BTHVSM.MY20A2.CXSYS.RPT,A76_LIST.txt; D2606JUN.txt; MY SLA; MY_JCL_Evidence.txt,Parsed,Production,Implemented,
MY,TMYCLKA7,CPU_041,J7XCJCIN,JCXCJCIN,Matched,1,0.06,0.08,32,0.08,0.17,31,,,Standard,,,CXCJ040 CXU016 IDCAMS IEBGENER SORT,&CNTLLIB(CXADNJDF) &CNTLLIB(CXADNJDL) &CNTLLIB(CXCJ040) &CNTLLIB(CXRESET) &CNTLLIB(REPROCX) &ENV.IMX.BTHSEQ.&VER.CXJCIV &ENV.IMX.BTHSEQ.&VER.CXTFO.JCI.NRT &ENV.IMX.BTHSEQ.&VER.CXTFO.JCIN &ENV.IMX.BTHVSM.&VER.CXADN.JCI &ENV.IMX.BTHVSM.&VER.CXIFS.JCI &ENV.IMX.BTHVSM.&VER.CXKPS &ENV.IMX.ONLVSM.&VER.CXASO &ENV.IMX.ONLVSM.&VER.CXSYS &ENV.TCP.ONLVSM.&VER.TCPPPM,A76_LIST.txt; D2606JUN.txt; MY SLA; MY_JCL_Evidence.txt,Parsed,Production,Implemented,
MY,TMYCLKA7,CPU_042,J7XCLMCI,JCXCLMCI,Matched,10,1.81,2.88,32,2.04,3.37,31,,,Standard,,,CXCM010 CXU016 ICEGENER IDCAMS IEBGENER IEFBR14 SORT,&CNTLLIB(CXADNCDF) &CNTLLIB(CXADNCDL) &CNTLLIB(CXCM010) &CNTLLIB(CXRESET) &CNTLLIB(CXUTCTM) &CNTLLIB(DYNALL32) &CNTLLIB(ICPK1000) &CNTLLIB(REPROCX) &ENV.CAU.ONLVSM.&VER.AUTKN &ENV.CAU.ONLVSM.&VER.AUTKN.PATH &ENV.IMX.BKPBGD.&VER.CXIFS.MCI.T5G2(+1) &ENV.IMX.BTHSEQ.&VER.B2B.CPADD.MCI &ENV.IMX.BTHSEQ.&VER.CXCCW.MCI &ENV.IMX.BTHSEQ.&VER.CXIPM &ENV.IMX.BTHSEQ.&VER.CXTFO.MCI &ENV.IMX.BTHSEQ.&VER.CXTFO.MCI.NQR &ENV.IMX.BTHSEQ.&VER.CXTFO.MCI.NRT &ENV.IMX.BTHSEQ.&VER.CXTFO.MCI.QR &ENV.IMX.BTHSEQ.&VER.CXTFO.ORIG &ENV.IMX.BTHSEQ.&VER.CXTFO.XGCO &ENV.IMX.BTHVSM.&VER.CXADN.MCI &ENV.IMX.BTHVSM.&VER.CXIFS.MCI &ENV.IMX.BTHVSM.&VER.CXKPS &ENV.IMX.BTHVSM.&VER.CXTFE.MCI &ENV.IMX.ONLVSM.&VER.CXASO &ENV.IMX.ONLVSM.&VER.CXH01 &ENV.IMX.ONLVSM.&VER.CXH02 &ENV.IMX.ONLVSM.&VER.CXH03 &ENV.IMX.ONLVSM.&VER.CXH04 &ENV.IMX.ONLVSM.&VER.CXH05,A76_LIST.txt; D2606JUN.txt; MY SLA; MY_JCL_Evidence.txt,Parsed,Production,Implemented,
MY,TMYCLKA7,CPU_043,J7XCLVSI,JCXCLVSI,Matched,10,3.12,4.62,32,2.39,3.43,31,,,Standard,,,CXCV010 CXU016 ICEGENER IDCAMS IEFBR14 SORT,PRDBS3.BTHSEQ.MY20A2.CPTVI.VISA PRDBS3.BTHSEQ.MY20A2.KH.VISA.CTFI PRDCAU.ONLVSM.MY20A2.AUTKN PRDCAU.ONLVSM.MY20A2.AUTKN.PATH PRDCIS.BTHVSM.MY20A2.CPBSYS PRDCIS.ONLVSM.MY20A2.CPPFX.PATH PRDCRD.BTHCTL.MY20A2(CXADNVDF) PRDCRD.BTHCTL.MY20A2(CXADNVDL) PRDCRD.BTHCTL.MY20A2(CXCV010) PRDCRD.BTHCTL.MY20A2(CXRESET) PRDCRD.BTHCTL.MY20A2(REPROCX) PRDIMX.BTHSEQ.MY20A2.CPADD.VSI PRDIMX.BTHSEQ.MY20A2.CXBWF.VISA PRDIMX.BTHSEQ.MY20A2.CXCCW.VSI PRDIMX.BTHSEQ.MY20A2.CXTFO.VSI PRDIMX.BTHSEQ.MY20A2.CXVSI PRDIMX.BTHVSM.MY20A2.CXADN.VSI PRDIMX.BTHVSM.MY20A2.CXIFS.VSI PRDIMX.BTHVSM.MY20A2.CXKPS PRDIMX.ONLVSM.MY20A2.CXASO PRDIMX.ONLVSM.MY20A2.CXSYS,A76_LIST.txt; D2606JUN.txt; MY SLA; MY_JCL_Evidence.txt,Parsed,Production,Implemented,
MY,TMYCLKA7,CPU_044,J7XLEXCR,JCXLEXCR,Matched,10,0.03,0.07,32,0.03,0.05,31,,,Standard,,,CXCC050 CXU016 SORT,PRDCRD.BTHCTL.MY20A2(CXCC050) PRDCRD.BTHCTL.MY20A2(DYNALL32) PRDIMX.BTHSEQ.MY20A2.CXCCW.MCI PRDIMX.BTHSEQ.MY20A2.CXCCW.VSI PRDIMX.BTHVSM.MY20A2.CXCCR PRDIMX.ONLVSM.MY20A2.CXSYS,A76_LIST.txt; D2606JUN.txt; MY SLA; MY_JCL_Evidence.txt,Parsed,Production,Implemented,
MY,TMYCLKA7,CPU_045,J7XLEXRT,JCXLEXRT,Matched,10,0.11,0.15,32,0.1,0.15,31,,,Standard,,,CP616660 CXCC060 CXRC040 CXU016 IDCAMS IEFBR14 SORT,PRDCRD.BTHCTL.MY20A2(CXCC060) PRDCRD.BTHCTL.MY20A2(CXRC040) PRDCRD.BTHCTL.MY20A2(CXRESET) PRDCRD.BTHCTL.MY20A2(CXRTEDF) PRDCRD.BTHCTL.MY20A2(CXRTEDL) PRDCRD.BTHCTL.MY20A2(DYNALL32) PRDCRD.BTHCTL.MY20A2(REPROCX) PRDCRD.BTHPRM.MY20A2.FIN(ICP00769) PRDIMX.BTHSEQ.MY20A2.CXRTE PRDIMX.BTHVSM.MY20A2.CXCCR PRDIMX.ONLVSM.MY20A2.CXRTE PRDIMX.ONLVSM.MY20A2.CXSYS,A76_LIST.txt; D2606JUN.txt; MY SLA; MY_JCL_Evidence.txt,Parsed,Production,Implemented,
MY,TMYCLKA7,CPU_046,J7QDY01,JCQDY01,Matched,10,14.68,18.8,32,16.59,21.77,31,,,Standard,,,,PRDCAQ.BTHLOD.MY20A2 PRDCAU.BTHLOD.MY20A2 PRDCSS.BTHLOD.MY20A2,A76_LIST.txt; D2606JUN.txt; MY SLA; MY_JCL_Evidence.txt,Parsed,Production,Implemented,
MY,TMYCLKA7,CPU_047,J7MDY02,JQMDY02,Matched,10,3.06,5.4,32,2,2.73,31,,,Standard,,,SORT,&ENV.CAQ.BKPBGD.&VER.CQMTR1.B4(0) &ENV.CAQ.BTHSEQ.&VER.QMEBMI &ENV.CRD.BTHSEQ.&VER.CQDMRP02.QMMRPUI &ENV.CRD.BTHSEQ.&VER.DCC.MTH.CQD730 &ENV.CRD.BTHSEQ.&VER.EAC.CPTUI &ENV.CRD.BTHSEQ.&VER.GIRO.CQD730 &ENV.CRD.BTHSEQ.&VER.MID805.COMET.QMTUI1 &ENV.CRD.BTHSEQ.&VER.PINELABS.UI PRDCAQ.BTHLOD.MY20A2 PRDCAU.BTHLOD.MY20A2 PRDCIS.BTHLOD.MY20A2 PRDCSS.BTHLOD.MY20A2,A76_LIST.txt; D2606JUN.txt; MY SLA; MY_JCL_Evidence.txt,Parsed,Production,Implemented,
MY,TMYCLKA7,CPU_048,J7MDY03,JQMDY03,Matched,10,1.35,2.75,32,0.74,1.53,31,,,Standard,,,,PRDCAQ.BTHLOD.MY20A2 PRDCAU.BTHLOD.MY20A2 PRDCSS.BTHLOD.MY20A2,A76_LIST.txt; D2606JUN.txt; MY SLA; MY_JCL_Evidence.txt,Parsed,Production,Implemented,
MY,TMYCLKA7,CPU_049,J7PDY2A,JCPDY2A,Matched,10,0.51,0.9,32,0.38,0.45,31,,,Standard,,,,PRDCIS.BTHLOD.MY20A2 PRDCSS.BTHLOD.MY20A2,A76_LIST.txt; D2606JUN.txt; MY SLA; MY_JCL_Evidence.txt,Parsed,Production,Implemented,
MY,TMYCLKA7,CPU_050,J7PDY2B,JCPDY2B,Matched,10,0.09,0.18,32,0.06,0.08,31,,,Standard,,,,PRDCIS.BTHLOD.MY20A2 PRDCSS.BTHLOD.MY20A2,A76_LIST.txt; D2606JUN.txt; MY SLA; MY_JCL_Evidence.txt,Parsed,Production,Implemented,
MY,TMYCLKA7,CPU_051,J7PDY2C,JCPDY2C,Matched,10,0.06,0.08,32,0.05,0.07,31,,,Standard,,,,PRDCIS.BTHLOD.MY20A2 PRDCSS.BTHLOD.MY20A2,A76_LIST.txt; D2606JUN.txt; MY SLA; MY_JCL_Evidence.txt,Parsed,Production,Implemented,
MY,TMYCLKA7,CPU_052,J7PDY2D,JCPDY2D,Matched,10,2.09,2.25,32,1.99,2.18,31,,,Standard,,,,PRDCIS.BTHLOD.MY20A2 PRDCSS.BTHLOD.MY20A2,A76_LIST.txt; D2606JUN.txt; MY SLA; MY_JCL_Evidence.txt,Parsed,Production,Implemented,
MY,TMYCLKA7,CPU_053,J7PDY2E,JCPDY2E,Matched,10,0.07,0.08,32,0.07,0.08,31,,,Standard,,,,PRDCIS.BTHLOD.MY20A2 PRDCSS.BTHLOD.MY20A2,A76_LIST.txt; D2606JUN.txt; MY SLA; MY_JCL_Evidence.txt,Parsed,Production,Implemented,
MY,TMYCLKA7,CPU_054,J7PDY2F,JCPDY2F,Matched,10,0.72,0.78,32,0.75,0.82,31,,,Standard,,,,,A76_LIST.txt; D2606JUN.txt; MY SLA; MY_JCL_Evidence.txt,Parsed,Production,Implemented,
MY,TMYCLKA7,CPU_055,J7PDY2G,JCPDY2G,Matched,10,0.45,0.65,32,0.44,0.62,31,,,Standard,,,,PRDCIS.BTHLOD.MY20A2 PRDCSS.BTHLOD.MY20A2,A76_LIST.txt; D2606JUN.txt; MY SLA; MY_JCL_Evidence.txt,Parsed,Production,Implemented,
MY,TMYCLKA7,CPU_056,J7PDY2H,JCPDY2H,Matched,10,0.24,0.27,32,0.22,0.25,31,,,Standard,,,,PRDCIS.BTHLOD.MY20A2 PRDCSS.BTHLOD.MY20A2,A76_LIST.txt; D2606JUN.txt; MY SLA; MY_JCL_Evidence.txt,Parsed,Production,Implemented,
MY,TMYCLKA7,CPU_057,J7PDY2I,JCPDY2I,Matched,10,0.07,0.07,32,0.07,0.08,31,,,Standard,,,,PRDCIS.BTHLOD.MY20A2 PRDCSS.BTHLOD.MY20A2,A76_LIST.txt; D2606JUN.txt; MY SLA; MY_JCL_Evidence.txt,Parsed,Production,Implemented,
MY,TMYCLKA7,CPU_058,J7UQMIT,JAUQMIT,Matched,10,0,0,32,0,0,31,,,Standard,,,,PRDCAU.BTHLOD.MY20A2 PRDCSS.BTHLOD.MY20A2,A76_LIST.txt; D2606JUN.txt; MY SLA; MY_JCL_Evidence.txt,Parsed,Production,Implemented,
MY,TMYCLKA7,CPU_059,J7USM#3,JAUSM#3,Matched,10,0.02,0.02,32,0.02,0.03,31,,,Standard,,,,&CNTLLIB(AUD500C),A76_LIST.txt; D2606JUN.txt; MY SLA; MY_JCL_Evidence.txt,Parsed,Production,Implemented,
MY,TMYCLKA7,CPU_060,J7UAFHJC,JAUAFHJC,Matched,10,0.38,0.48,32,0.4,0.55,31,,,Standard,,,,PRDCAU.BTHLOD.MY20A2 PRDCIS.BTHLOD.MY20A2 PRDCSS.BTHLOD.MY20A2,A76_LIST.txt; D2606JUN.txt; MY SLA; MY_JCL_Evidence.txt,Parsed,Production,Implemented,
MY,TMYCLKA7,CPU_061,J7XCIPAM,JCXCIPAM,Matched,10,0.95,1.35,32,0.94,1.78,31,,,Standard,,,CXCI021 CXCI041 CXRC000 CXU016 ICEGENER IDCAMS IEFBR14 SORT,!INDEXS!.CX20S.CXMRO.CUT1 !INDEXS!.CX20S.CXMRO.CUT2 !INDEXS!.CX20S.CXMRO.CUT3 !INDEXS!.CX20S.CXMRO.CUT4 !INDEXS!.CX20S.CXMRO.CUT5 PRDCAQ.BTHSEQ.MY20A2.QMETUI PRDCAQ.ONLVSM.MY20A2.QMMCNT PRDCAQ.ONLVSM.MY20A2.QMMMAP PRDCAQ.ONLVSM.MY20A2.QMMMAP.PATH PRDCAQ.ONLVSM.MY20A2.QMMMER PRDCAQ.ONLVSM.MY20A2.QMMPRF PRDCAQ.ONLVSM.MY20A2.QMPORG PRDCIS.BTHVSM.MY20A2.CPBSYS PRDCIS.ONLVSM.MY20A2.CPPFX.PATH PRDCIS.ONLVSM.MY20A2.CPTCD PRDCRD.BTHCTL.MY20A2(CXAMPDF) PRDCRD.BTHCTL.MY20A2(CXAMPDL) PRDCRD.BTHCTL.MY20A2(CXCI021) PRDCRD.BTHCTL.MY20A2(CXCI021C) PRDCRD.BTHCTL.MY20A2(CXCI041) PRDCRD.BTHCTL.MY20A2(CXRC000) PRDCRD.BTHCTL.MY20A2(CXUTCTBB) PRDCRD.BTHCTL.MY20A2(DYNALL32) PRDCRD.BTHCTL.MY20A2(REPROCX) PRDCRD.BTHCTL.MY20A2(RESETCC) PRDCSS.ONLVSM.MY20A2.CSCPES PRDIMX.BTHBGD.MY20A2.CXMRO(+1) PRDIMX.BTHBGD.MY20A2.CXMRO(0) PRDIMX.BTHSEQ.MY20A2.CXAMO PRDIMX.BTHSEQ.MY20A2.CXAMR,A76_LIST.txt; D2606JUN.txt; MY SLA; MY_JCL_Evidence.txt,Parsed,Production,Implemented,
MY,TMYCLKA7,CPU_062,J7XRTSMD,JCXRTSMD,Matched,10,0.1,0.12,32,0.08,0.12,31,,,Standard,,,CXRC000 CXU016,PRDCRD.BTHCTL.MY20A2(CXRC000) PRDCRD.BTHCTL.MY20A2(DYNALL32) PRDIMX.BTHSEQ.MY20A2.CXMID PRDIMX.BTHVSM.MY20A2.CXSYS.RPT,A76_LIST.txt; D2606JUN.txt; MY SLA; MY_JCL_Evidence.txt,Parsed,Production,Implemented,
MY,TMYCLKA7,CPU_063,J7XCLMDI,JCXCLMDI,Matched,10,8.29,14.77,32,8.77,14.42,31,,,Standard,,,CXCC020 CXU016 IDCAMS IEBGENER IEFBR14 SORT,&CNTLLIB(CXRESET) &CNTLLIB(CXTFEMDF) &CNTLLIB(CXTFEMDL) &ENV.CIS.BTHVSM.&VER.CPBSYS &ENV.CIS.ONLVSM.&VER.CPPFX.PATH &ENV.CSS.ONLVSM.&VER.CSCUR &ENV.CSS.ONLVSM.&VER.CSRTE PRDCRD.BTHCTL.MY20A2(CXCC020) PRDCRD.BTHCTL.MY20A2(CXUPRM) PRDCRD.BTHCTL.MY20A2(DYNALL32) PRDCRD.BTHCTL.MY20A2(ICPK1000) PRDCRD.BTHCTL.MY20A2(REPROCX) PRDIMX.BTHSEQ.MY20A2.CXIRC.PARM PRDIMX.BTHSEQ.MY20A2.CXMID PRDIMX.BTHSEQ.MY20A2.CXPRM PRDIMX.BTHSEQ.MY20A2.CXTFO.MDI PRDIMX.BTHVSM.MY20A2.CXABS PRDIMX.BTHVSM.MY20A2.CXACQ PRDIMX.BTHVSM.MY20A2.CXIFS.MDI PRDIMX.BTHVSM.MY20A2.CXISS PRDIMX.BTHVSM.MY20A2.CXTFE.MDI PRDIMX.ONLVSM.MY20A2.CXH01 PRDIMX.ONLVSM.MY20A2.CXH02 PRDIMX.ONLVSM.MY20A2.CXH03 PRDIMX.ONLVSM.MY20A2.CXH04 PRDIMX.ONLVSM.MY20A2.CXH05 PRDIMX.ONLVSM.MY20A2.CXH06 PRDIMX.ONLVSM.MY20A2.CXH07 PRDIMX.ONLVSM.MY20A2.CXH08 PRDIMX.ONLVSM.MY20A2.CXH09,A76_LIST.txt; D2606JUN.txt; MY SLA; MY_JCL_Evidence.txt,Parsed,Production,Implemented,
MY,TMYCLKA7,CPU_064,J7XCLOLI,JCXCLOLI,Matched,10,0.05,0.08,32,0.05,0.08,31,,,Standard,,,CXCC010 CXU016 IDCAMS IEBGENER IEFBR14 SORT,&ENV.CSS.ONLVSM.&VER.CSCUR &ENV.CSS.ONLVSM.&VER.CSRTE PRDCIS.BTHVSM.MY20A2.CPBSYS PRDCIS.ONLVSM.MY20A2.CPPFX.PATH PRDCRD.BTHCTL.MY20A2(CXCC010) PRDCRD.BTHCTL.MY20A2(CXUPRM) PRDCRD.BTHCTL.MY20A2(DYNALL32) PRDCRD.BTHCTL.MY20A2(ICPK1000) PRDCRD.BTHCTL.MY20A2(REPROCX) PRDIMX.BTHSEQ.MY20A2.CXIRC.PARM PRDIMX.BTHSEQ.MY20A2.CXPRM PRDIMX.BTHSEQ.MY20A2.CXREJ PRDIMX.BTHSEQ.MY20A2.CXTFO.OLI.DEL PRDIMX.BTHSEQ.MY20A2.CXTFO.OLI.OUTG PRDIMX.BTHSEQ.MY20A2.CXTFO.OLI.POST PRDIMX.BTHSEQ.MY20A2.CXTR1 PRDIMX.BTHVSM.MY20A2.CXABS PRDIMX.BTHVSM.MY20A2.CXACQ PRDIMX.BTHVSM.MY20A2.CXISS PRDIMX.ONLVSM.MY20A2.CXLCB PRDIMX.ONLVSM.MY20A2.CXREJ PRDIMX.ONLVSM.MY20A2.CXRTE PRDIMX.ONLVSM.MY20A2.CXSYS PRDIMX.ONLVSM.MY20A2.CXTR1,A76_LIST.txt; D2606JUN.txt; MY SLA; MY_JCL_Evidence.txt,Parsed,Production,Implemented,
MY,TMYCLKA7,CPU_065,J7XCLSPI,JCXCLSPI,Matched,10,0.24,0.4,32,0.13,0.2,31,,,Standard,,,CXCI030 CXU016 ICETOOL IDCAMS IEBGENER IEFBR14 SORT,&CNTLLIB(ICPK0500) &CNTLLIB(ICPK1000) &CNTLLIB(SORTCOPY) PRDCAQ.ONLVSM.MY20A2.QMMMER PRDCAQ.ONLVSM.MY20A2.QMPORG PRDCIS.BTHSEQ.MY20A2.CPLCH1 PRDCIS.BTHVSM.MY20A2.CPBSYS PRDCIS.BTHVSM.MY20A2.CPRTB PRDCIS.ONLVSM.MY20A2.CPPFX.PATH PRDCRD.BTHCTL.MY20A2(CXCI030) PRDCRD.BTHCTL.MY20A2(CXRESET) PRDCRD.BTHCTL.MY20A2(CXTFEODF) PRDCRD.BTHCTL.MY20A2(CXTFEODL) PRDCRD.BTHCTL.MY20A2(CXUPRM) PRDCRD.BTHCTL.MY20A2(DYNALL32) PRDCRD.BTHCTL.MY20A2(REPROCX) PRDCSS.ONLVSM.MY20A2.CSCUR PRDCSS.ONLVSM.MY20A2.CSRTE PRDIMX.BTHSEQ.MY20A2.CXIRC.PARM PRDIMX.BTHSEQ.MY20A2.CXPRM PRDIMX.BTHSEQ.MY20A2.CXTFE.BKUP.SPI PRDIMX.BTHSEQ.MY20A2.CXTFO.SPI PRDIMX.BTHVSM.MY20A2.CXABS PRDIMX.BTHVSM.MY20A2.CXACQ PRDIMX.BTHVSM.MY20A2.CXIFS.SPI PRDIMX.BTHVSM.MY20A2.CXISS PRDIMX.BTHVSM.MY20A2.CXKPS PRDIMX.BTHVSM.MY20A2.CXTFE.CBS PRDIMX.BTHVSM.MY20A2.CXTFE.DCF PRDIMX.BTHVSM.MY20A2.CXTFE.MDI,A76_LIST.txt; D2606JUN.txt; MY SLA; MY_JCL_Evidence.txt,Parsed,Production,Implemented,
MY,TMYCLKA7,CPU_066,J7XCLXRT,JCXCLXRT,Matched,10,0.19,0.27,32,0.22,0.27,31,,,Standard,,,IEFBR14 SORT,PRDCRD.BTHCTL.MY20A2(DYNALL32) PRDIMX.BTHSEQ.MY20A2.ABC.CXTFI.MCX PRDIMX.BTHSEQ.MY20A2.ABC.CXTFI.VSX PRDIMX.BTHSEQ.MY20A2.BALCON.CXTFI.MCX PRDIMX.BTHSEQ.MY20A2.BALCON.CXTFI.VSX PRDIMX.BTHSEQ.MY20A2.CL.CXTFI.MCX PRDIMX.BTHSEQ.MY20A2.CL.CXTFI.VSX PRDIMX.BTHSEQ.MY20A2.CXTFI.CXX PRDIMX.BTHSEQ.MY20A2.CXTFI.IFS PRDIMX.BTHSEQ.MY20A2.CXTFI.JCX PRDIMX.BTHSEQ.MY20A2.CXTFI.MCX PRDIMX.BTHSEQ.MY20A2.CXTFI.MXX PRDIMX.BTHSEQ.MY20A2.CXTFI.PLX PRDIMX.BTHSEQ.MY20A2.CXTFI.VSX PRDIMX.BTHSEQ.MY20A2.CXTFO.CXPI042.CBS.E PRDIMX.BTHSEQ.MY20A2.CXTFO.MDI PRDIMX.BTHSEQ.MY20A2.CXTFO.OLI.OUTG PRDIMX.BTHSEQ.MY20A2.CXTFO.SPI PRDIMX.BTHSEQ.MY20A2.FPP.CXTFI.MCX PRDIMX.BTHSEQ.MY20A2.FPP.CXTFI.VSX PRDIMX.BTHSEQ.MY20A2.KH.CXTFI.VSX,A76_LIST.txt; D2606JUN.txt; MY SLA; MY_JCL_Evidence.txt,Parsed,Production,Implemented,
MY,TMYCLKA7,CPU_067,J7XCLMCO,JCXCLMCO,Matched,10,2.84,4.52,32,1.1,2.02,31,,,Standard,,,CXCM040 CXU016 IDCAMS IEFBR14 SORT,PRDCRD.BTHCTL.MY20A2(CXCM040) PRDCRD.BTHCTL.MY20A2(DYNALL32) PRDCRD.BTHCTL.MY20A2(REPROCX) PRDIMX.BTHSEQ.MY20A2.ABC.CXIPMO PRDIMX.BTHSEQ.MY20A2.ABC.CXTFI.MCX PRDIMX.BTHSEQ.MY20A2.ABC.CXTFO.MCO PRDIMX.BTHSEQ.MY20A2.BALCON.CXIPMO PRDIMX.BTHSEQ.MY20A2.BALCON.CXTFI.MCX PRDIMX.BTHSEQ.MY20A2.BALCON.CXTFO.MCO PRDIMX.BTHSEQ.MY20A2.CL.CXIPMO PRDIMX.BTHSEQ.MY20A2.CL.CXTFI.MCX PRDIMX.BTHSEQ.MY20A2.CL.CXTFO.MCO PRDIMX.BTHSEQ.MY20A2.CXIPMO PRDIMX.BTHSEQ.MY20A2.CXIPMO.B2B PRDIMX.BTHSEQ.MY20A2.CXIPMO.OUT PRDIMX.BTHSEQ.MY20A2.CXIPMO.OUT.B2B PRDIMX.BTHSEQ.MY20A2.CXTFI.MCX PRDIMX.BTHSEQ.MY20A2.CXTFO.MCO PRDIMX.BTHSEQ.MY20A2.CXTFO.MCO.B2B PRDIMX.BTHSEQ.MY20A2.FPP.CXIPMO PRDIMX.BTHSEQ.MY20A2.FPP.CXTFI.MCX PRDIMX.BTHSEQ.MY20A2.FPP.CXTFO.MCO PRDIMX.BTHVSM.MY20A2.CXABS PRDIMX.BTHVSM.MY20A2.CXTFE.OUTG PRDIMX.ONLVSM.MY20A2.CXSYS,A76_LIST.txt; D2606JUN.txt; MY SLA; MY_JCL_Evidence.txt,Parsed,Production,Implemented,
MY,TMYCLKA7,CPU_068,J7XCLMCC,JCXCLMCC,Matched,10,0.07,0.12,32,0.08,0.12,31,,,Standard,,,CXCM050 CXU016 IDCAMS IEFBR14 SORT,PRDCRD.BTHCTL.MY20A2(CXCM050) PRDCRD.BTHCTL.MY20A2(DYNALL32) PRDCRD.BTHCTL.MY20A2(REPROCX) PRDIMX.BTHSEQ.MY20A2.CXIPMC PRDIMX.BTHSEQ.MY20A2.CXIPMC.B2B PRDIMX.BTHSEQ.MY20A2.CXIPMC.OUT PRDIMX.BTHSEQ.MY20A2.CXIPMC.OUT.B2B PRDIMX.BTHSEQ.MY20A2.CXTFI.MCC PRDIMX.BTHSEQ.MY20A2.CXTFI.MCC.B2B PRDIMX.BTHSEQ.MY20A2.CXTFO.MCO PRDIMX.BTHSEQ.MY20A2.CXTFO.MCO.B2B PRDIMX.BTHVSM.MY20A2.CXABS PRDIMX.BTHVSM.MY20A2.CXTFE.OUTG PRDIMX.ONLVSM.MY20A2.CXSYS,A76_LIST.txt; D2606JUN.txt; MY SLA; MY_JCL_Evidence.txt,Parsed,Production,Implemented,
MY,TMYCLKA7,CPU_069,J7XCLVSO,JCXCLVSO,Matched,10,0.27,0.5,32,0.3,0.47,31,,,Standard,,,CXCV030 CXCV030E CXU016 IEFBR14 SORT,&ENV.IMX.BTHSEQ.&VER.CXTFOE.SORT &ENV.IMX.BTHSEQ.&VER.CXTFOE.VSO &ENV.IMX.ONLVSM.&VER.CXRTE &ENV.IMX.ONLVSM.&VER.CXSYS PRDCRD.BTHCTL.MY20A2(CXCV030Y) PRDIMX.BTHSEQ.MY20A2.ABC.CXTFI.VSX PRDIMX.BTHSEQ.MY20A2.ABC.CXTFO.VSO PRDIMX.BTHSEQ.MY20A2.ABC.CXVSO PRDIMX.BTHSEQ.MY20A2.BALCON.CXTFI.VSX PRDIMX.BTHSEQ.MY20A2.BALCON.CXTFO.VSO PRDIMX.BTHSEQ.MY20A2.BALCON.CXVSO PRDIMX.BTHSEQ.MY20A2.CL.CXTFI.VSX PRDIMX.BTHSEQ.MY20A2.CL.CXTFO.VSO PRDIMX.BTHSEQ.MY20A2.CL.CXVSO PRDIMX.BTHSEQ.MY20A2.CXTFI.VSX PRDIMX.BTHSEQ.MY20A2.CXTFO.VSO PRDIMX.BTHSEQ.MY20A2.CXTFOE.SORT PRDIMX.BTHSEQ.MY20A2.CXTFOE.VSO PRDIMX.BTHSEQ.MY20A2.CXVSO PRDIMX.BTHSEQ.MY20A2.FPP.CXTFI.VSX PRDIMX.BTHSEQ.MY20A2.FPP.CXTFO.VSO PRDIMX.BTHSEQ.MY20A2.FPP.CXVSO PRDIMX.BTHSEQ.MY20A2.KH.CXTFI.VSX PRDIMX.BTHSEQ.MY20A2.KH.CXTFO.VSO PRDIMX.BTHSEQ.MY20A2.KH.CXVSO PRDIMX.BTHVSM.MY20A2.CXADN.CBS PRDIMX.BTHVSM.MY20A2.CXHADN PRDIMX.BTHVSM.MY20A2.CXTFE.OUTG PRDIMX.ONLVSM.MY20A2.CXSYS,A76_LIST.txt; D2606JUN.txt; MY SLA; MY_JCL_Evidence.txt,Parsed,Production,Implemented,
MY,TMYCLKA7,CPU_070,J7XCJCON,JCXCJCON,Matched,10,0.04,0.05,32,0.05,0.08,31,,,Standard,,,CXCJ050 CXU016 SORT,&CNTLLIB(CXCJ050) &CNTLLIB(DYNALL32) &ENV.IMX.BTHSEQ.&VER.CXJCBO.PRES &ENV.IMX.BTHSEQ.&VER.CXJCBO.SPEC &ENV.IMX.BTHSEQ.&VER.CXTFI.JCX &ENV.IMX.BTHSEQ.&VER.CXTFO.JCO &ENV.IMX.BTHVSM.&VER.CXABS &ENV.IMX.ONLVSM.&VER.CXSYS &ENV.TCP.ONLVSM.&VER.TCPPPM,A76_LIST.txt; D2606JUN.txt; MY SLA; MY_JCL_Evidence.txt,Parsed,Production,Implemented,
MY,TMYCLKA7,CPU_071,J7XCLVSP,JCXCLVSP,Matched,10,0.06,0.1,32,0.08,0.13,31,,,Standard,,,CXCV040 CXU016 IEFBR14,PRDCRD.BTHCTL.MY20A2(CXCV040) PRDIMX.BTHSEQ.MY20A2.CXVO01 PRDIMX.BTHSEQ.MY20A2.CXVO02 PRDIMX.BTHSEQ.MY20A2.CXVO03 PRDIMX.BTHSEQ.MY20A2.CXVO04 PRDIMX.BTHSEQ.MY20A2.CXVO05 PRDIMX.BTHSEQ.MY20A2.CXVO06 PRDIMX.BTHSEQ.MY20A2.CXVO07 PRDIMX.BTHSEQ.MY20A2.CXVO08 PRDIMX.BTHSEQ.MY20A2.CXVO09 PRDIMX.BTHSEQ.MY20A2.CXVO10 PRDIMX.BTHSEQ.MY20A2.CXVSO PRDIMX.BTHSEQ.MY20A2.KH.CXVO01 PRDIMX.BTHSEQ.MY20A2.KH.CXVO02 PRDIMX.BTHSEQ.MY20A2.KH.CXVO03 PRDIMX.BTHSEQ.MY20A2.KH.CXVO04 PRDIMX.BTHSEQ.MY20A2.KH.CXVO05 PRDIMX.BTHSEQ.MY20A2.KH.CXVO06 PRDIMX.BTHSEQ.MY20A2.KH.CXVO07 PRDIMX.BTHSEQ.MY20A2.KH.CXVO08 PRDIMX.BTHSEQ.MY20A2.KH.CXVO09 PRDIMX.BTHSEQ.MY20A2.KH.CXVO10 PRDIMX.BTHSEQ.MY20A2.KH.CXVSO PRDIMX.ONLVSM.MY20A2.CXSYS,A76_LIST.txt; D2606JUN.txt; MY SLA; MY_JCL_Evidence.txt,Parsed,Production,Implemented,
MY,TMYCLKA7,CPU_072,J7XCPOST,JCXCPOST,Matched,10,3.17,5.07,32,3.25,4.47,31,,,Standard,,,CXCI051 CXPC010 CXRC060 CXU016 ICEGENER ICETOOL IDCAMS IEBGENER IEFBR14 SORT VCPDR40 VCPDT40,&CNTLLIB(CXAMPDF) &CNTLLIB(CXAMPDL) &CNTLLIB(CXDLYDF) &CNTLLIB(CXDLYDL) &CNTLLIB(CXPC010) &CNTLLIB(CXRC060V) &CNTLLIB(CXRESET) &CNTLLIB(CXUTCT2) &CNTLLIB(CXUTCTM) &CNTLLIB(CXUTCTM2) &CNTLLIB(DYNALL32) &CNTLLIB(ICP00676) &CNTLLIB(ICPK0500) &CNTLLIB(REPROCX) &ENV.CAQ.ONLVSM.&VER.QMMMAP &ENV.CAQ.ONLVSM.&VER.QMMMAP.PATH &ENV.CAQ.ONLVSM.&VER.QMMMER &ENV.CAQ.ONLVSM.&VER.QMPORG &ENV.CIS.BTHVSM.&VER.CPBSYS &ENV.CIS.BTHVSM.&VER.CPRTB &ENV.CIS.ONLVSM.&VER.CPPFX.PATH &ENV.CRD.BTHSEQ.&VER.CPBPRM &ENV.CRD.BTHSEQ.&VER.QUASI.BAI &ENV.CRD.BTHSEQ.&VER.QUASI.MERCHANT &ENV.CSS.ONLVSM.&VER.CSCUR &ENV.CSS.ONLVSM.&VER.CSMCC &ENV.CSS.ONLVSM.&VER.CSRTE &ENV.EDC.BTHSEQ.&VER.CVFTXN.PC010 &ENV.GST.ONLVSM.&VER.GSRTE &ENV.IMX.BTHSEQ.&VER.ABC.CXTFO.MCO,A76_LIST.txt; D2606JUN.txt; MY SLA; MY_JCL_Evidence.txt,Parsed,Production,Implemented,
MY,TMYCLKA7,CPU_073,J7XCSPLT,JCXCSPLT,Matched,10,0.42,0.7,32,0.28,0.4,31,,,Standard,,,CXCICHSP CXU016 SORT,&ENV.CSS.ONLVSM.&VER.CSCUR &ENV.CSS.ONLVSM.&VER.CSRTE PRDCIS.BTHVSM.MY20A2.CPRTB PRDCRD.BTHCTL.MY20A2(ICPK0050) PRDCRD.BTHCTL.MY20A2(ICPK0100) PRDCRD.BTHPRM.MY20A2.SUP(CXSPCHA) PRDCRD.BTHPRM.MY20A2.SUP(CXSPCHU) PRDCRD.BTHPRM.MY20A2.SUP(CXSPMID) PRDIMX.BTHSEQ.MY20A2.CXCHA PRDIMX.BTHSEQ.MY20A2.CXCHU PRDIMX.BTHSEQ.MY20A2.CXCP1.CXCHA PRDIMX.BTHSEQ.MY20A2.CXCP1.CXCHU PRDIMX.BTHSEQ.MY20A2.CXCP2.CXCHA PRDIMX.BTHSEQ.MY20A2.CXCP2.CXCHU PRDIMX.ONLVSM.MY20A2.CXRTE PRDIMX.ONLVSM.MY20A2.CXSYS,A76_LIST.txt; D2606JUN.txt; MY SLA; MY_JCL_Evidence.txt,Parsed,Production,Implemented,
MY,TMYCLKA7,CPU_074,J7XRTMCI,JCXRTMCI,Matched,10,2.73,4.77,32,2.38,3.58,31,,,Standard,,,CXRM010 CXU016 IDCAMS SORT,&ENV.CRD.WRKSEQ.&VER.CXRM0101 PRDCRD.BTHCTL.MY20A2(CXRM010I) PRDCRD.BTHCTL.MY20A2(REPROCX) PRDIMX.BTHSEQ.MY20A2.CXIPM PRDIMX.BTHVSM.MY20A2.CXSYS.RPT,A76_LIST.txt; D2606JUN.txt; MY SLA; MY_JCL_Evidence.txt,Parsed,Production,Implemented,
MY,TMYCLKA7,CPU_075,J7XRTVSI,JCXRTVSI,Matched,10,1.25,2.18,32,1,1.45,31,,,Standard,,,CXRV010 CXU016 SORT,PRDBS3.BTHSEQ.MY20A2.CPTVI.VISA PRDBS3.BTHSEQ.MY20A2.KH.VISA.CTFI PRDCRD.BTHCTL.MY20A2(CXRV010I) PRDCRD.BTHCTL.MY20A2(ICPK0050) PRDCRD.BTHSEQ.MY20A2.BPM.CXRV0101.TVSI PRDCRD.BTHSEQ.MY20A2.KHVISA PRDCRD.WRKSEQ.MY20A2.CXRV0101 PRDIMX.BTHSEQ.MY20A2.CXVSI PRDIMX.BTHVSM.MY20A2.CXSYS.RPT,A76_LIST.txt; D2606JUN.txt; MY SLA; MY_JCL_Evidence.txt,Parsed,Production,Implemented,
MY,TMYCLKA7,CPU_076,J7XRTJIN,JCXRTJIN,Matched,10,0.02,0.03,32,0.01,0.03,31,,,Standard,,,CXRJ020 CXU016,&CNTLLIB(CXRJ020I) &ENV.IMX.BTHSEQ.&VER.CXJCIV &ENV.IMX.BTHVSM.&VER.CXSYS.RPT,A76_LIST.txt; D2606JUN.txt; MY SLA; MY_JCL_Evidence.txt,Parsed,Production,Implemented,
MY,TMYCLKA7,CPU_077,J7XRTSUM,JCXRTSUM,Matched,10,1.98,3.65,32,1.52,2.28,31,,,Standard,,,CXRC020 CXU016,*.S1IEFBR.P01DEL.DD01 *.S2IEFBR.P01DEL.DD01 *.S3ITOOL.XOUF01 *.S3ITOOL.XOUF02 PRDCRD.BTHCTL.MY20A2(CXRC020) PRDCRD.BTHCTL.MY20A2(DYNALL32) PRDIMX.BTHSEQ.MY20A2.CXTFO.POST PRDIMX.BTHVSM.MY20A2.CXSYS.RPT PRDIMX.WRKSEQ.MY20A2.CXTFO.POST.KH.DUMY PRDIMX.WRKSEQ.MY20A2.CXTFO.POST.MY.DUMY,A76_LIST.txt; D2606JUN.txt; MY SLA; MY_JCL_Evidence.txt,Parsed,Production,Implemented,
MY,TMYCLKA7,CPU_078,J7XRTACQ,JCXRTACQ,Matched,10,2.1,3.25,32,1.75,2.37,31,,,Standard,,,CXRC030 CXU016 ICETOOL,*.S1IEFBR.P01DEL.DD01 *.S2IEFBR.P01DEL.DD01 *.S3ITOOL.XOUF01 *.S3ITOOL.XOUF02 PRDCAQ.ONLVSM.MY20A2.QMMMER PRDCRD.BTHCTL.MY20A2(CXRC030) PRDCRD.BTHCTL.MY20A2(CXRC030B) PRDCRD.BTHCTL.MY20A2(DYNALL32) PRDIMX.BTHSEQ.MY20A2.CXTFO.POST PRDIMX.BTHVSM.MY20A2.CXSYS.RPT PRDIMX.WRKSEQ.MY20A2.CXTFO.POST.KH.DUMY PRDIMX.WRKSEQ.MY20A2.CXTFO.POST.MY.DUMY,A76_LIST.txt; D2606JUN.txt; MY SLA; MY_JCL_Evidence.txt,Parsed,Production,Implemented,
MY,TMYCLKA7,CPU_079,J7XRTMCO,JCXRTMCO,Matched,10,2.71,4.4,32,2.05,3,31,,,Standard,,,CXRM010 CXU016 ICEGENER SORT,&ENV.CRD.WRKSEQ.&VER.CXRM0102 PRDCRD.BTHCTL.MY20A2(CXRM010O) PRDIMX.BTHSEQ.MY20A2.CXIPMO PRDIMX.BTHSEQ.MY20A2.CXIPMO.B2B PRDIMX.BTHVSM.MY20A2.CXSYS.RPT,A76_LIST.txt; D2606JUN.txt; MY SLA; MY_JCL_Evidence.txt,Parsed,Production,Implemented,
MY,TMYCLKA7,CPU_080,J7XRTMCC,JCXRTMCC,Matched,10,0.75,1.5,32,0.53,1,31,,,Standard,,,CXRM010 CXU016,PRDCRD.BTHCTL.MY20A2(CXRM010C) PRDIMX.BTHSEQ.MY20A2.CXIPMC PRDIMX.BTHSEQ.MY20A2.CXIPMC.B2B PRDIMX.BTHSEQ.MY20A2.CXIPMO PRDIMX.BTHSEQ.MY20A2.CXIPMO.B2B PRDIMX.BTHVSM.MY20A2.CXSYS.RPT,A76_LIST.txt; D2606JUN.txt; MY SLA; MY_JCL_Evidence.txt,Parsed,Production,Implemented,
MY,TMYCLKA7,CPU_081,J7XRTVSO,JCXRTVSO,Matched,10,1.8,2.8,32,1.46,2.28,31,,,Standard,,,CXRV010 CXU016 SORT,&CNTLLIB(ICPK1000) PRDCRD.BTHCTL.MY20A2(CXRV010O) PRDCRD.BTHCTL.MY20A2(DYNALL32) PRDCRD.WRKSEQ.MY20A2.CXRV0102 PRDIMX.BTHSEQ.MY20A2.CXVSO PRDIMX.BTHSEQ.MY20A2.KH.CXVSO PRDIMX.BTHVSM.MY20A2.CXSYS.RPT,A76_LIST.txt; D2606JUN.txt; MY SLA; MY_JCL_Evidence.txt,Parsed,Production,Implemented,
MY,TMYCLKA7,CPU_082,J7XRTVSC,JCXRTVSC,Matched,10,0.25,0.5,32,0.17,0.27,31,,,Standard,,,CXRV010 CXU016,PRDCRD.BTHCTL.MY20A2(CXRV010C) PRDCRD.BTHCTL.MY20A2(DYNALL32) PRDIMX.BTHSEQ.MY20A2.CXVSC PRDIMX.BTHSEQ.MY20A2.CXVSO PRDIMX.BTHSEQ.MY20A2.KH.CXVSO PRDIMX.BTHVSM.MY20A2.CXSYS.RPT,A76_LIST.txt; D2606JUN.txt; MY SLA; MY_JCL_Evidence.txt,Parsed,Production,Implemented,
MY,TMYCLKA7,CPU_083,J7XRTJON,JCXRTJON,Matched,10,0.05,0.08,32,0.04,0.07,31,,,Standard,,,CXRJ020 CXU016,&CNTLLIB(CXRJ020O) &ENV.IMX.BTHSEQ.&VER.CXJCBO.PRES &ENV.IMX.BTHSEQ.&VER.CXJCBO.SPEC &ENV.IMX.BTHVSM.&VER.CXSYS.RPT,A76_LIST.txt; D2606JUN.txt; MY SLA; MY_JCL_Evidence.txt,Parsed,Production,Implemented,
MY,TMYCLKA7,CPU_084,J7XRTXSM,JCXRTXSM,Matched,1,0.66,1.15,32,0.44,0.72,31,,,Standard,,,CXRM020 CXU016 CXU025 IEFBR14,PRDCRD.BTHCTL.MY20A2(CXRM020) PRDCRD.BTHCTL.MY20A2(DYNALL32) PRDIMX.BTHSEQ.MY20A2.CXIPMO PRDIMX.BTHSEQ.MY20A2.CXSTR.MC PRDIMX.BTHVSM.MY20A2.CXSYS.RPT,A76_LIST.txt; D2606JUN.txt; MY SLA; MY_JCL_Evidence.txt,Parsed,Production,Implemented,
MY,TMYCLKA7,CPU_085,J7XRTXSV,JCXRTXSV,Matched,1,0.27,0.43,32,0.22,0.37,31,,,Standard,,,CXRV020 CXU016 CXU026 IEFBR14,PRDCRD.BTHCTL.MY20A2(CXRV020) PRDCRD.BTHCTL.MY20A2(DYNALL32) PRDIMX.BTHSEQ.MY20A2.CXSTR.VS PRDIMX.BTHSEQ.MY20A2.CXVSO PRDIMX.BTHSEQ.MY20A2.KH.CXSTR.VS PRDIMX.BTHSEQ.MY20A2.KH.CXVSO PRDIMX.BTHVSM.MY20A2.CXSYS.RPT,A76_LIST.txt; D2606JUN.txt; MY SLA; MY_JCL_Evidence.txt,Parsed,Production,Implemented,
MY,TMYCLKA7,CPU_086,J7XRTLST,JCXRTLST,Matched,10,2.3,3.75,32,1.95,2.72,31,,,Standard,,,CXRC060 CXU016,*.S10IEFBR.P01DEL.DD01 *.S11IEFBR.P01DEL.DD01 *.S12IEFBR.P01DEL.DD01 *.S1IEFBR.P01DEL.DD01 *.S2IEFBR.P01DEL.DD01 *.S3IEFBR.P01DEL.DD01 *.S3ITOOL.XOUF02 *.S3ITOOL.XOUF03 *.S3ITOOL.XOUF04 *.S3ITOOL.XOUF05 *.S3ITOOL.XOUF06 *.S3ITOOL.XOUF07 *.S3ITOOL.XOUF08 *.S3ITOOL.XOUF09 *.S3ITOOL.XOUF10 *.S3ITOOL.XOUF11 *.S3ITOOL.XOUF12 *.S4IEFBR.P01DEL.DD01 *.S5IEFBR.P01DEL.DD01 *.S6IEFBR.P01DEL.DD01 *.S7IEFBR.P01DEL.DD01 *.S8IEFBR.P01DEL.DD01 *.S9IEFBR.P01DEL.DD01 PRDCRD.BTHCTL.MY20A2(CXRC060) PRDCRD.BTHCTL.MY20A2(CXRC060C) PRDCRD.BTHCTL.MY20A2(CXRC060E) PRDCRD.BTHCTL.MY20A2(CXRC060F) PRDCRD.BTHCTL.MY20A2(CXRC060G) PRDCRD.BTHCTL.MY20A2(CXRC060H) PRDCRD.BTHCTL.MY20A2(CXRC060I),A76_LIST.txt; D2606JUN.txt; MY SLA; MY_JCL_Evidence.txt,Parsed,Production,Implemented,
MY,TMYCLKA7,CPU_087,J7XRTACV,JCXRTACV,Matched,10,0.6,1.07,32,0.43,0.65,31,,,Standard,,,CXRC050 CXU016 SORT,PRDCRD.BTHCTL.MY20A2(CXRC050) PRDCRD.BTHCTL.MY20A2(DYNALL32) PRDIMX.BTHSEQ.MY20A2.CXTFO.POST PRDIMX.BTHVSM.MY20A2.CXSYS.RPT,A76_LIST.txt; D2606JUN.txt; MY SLA; MY_JCL_Evidence.txt,Parsed,Production,Implemented,
MY,TMYCLKA7,CPU_088,J7XCPWCB,JCXCPWCB,Matched,10,0.15,0.33,32,0.12,0.18,31,,,Standard,,,CXPWCBCP CXU016 IEFBR14,PRDCRD.BTHCTL.MY20A2(CXCACHA) PRDCRD.BTHCTL.MY20A2(CXCACHU) PRDIMX.BTHSEQ.MY20A2.CXCP1.CXCHA PRDIMX.BTHSEQ.MY20A2.CXCP1.CXCHU PRDIMX.BTHSEQ.MY20A2.PWCB.FEE.CXCHA PRDIMX.BTHSEQ.MY20A2.PWCB.FEE.CXCHU PRDIMX.ONLVSM.MY20A2.CXSYS,A76_LIST.txt; D2606JUN.txt; MY SLA; MY_JCL_Evidence.txt,Parsed,Production,Implemented,
MY,TMYCLKA7,CPU_089,J7XRTPWC,JCXRTPWC,Matched,10,0.62,1.72,32,0.53,1.2,31,,,Standard,,,CXPWCBRP CXU016,*.S1IEFBR.P01DEL.DD01 *.S2IEFBR.P01DEL.DD01 *.S3ITOOL.XOUF01 *.S3ITOOL.XOUF02 PRDCRD.BTHCTL.MY20A2(CXPWCBRP) PRDCRD.BTHCTL.MY20A2(DYNALL32) PRDIMX.BTHSEQ.MY20A2.CXTFO.POST PRDIMX.ONLVSM.MY20A2.CXSYS PRDIMX.WRKSEQ.MY20A2.CXTFO.POST.KH.DUMY PRDIMX.WRKSEQ.MY20A2.CXTFO.POST.MY.DUMY,A76_LIST.txt; D2606JUN.txt; MY SLA; MY_JCL_Evidence.txt,Parsed,Production,Implemented,
MY,TMYCLKA7,CPU_090,J7MDY04,JQMDY04,Matched,10,0.33,0.37,32,0.39,0.47,31,,,Standard,,,,PRDCAQ.BTHLOD.MY20A2 PRDCAU.BTHLOD.MY20A2 PRDCSS.BTHLOD.MY20A2,A76_LIST.txt; D2606JUN.txt; MY SLA; MY_JCL_Evidence.txt,Parsed,Production,Implemented,
MY,TMYCLKA7,CPU_091,J7MDY05,JQMDY05,Matched,10,28.04,33.05,32,25.25,32.3,31,,,Standard,,,,&ENV.CAQ.BTHSEQ.&VER.QMEPST &ENV.CAQ.BTHSEQ.&VER.QMEPST.SORT01 PRDCRD.BTHSEQ.MY20A2.ALIPAY.QMEPST PRDCRD.BTHSEQ.MY20A2.CUP.QMEPST.MPUP PRDCRD.BTHSEQ.MY20A2.DCC.QMEPST.MPUP PRDCRD.BTHSEQ.MY20A2.EDEBIT.QMEPST PRDCRD.BTHSEQ.MY20A2.LPS.CPTUI.MPUP PRDCRD.BTHSEQ.MY20A2.QRACQ.QMEPST PRDCRD.BTHSEQ.MY20A2.QRONUS.QMEPST PRDCRD.BTHSEQ.MY20A2.TNGPAY.QMEPST,A76_LIST.txt; D2606JUN.txt; MY SLA; MY_JCL_Evidence.txt,Parsed,Production,Implemented,
MY,TMYCLKA7,CPU_092,J7MDY06,JQMDY06,Matched,10,5.58,6.28,32,5.63,7.17,31,,,Standard,,,,PRDCAQ.BTHLOD.MY20A2 PRDCAU.BTHLOD.MY20A2 PRDCSS.BTHLOD.MY20A2,A76_LIST.txt; D2606JUN.txt; MY SLA; MY_JCL_Evidence.txt,Parsed,Production,Implemented,
MY,TMYCLKA7,CPU_093,J7MDY07,JQMDY07,Matched,10,31.59,33.18,32,28.67,31.45,31,,,Standard,,,,PRDCAQ.BTHLOD.MY20A2 PRDCAU.BTHLOD.MY20A2 PRDCSS.BTHLOD.MY20A2,A76_LIST.txt; D2606JUN.txt; MY SLA; MY_JCL_Evidence.txt,Parsed,Production,Implemented,
MY,TMYCLKA7,CPU_094,J7P1221A,JCP1221A,Matched,10,0.07,0.08,32,0.07,0.08,31,,,Standard,,,IDCAMS,PRDCAQ.BTHVSM.MY20A2.QMMACT PRDCAQ.BTHVSM.MY20A2.QMMBUS PRDCAQ.BTHVSM.MY20A2.QMMCNT PRDCAQ.BTHVSM.MY20A2.QMMMER PRDCAQ.BTHVSM.MY20A2.QMMPRF,A76_LIST.txt; D2606JUN.txt; MY SLA; MY_JCL_Evidence.txt,Parsed,Production,Implemented,
MY,TMYCLKA7,CPU_095,J7MMSTFB,JQMMSTFB,Matched,10,0.37,0.47,32,0.41,0.52,31,,,Standard,,,,PRDCAQ.BTHLOD.MY20A2 PRDCAU.BTHLOD.MY20A2 PRDCSS.BTHLOD.MY20A2,A76_LIST.txt; D2606JUN.txt; MY SLA; MY_JCL_Evidence.txt,Parsed,Production,Implemented,
MY,TMYCLKA7,CPU_096,J7MBTHF,JQMBTHF,Matched,10,0,0,32,0,0,31,,,Standard,,,IEFBR14,PRDCAQ.BTHLOD.MY20A2 PRDCAU.BTHLOD.MY20A2 PRDCSS.BTHLOD.MY20A2,A76_LIST.txt; D2606JUN.txt; MY SLA; MY_JCL_Evidence.txt,Parsed,Production,Implemented,
MY,TMYCLKA7,CPU_097,J7MBMSF,JQMBMSF,Matched,10,8.65,9.27,32,9.82,10.97,31,,,Standard,,,,PRDCAQ.BTHLOD.MY20A2 PRDCAU.BTHLOD.MY20A2 PRDCSS.BTHLOD.MY20A2,A76_LIST.txt; D2606JUN.txt; MY SLA; MY_JCL_Evidence.txt,Parsed,Production,Implemented,
MY,TMYCLKA7,CPU_098,J7MBQRF,JQMBQRF,Matched,10,4,4.53,32,4.11,4.9,31,,,Standard,,,,,A76_LIST.txt; D2606JUN.txt; MY SLA; MY_JCL_Evidence.txt,Parsed,Production,Implemented,
MY,TMYCLKA7,CPU_099,J7MDYGL,JQMDYGL,Matched,10,1.76,2.12,32,1.46,1.8,31,,,Standard,,,,PRDCAQ.BTHLOD.MY20A2 PRDCIS.BTHLOD.MY20A2 PRDCSS.BTHLOD.MY20A2 PRDIMX.BTHLOD.MY20A2,A76_LIST.txt; D2606JUN.txt; MY SLA; MY_JCL_Evidence.txt,Parsed,Production,Implemented,
MY,TMYCLKA7,CPU_100,J7XHSBKP,JCXHSBKP,Matched,10,2.14,4.67,32,1.69,3.28,31,,,Standard,,,CXU016 CXU017 IDCAMS,PRDCRD.BTHCTL.MY20A2(CXUHSTH) PRDIMX.BKPBGD.MY20A2.CXHADN(+1) PRDIMX.BKPBGD.MY20A2.CXHSK(+1) PRDIMX.BKPBGD.MY20A2.CXHSX(+1) PRDIMX.BKPBGD.MY20A2.CXMEM(+1) PRDIMX.BKPBGD.MY20A2.CXTFE.BKUP(+1) PRDIMX.BKPTGD.MY20A2.CXH01(+1) PRDIMX.BKPTGD.MY20A2.CXH02(+1) PRDIMX.BKPTGD.MY20A2.CXH03(+1) PRDIMX.BKPTGD.MY20A2.CXH04(+1) PRDIMX.BKPTGD.MY20A2.CXH05(+1) PRDIMX.BKPTGD.MY20A2.CXH06(+1) PRDIMX.BKPTGD.MY20A2.CXH07(+1) PRDIMX.BKPTGD.MY20A2.CXH08(+1) PRDIMX.BKPTGD.MY20A2.CXH09(+1) PRDIMX.BKPTGD.MY20A2.CXH10(+1) PRDIMX.BKPTGD.MY20A2.CXHSE01(+1) PRDIMX.BKPTGD.MY20A2.CXHSE02(+1) PRDIMX.BKPTGD.MY20A2.CXHSE03(+1) PRDIMX.BKPTGD.MY20A2.CXHSE04(+1) PRDIMX.BKPTGD.MY20A2.CXHSE05(+1) PRDIMX.BKPTGD.MY20A2.CXHSE06(+1) PRDIMX.BKPTGD.MY20A2.CXHSE07(+1) PRDIMX.BKPTGD.MY20A2.CXHSE08(+1) PRDIMX.BKPTGD.MY20A2.CXHSE09(+1) PRDIMX.BKPTGD.MY20A2.CXHSE10(+1) PRDIMX.BKPTGD.MY20A2.CXHXA01(+1) PRDIMX.BKPTGD.MY20A2.CXHXA02(+1) PRDIMX.BKPTGD.MY20A2.CXHXA03(+1) PRDIMX.BKPTGD.MY20A2.CXHXA04(+1),A76_LIST.txt; D2606JUN.txt; MY SLA; MY_JCL_Evidence.txt,Parsed,Production,Implemented,
MY,TMYCLKA7,CPU_101,J7XHSBEG,JCXHSBEG,Matched,10,0.08,0.13,32,0.08,0.1,31,,,Standard,,,IDCAMS IEFBR14,PRDIMX.BTHSEQ.MY20A2.CXHADNS PRDIMX.BTHSEQ.MY20A2.CXHSKS PRDIMX.BTHSEQ.MY20A2.CXHSXS PRDIMX.BTHSEQ.MY20A2.CXHXA01S PRDIMX.BTHSEQ.MY20A2.CXHXA02S PRDIMX.BTHSEQ.MY20A2.CXHXA03S PRDIMX.BTHSEQ.MY20A2.CXHXA04S PRDIMX.BTHSEQ.MY20A2.CXHXA05S PRDIMX.BTHSEQ.MY20A2.CXHXA06S PRDIMX.BTHSEQ.MY20A2.CXHXA07S PRDIMX.BTHSEQ.MY20A2.CXHXA08S PRDIMX.BTHSEQ.MY20A2.CXHXA09S PRDIMX.BTHSEQ.MY20A2.CXHXA10S PRDIMX.BTHSEQ.MY20A2.CXHXP01S PRDIMX.BTHSEQ.MY20A2.CXHXP02S PRDIMX.BTHSEQ.MY20A2.CXHXP03S PRDIMX.BTHSEQ.MY20A2.CXHXP04S PRDIMX.BTHSEQ.MY20A2.CXHXP05S PRDIMX.BTHSEQ.MY20A2.CXHXP06S PRDIMX.BTHSEQ.MY20A2.CXHXP07S PRDIMX.BTHSEQ.MY20A2.CXHXP08S PRDIMX.BTHSEQ.MY20A2.CXHXP09S PRDIMX.BTHSEQ.MY20A2.CXHXP10S PRDIMX.BTHSEQ.MY20A2.CXMEMS PRDIMX.BTHSEQ.MY20A2.CXTFES PRDIMX.BTHVSM.MY20A2.CXHADN PRDIMX.ONLVSM.MY20A2.CXHSK PRDIMX.ONLVSM.MY20A2.CXHSX PRDIMX.ONLVSM.MY20A2.CXMEM PRDIMX.ONLVSM.MY20A2.CXTFE,A76_LIST.txt; D2606JUN.txt; MY SLA; MY_JCL_Evidence.txt,Parsed,Production,Implemented,
MY,TMYCLKA7,CPU_102,J7XHSUPD,JCXHSUPD,Matched,10,4.91,7.42,32,3.12,4.88,31,,,Standard,,,CXHC060 CXU016 CXU017 CXU027 IDCAMS IEFBR14 SORT,PRDCRD.BTHCTL.MY20A2(CXHADNDF) PRDCRD.BTHCTL.MY20A2(CXHADNDL) PRDCRD.BTHCTL.MY20A2(CXHC060) PRDCRD.BTHCTL.MY20A2(CXHSXADF) PRDCRD.BTHCTL.MY20A2(CXHSXADL) PRDCRD.BTHCTL.MY20A2(CXHSXNDF) PRDCRD.BTHCTL.MY20A2(CXHSXNDL) PRDCRD.BTHCTL.MY20A2(CXMEMDF) PRDCRD.BTHCTL.MY20A2(CXMEMDL) PRDCRD.BTHCTL.MY20A2(CXRESET) PRDCRD.BTHCTL.MY20A2(CXTFEDF) PRDCRD.BTHCTL.MY20A2(CXTFEDL) PRDCRD.BTHCTL.MY20A2(CXUHSTH) PRDCRD.BTHCTL.MY20A2(CXUHSTU) PRDCRD.BTHCTL.MY20A2(CXXA01DF) PRDCRD.BTHCTL.MY20A2(CXXA01DL) PRDCRD.BTHCTL.MY20A2(CXXA02DF) PRDCRD.BTHCTL.MY20A2(CXXA02DL) PRDCRD.BTHCTL.MY20A2(CXXA03DF) PRDCRD.BTHCTL.MY20A2(CXXA03DL) PRDCRD.BTHCTL.MY20A2(CXXA04DF) PRDCRD.BTHCTL.MY20A2(CXXA04DL) PRDCRD.BTHCTL.MY20A2(CXXA05DF) PRDCRD.BTHCTL.MY20A2(CXXA05DL) PRDCRD.BTHCTL.MY20A2(CXXA06DF) PRDCRD.BTHCTL.MY20A2(CXXA06DL) PRDCRD.BTHCTL.MY20A2(CXXA07DF) PRDCRD.BTHCTL.MY20A2(CXXA07DL) PRDCRD.BTHCTL.MY20A2(CXXA08DF) PRDCRD.BTHCTL.MY20A2(CXXA08DL),A76_LIST.txt; D2606JUN.txt; MY SLA; MY_JCL_Evidence.txt,Parsed,Production,Implemented,
MY,TMYCLKA7,CPU_103,J7XHKBKP,JCXHKBKP,Matched,10,0.05,0.08,32,0.04,0.05,31,,,Standard,,,IDCAMS,PRDIMX.BKPBGD.MY20A2.CXCCR(+1) PRDIMX.BKPBGD.MY20A2.CXHADN(+1) PRDIMX.BKPBGD.MY20A2.CXIFS.CBS(+1) PRDIMX.BKPBGD.MY20A2.CXIFS.JCI(+1) PRDIMX.BKPBGD.MY20A2.CXIFS.MCI(+1) PRDIMX.BKPBGD.MY20A2.CXIFS.MDI(+1) PRDIMX.BKPBGD.MY20A2.CXIFS.SPI(+1) PRDIMX.BKPBGD.MY20A2.CXIFS.VSI(+1) PRDIMX.BKPBGD.MY20A2.CXSYS(+1) PRDIMX.BTHVSM.MY20A2.CXCCR PRDIMX.BTHVSM.MY20A2.CXHADN PRDIMX.BTHVSM.MY20A2.CXIFS.CBS PRDIMX.BTHVSM.MY20A2.CXIFS.JCI PRDIMX.BTHVSM.MY20A2.CXIFS.MCI PRDIMX.BTHVSM.MY20A2.CXIFS.MDI PRDIMX.BTHVSM.MY20A2.CXIFS.SPI PRDIMX.BTHVSM.MY20A2.CXIFS.VSI PRDIMX.ONLVSM.MY20A2.CXSYS,A76_LIST.txt; D2606JUN.txt; MY SLA; MY_JCL_Evidence.txt,Parsed,Production,Implemented,
MY,TMYCLKA7,CPU_104,J7XHKADN,JCXHKADN,Matched,10,0.1,0.17,32,0.08,0.12,31,,,Standard,,,ICEGENER IDCAMS IEFBR14 SORT,PRDCRD.BTHCTL.MY20A2(CXHADNDF) PRDCRD.BTHCTL.MY20A2(CXHADNDL) PRDCRD.BTHCTL.MY20A2(CXRESET) PRDCRD.BTHCTL.MY20A2(DYNALL32) PRDCRD.BTHCTL.MY20A2(REPROCX) PRDIMX.BKPBGD.MY20A2.CXHADN(0) PRDIMX.BTHSEQ.MY20A2.CXADNS.AMI PRDIMX.BTHSEQ.MY20A2.CXADNS.CBS PRDIMX.BTHSEQ.MY20A2.CXADNS.JCI PRDIMX.BTHSEQ.MY20A2.CXADNS.MCI PRDIMX.BTHSEQ.MY20A2.CXADNS.VSI PRDIMX.BTHSEQ.MY20A2.CXHADN PRDIMX.BTHVSM.MY20A2.CXADN.CBS PRDIMX.BTHVSM.MY20A2.CXADN.JCI PRDIMX.BTHVSM.MY20A2.CXADN.MCI PRDIMX.BTHVSM.MY20A2.CXADN.VSI PRDIMX.BTHVSM.MY20A2.CXHADN,A76_LIST.txt; D2606JUN.txt; MY SLA; MY_JCL_Evidence.txt,Parsed,Production,Implemented,
MY,TMYCLKA7,CPU_105,J7XHKEEP,JCXHKEEP,Matched,10,0.13,0.2,32,0.11,0.17,31,,,Standard,,,CXHC010 CXU016 ICEGENER IDCAMS SORT,PRDCRD.BTHCTL.MY20A2(CXHC010) PRDCRD.BTHCTL.MY20A2(CXIFSDF) PRDCRD.BTHCTL.MY20A2(CXIFSDL) PRDCRD.BTHCTL.MY20A2(CXIFSNDF) PRDCRD.BTHCTL.MY20A2(CXIFSNDL) PRDCRD.BTHCTL.MY20A2(CXRESET) PRDCRD.BTHCTL.MY20A2(DYNALL32) PRDCRD.BTHCTL.MY20A2(REPROCX) PRDIMX.BTHSEQ.MY20A2.CXPOST.IFS PRDIMX.BTHVSM.MY20A2.CXIFS PRDIMX.BTHVSM.MY20A2.CXIFS.CBS PRDIMX.BTHVSM.MY20A2.CXIFS.JCI PRDIMX.BTHVSM.MY20A2.CXIFS.MCI PRDIMX.BTHVSM.MY20A2.CXIFS.MDI PRDIMX.BTHVSM.MY20A2.CXIFS.SPI PRDIMX.BTHVSM.MY20A2.CXIFS.VSI PRDIMX.ONLVSM.MY20A2.CXSYS,A76_LIST.txt; D2606JUN.txt; MY SLA; MY_JCL_Evidence.txt,Parsed,Production,Implemented,
MY,TMYCLKA7,CPU_106,J7XHKCCR,JCXHKCCR,Matched,10,0.02,0.03,32,0.02,0.03,31,,,Standard,,,CXHC080 CXU016 IDCAMS,PRDCRD.BTHCTL.MY20A2(CXCCRDF) PRDCRD.BTHCTL.MY20A2(CXCCRDL) PRDCRD.BTHCTL.MY20A2(CXHC080) PRDCRD.BTHCTL.MY20A2(CXRESET) PRDCRD.BTHCTL.MY20A2(REPROCX) PRDIMX.BTHVSM.MY20A2.CXCCR PRDIMX.ONLVSM.MY20A2.CXSYS,A76_LIST.txt; D2606JUN.txt; MY SLA; MY_JCL_Evidence.txt,Parsed,Production,Implemented,
MY,TMYCLKA7,CPU_107,J7XRADTL,JCXRADTL,Matched,10,0.03,0.05,32,0.02,0.03,31,,,Standard,,,CXRC010 CXU016 ICEGENER IDCAMS IEFBR14,PRDCRD.BTHCTL.MY20A2(CXAUDDF) PRDCRD.BTHCTL.MY20A2(CXAUDDL) PRDCRD.BTHCTL.MY20A2(CXRC010) PRDCRD.BTHCTL.MY20A2(REPROCX) PRDIMX.BTHSEQ.MY20A2.CXAUD PRDIMX.ONLVSM.MY20A2.CXAUD PRDIMX.ONLVSM.MY20A2.CXSYS,A76_LIST.txt; D2606JUN.txt; MY SLA; MY_JCL_Evidence.txt,Parsed,Production,Implemented,
MY,TMYCLKA7,CPU_108,J7XRAUTL,JCXRAUTL,Matched,10,0.03,0.05,32,0.03,0.05,31,,,Standard,,,CXRC070 CXU016 ICEGENER IDCAMS IEFBR14 SORT,&CNTLLIB(CXAUTDF) &CNTLLIB(CXAUTDL) &CNTLLIB(CXRC070) &CNTLLIB(CXRESET) &CNTLLIB(REPROCX) &ENV.IMX.BTHSEQ.&VER.CXAUT &ENV.IMX.BTHSEQ.&VER.CXAUT.SORT &ENV.IMX.ONLVSM.&VER.CXAUT &ENV.IMX.ONLVSM.&VER.CXSYS,A76_LIST.txt; D2606JUN.txt; MY SLA; MY_JCL_Evidence.txt,Parsed,Production,Implemented,
MY,TMYCLKA7,CPU_109,J7PDY2,JCPDY2,Matched,10,1.45,2.05,32,1.11,1.42,31,,,Standard,,,SORT,PRDCIS.BTHSEQ.MY20A2.CPLMT2 PRDCIS.BTHSEQ.MY20A2.CPLMT2.E210331,A76_LIST.txt; D2606JUN.txt; MY SLA; MY_JCL_Evidence.txt,Parsed,Production,Implemented,
MY,TMYCLKA7,CPU_110,J7T1061C,JIT1061C,Matched,10,0,0.02,32,0,0,31,,,Standard,,,,PRDCRD.BTHCTL.MY20A2(CDMCL),A76_LIST.txt; D2606JUN.txt; MY SLA; MY_JCL_Evidence.txt,Parsed,Production,Implemented,
MY,TMYCLKA7,CPU_111,J7TDAILY,JITDAILY,Matched,10,6.9,10.75,32,4.64,6.2,31,,,Standard,,,,&ENV.IMX.BTHSEQ.&VER.CXITP PRDCDM.BTHLOD.MY20A2 PRDCSS.BTHLOD.MY20A2,A76_LIST.txt; D2606JUN.txt; MY SLA; MY_JCL_Evidence.txt,Parsed,Production,Implemented,
MY,TMYCLKA7,CPU_112,J7T1062O,JIT1062O,Matched,10,0.02,0.02,32,0.02,0.02,31,,,Standard,,,,PRDCRD.BTHCTL.MY20A2(CDMOP),A76_LIST.txt; D2606JUN.txt; MY SLA; MY_JCL_Evidence.txt,Parsed,Production,Implemented,
MY,TMYCLKA7,CPU_113,J7P1293U,JCP1293U,Matched,1,0.12,0.15,32,0.16,0.25,31,,,Standard,,,CP615080 ICETOOL IDCAMS,&CNTLLIB(CPDFOR) &CNTLLIB(CPDLOR) &CNTLLIB(RESETCC) PRDCIS.BKPVSM.MY20A2.CPPRJ PRDCIS.BTHSEQ.MY20A2.CPPRJ.SRT PRDCIS.BTHVSM.MY20A2.CPBCRD PRDCIS.BTHVSM.MY20A2.CPBPLT PRDCIS.BTHVSM.MY20A2.CPBSYS PRDCIS.BTHVSM.MY20A2.CPPRJ.SRT PRDCIS.ONLVSM.MY20A2.CPCAPCX PRDCIS.ONLVSM.MY20A2.CPPRJ PRDCRD.BTHCTL.MY20A2(REPRO),A76_LIST.txt; D2606JUN.txt; MY SLA; MY_JCL_Evidence.txt,Parsed,Production,Implemented,
MY,TMYCLKA7,CPU_114,J7P1202U,JCP1202U,Matched,10,0.06,0.08,32,0.06,0.07,31,,,Standard,,,IDCAMS,,A76_LIST.txt; D2606JUN.txt; MY SLA; MY_JCL_Evidence.txt,Parsed,Production,Implemented,
MY,TMYCLKA7,CPU_115,J7P1203U,JCP1203U,Matched,10,0.11,0.48,32,0.13,0.53,31,,,Standard,,,CPD000 CPGST002,PRDCIS.BTHLOD.MY20A2 PRDCIS.BTHSEQ.MY20A2.GSTPFM PRDCIS.BTHVSM.MY20A2.CPBAPX PRDCIS.BTHVSM.MY20A2.CPBPLT PRDCRD.BTHCTL.MY20A2(CPGSTPR),A76_LIST.txt; D2606JUN.txt; MY SLA; MY_JCL_Evidence.txt,Parsed,Production,Implemented,
MY,TMYCLKA7,CPU_116,J7PDY3BK,JEPDY3BK,Matched,10,0.6,0.9,32,0.45,0.6,31,,,Standard,,,,,A76_LIST.txt; D2606JUN.txt; MY SLA; MY_JCL_Evidence.txt,Parsed,Production,Implemented,
MY,TMYCLKA7,CPU_117,J7PDLY03,JEPDLY03,Matched,10,2.69,3.47,32,2.52,3.37,31,,,Standard,,,,PRDCIS.BTHLOD.MY20A2 PRDCSS.BTHLOD.MY20A2 PRDEPP.BTHLOD.MY20A2,A76_LIST.txt; D2606JUN.txt; MY SLA; MY_JCL_Evidence.txt,Parsed,Production,Implemented,
MY,TMYCLKA7,CPU_118,J7PDY4BK,JEPDY4BK,Matched,10,0,0,32,0,0,31,,,Standard,,,,,A76_LIST.txt; D2606JUN.txt; MY SLA; MY_JCL_Evidence.txt,Parsed,Production,Implemented,
MY,TMYCLKA7,CPU_119,J7PDLY04,JEPDLY04,Matched,10,0.83,1.1,32,0.83,1.02,31,,,Standard,,,,PRDCIS.BTHLOD.MY20A2 PRDCSS.BTHLOD.MY20A2 PRDEPP.BTHLOD.MY20A2,A76_LIST.txt; D2606JUN.txt; MY SLA; MY_JCL_Evidence.txt,Parsed,Production,Implemented,
MY,TMYCLKA7,CPU_120,J7P476OP,JEP476OP,Matched,10,0,0,32,0,0,31,,,Standard,,,,PRDCRD.BTHCTL.MY20A2(CEPPOP),A76_LIST.txt; D2606JUN.txt; MY SLA; MY_JCL_Evidence.txt,Parsed,Production,Implemented,
MY,TMYCLKA7,CPU_121,J7P1240U,JCP1240U,Matched,1,0.05,0.07,32,0.06,0.07,31,,,Standard,,,IDCAMS,,A76_LIST.txt; D2606JUN.txt; MY SLA; MY_JCL_Evidence.txt,Parsed,Production,Implemented,
MY,TMYCLKA7,CPU_122,J7P0871U,JCP0871U,Matched,10,0.05,0.05,32,0.05,0.05,31,,,Standard,,,IDCAMS,,A76_LIST.txt; D2606JUN.txt; MY SLA; MY_JCL_Evidence.txt,Parsed,Production,Implemented,
MY,TMYCLKA7,CPU_123,J7P0872U,JCP0872U,Matched,10,0.04,0.07,32,0.04,0.07,31,,,Standard,,,CP614980 CPDVMBP SORT,PRDCAU.BTHLOD.MY20A2 PRDCIS.BTHLOD.MY20A2 PRDCIS.BTHSEQ.MY20A2.CPRPTT PRDCIS.BTHSEQ.MY20A2.LBUIM.TNGLOAD PRDCIS.BTHVSM.MY20A2.CPBCUS PRDCIS.BTHVSM.MY20A2.CPBPLT PRDCIS.BTHVSM.MY20A2.CPBSYS PRDCIS.WRKSEQ.MY20A2.CPRPTT.TNGLOAD PRDCIS.WRKSEQ.MY20A2.CPRPTT.TNGLOAD2 PRDCIS.WRKSEQ.MY20A2.LBUIM.TNGLOAD.TMP PRDCRD.BTHCTL.MY20A2(ICPK0050) PRDCRD.BTHCTL.MY20A2(ICPK2000) PRDCRD.BTHLOD.MY20A2 PRDCSS.BTHLOD.MY20A2,A76_LIST.txt; D2606JUN.txt; MY SLA; MY_JCL_Evidence.txt,Parsed,Production,Implemented,
MY,TMYCLKA7,CPU_124,J7PDY5A,JCPDY5A,Matched,10,1.54,1.68,32,1.58,1.68,31,,,Standard,,,,PRDCIS.BTHLOD.MY20A2 PRDCSS.BTHLOD.MY20A2,A76_LIST.txt; D2606JUN.txt; MY SLA; MY_JCL_Evidence.txt,Parsed,Production,Implemented,
MY,TMYCLKA7,CPU_125,J7PDY5B,JCPDY5B,Matched,10,0.03,0.03,32,0.02,0.03,31,,,Standard,,,,PRDCIS.BTHLOD.MY20A2 PRDCSS.BTHLOD.MY20A2,A76_LIST.txt; D2606JUN.txt; MY SLA; MY_JCL_Evidence.txt,Parsed,Production,Implemented,
MY,TMYCLKA7,CPU_126,J7PDY5C,JCPDY5C,Matched,10,3.83,4.15,32,3.38,3.87,31,,,Standard,,,,PRDCIS.BTHLOD.MY20A2 PRDCRD.BTHLOD.MY20A2 PRDCSS.BTHLOD.MY20A2,A76_LIST.txt; D2606JUN.txt; MY SLA; MY_JCL_Evidence.txt,Parsed,Production,Implemented,
MY,TMYCLKA7,CPU_127,J7PDY5D,JCPDY5D,Matched,10,0.58,0.8,32,0.51,0.62,31,,,Standard,,,,PRDCIS.BTHLOD.MY20A2 PRDCSS.BTHLOD.MY20A2,A76_LIST.txt; D2606JUN.txt; MY SLA; MY_JCL_Evidence.txt,Parsed,Production,Implemented,
MY,TMYCLKA7,CPU_128,J7PDY5E,JCPDY5E,Matched,10,0.16,0.23,32,0.12,0.13,31,,,Standard,,,,PRDCIS.BTHLOD.MY20A2 PRDCSS.BTHLOD.MY20A2,A76_LIST.txt; D2606JUN.txt; MY SLA; MY_JCL_Evidence.txt,Parsed,Production,Implemented,
MY,TMYCLKA7,CPU_129,J7PDY5F,JCPDY5F,Matched,10,0.05,0.1,32,0.05,0.07,31,,,Standard,,,,PRDCIS.BTHLOD.MY20A2 PRDCSS.BTHLOD.MY20A2,A76_LIST.txt; D2606JUN.txt; MY SLA; MY_JCL_Evidence.txt,Parsed,Production,Implemented,
MY,TMYCLKA7,CPU_130,J7PDY6,JCPDY6,Matched,10,0.03,0.05,32,0.02,0.03,31,,,Standard,,,,PRDCIS.BTHLOD.MY20A2 PRDCSS.BTHLOD.MY20A2,A76_LIST.txt; D2606JUN.txt; MY SLA; MY_JCL_Evidence.txt,Parsed,Production,Implemented,
MY,TMYCLKA7,CPU_131,J7PISSUE,JCPISSUE,Matched,10,0.65,0.82,32,0.66,0.75,31,,,Standard,,,,PRDCAU.BTHLOD.MY20A2 PRDCIS.BTHLOD.MY20A2 PRDCRD.BTHLOD.MY20A2 PRDCSS.BTHLOD.MY20A2,A76_LIST.txt; D2606JUN.txt; MY SLA; MY_JCL_Evidence.txt,Parsed,Production,Implemented,
MY,TMYCLKA7,CPU_132,J7P1027U,JCP1027U,Matched,10,6.19,7.25,32,6.05,6.97,31,,,Standard,,,CP613270 ICEGENER IDCAMS,&ENV.CIS.BTHVSM.&VER.CPBCRD &ENV.CIS.BTHVSM.&VER.CPBPLT &ENV.CRD.BTHSEQ.&VER.RDM.CRDPLT &ENV.CRD.BTHVSM.&VER.BTHLARGE.RDM.CRDPLT PRDCRD.BTHCTL.MY20A2(ICRDPLT) PRDCRD.BTHCTL.MY20A2(RESETCC) PRDCRD.BTHLOD.MY20A2 PRDCRD.BTHSEQ.MY20A2.RDM.CRDPLT,A76_LIST.txt; D2606JUN.txt; MY SLA; MY_JCL_Evidence.txt,Parsed,Production,Implemented,
MY,TMYCLKA7,CPU_133,J7P1028U,JCP1028U,Matched,10,46.12,48.45,32,46.45,49.63,31,,,Standard,,,CP613280 ICEGENER IDCAMS SORT,&ENV.CIS.BTHVSM.&VER.CPBCUS &ENV.CIS.BTHVSM.&VER.CPBKYC &ENV.CIS.ONLVSM.&VER.CPCLTE &ENV.COM.BTHVSM.&VER.D00V.KCMACC &ENV.COM.BTHVSM.&VER.DBDW.KCMBIZ &ENV.CRD.BTHSEQ.&VER.RDM.CRDPLT &ENV.CRD.BTHSEQ.&VER.RDM.CUSPLT &ENV.CRD.BTHVSM.&VER.BTHLARGE.RDM.CUSPLT &ENV.EPP.ONLVSM.&VER.EPTRANS PRDCIS.BTHLOD.MY20A2 PRDCRD.BTHCTL.MY20A2(ICUSPLT) PRDCRD.BTHCTL.MY20A2(RESETCC) PRDCRD.BTHLOD.MY20A2 PRDCRD.BTHSEQ.MY20A2.RDM.CUSPLT PRDCRD.BTHVSM.MY20A2.BTHLARGE.RDM.CUSPLT,A76_LIST.txt; D2606JUN.txt; MY SLA; MY_JCL_Evidence.txt,Parsed,Production,Implemented,
MY,TMYCLKA7,CPU_134,J7PDC110,JCPDC110,Matched,10,0.42,0.92,32,0.35,0.62,31,,,Standard,,,,PRDCAU.BTHLOD.MY20A2 PRDCIS.BTHLOD.MY20A2 PRDCSS.BTHLOD.MY20A2,A76_LIST.txt; D2606JUN.txt; MY SLA; MY_JCL_Evidence.txt,Parsed,Production,Implemented,
MY,TMYCLKA7,CPU_135,J7PUC501,JCPUC501,Matched,10,0.22,0.33,32,0.2,0.35,31,,,Standard,,,,PRDCIS.BTHLOD.MY20A2,A76_LIST.txt; D2606JUN.txt; MY SLA; MY_JCL_Evidence.txt,Parsed,Production,Implemented,
MY,TMYCLKA7,CPU_136,J7PUC500,JCPUC500,Matched,10,0.33,0.33,1,0.58,0.58,1,,,Standard,,,,PRDCAU.BTHLOD.MY20A2 PRDCIS.BTHLOD.MY20A2 PRDCSS.BTHLOD.MY20A2,A76_LIST.txt; D2606JUN.txt; MY SLA; MY_JCL_Evidence.txt,Parsed,Production,Implemented,
MY,TMYCLKA7,CPU_137,J7PDY7A,JCPDY7A,Matched,10,4,4.53,32,3.06,3.57,31,,,Standard,,,,PRDCIS.BTHLOD.MY20A2 PRDCSS.BTHLOD.MY20A2,A76_LIST.txt; D2606JUN.txt; MY SLA; MY_JCL_Evidence.txt,Parsed,Production,Implemented,
MY,TMYCLKA7,CPU_138,J7PDY7B,JCPDY7B,Matched,10,0.02,0.05,32,0.03,0.05,31,,,Standard,,,,PRDCIS.BTHLOD.MY20A2 PRDCSS.BTHLOD.MY20A2,A76_LIST.txt; D2606JUN.txt; MY SLA; MY_JCL_Evidence.txt,Parsed,Production,Implemented,
MY,TMYCLKA7,CPU_139,J7PDY7D,JCPDY7D,Matched,10,1.1,1.5,32,0.71,0.87,31,,,Standard,,,,PRDCIS.BTHLOD.MY20A2 PRDCSS.BTHLOD.MY20A2,A76_LIST.txt; D2606JUN.txt; MY SLA; MY_JCL_Evidence.txt,Parsed,Production,Implemented,
MY,TMYCLKA7,CPU_140,J7PDY7E,JCPDY7E,Matched,10,0.33,0.52,32,0.32,0.38,31,,,Standard,,,,PRDCIS.BTHLOD.MY20A2 PRDCSS.BTHLOD.MY20A2,A76_LIST.txt; D2606JUN.txt; MY SLA; MY_JCL_Evidence.txt,Parsed,Production,Implemented,
MY,TMYCLKA7,CPU_141,J7PDY7F,JCPDY7F,Matched,10,0.2,0.35,32,0.26,0.42,31,,,Standard,,,,PRDCIS.BTHLOD.MY20A2 PRDCSS.BTHLOD.MY20A2,A76_LIST.txt; D2606JUN.txt; MY SLA; MY_JCL_Evidence.txt,Parsed,Production,Implemented,
MY,TMYCLKA7,CPU_142,J7XHKSYS,JCXHKSYS,Matched,10,0.07,0.07,32,0.07,0.08,31,,,Standard,,,CXCI010 CXHC020 CXU016 IDCAMS IEFBR14,PRDCAQ.ONLVSM.MY20A2.QMPSYS PRDCIS.BTHVSM.MY20A2.CPBSYS PRDCRD.BTHCTL.MY20A2(CXCI010) PRDIMX.BKPVSM.MY20A2.CXSYS PRDIMX.BTHSEQ.MY20A2.CXGLP.HEADER PRDIMX.BTHVSM.MY20A2.CXABS PRDIMX.BTHVSM.MY20A2.CXKPS PRDIMX.ONLVSM.MY20A2.CXSYS,A76_LIST.txt; D2606JUN.txt; MY SLA; MY_JCL_Evidence.txt,Parsed,Production,Implemented,
MY,TMYCLKA7,CPU_143,J7XHKACB,JCXHKACB,Matched,10,0.02,0.03,32,0.02,0.03,31,,,Standard,,,CXHC050 CXU016 ICEGENER IDCAMS,PRDCIS.BTHSEQ.MY20A2.CPIREJ PRDCRD.BTHCTL.MY20A2(CXHC050) PRDCRD.BTHCTL.MY20A2(CXRESET) PRDCRD.BTHCTL.MY20A2(CXT1XDF) PRDCRD.BTHCTL.MY20A2(CXT1XDL) PRDCRD.BTHCTL.MY20A2(CXTR1DF) PRDCRD.BTHCTL.MY20A2(CXTR1DL) PRDCRD.BTHCTL.MY20A2(REPROCX) PRDIMX.BTHVSM.MY20A2.CXDLY PRDIMX.BTHVSM.MY20A2.CXKPS PRDIMX.ONLVSM.MY20A2.CXHSK PRDIMX.ONLVSM.MY20A2.CXSYS PRDIMX.ONLVSM.MY20A2.CXT1X PRDIMX.ONLVSM.MY20A2.CXT1X1 PRDIMX.ONLVSM.MY20A2.CXT1XA PRDIMX.ONLVSM.MY20A2.CXTR1,A76_LIST.txt; D2606JUN.txt; MY SLA; MY_JCL_Evidence.txt,Parsed,Production,Implemented,
MY,TMYCLKA7,CPU_144,J7XHKREJ,JCXHKREJ,Matched,10,0.08,0.08,32,0.08,0.1,31,,,Standard,,,CXCC032 CXHC040 CXU016 ICEGENER IDCAMS IEBGENER IEFBR14 SORT,!INDEXS!.CX20S.CXAMR.CUT1 !INDEXS!.CX20S.CXAMR.CUT2 !INDEXS!.CX20S.CXAMR.CUT3 !INDEXS!.CX20S.CXAMR.CUT4 !INDEXS!.CX20S.CXAMR.CUT5 PRDCRD.BTHCTL.MY20A2(CXCC032C) PRDCRD.BTHCTL.MY20A2(CXHC040) PRDCRD.BTHCTL.MY20A2(CXREJDF) PRDCRD.BTHCTL.MY20A2(CXREJDL) PRDCRD.BTHCTL.MY20A2(CXRESET) PRDCRD.BTHCTL.MY20A2(CXRJPDF) PRDCRD.BTHCTL.MY20A2(CXRJPDL) PRDCRD.BTHCTL.MY20A2(CXRJXDF) PRDCRD.BTHCTL.MY20A2(CXRJXDL) PRDCRD.BTHCTL.MY20A2(CXTFEEDF) PRDCRD.BTHCTL.MY20A2(CXTFEEDL) PRDCRD.BTHCTL.MY20A2(ICPK0500) PRDCRD.BTHCTL.MY20A2(ICPK1000) PRDCRD.BTHCTL.MY20A2(REPROCX) PRDIMX.BTHSEQ.MY20A2.CXAMR PRDIMX.BTHSEQ.MY20A2.CXAMR.POST PRDIMX.BTHSEQ.MY20A2.CXPOST.REJ PRDIMX.BTHSEQ.MY20A2.CXREJ.NEW PRDIMX.BTHSEQ.MY20A2.CXREJ.OLD PRDIMX.BTHSEQ.MY20A2.CXTFES.REJ PRDIMX.BTHVSM.MY20A2.CXABS PRDIMX.BTHVSM.MY20A2.CXKPS PRDIMX.BTHVSM.MY20A2.CXTFE.DLY PRDIMX.BTHVSM.MY20A2.CXTFE.REJ PRDIMX.ONLVSM.MY20A2.CXHSK,A76_LIST.txt; D2606JUN.txt; MY SLA; MY_JCL_Evidence.txt,Parsed,Production,Implemented,
MY,TMYCLKA7,CPU_145,J7PU530,JCPU530,Matched,10,1.19,1.6,32,1.13,1.48,31,,,Standard,,,,PRDCIS.BTHLOD.MY20A2 PRDCSS.BTHLOD.MY20A2,A76_LIST.txt; D2606JUN.txt; MY SLA; MY_JCL_Evidence.txt,Parsed,Production,Implemented,
MY,TMYCLKA7,CPU_146,J7PU683,JCPU683,Matched,10,1.8,2.87,32,1.88,2.5,31,,,Standard,,,,PRDCAU.BTHLOD.MY20A2 PRDCIS.BTHLOD.MY20A2 PRDCSS.BTHLOD.MY20A2,A76_LIST.txt; D2606JUN.txt; MY SLA; MY_JCL_Evidence.txt,Parsed,Production,Implemented,
MY,TMYCLKA7,CPU_147,J7PU685,JCPU685,Matched,10,1.93,3,32,2.02,2.65,31,,,Standard,,,,PRDCAU.BTHLOD.MY20A2 PRDCIS.BTHLOD.MY20A2 PRDCSS.BTHLOD.MY20A2,A76_LIST.txt; D2606JUN.txt; MY SLA; MY_JCL_Evidence.txt,Parsed,Production,Implemented,
MY,TMYCLKA7,CPU_148,J7PU684C,JCPU684C,Matched,10,2.71,3.95,32,2.73,3.47,31,,,Standard,,,,PRDCAU.BTHLOD.MY20A2 PRDCIS.BTHLOD.MY20A2 PRDCSS.BTHLOD.MY20A2,A76_LIST.txt; D2606JUN.txt; MY SLA; MY_JCL_Evidence.txt,Parsed,Production,Implemented,
MY,TMYCLKA7,CPU_149,J7PU687,JCPU687,Matched,10,0.13,0.33,32,0.13,0.22,31,,,Standard,,,,PRDCAU.BTHLOD.MY20A2 PRDCIS.BTHLOD.MY20A2 PRDCSS.BTHLOD.MY20A2,A76_LIST.txt; D2606JUN.txt; MY SLA; MY_JCL_Evidence.txt,Parsed,Production,Implemented,
MY,TMYCLKA7,CPU_150,J7PU688,JCPU688,Matched,10,0.29,0.43,32,0.26,0.38,31,,,Standard,,,,PRDCAU.BTHLOD.MY20A2 PRDCIS.BTHLOD.MY20A2 PRDCSS.BTHLOD.MY20A2,A76_LIST.txt; D2606JUN.txt; MY SLA; MY_JCL_Evidence.txt,Parsed,Production,Implemented,
MY,TMYCLKA7,CPU_151,J7PU691,JCPU691,Matched,10,0.15,0.3,32,0.14,0.22,31,,,Standard,,,,PRDCAU.BTHLOD.MY20A2 PRDCIS.BTHLOD.MY20A2 PRDCSS.BTHLOD.MY20A2,A76_LIST.txt; D2606JUN.txt; MY SLA; MY_JCL_Evidence.txt,Parsed,Production,Implemented,
MY,TMYCLKA7,CPU_152,J7PU686,JCPU686,Matched,10,1.19,1.43,32,1.17,1.47,31,,,Standard,,,,PRDCAU.BTHLOD.MY20A2 PRDCIS.BTHLOD.MY20A2 PRDCSS.BTHLOD.MY20A2,A76_LIST.txt; D2606JUN.txt; MY SLA; MY_JCL_Evidence.txt,Parsed,Production,Implemented,
MY,TMYCLKA7,CPU_153,J7PU690,JCPU690,Matched,10,0.99,1.18,32,0.95,1.15,31,,,Standard,,,,PRDCAU.BTHLOD.MY20A2 PRDCIS.BTHLOD.MY20A2 PRDCSS.BTHLOD.MY20A2,A76_LIST.txt; D2606JUN.txt; MY SLA; MY_JCL_Evidence.txt,Parsed,Production,Implemented,
MY,TMYCLKA7,CPU_154,J7PU692,JCPU692,Matched,10,0.14,0.17,32,0.14,0.18,31,,,Standard,,,,PRDCAU.BTHLOD.MY20A2 PRDCIS.BTHLOD.MY20A2 PRDCSS.BTHLOD.MY20A2,A76_LIST.txt; D2606JUN.txt; MY SLA; MY_JCL_Evidence.txt,Parsed,Production,Implemented,
MY,TMYCLKA7,CPU_155,J7PUCAP,JCPUCAP,Matched,10,1.07,1.32,32,0.99,1.15,31,,,Standard,,,,PRDCAU.BTHLOD.MY20A2 PRDCIS.BTHLOD.MY20A2 PRDCSS.BTHLOD.MY20A2,A76_LIST.txt; D2606JUN.txt; MY SLA; MY_JCL_Evidence.txt,Parsed,Production,Implemented,
MY,TMYCLKA7,CPU_156,J7PU972,JCPU972,Matched,10,0.01,0.02,32,0.01,0.03,31,,,Standard,,,,PRDCAU.BTHLOD.MY20A2 PRDCIS.BTHLOD.MY20A2 PRDCSS.BTHLOD.MY20A2,A76_LIST.txt; D2606JUN.txt; MY SLA; MY_JCL_Evidence.txt,Parsed,Production,Implemented,
MY,TMYCLKA7,CPU_157,J7PDY7C,JCPDY7C,Matched,10,4.88,5.43,32,3.54,3.9,31,,,Standard,,,,PRDCIS.BTHLOD.MY20A2 PRDCRD.BTHLOD.MY20A2 PRDCSS.BTHLOD.MY20A2,A76_LIST.txt; D2606JUN.txt; MY SLA; MY_JCL_Evidence.txt,Parsed,Production,Implemented,
MY,TMYCLKA7,CPU_158,J7SAUDBK,JCSAUDBK,Matched,1,3.42,8.08,32,3.74,6.93,31,,,Standard,,,,&CNTLLIB(CSD200B) PRDCIS.BTHLOD.MY20A2 PRDCSS.BTHLOD.MY20A2,A76_LIST.txt; D2606JUN.txt; MY SLA; MY_JCL_Evidence.txt,Parsed,Production,Implemented,
MY,TMYCLKA7,CPU_159,J7P2072U,JCP2072U,Matched,1,1.05,1.18,32,1.12,1.18,31,-,07:00,Critical,eAccess,eAccess - enrollment file,CP619700 CP619780 ETALK ICEGENER SORT,&ENV.CAQ.BTHVSM.&VER.QMMACT &ENV.CAQ.BTHVSM.&VER.QMMBUS &ENV.CAQ.BTHVSM.&VER.QMMCNT &ENV.CAQ.BTHVSM.&VER.QMMMER &ENV.CAQ.BTHVSM.&VER.QMMPRF &ENV.CAQ.BTHVSM.&VER.QMPSYS &ENV.CAQ.ONLVSM.&VER.QMMBLC &ENV.CIS.BTHVSM.&VER.CPBSYS &ENV.CRD.BTHSEQ.&VER.EAC.ENROL &ENV.CRD.BTHSEQ.&VER.EAC.ENROL.D &ENV.CRD.BTHSEQ.&VER.EAC.ENROL.F &ENV.CRD.BTHSEQ.&VER.EAC.ENROL.I &ENV.CRD.BTHSEQ.&VER.ENROL.DUMMY &ENV.CRD.BTHSEQ.&VER.ENROL.IN.DEC &ENV.CRD.BTHSEQ.&VER.ENROL.USRIPT &ENV.CRD.BTHSEQ.&VER.ICP01362 &ENV.CRD.BTHSEQ.&VER.ICP01363 &ENV.CRD.WRKSEQ.&VER.CSAUDIT &ENV.CSS.BTHBGD.&VER.CSAUDT(0) PRDCRD.BTHPRM.MY20A2.SUP(ICP01308) PRDCRD.BTHSEQ.MY20A2.ENROL.IN.DEC PRDCRD.BTHSEQ.MY20A2.ENROL.USRIPT PSUC.PAYMATE.ETALK.MASTER,A76_LIST.txt; D2606JUN.txt; MY SLA; MY_JCL_Evidence.txt,Parsed,Production,Implemented,
MY,TMYCLKA7,CPU_160,J7BKPBDW,JBKPBDW,Matched,1,0.27,0.28,32,0.19,0.22,31,,,Standard,,,,,A76_LIST.txt; D2606JUN.txt; MY SLA; MY_JCL_Evidence.txt,Parsed,Production,Implemented,
MY,TMYCLKA7,CPU_161,J7BDWEXT,JBDWEXT,Matched,1,0.41,0.48,32,0.4,0.47,31,,,Standard,,,,,A76_LIST.txt; D2606JUN.txt; MY SLA; MY_JCL_Evidence.txt,Parsed,Production,Implemented,
MY,TMYCLKA7,CPU_162,J7P1616B,JCP1616B,Matched,1,0.05,0.05,32,0.05,0.07,31,,,Standard,,,IDCAMS,PRDCIS.BTHLOD.MY20A2 PRDCRD.BTHLOD.MY20A2,A76_LIST.txt; D2606JUN.txt; MY SLA; MY_JCL_Evidence.txt,Parsed,Production,Implemented,
MY,TMYCLKA7,CPU_163,J7P1616U,JCP1616U,Matched,1,13.07,14.6,32,14.03,15.87,31,,,Standard,,,CPD000 CPD020 CPDCSHI,&CNTLLIB(CPD020T3) &CNTLLIB(CPDCSHI) &ENV.CIS.BTHBGD.&VER.CPBKUP.CUS&SPLT(+1) &ENV.CIS.BTHVSM.&VER.CPBCUS&SPLT &ENV.CIS.BTHVSM.&VER.CPBPLT&SPLT &ENV.CIS.BTHVSM.&VER.DMS.CPBCPX &ENV.CIS.ONLVSM.&VER.CPCPX,A76_LIST.txt; D2606JUN.txt; MY SLA; MY_JCL_Evidence.txt,Parsed,Production,Implemented,
MY,TMYCLKA7,CPU_164,J7P1987U,JCP1987U,Matched,1,0,0,32,0,0,31,,,Standard,,,IDCAMS,,A76_LIST.txt; D2606JUN.txt; MY SLA; MY_JCL_Evidence.txt,Parsed,Production,Implemented,
MY,TMYCLKA7,CPU_165,J7PEIEXT,JCPEIEXT,Matched,1,0.52,1.65,32,0.71,3.13,31,,,Standard,,,,,A76_LIST.txt; D2606JUN.txt; MY SLA; MY_JCL_Evidence.txt,Parsed,Production,Implemented,
MY,TMYCLKA7,CPU_166,J7MEIEXT,JQMEIEXT,Matched,1,9.15,13.88,32,8.29,11.42,31,,,Standard,,,,,A76_LIST.txt; D2606JUN.txt; MY SLA; MY_JCL_Evidence.txt,Parsed,Production,Implemented,
MY,TMYCLKA7,CPU_167,J7F28561,JCF28561,Matched,1,0.41,0.5,32,0.41,0.52,31,,,Standard,,,,PRDCRD.BTHCTL.MY20A2(ICP01665),A76_LIST.txt; D2606JUN.txt; MY SLA; MY_JCL_Evidence.txt,Parsed,Production,Implemented,
MY,TMYCLKA7,CPU_172,J7PPCCN,JCPPCCN,Matched,10,0.04,0.03,32,0.03,0.05,31,,,Standard,,,,&CNTLLIB(CPU920CN),A76_LIST.txt; D2606JUN.txt; MY SLA; MY_JCL_Evidence.txt,Parsed,Production,Implemented,
MY,TMYCLKA7,CPU_173,J7P1219U,JCP1219U,Matched,10,0.11,0.12,32,0.12,0.15,31,,,Standard,,,IDCAMS,PRDCIS.BTHVSM.MY20A2.CPBAPX PRDCIS.BTHVSM.MY20A2.CPBCAPCX PRDCIS.BTHVSM.MY20A2.CPBCAX PRDCIS.BTHVSM.MY20A2.CPBCPX PRDCIS.BTHVSM.MY20A2.CPBICCCX PRDCIS.BTHVSM.MY20A2.CPBNAK PRDCRD.BTHCTL.MY20A2(ICP00597) PRDCRD.BTHCTL.MY20A2(ICP00598) PRDCRD.BTHCTL.MY20A2(RESETCC),A76_LIST.txt; D2606JUN.txt; MY SLA; MY_JCL_Evidence.txt,Parsed,Production,Implemented,
MY,TMYCLKA7,CPU_174,J7PALXR,JCPALXR,Matched,10,0,0,32,0,0,31,,,Standard,,,,,A76_LIST.txt; D2606JUN.txt; MY SLA; MY_JCL_Evidence.txt,Parsed,Production,Implemented,
MY,TMYCLKA7,CPU_175,J7PPCON,JCPPCON,Matched,10,0.03,0.03,32,0.03,0.03,31,,04:16,Critical,"Online screens, interfaces","Cross reference (PCCP, PCIK, PCTP, VMIK), and other interfaces that have online inquiry of these.",,&CNTLLIB(CPU920ON),A76_LIST.txt; D2606JUN.txt; MY SLA; MY_JCL_Evidence.txt,Parsed,Production,Implemented,
MY,TMYCLKA7,CPU_176,J7PPCCF,JCPPCCF,Matched,10,0.04,0.03,32,0.03,0.05,31,,,Standard,,,,&CNTLLIB(CPU920CF),A76_LIST.txt; D2606JUN.txt; MY SLA; MY_JCL_Evidence.txt,Parsed,Production,Implemented,
MY,TMYCLKA7,CPU_178,J7P1218U,JCP1218U,Matched,10,0.12,0.15,33,0.13,0.17,32,,,Standard,,,IDCAMS,PRDCRD.BTHCTL.MY20A2(FOAHCL) PRDCRD.BTHCTL.MY20A2(ICP00593) PRDCRD.BTHCTL.MY20A2(ICP00594) PRDCRD.BTHCTL.MY20A2(RESETCC),A76_LIST.txt; D2606JUN.txt; MY SLA; MY_JCL_Evidence.txt,Parsed,Production,Implemented,
MY,TMYCLKA7,CPU_179,J7PDY12,JCPDY12,Matched,10,0,0,32,0,0.02,31,,,Standard,,,,,A76_LIST.txt; D2606JUN.txt; MY SLA; MY_JCL_Evidence.txt,Parsed,Production,Implemented,
MY,TMYCLKA7,CPU_180,J7PPCOF,JCPPCOF,Matched,10,0.03,0.03,32,0.03,0.05,31,,,Standard,,,,&CNTLLIB(CPU920OF),A76_LIST.txt; D2606JUN.txt; MY SLA; MY_JCL_Evidence.txt,Parsed,Production,Implemented,
MY,TMYCLKA7,CPU_181,J7PPCOT,JCPPCOT,Matched,10,0.24,0.25,32,0.25,0.27,31,,05:00,Critical,"Online screens, interfaces","Customer maintenance screen (PCMC, PCMH, PCML), and other interfaces that have maintenance functions of these.",,&CNTLLIB(CPU920OT),A76_LIST.txt; D2606JUN.txt; MY SLA; MY_JCL_Evidence.txt,Parsed,Production,Implemented,
MY,TMYCLKA7,CPU_182,J7P1220U,JCP1220U,Matched,10,0.11,0.13,34,0.09,0.1,32,,,Standard,,,IDCAMS,,A76_LIST.txt; D2606JUN.txt; MY SLA; MY_JCL_Evidence.txt,Parsed,Production,Implemented,
MY,TMYCLKA7,CPU_183,J7ICIAJC,JAICIAJC,Matched,10,0.03,0.03,32,0.02,0.03,31,-,05:00,Critical,JAICIAJC,"Swap CIA Master files (CRD, PLT, CUS + SYS) After JCPPCOF + COT open CIA files - user cannot perform CISS Update maintenance b4 this job completed",,PRDCAU.BTHLOD.MY20A2 PRDCIS.BTHLOD.MY20A2 PRDCSS.BTHLOD.MY20A2,A76_LIST.txt; D2606JUN.txt; MY SLA; MY_JCL_Evidence.txt,Parsed,Production,Implemented,
MY,TMYCLKA7,CPU_184,J7ISM#3,JAISM#3,Matched,10,2.53,3.43,32,2.7,3.42,31,,,Standard,,,,&CNTLLIB(AUD600C),A76_LIST.txt; D2606JUN.txt; MY SLA; MY_JCL_Evidence.txt,Parsed,Production,Implemented,
MY,TMYCLKA7,CPU_185,J7IAFHJC,JAIAFHJC,Matched,10,0.37,0.57,32,0.02,0.03,31,,,Standard,,,,PRDCAU.BTHLOD.MY20A2 PRDCIS.BTHLOD.MY20A2 PRDCSS.BTHLOD.MY20A2,A76_LIST.txt; D2606JUN.txt; MY SLA; MY_JCL_Evidence.txt,Parsed,Production,Implemented,
MY,TMYCLKA7,CPU_186,J7ADBKRP,JOADBKRP,Matched,10,0.21,0.48,32,0.19,0.23,31,,,Standard,,,IDCAMS,&CNTLLIB(ICP00516) &CNTLLIB(ICP00517) &CNTLLIB(ICP00607) &CNTLLIB(ICP00608) &CNTLLIB(OADCBKLG) &CNTLLIB(OADCDLLG) &CNTLLIB(RESETCC) PRDCAU.BKPVSM.MY20A2.AUSYS.CEDC.RNP PRDEDC.BKPVSM.MY20A2.OADCLGA.RNP PRDEDC.BKPVSM.MY20A2.OADCLGB.RNP PRDEDC.BKPVSM.MY20A2.OADCLGE PRDEDC.BKPVSM.MY20A2.OADCTF.RNP PRDEDC.BKPVSM.MY20A2.OADCTLG,A76_LIST.txt; D2606JUN.txt; MY SLA; MY_JCL_Evidence.txt,Parsed,Production,Implemented,
MY,TMYCLKA7,CPU_187,J7ADCRNP,JOADCRNP,Matched,10,0.05,0.03,32,0.09,0.05,32,-,04:00,Critical,JOADCRNP,Initialize the inactive EDC log,,,A76_LIST.txt; D2606JUN.txt; MY SLA; MY_JCL_Evidence.txt,Parsed,Production,Implemented,
MY,TMYCLKA7,CPU_188,J7AEM#7,JOAEM#7,Matched,10,0,0,32,0,0,31,,,Standard,,,,&CNTLLIB(OADC200G),A76_LIST.txt; D2606JUN.txt; MY SLA; MY_JCL_Evidence.txt,Parsed,Production,Implemented,
MY,TMYCLKA7,CPU_189,J7PPCCH,JCPPCCH,Matched,10,0.05,0.05,32,0.04,0.05,31,,,Standard,,,,&CNTLLIB(CPU920CH),A76_LIST.txt; D2606JUN.txt; MY SLA; MY_JCL_Evidence.txt,Parsed,Production,Implemented,
MY,TMYCLKA7,CPU_190,J7PDY10,JCPDY10,Matched,10,0.28,0.43,32,0.26,0.48,31,,,Standard,,,,PRDCAU.BTHLOD.MY20A2 PRDCIS.BTHLOD.MY20A2 PRDCSS.BTHLOD.MY20A2,A76_LIST.txt; D2606JUN.txt; MY SLA; MY_JCL_Evidence.txt,Parsed,Production,Implemented,
MY,TMYCLKA7,CPU_191,J7PDY8,JCPDY8,Matched,10,6.91,11.67,32,4.32,6.42,31,,,Standard,,,,PRDCIS.BTHLOD.MY20A2 PRDCSS.BTHLOD.MY20A2,A76_LIST.txt; D2606JUN.txt; MY SLA; MY_JCL_Evidence.txt,Parsed,Production,Implemented,
MY,TMYCLKA7,CPU_192,J7PDY3L1,JCPDY3L1,Matched,10,1.02,1.18,32,1.06,1.45,31,,,Standard,,,,PRDCIS.BTHLOD.MY20A2 PRDCSS.BTHLOD.MY20A2,A76_LIST.txt; D2606JUN.txt; MY SLA; MY_JCL_Evidence.txt,Parsed,Production,Implemented,
MY,TMYCLKA7,CPU_193,J7PDY3L2,JCPDY3L2,Matched,10,2.37,3.1,32,2.35,3.32,31,,,Standard,,,,PRDCIS.BTHLOD.MY20A2 PRDCSS.BTHLOD.MY20A2,A76_LIST.txt; D2606JUN.txt; MY SLA; MY_JCL_Evidence.txt,Parsed,Production,Implemented,
MY,TMYCLKA7,CPU_194,J7PDY3L3,JCPDY3L3,Matched,10,0.74,0.93,32,0.77,1.07,31,,,Standard,,,,PRDCIS.BTHLOD.MY20A2 PRDCSS.BTHLOD.MY20A2,A76_LIST.txt; D2606JUN.txt; MY SLA; MY_JCL_Evidence.txt,Parsed,Production,Implemented,
MY,TMYCLKA7,CPU_195,J7PDY11A,JCPDY11A,Matched,10,6.67,7.98,32,4.89,6.13,31,,,Standard,,,,PRDCAU.BTHLOD.MY20A2 PRDCIS.BTHLOD.MY20A2 PRDCSS.BTHLOD.MY20A2,A76_LIST.txt; D2606JUN.txt; MY SLA; MY_JCL_Evidence.txt,Parsed,Production,Implemented,
MY,TMYCLKA7,CPU_196,J7PDY11B,JCPDY11B,Matched,10,0.14,0.23,32,0.13,0.22,31,,,Standard,,,,PRDCAU.BTHLOD.MY20A2 PRDCIS.BTHLOD.MY20A2 PRDCSS.BTHLOD.MY20A2,A76_LIST.txt; D2606JUN.txt; MY SLA; MY_JCL_Evidence.txt,Parsed,Production,Implemented,
MY,TMYCLKA7,CPU_197,J7PDY11C,JCPDY11C,Matched,10,0.95,1.23,32,0.95,1.68,31,,,Standard,,,,PRDCAU.BTHLOD.MY20A2 PRDCIS.BTHLOD.MY20A2 PRDCSS.BTHLOD.MY20A2,A76_LIST.txt; D2606JUN.txt; MY SLA; MY_JCL_Evidence.txt,Parsed,Production,Implemented,
MY,TMYCLKA7,CPU_198,J7PDY11E,JCPDY11E,Matched,10,7.54,8.5,32,7.86,9.32,31,,,Standard,,,,PRDCAU.BTHLOD.MY20A2 PRDCIS.BTHLOD.MY20A2 PRDCSS.BTHLOD.MY20A2,A76_LIST.txt; D2606JUN.txt; MY SLA; MY_JCL_Evidence.txt,Parsed,Production,Implemented,
MY,TMYCLKA7,CPU_199,J7PUHRN,JCPUHRN,Matched,10,0,0,32,0,0,31,,,Standard,,,,PRDCAU.BTHLOD.MY20A2 PRDCIS.BTHLOD.MY20A2 PRDCSS.BTHLOD.MY20A2,A76_LIST.txt; D2606JUN.txt; MY SLA; MY_JCL_Evidence.txt,Parsed,Production,Implemented,
MY,TMYCLKA7,CPU_200,J7QDY710,JCQDY710,Matched,10,0.32,0.37,32,0.28,0.33,31,,,Standard,,,,&ENV.IMX.BTHSEQ.&VER.CXSTX PRDCAQ.BTHLOD.MY20A2 PRDCRD.BTHSEQ.MY20A2.CUP.MASBDTE PRDCRD.BTHSEQ.MY20A2.EDEBIT.MASBDTE PRDCRD.BTHSEQ.MY20A2.LPS.MASBDTE,A76_LIST.txt; D2606JUN.txt; MY SLA; MY_JCL_Evidence.txt,Parsed,Production,Implemented,
MY,TMYCLKA7,CPU_201,J7QDY720,JCQDY720,Matched,10,22.76,23.85,32,19.02,21.05,31,,,Standard,,,,&ENV.CAQ.BTHSEQ.&VER.CQD710.CQBDTE &ENV.CAQ.BTHSEQ.&VER.CQD710.CQBDTE.COMET &ENV.CAQ.BTHSEQ.&VER.CQD710.CQBDTE.MRP &ENV.CAQ.BTHSEQ.&VER.CQD715.CQBDTE &ENV.CAQ.BTHSEQ.&VER.CQD716.CQBDTE &ENV.CAQ.BTHSEQ.&VER.CQD716.CQBDTE.REV &ENV.CAQ.BTHSEQ.&VER.QMD010.CQBDTE &ENV.CLB.BTHSEQ.&VER.LBEMMER &ENV.CRD.BTHSEQ.&VER.DCC.MTH.CQD720 &ENV.CRD.BTHSEQ.&VER.GIRO.CQBDTE &ENV.CRD.BTHSEQ.&VER.PINELABS.CQBDTE PRDCAQ.BTHLOD.MY20A2,A76_LIST.txt; D2606JUN.txt; MY SLA; MY_JCL_Evidence.txt,Parsed,Production,Implemented,
MY,TMYCLKA7,CPU_202,J7QDY740,JCQDY740,Matched,10,0.12,0.18,32,0.12,0.17,31,,,Standard,,,,,A76_LIST.txt; D2606JUN.txt; MY SLA; MY_JCL_Evidence.txt,Parsed,Production,Implemented,
MY,TMYCLKA7,CPU_203,J7QDY750,JCQDY750,Matched,10,0.2,0.25,32,0.17,0.22,31,,,Standard,,,,PRDCAQ.BTHLOD.MY20A2,A76_LIST.txt; D2606JUN.txt; MY SLA; MY_JCL_Evidence.txt,Parsed,Production,Implemented,
MY,TMYCLKA7,CPU_204,J7QDY760,JCQDY760,Matched,10,45.04,46.42,32,41.86,43.28,31,,,Standard,,,,PRDCAQ.BTHLOD.MY20A2,A76_LIST.txt; D2606JUN.txt; MY SLA; MY_JCL_Evidence.txt,Parsed,Production,Implemented,
MY,TMYCLKA7,CPU_205,J7MRP01B,JQMRP01B,Matched,10,0.04,0.05,32,0.03,0.07,31,,,Standard,,,,PRDCAQ.BTHLOD.MY20A2 PRDCAU.BTHLOD.MY20A2 PRDCSS.BTHLOD.MY20A2,A76_LIST.txt; D2606JUN.txt; MY SLA; MY_JCL_Evidence.txt,Parsed,Production,Implemented,
MY,TMYCLKA7,CPU_206,J7MDY08A,JQMDY08A,Matched,10,3.89,4.55,32,3.74,4.2,31,,,Standard,,,,PRDCAQ.BTHLOD.MY20A2 PRDCSS.BTHLOD.MY20A2,A76_LIST.txt; D2606JUN.txt; MY SLA; MY_JCL_Evidence.txt,Parsed,Production,Implemented,
MY,TMYCLKA7,CPU_207,J7MDY08B,JQMDY08B,Matched,10,0,0,32,0,0,31,,,Standard,,,,PRDCAQ.BTHLOD.MY20A2 PRDCSS.BTHLOD.MY20A2,A76_LIST.txt; D2606JUN.txt; MY SLA; MY_JCL_Evidence.txt,Parsed,Production,Implemented,
MY,TMYCLKA7,CPU_208,J7MDY09,JQMDY09,Matched,10,36.27,40.42,32,35.55,39.18,31,,,Standard,,,,PRDCAQ.BTHLOD.MY20A2 PRDCAU.BTHLOD.MY20A2 PRDCSS.BTHLOD.MY20A2,A76_LIST.txt; D2606JUN.txt; MY SLA; MY_JCL_Evidence.txt,Parsed,Production,Implemented,
MY,TMYCLKA7,CPU_209,J7MDY10,JQMDY10,Matched,10,6.08,6.53,32,6,6.47,31,,,Standard,,,,,A76_LIST.txt; D2606JUN.txt; MY SLA; MY_JCL_Evidence.txt,Parsed,Production,Implemented,
MY,TMYCLKA7,CPU_210,J7QDY10,JCQDY10,Matched,10,7.4,7.67,32,6.91,7.15,31,,,Standard,,,,,A76_LIST.txt; D2606JUN.txt; MY SLA; MY_JCL_Evidence.txt,Parsed,Production,Implemented,
MY,TMYCLKA7,CPU_211,J7MDY11A,JQMDY11A,Matched,10,1.04,1.2,32,0.81,0.88,31,,,Standard,,,,,A76_LIST.txt; D2606JUN.txt; MY SLA; MY_JCL_Evidence.txt,Parsed,Production,Implemented,
MY,TMYCLKA7,CPU_212,J7P0211U,JCP0211U,Matched,10,0.9,1.12,32,0.73,0.85,31,,,Standard,,,CP603160 IDCAMS,PRDCAQ.BTHSEQ.MY20A2.MERCON PRDCAQ.BTHVSM.MY20A2.QMPSYSR PRDCAQ.ONLVSM.MY20A2.QMMACT PRDCAQ.ONLVSM.MY20A2.QMMBLC PRDCAQ.ONLVSM.MY20A2.QMMBUS PRDCAQ.ONLVSM.MY20A2.QMMCNT PRDCAQ.ONLVSM.MY20A2.QMMMER PRDCAQ.ONLVSM.MY20A2.QMMPRF PRDCAQ.ONLVSM.MY20A2.QMMSTAT PRDCRD.BTHLOD.MY20A2,A76_LIST.txt; D2606JUN.txt; MY SLA; MY_JCL_Evidence.txt,Parsed,Production,Implemented,
MY,TMYCLKA7,CPU_213,J7MDY11B,JQMDY11B,Matched,10,0.07,0.08,32,0.07,0.08,31,,,Standard,,,,,A76_LIST.txt; D2606JUN.txt; MY SLA; MY_JCL_Evidence.txt,Parsed,Production,Implemented,
MY,TMYCLKA7,CPU_214,J7P1221B,JCP1221B,Matched,10,0.13,0.15,32,0.14,0.15,31,,,Standard,,,IDCAMS,PRDCAQ.BTHVSM.MY20A2.QMMBLC PRDCAQ.BTHVSM.MY20A2.QMMDTTL PRDCAQ.BTHVSM.MY20A2.QMMSTAT PRDCAQ.BTHVSM.MY20A2.QMPATI PRDCAQ.BTHVSM.MY20A2.QMPDIS PRDCAQ.BTHVSM.MY20A2.QMPPGO PRDCAQ.BTHVSM.MY20A2.QMPSYS PRDCAQ.BTHVSM.MY20A2.QMSPTM PRDCAQ.BTHVSM.MY20A2.QMTMPT,A76_LIST.txt; D2606JUN.txt; MY SLA; MY_JCL_Evidence.txt,Parsed,Production,Implemented,
MY,TMYCLKA7,CPU_215,J7PSM#2,JQPSM#2,Matched,10,0.01,0.03,32,0.01,0.1,31,-,08:45,Critical,CACQ,CACQ System Function 2–‘Exit Standard Batch Mode’ - End CACQ Batch window - Open CACQ online files for user CACQ maintenance + Inquiry,,,A76_LIST.txt; D2606JUN.txt; MY SLA; MY_JCL_Evidence.txt,Parsed,Production,Implemented,
MY,TMYCLKA7,CPU_216,J7QRPT01,JCQRPT01,Matched,10,0.96,1.27,32,0.88,1.18,31,,,Standard,,,,PRDCAQ.BTHLOD.MY20A2,A76_LIST.txt; D2606JUN.txt; MY SLA; MY_JCL_Evidence.txt,Parsed,Production,Implemented,
MY,TMYCLKA7,CPU_217,J7MRP02,JQMRP02,Matched,10,1.73,2.35,32,1.77,2.97,31,,,Standard,,,,PRDCAQ.BTHLOD.MY20A2 PRDCAU.BTHLOD.MY20A2 PRDCSS.BTHLOD.MY20A2,A76_LIST.txt; D2606JUN.txt; MY SLA; MY_JCL_Evidence.txt,Parsed,Production,Implemented,
MY,TMYCLKA7,CPU_218,J7MRP03,JQMRP03,Matched,10,6.79,8.05,32,6.68,7.62,31,,,Standard,,,,&ENV.CAQ.BTHSEQ.&VER.QMEPST PRDCAQ.BTHLOD.MY20A2 PRDCAU.BTHLOD.MY20A2 PRDCRD.BTHSEQ.MY20A2.CUP.QMEPST PRDCRD.BTHSEQ.MY20A2.DCC.QMEPST PRDCRD.BTHSEQ.MY20A2.EDEBIT.QMEPST PRDCRD.BTHSEQ.MY20A2.LPS.CPTUI PRDCSS.BTHLOD.MY20A2,A76_LIST.txt; D2606JUN.txt; MY SLA; MY_JCL_Evidence.txt,Parsed,Production,Implemented,
MY,TMYCLKA7,CPU_219,J7MRP01A,JQMRP01A,Matched,10,1.69,2.33,32,1.55,2.12,31,,,Standard,,,,PRDCAQ.BTHLOD.MY20A2 PRDCAU.BTHLOD.MY20A2 PRDCSS.BTHLOD.MY20A2,A76_LIST.txt; D2606JUN.txt; MY SLA; MY_JCL_Evidence.txt,Parsed,Production,Implemented,
MY,TMYCLKA7,CPU_220,J7MRP05A,JQMRP05A,Matched,10,17.29,19.7,32,16.67,18.1,31,,,Standard,,,,PRDCAQ.BTHLOD.MY20A2 PRDCAU.BTHLOD.MY20A2 PRDCSS.BTHLOD.MY20A2,A76_LIST.txt; D2606JUN.txt; MY SLA; MY_JCL_Evidence.txt,Parsed,Production,Implemented,
MY,TMYCLKA7,CPU_221,J7MRP05B,JQMRP05B,Matched,10,1.9,2.72,32,1.86,2.48,31,,,Standard,,,,PRDCAQ.BTHLOD.MY20A2 PRDCAU.BTHLOD.MY20A2 PRDCSS.BTHLOD.MY20A2,A76_LIST.txt; D2606JUN.txt; MY SLA; MY_JCL_Evidence.txt,Parsed,Production,Implemented,
MY,TMYCLKA7,CPU_222,J7MRP06,JQMRP06,Matched,10,0.23,0.33,32,0.19,0.3,31,,,Standard,,,,PRDCAQ.BTHLOD.MY20A2 PRDCAU.BTHLOD.MY20A2 PRDCSS.BTHLOD.MY20A2,A76_LIST.txt; D2606JUN.txt; MY SLA; MY_JCL_Evidence.txt,Parsed,Production,Implemented,
MY,TMYCLKA7,CPU_223,J7MRP04,JQMRP04,Matched,10,0.41,0.47,32,0.36,0.42,31,,,Standard,,,,PRDCAQ.BTHLOD.MY20A2 PRDCAU.BTHLOD.MY20A2 PRDCSS.BTHLOD.MY20A2,A76_LIST.txt; D2606JUN.txt; MY SLA; MY_JCL_Evidence.txt,Parsed,Production,Implemented,
MY,TMYCLKA7,CPU_224,J7MRP07,JQMRP07,Matched,10,0.07,0.1,32,0.07,0.08,31,,,Standard,,,,PRDCAQ.BTHLOD.MY20A2 PRDCAU.BTHLOD.MY20A2 PRDCSS.BTHLOD.MY20A2,A76_LIST.txt; D2606JUN.txt; MY SLA; MY_JCL_Evidence.txt,Parsed,Production,Implemented,
MY,TMYCLKA7,CPU_225,J7MRP08,JQMRP08,Matched,10,1.21,1.3,32,1.06,1.2,31,,,Standard,,,,PRDCAQ.BTHLOD.MY20A2 PRDCSS.BTHLOD.MY20A2,A76_LIST.txt; D2606JUN.txt; MY SLA; MY_JCL_Evidence.txt,Parsed,Production,Implemented,
MY,TMYCLKA7,CPU_226,J7MRP99,JQMRP99,Matched,10,23.71,27.95,32,24.24,27.35,31,,,Standard,,,,,A76_LIST.txt; D2606JUN.txt; MY SLA; MY_JCL_Evidence.txt,Parsed,Production,Implemented,
MY,TMYCLKA7,CPU_227,J7XCJMXN,JCXCJMXN,Matched,10,0.13,0.13,32,0.12,0.13,31,,,Standard,,,CXCJ031 CXU016 IDCAMS SORT,&CNTLLIB(CXCJ031) &CNTLLIB(DYNALL32) &ENV.CAQ.BTHSEQ.&VER.CXMEX.QMD030 &ENV.IMX.BTHSEQ.&VER.CXJMN &ENV.IMX.BTHSEQ.&VER.CXMEX &ENV.IMX.BTHSEQ.&VER.CXMEX.JCB &ENV.IMX.BTHSEQ.&VER.CXMEX.JCB.MERGE &ENV.IMX.BTHSEQ.&VER.CXMEX.JCB.YEST &ENV.IMX.ONLVSM.&VER.CXSYS,A76_LIST.txt; D2606JUN.txt; MY SLA; MY_JCL_Evidence.txt,Parsed,Production,Implemented,
MY,TMYCLKA7,CPU_228,J7XCFLOP,JCXCFLOP,Matched,10,0.05,0.07,32,0.05,0.07,31,-,08:45,Critical,IM,Open IM files (CX*) for user inquiry + maintenance,,PRDCRD.BTHCTL.MY20A2(FCCXOP),A76_LIST.txt; D2606JUN.txt; MY SLA; MY_JCL_Evidence.txt,Parsed,Production,Implemented,
MY,TMYCLKA7,CPU_229,J7PPCOH,JCPPCOH,Matched,10,0.04,0.07,32,0.05,0.1,31,,05:30,Critical,"Online screens, interfaces","Transaction inquiry (PCTD), Statement inquiry (PCSD), and other interfaces that have online inquiry of PCTD, PCSD.",,&CNTLLIB(CPU920OH),A76_LIST.txt; D2606JUN.txt; MY SLA; MY_JCL_Evidence.txt,Parsed,Production,Implemented,
MY,TMYCLKA7,CPU_230,J7PUAB01,JCPUAB01,Matched,1,0.49,0.55,32,0.43,0.62,31,,,Standard,,,,PRDCAU.BTHLOD.MY20A2 PRDCIS.BTHLOD.MY20A2 PRDCSS.BTHLOD.MY20A2,A76_LIST.txt; D2606JUN.txt; MY SLA; MY_JCL_Evidence.txt,Parsed,Production,Implemented,
MY,TMYCLKA7,CPU_231,J7PUAB02,JCPUAB02,Matched,1,0.02,0.03,32,0.03,0.05,31,,,Standard,,,,PRDCIS.BTHLOD.MY20A2 PRDCSS.BTHLOD.MY20A2,A76_LIST.txt; D2606JUN.txt; MY SLA; MY_JCL_Evidence.txt,Parsed,Production,Implemented,
MY,TMYCLKA7,CPU_232,J7PUAB03,JCPUAB03,Matched,1,0.32,0.52,32,0.34,0.55,31,,,Standard,,,,PRDCIS.BTHLOD.MY20A2 PRDCSS.BTHLOD.MY20A2,A76_LIST.txt; D2606JUN.txt; MY SLA; MY_JCL_Evidence.txt,Parsed,Production,Implemented,
MY,TMYCLKA7,CPU_233,J7PUAB04,JCPUAB04,Matched,1,0.56,0.88,32,0.54,0.8,31,,,Standard,,,,,A76_LIST.txt; D2606JUN.txt; MY SLA; MY_JCL_Evidence.txt,Parsed,Production,Implemented,
MY,TMYCLKA7,CPU_234,J7PUAB05,JCPUAB05,Matched,1,0.47,0.68,32,0.45,0.62,31,,,Standard,,,,PRDCIS.BTHLOD.MY20A2 PRDCSS.BTHLOD.MY20A2,A76_LIST.txt; D2606JUN.txt; MY SLA; MY_JCL_Evidence.txt,Parsed,Production,Implemented,
MY,TMYCLKA7,CPU_235,J7PUAB06,JCPUAB06,Matched,1,0.08,0.1,32,0.08,0.12,31,,,Standard,,,,PRDCIS.BTHLOD.MY20A2 PRDCSS.BTHLOD.MY20A2,A76_LIST.txt; D2606JUN.txt; MY SLA; MY_JCL_Evidence.txt,Parsed,Production,Implemented,
MY,TMYCLKA7,CPU_236,J7PUAB07,JCPUAB07,Matched,1,0.6,0.83,32,0.68,0.98,31,,,Standard,,,,PRDCIS.BTHLOD.MY20A2 PRDCSS.BTHLOD.MY20A2,A76_LIST.txt; D2606JUN.txt; MY SLA; MY_JCL_Evidence.txt,Parsed,Production,Implemented,
MY,TMYCLKA7,CPU_237,J7PUAB12,JCPUAB12,Matched,1,0,0,32,0,0,31,,,Standard,,,,PRDCAU.BTHLOD.MY20A2 PRDCIS.BTHLOD.MY20A2 PRDCSS.BTHLOD.MY20A2,A76_LIST.txt; D2606JUN.txt; MY SLA; MY_JCL_Evidence.txt,Parsed,Production,Implemented,
MY,TMYCLKA7,CPU_238,J7S1216C,JCS1216C,Matched,1,0,0,32,0,0,31,,,Standard,,,,PRDCRD.BTHCTL.MY20A2(CSLGCL),A76_LIST.txt; D2606JUN.txt; MY SLA; MY_JCL_Evidence.txt,Parsed,Production,Implemented,
MY,TMYCLKA7,CPU_239,J7SD110J,JCSD110J,Matched,1,0.87,1.5,32,1.15,2.18,31,,,Standard,,,,PRDCSS.BTHLOD.MY20A2,A76_LIST.txt; D2606JUN.txt; MY SLA; MY_JCL_Evidence.txt,Parsed,Production,Implemented,
MY,TMYCLKA7,CPU_240,J7S1216O,JCS1216O,Matched,1,0,0,32,0,0,31,,,Standard,,,,PRDCRD.BTHCTL.MY20A2(CSLGOP),A76_LIST.txt; D2606JUN.txt; MY SLA; MY_JCL_Evidence.txt,Parsed,Production,Implemented,
MY,TMYCLKA7,CPU_241,J7P0687U,JCP0687U,Matched,1,1.14,1.92,32,0.99,2.22,31,,,Standard,,,CP609110 IDCAMS IEBGENER IEFBR14,PRDCIS.BTHBGD.MY20A2.CPHST(0) PRDCIS.BTHSEQ.MY20A2.CPHST.CPDY3 PRDCIS.BTHVSM.MY20A2.CPBSYS PRDCIS.BTHVSM.MY20A2.CPSTRN PRDCRD.BTHCTL.MY20A2(ICPK0500) PRDCRD.BTHSEQ.MY20A2.KH.POSTED PRDCRD.BTHSEQ.MY20A2.KH.POSTEDA PRDCRD.BTHSEQ.MY20A2.POSTED PRDCRD.BTHSEQ.MY20A2.POSTED.MYKH PRDCRD.BTHSEQ.MY20A2.POSTEDA,A76_LIST.txt; D2606JUN.txt; MY SLA; MY_JCL_Evidence.txt,Parsed,Production,Implemented,
MY,TMYCLKA7,CPU_242,J7PDY5BK,JEPDY5BK,Matched,1,0.53,0.7,32,0.5,0.6,31,,,Standard,,,ADRDSSU,,A76_LIST.txt; D2606JUN.txt; MY SLA; MY_JCL_Evidence.txt,Parsed,Production,Implemented,
MY,TMYCLKA7,CPU_243,J7XCVSOR,JCXCVSOR,Matched,1,0.06,0.1,32,0.05,0.07,31,,,Standard,,,CXCC032 CXCV030 CXU016 IDCAMS IEBGENER IEFBR14 SORT,PRDCRD.BTHCTL.MY20A2(CXCC032R) PRDCRD.BTHCTL.MY20A2(CXCV030P) PRDCRD.BTHCTL.MY20A2(CXRESET) PRDCRD.BTHCTL.MY20A2(CXTEPVDF) PRDCRD.BTHCTL.MY20A2(CXTEPVDL) PRDCRD.BTHCTL.MY20A2(DYNALL32) PRDCRD.BTHCTL.MY20A2(ICPK1000) PRDIMX.BTHSEQ.MY20A2.CXTFES.PRT.VS PRDIMX.BTHSEQ.MY20A2.CXTFO.VSO.PRT PRDIMX.BTHSEQ.MY20A2.CXVSO.PRT PRDIMX.BTHVSM.MY20A2.CXHADN PRDIMX.BTHVSM.MY20A2.CXTFE.PRT.VS PRDIMX.ONLVSM.MY20A2.CXHSE01 PRDIMX.ONLVSM.MY20A2.CXHSE02 PRDIMX.ONLVSM.MY20A2.CXHSE03 PRDIMX.ONLVSM.MY20A2.CXHSE04 PRDIMX.ONLVSM.MY20A2.CXHSE05 PRDIMX.ONLVSM.MY20A2.CXHSE06 PRDIMX.ONLVSM.MY20A2.CXHSE07 PRDIMX.ONLVSM.MY20A2.CXHSE08 PRDIMX.ONLVSM.MY20A2.CXHSE09 PRDIMX.ONLVSM.MY20A2.CXHSE10 PRDIMX.ONLVSM.MY20A2.CXHSK PRDIMX.ONLVSM.MY20A2.CXPRT PRDIMX.ONLVSM.MY20A2.CXSYS PRDTCP.ONLVSM.MY20A2.TCPPPM,A76_LIST.txt; D2606JUN.txt; MY SLA; MY_JCL_Evidence.txt,Parsed,Production,Implemented,
MY,TMYCLKA7,CPU_244,J7XCMCOR,JCXCMCOR,Matched,1,0.09,0.15,32,0.09,0.12,31,,,Standard,,,CXCC032 CXCM040 CXU016 IDCAMS IEBGENER IEFBR14 SORT,PRDCRD.BTHCTL.MY20A2(CXCC032R) PRDCRD.BTHCTL.MY20A2(CXCM040P) PRDCRD.BTHCTL.MY20A2(CXRESET) PRDCRD.BTHCTL.MY20A2(CXTEPMDF) PRDCRD.BTHCTL.MY20A2(CXTEPMDL) PRDCRD.BTHCTL.MY20A2(DYNALL32) PRDCRD.BTHCTL.MY20A2(ICPK0500) PRDCRD.BTHCTL.MY20A2(REPROCX) PRDIMX.BTHSEQ.MY20A2.CXIPMO.OUTR PRDIMX.BTHSEQ.MY20A2.CXIPMO.OUTR.B2B PRDIMX.BTHSEQ.MY20A2.CXIPMOR PRDIMX.BTHSEQ.MY20A2.CXIPMOR.B2B PRDIMX.BTHSEQ.MY20A2.CXTFES.PRT PRDIMX.BTHSEQ.MY20A2.CXTFO.MCO.PRT PRDIMX.BTHSEQ.MY20A2.CXTFO.MCO.PRT.B2B PRDIMX.BTHVSM.MY20A2.CXABS PRDIMX.BTHVSM.MY20A2.CXTFE.PRT.MC PRDIMX.ONLVSM.MY20A2.CXHSE01 PRDIMX.ONLVSM.MY20A2.CXHSE02 PRDIMX.ONLVSM.MY20A2.CXHSE03 PRDIMX.ONLVSM.MY20A2.CXHSE04 PRDIMX.ONLVSM.MY20A2.CXHSE05 PRDIMX.ONLVSM.MY20A2.CXHSE06 PRDIMX.ONLVSM.MY20A2.CXHSE07 PRDIMX.ONLVSM.MY20A2.CXHSE08 PRDIMX.ONLVSM.MY20A2.CXHSE09 PRDIMX.ONLVSM.MY20A2.CXHSE10 PRDIMX.ONLVSM.MY20A2.CXHSK PRDIMX.ONLVSM.MY20A2.CXPRT PRDIMX.ONLVSM.MY20A2.CXSYS,A76_LIST.txt; D2606JUN.txt; MY SLA; MY_JCL_Evidence.txt,Parsed,Production,Implemented,
MY,TMYCLKA7,CPU_245,J7XCJCNR,JCXCJCNR,Matched,1,0.02,0.03,32,0.02,0.03,31,,,Standard,,,CXCJ050 CXU016 IEFBR14 SORT,&CNTLLIB(CXCJ050P) &ENV.IMX.BTHSEQ.&VER.CXJCBO.PRT &ENV.IMX.BTHSEQ.&VER.CXTFO.JCO.PRT &ENV.IMX.BTHVSM.&VER.CXABS &ENV.IMX.ONLVSM.&VER.CXPRT &ENV.IMX.ONLVSM.&VER.CXSYS,A76_LIST.txt; D2606JUN.txt; MY SLA; MY_JCL_Evidence.txt,Parsed,Production,Implemented,
MY,TMYCLKA7,CPU_246,J7XPRBKP,JCXPRBKP,Matched,1,0,0,32,0,0,31,,,Standard,,,IDCAMS,PRDIMX.BKPBGD.MY20A2.CXPRT(+1) PRDIMX.ONLVSM.MY20A2.CXPRT,A76_LIST.txt; D2606JUN.txt; MY SLA; MY_JCL_Evidence.txt,Parsed,Production,Implemented,
MY,TMYCLKA7,CPU_247,J7XCLPRT,JCXCLPRT,Matched,1,0.02,0.03,32,0.01,0.02,31,,,Standard,,,IDCAMS SORT,PRDCRD.BTHCTL.MY20A2(CXPRTDF) PRDCRD.BTHCTL.MY20A2(CXPRTDL) PRDCRD.BTHCTL.MY20A2(CXRESET) PRDCRD.BTHCTL.MY20A2(DYNALL32) PRDIMX.BTHSEQ.MY20A2.CXTFO.JCO.PRT PRDIMX.BTHSEQ.MY20A2.CXTFO.MCO.PRT PRDIMX.BTHSEQ.MY20A2.CXTFO.MCO.PRT.B2B PRDIMX.BTHSEQ.MY20A2.CXTFO.MXO.PRT PRDIMX.BTHSEQ.MY20A2.CXTFO.VSO.PRT PRDIMX.ONLVSM.MY20A2.CXPRT PRDIMX.ONLVSM.MY20A2.CXPRTA,A76_LIST.txt; D2606JUN.txt; MY SLA; MY_JCL_Evidence.txt,Parsed,Production,Implemented,
MY,TMYCLKA7,CPU_248,J7MISM#0,JMISM#0,Matched,1,0.01,0.03,32,0.01,0.02,31,,,Standard,,,,&CNTLLIB(MID500A),A76_LIST.txt; D2606JUN.txt; MY SLA; MY_JCL_Evidence.txt,Parsed,Production,Implemented,
MY,TMYCLKA7,CPU_249,J7MISM#1,JMISM#1,Matched,1,0,0.02,32,0,0.02,31,,,Standard,,,,&CNTLLIB(MID500B),A76_LIST.txt; D2606JUN.txt; MY SLA; MY_JCL_Evidence.txt,Parsed,Production,Implemented,
MY,TMYCLKA7,CPU_250,J7MISM#2,JMISM#2,Matched,1,0,0,32,0,0,31,,,Standard,,,,&CNTLLIB(MID500C),A76_LIST.txt; D2606JUN.txt; MY SLA; MY_JCL_Evidence.txt,Parsed,Production,Implemented,
MY,TMYCLKA7,CPU_251,J7P1422B,JCP1422B,Matched,1,0.17,0.27,32,0.09,0.13,31,,,Standard,,,IDCAMS,&CNTLLIB(REPRO) &CNTLLIB(REPRO2) &CNTLLIB(REPRO5) &ENV.MBI.BTHBGD.&VER.MDUITPS.BBK(+1) &ENV.MBI.BTHBGD.&VER.MIHIST.BBK(+1) &ENV.MBI.BTHBGD.&VER.MILOG1.BBK(+1) &ENV.MBI.BTHBGD.&VER.MILOG2.BBK(+1) &ENV.MBI.BTHBGD.&VER.MILOG3.BBK(+1) &ENV.MBI.BTHBGD.&VER.MIP2P.BBK(+1) &ENV.MBI.BTHBGD.&VER.MISYS.BBK(+1) &ENV.MBI.BTHVSM.&VER.MDUITPT.SUC &ENV.MBI.BTHVSM.&VER.MIHIST &ENV.MBI.ONLVSM.&VER.MILOG1 &ENV.MBI.ONLVSM.&VER.MILOG2 &ENV.MBI.ONLVSM.&VER.MILOG3 &ENV.MBI.ONLVSM.&VER.MIP2P &ENV.MBI.ONLVSM.&VER.MISYS,A76_LIST.txt; D2606JUN.txt; MY SLA; MY_JCL_Evidence.txt,Parsed,Production,Implemented,
MY,TMYCLKA7,CPU_252,J7P1423B,JCP1423B,Matched,1,0.2,0.27,32,0.16,0.2,31,,,Standard,,,IDCAMS,&CNTLLIB(REPRO2) &CNTLLIB(REPRO5) &ENV.MBI.BTHBGD.&VER.MIHIST.A1BK(+1) &ENV.MBI.BTHBGD.&VER.MILOG1.A1BK(+1) &ENV.MBI.BTHBGD.&VER.MILOG2.A1BK(+1) &ENV.MBI.BTHBGD.&VER.MILOG3.A1BK(+1) &ENV.MBI.BTHBGD.&VER.MISYS.A1BK(+1) &ENV.MBI.BTHVSM.&VER.MIHIST &ENV.MBI.ONLVSM.&VER.MILOG1 &ENV.MBI.ONLVSM.&VER.MILOG2 &ENV.MBI.ONLVSM.&VER.MILOG3 &ENV.MBI.ONLVSM.&VER.MISYS,A76_LIST.txt; D2606JUN.txt; MY SLA; MY_JCL_Evidence.txt,Parsed,Production,Implemented,
MY,TMYCLKA7,CPU_253,J7MIEODC,JMIEODJC,User mapped,1,,,0,15.15,20.05,31,,,Standard,,,,,A76_LIST.txt; D2606JUN.txt; MY SLA; MY_JCL_Evidence.txt; user update; D2512DEC.txt,User confirmed mapping,Production,Implemented,
MY,TMYCLKA7,CPU_254,J7MIAF1C,JMIAF1JC,User mapped,1,,,0,0.31,0.58,31,,,Standard,,,,,A76_LIST.txt; D2606JUN.txt; MY SLA; MY_JCL_Evidence.txt; user update; D2512DEC.txt,User confirmed mapping,Production,Implemented,
MY,TMYCLKA7,CPU_255,J7END,,Dev only - not in Prod,1,,,0,,,,,,Development only,,Not implemented in production; runs in development only.,,,A76_LIST.txt; D2606JUN.txt; MY SLA; MY_JCL_Evidence.txt; user confirmation 2026-07-19,User confirmed dev-only,Development,Not implemented in production,
MY,TMYCLKA7#2,CPU_001,J7START2,,Dev only - not in Prod,1,,,0,,,,,,Development only,,Not implemented in production; runs in development only.,,,A76_LIST.txt; D2606JUN.txt; MY SLA; MY_JCL_Evidence.txt; user confirmation 2026-07-19,User confirmed dev-only,Development,Not implemented in production,
MY,TMYCLKA7#2,CPU_002,J7XCTFED,JCXCTFED,Matched,1,0.16,0.25,32,0.04,0.08,31,,,Standard,,,ICETOOL IDCAMS IEBGENER SORT,&CNTLLIB(CXRESET) &CNTLLIB(CXTFELDF) &CNTLLIB(CXTFELDL) &ENV.IMX.BTHVSM.&VER.CXTFE.DLY &ENV.IMX.BTHVSM.&VER.CXTFE.MCI &ENV.IMX.BTHVSM.&VER.CXTFE.OUTG,A76_LIST.txt; D2606JUN.txt; MY SLA; MY_JCL_Evidence.txt,Parsed,Production,Implemented,
MY,TMYCLKA7#2,CPU_006,J7P1436U,JCP1436U,Matched,1,0.2,0.23,32,0.18,0.22,31,,,Standard,,,CP616160 IDCAMS SORT,&CNTLLIB(REPRO) PRDCAQ.ONLVSM.MY20A2.QMMMER PRDCIS.BTHVSM.MY20A2.CPBPLT PRDCIS.BTHVSM.MY20A2.CPBSYS PRDCRD.BTHPRM.MY20A2.SUP(ICP00718) PRDCRD.BTHSEQ.MY20A2.EPTRANS PRDCRD.BTHSEQ.MY20A2.POSTED PRDCRD.WRKSEQ.MY20A2.POSTED.CASHLITE PRDEPP.BTHSEQ.MY20A2.EPTRANS.JCP1436U PRDEPP.ONLVSM.MY20A2.EPITYPE PRDEPP.ONLVSM.MY20A2.EPTRANS,A76_LIST.txt; D2606JUN.txt; MY SLA; MY_JCL_Evidence.txt,Parsed,Production,Implemented,
MY,TMYCLKA7#2,CPU_007,J7P1437U,JCP1437U,Matched,1,3.79,4.35,32,4.33,4.83,31,,,Standard,,,CP616170 CP617540 IDCAMS SORT,&CNTLLIB(REPRO) &ENV.CIS.BTHSEQ.&VER.CPCLTE.JCP1437U &ENV.CIS.ONLVSM.&VER.CPCLTE PRDCIS.BTHSEQ.MY20A2.CPCLTE.J1437UAF PRDCIS.BTHSEQ.MY20A2.CPCLTE.JCP1437U PRDCIS.BTHVSM.MY20A2.CPBPLT PRDCIS.BTHVSM.MY20A2.CPBSYS PRDCIS.ONLVSM.MY20A2.CPCLTE PRDCRD.BTHPRM.MY20A2.SUP(ICP00718) PRDCRD.BTHSEQ.MY20A2.POSTED PRDCRD.BTHVSM.MY20A2.FAXDCLT PRDCRD.WRKSEQ.MY20A2.POSTED.CASHLITE PRDEPP.ONLVSM.MY20A2.EPTRANS,A76_LIST.txt; D2606JUN.txt; MY SLA; MY_JCL_Evidence.txt,Parsed,Production,Implemented,
MY,TMYCLKA7#2,CPU_008,J7P1533U,JCP1533U,Matched,1,0.2,0.28,32,0.2,0.47,31,,,Standard,,,ADRDSSU AUU000 AUU001 CP617050 IDCAMS SORT,&CNTLLIB(AUU001D) &CNTLLIB(ICPK0100) &ENV.CAU.ONLVSM.&VER.AUSYS &ENV.CIS.BTHVSM.&VER.CPBSYS &ENV.CIS.ONLVSM.&VER.CP1CRD &ENV.CIS.ONLVSM.&VER.CP2CRD &ENV.CIS.ONLVSM.&VER.CPCLTE &ENV.CRD.BTHSEQ.&VER.AGL.CLT.REVINT &ENV.CRD.BTHSEQ.&VER.CLT.CPTUI &ENV.CRD.WRKSEQ.&VER.JCP1533U.CLT &ENV.CRD.WRKSEQ.&VER.JCP1533U.MAIN &ENV.CRD.WRKSEQ.&VER.JCP1533U.TRAN &ENV.CRD.WRKSEQ.&VER.JCP1533U.TRANS &ENV.EPP.BTHBGD.&VER.DAILY.BKP2(0) &ENV.EPP.BTHSEQ.&VER.EPAMT &ENV.EPP.WRKVSM.&VER.EPTRANS PRDCRD.BTHLOD.MY20A2 PRDCSS.BTHLOD.MY20A2,A76_LIST.txt; D2606JUN.txt; MY SLA; MY_JCL_Evidence.txt,Parsed,Production,Implemented,
MY,TMYCLKA7#2,CPU_009,J7P1442R,JCP1442R,Matched,1,0.03,0.03,32,0.03,0.05,31,-,07:30,Critical,CashLite,CashLite,CP616260 CPD000 ICEMAN IEFBR14,&CNTLLIB(DYNALL32) &ENV.CAQ.BTHVSM.&VER.QMPSYSR &ENV.CIS.BTHVSM.&VER.CPBCRD &ENV.CIS.BTHVSM.&VER.CPBCUS &ENV.CIS.BTHVSM.&VER.CPBPLT &ENV.CIS.ONLVSM.&VER.CPCLTE &ENV.CRD.ONLVSM.&VER.UNBKCD PRDCRD.BTHCTL.MY20A2(ICP00845) PRDCRD.BTHCTL.MY20A2(ICP00846) PRDCRD.BTHPRM.MY20A2.SUP(ICP00718) PRDCRD.BTHSEQ.MY20A2.J1442.GEPP.CSL PRDCRD.BTHSEQ.MY20A2.POSTED PRDCRD.BTHSEQ.MY20A2.SMSCSHL,A76_LIST.txt; D2606JUN.txt; MY SLA; MY_JCL_Evidence.txt,Parsed,Production,Implemented,
MY,TMYCLKA7#2,CPU_010,J7P1443R,JCP1443R,Matched,1,0.08,0.08,32,0.08,0.1,31,,,Standard,,,CP616270 ICEMAN IDCAMS,&CNTLLIB(DYNALL32) &ENV.CIS.BTHVSM.&VER.CPBSYS &ENV.CIS.ONLVSM.&VER.CPCLTE &ENV.EPP.ONLVSM.&VER.EPTRANS PRDCRD.BKPSEQ.MY20A2.CLTRSY PRDCRD.BTHSEQ.MY20A2.CLTRSY PRDCRD.BTHSEQ.MY20A2.FTPREP PRDCRD.BTHSEQ.MY20A2.POSTED,A76_LIST.txt; D2606JUN.txt; MY SLA; MY_JCL_Evidence.txt,Parsed,Production,Implemented,
MY,TMYCLKA7#2,CPU_011,J7P1445R,JCP1445R,Matched,1,0.06,0.07,32,0.07,0.08,31,,,Standard,,,CP616210,PRDCIS.BTHVSM.MY20A2.CPBSYS PRDCRD.BKPSEQ.MY20A2.CLT.RPTACCUM PRDCRD.BTHLOD.MY20A2 PRDCRD.BTHPRM.MY20A2.SUP(ICP00718) PRDCRD.BTHSEQ.MY20A2.CLT.DIRC.PYMT PRDCRD.BTHSEQ.MY20A2.CLT.GIRO.PYMT PRDCRD.BTHSEQ.MY20A2.CLT.RPTACCUM PRDCRD.BTHSEQ.MY20A2.POSTED,A76_LIST.txt; D2606JUN.txt; MY SLA; MY_JCL_Evidence.txt,Parsed,Production,Implemented,
MY,TMYCLKA7#2,CPU_012,J7P1446R,JCP1446R,Matched,1,0.05,0.07,32,0.06,0.08,31,,,Standard,,,EPD006 EPU000 ICEMAN,&CNTLLIB(DYNALL32) &CNTLLIB(EPD006A) &CNTLLIB(ICP00722) &ENV.CAU.ONLVSM.&VER.AUMERA &ENV.CAU.ONLVSM.&VER.AUMERB &ENV.CAU.ONLVSM.&VER.AUSYS &ENV.CIS.BTHVSM.&VER.CPBPLT &ENV.CIS.BTHVSM.&VER.CPBSYS &ENV.CIS.BTHVSM.&VER.CPRTB &ENV.CIS.ONLVSM.&VER.CPCLTE &ENV.CIS.ONLVSM.&VER.CPPFX.PATH &ENV.EPP.BTHSEQ.&VER.EPATBF &ENV.EPP.BTHSEQ.&VER.EPREPF PRDCIS.BTHLOD.MY20A2 PRDCSS.BTHLOD.MY20A2 PRDEPP.BTHLOD.MY20A2,A76_LIST.txt; D2606JUN.txt; MY SLA; MY_JCL_Evidence.txt,Parsed,Production,Implemented,
MY,TMYCLKA7#2,CPU_014,J7PU909B,JCPU909B,Matched,1,1.67,2.13,32,1.7,2.4,31,,,Standard,,,,,A76_LIST.txt; D2606JUN.txt; MY SLA; MY_JCL_Evidence.txt,Parsed,Production,Implemented,
MY,TMYCLKA7#2,CPU_015,J7RNXRFB,JBRNXRFB,Matched,1,0,0,32,0,0,31,,,Standard,,,,,A76_LIST.txt; D2606JUN.txt; MY SLA; MY_JCL_Evidence.txt,Parsed,Production,Implemented,
MY,TMYCLKA7#2,CPU_016,J7RNXRFA,JBRNXRFA,Matched,1,0.02,0.02,32,0.02,0.02,31,,,Standard,,,IDCAMS SORT,&CNTLLIB(KCDFBRN) &CNTLLIB(KCDLBRN) &CNTLLIB(RESETCC) &ENV.COM.BTHSEQ.&VER.KCXBRN &ENV.COM.ONLVSM.&VER.KCXBRN,A76_LIST.txt; D2606JUN.txt; MY SLA; MY_JCL_Evidence.txt,Parsed,Production,Implemented,
MY,TMYCLKA7#2,CPU_017,J7XCMPUP,JCXCMPUP,Matched,1,10.48,15.83,32,7.21,10.38,31,,,Standard,,,CXCIMPUP CXU016 IEFBR14 SORT,PRDCRD.BTHCTL.MY20A2(CXCMPUP) PRDCRD.BTHCTL.MY20A2(DYNALL32) PRDIMX.BTHSEQ.MY20A2.CXAMPO.MPUP PRDIMX.BTHVSM.MY20A2.CXAMP PRDIMX.BTHVSM.MY20A2.CXCBF.CUP PRDIMX.BTHVSM.MY20A2.CXCBF.JCB PRDIMX.BTHVSM.MY20A2.CXCBF.VSI PRDIMX.BTHVSM.MY20A2.CXISS PRDIMX.ONLVSM.MY20A2.CXSYS,A76_LIST.txt; D2606JUN.txt; MY SLA; MY_JCL_Evidence.txt,Parsed,Production,Implemented,
MY,TMYCLKA7#2,CPU_018,J7QDY712,JCQDY712,Matched,1,0.37,0.57,32,0.27,0.35,31,,,Standard,,,,&ENV.IMX.BTHSEQ.&VER.CXSTX PRDCRD.BTHSEQ.MY20A2.ALIPAY.MASBDTE PRDCRD.BTHSEQ.MY20A2.CUP.MASBDTE PRDCRD.BTHSEQ.MY20A2.DCC.MASBDTE PRDCRD.BTHSEQ.MY20A2.EDEBIT.MASBDTE PRDCRD.BTHSEQ.MY20A2.LPS.MASBDTE PRDCRD.BTHSEQ.MY20A2.QRACQ.MASBDTE PRDCRD.BTHSEQ.MY20A2.QRONUS.MASBDTE PRDCRD.BTHSEQ.MY20A2.TNGPAY.MASBDTE,A76_LIST.txt; D2606JUN.txt; MY SLA; MY_JCL_Evidence.txt,Parsed,Production,Implemented,
MY,TMYCLKA7#2,CPU_019,J7P1487U,JCP1487U,Matched,1,0.08,0.13,32,0.05,0.07,31,,,Standard,,,,PRDCAU.BTHLOD.MY20A2 PRDCIS.BTHLOD.MY20A2 PRDCIS.BTHSEQ.MY20A2.MYC.CPADD.CPD030 PRDCRD.BTHLOD.MY20A2 PRDCSS.BTHLOD.MY20A2 PRDIMX.BTHSEQ.MY20A2.B2B.CPADD.MCI PRDIMX.BTHSEQ.MY20A2.CPADD.VSI PRDIMX.BTHSEQ.MY20A2.MYC.CPADD.X021,A76_LIST.txt; D2606JUN.txt; MY SLA; MY_JCL_Evidence.txt,Parsed,Production,Implemented,
MY,TMYCLKA7#2,CPU_020,J7P1488U,JCP1488U,Matched,1,74.41,77.03,32,65.59,68.2,31,,,Standard,,,,PRDCAU.BTHLOD.MY20A2 PRDCIS.BTHLOD.MY20A2 PRDCRD.BTHLOD.MY20A2 PRDCSS.BTHLOD.MY20A2,A76_LIST.txt; D2606JUN.txt; MY SLA; MY_JCL_Evidence.txt,Parsed,Production,Implemented,
MY,TMYCLKA7#2,CPU_021,J7P1489U,JCP1489U,Matched,1,26.69,27.6,32,24.35,25.4,31,,,Standard,,,,PRDCAU.BTHLOD.MY20A2 PRDCIS.BTHLOD.MY20A2 PRDCRD.BTHLOD.MY20A2 PRDCSS.BTHLOD.MY20A2,A76_LIST.txt; D2606JUN.txt; MY SLA; MY_JCL_Evidence.txt,Parsed,Production,Implemented,
MY,TMYCLKA7#2,CPU_022,J7P1490U,JCP1490U,Matched,1,14.74,15.88,32,13.58,14.13,31,,,Standard,,,,PRDCAU.BTHLOD.MY20A2 PRDCIS.BTHLOD.MY20A2 PRDCRD.BTHLOD.MY20A2 PRDCSS.BTHLOD.MY20A2,A76_LIST.txt; D2606JUN.txt; MY SLA; MY_JCL_Evidence.txt,Parsed,Production,Implemented,
MY,TMYCLKA7#2,CPU_023,J7P1491U,JCP1491U,Matched,1,0.05,0.07,32,0.05,0.07,31,,,Standard,,,,PRDCAU.BTHLOD.MY20A2 PRDCIS.BTHLOD.MY20A2 PRDCRD.BTHLOD.MY20A2 PRDCSS.BTHLOD.MY20A2,A76_LIST.txt; D2606JUN.txt; MY SLA; MY_JCL_Evidence.txt,Parsed,Production,Implemented,
MY,TMYCLKA7#2,CPU_024,J7P1492U,JCP1492U,Matched,1,0,0,32,0,0,31,,,Standard,,,,PRDCAU.BTHLOD.MY20A2 PRDCIS.BTHLOD.MY20A2 PRDCRD.BTHLOD.MY20A2 PRDCSS.BTHLOD.MY20A2,A76_LIST.txt; D2606JUN.txt; MY SLA; MY_JCL_Evidence.txt,Parsed,Production,Implemented,
MY,TMYCLKA7#2,CPU_025,J7P1493U,JCP1493U,Matched,1,0,0,32,0,0,31,,,Standard,,,,PRDCAU.BTHLOD.MY20A2 PRDCIS.BTHLOD.MY20A2 PRDCRD.BTHLOD.MY20A2 PRDCSS.BTHLOD.MY20A2,A76_LIST.txt; D2606JUN.txt; MY SLA; MY_JCL_Evidence.txt,Parsed,Production,Implemented,
MY,TMYCLKA7#2,CPU_028,J7PDWBBK,JCPDWBBK,Matched,1,0.01,0.02,32,0.01,0.03,31,,,Standard,,,,PRDCIS.BTHLOD.MY20A2,A76_LIST.txt; D2606JUN.txt; MY SLA; MY_JCL_Evidence.txt,Parsed,Production,Implemented,
MY,TMYCLKA7#2,CPU_029,J7PDWB00,JCPDWB00,Matched,1,0,0.02,32,0,0.02,31,,,Standard,,,,PRDCIS.BTHLOD.MY20A2,A76_LIST.txt; D2606JUN.txt; MY SLA; MY_JCL_Evidence.txt,Parsed,Production,Implemented,
MY,TMYCLKA7#2,CPU_030,J7PDWBU1,JCPDWBU1,Matched,1,0,0,32,0,0.02,31,,,Standard,,,,PRDCIS.BTHLOD.MY20A2,A76_LIST.txt; D2606JUN.txt; MY SLA; MY_JCL_Evidence.txt,Parsed,Production,Implemented,
MY,TMYCLKA7#2,CPU_031,J7PDWB01,JCPDWB01,Matched,1,0.08,0.18,32,0.09,0.2,31,,,Standard,,,CP616700,PRDCIS.BTHLOD.MY20A2 PRDCIS.BTHVSM.MY20A2.CPBCRD PRDCIS.BTHVSM.MY20A2.CPBCUS PRDCIS.BTHVSM.MY20A2.CPBPLT PRDCIS.BTHVSM.MY20A2.CPBSYS PRDCIS.BTHVSM.MY20A2.CPBWBM PRDCRD.BTHLOD.MY20A2,A76_LIST.txt; D2606JUN.txt; MY SLA; MY_JCL_Evidence.txt,Parsed,Production,Implemented,
MY,TMYCLKA7#2,CPU_032,J7PDWB02,JCPDWB02,Matched,1,0.08,0.1,32,0.07,0.1,31,,,Standard,,,,PRDCIS.BTHLOD.MY20A2,A76_LIST.txt; D2606JUN.txt; MY SLA; MY_JCL_Evidence.txt,Parsed,Production,Implemented,
MY,TMYCLKA7#2,CPU_033,J7PDWB03,JCPDWB03,Matched,1,0,0.02,32,0,0.02,31,,,Standard,,,,PRDCIS.BTHLOD.MY20A2,A76_LIST.txt; D2606JUN.txt; MY SLA; MY_JCL_Evidence.txt,Parsed,Production,Implemented,
MY,TMYCLKA7#2,CPU_034,J7PDWB04,JCPDWB04,Matched,1,0,0,1,0,0,1,,,Standard,,,,&CNTLLIB(CPDWBRD1) &CNTLLIB(CPDWBRD4) PRDCIS.BTHLOD.MY20A2 PRDCSS.BTHLOD.MY20A2,A76_LIST.txt; D2606JUN.txt; MY SLA; MY_JCL_Evidence.txt,Parsed,Production,Implemented,
MY,TMYCLKA7#2,CPU_035,J7PDWB05,JCPDWB05,Matched,1,0,0,1,0,0,1,,,Standard,,,,&CNTLLIB(CPDWBR01) &CNTLLIB(CPDWBR04) &CNTLLIB(CPDWBR05) PRDCIS.BTHLOD.MY20A2 PRDCSS.BTHLOD.MY20A2,A76_LIST.txt; D2606JUN.txt; MY SLA; MY_JCL_Evidence.txt,Parsed,Production,Implemented,
MY,TMYCLKA7#2,CPU_036,J7PDWBU2,JCPDWBU2,Matched,1,0,0,32,0,0,31,,,Standard,,,,PRDCIS.BTHLOD.MY20A2,A76_LIST.txt; D2606JUN.txt; MY SLA; MY_JCL_Evidence.txt,Parsed,Production,Implemented,
MY,TMYCLKA7#2,CPU_037,J7XCMPU1,JCXCMPU1,Matched,1,0,0,32,0,0,31,,,Standard,,,CXCIMPUP CXU016 IEFBR14,PRDCRD.BTHCTL.MY20A2(CXCMPUP) PRDCRD.BTHSEQ.MY20A2.CUP.QMEPST PRDCRD.BTHSEQ.MY20A2.CUP.QMEPST.MPUP PRDIMX.BTHVSM.MY20A2.CXCBF.CUP PRDIMX.BTHVSM.MY20A2.CXCBF.JCB PRDIMX.BTHVSM.MY20A2.CXCBF.VSI PRDIMX.BTHVSM.MY20A2.CXISS PRDIMX.ONLVSM.MY20A2.CXSYS,A76_LIST.txt; D2606JUN.txt; MY SLA; MY_JCL_Evidence.txt,Parsed,Production,Implemented,
MY,TMYCLKA7#2,CPU_038,J7XCMPU2,JCXCMPU2,Matched,1,0.01,0.02,32,0,0.02,31,,,Standard,,,CXCIMPUP CXU016 IEFBR14,PRDCRD.BTHCTL.MY20A2(CXCMPUP) PRDCRD.BTHSEQ.MY20A2.LPS.CPTUI PRDCRD.BTHSEQ.MY20A2.LPS.CPTUI.MPUP PRDIMX.BTHVSM.MY20A2.CXCBF.CUP PRDIMX.BTHVSM.MY20A2.CXCBF.JCB PRDIMX.BTHVSM.MY20A2.CXCBF.VSI PRDIMX.BTHVSM.MY20A2.CXISS PRDIMX.ONLVSM.MY20A2.CXSYS,A76_LIST.txt; D2606JUN.txt; MY SLA; MY_JCL_Evidence.txt,Parsed,Production,Implemented,
MY,TMYCLKA7#2,CPU_039,J7P1248U,JCP1248U,Matched,1,0.1,0.12,32,0.12,0.15,31,,,Standard,,,IDCAMS SORT,PRDCRD.BTHCTL.MY20A2(DYNALL32) PRDIMX.BTHSEQ.MY20A2.CXCHA PRDIMX.BTHSEQ.MY20A2.CXCHA.TEMP PRDIMX.BTHSEQ.MY20A2.CXCP1.CXCHA,A76_LIST.txt; D2606JUN.txt; MY SLA; MY_JCL_Evidence.txt,Parsed,Production,Implemented,
MY,TMYCLKA7#2,CPU_040,J7P1249U,JCP1249U,Matched,1,0.06,0.07,32,0.06,0.1,31,,,Standard,,,IDCAMS SORT,PRDCRD.BTHCTL.MY20A2(DYNALL32) PRDIMX.BTHSEQ.MY20A2.CXCHU.TEMP PRDIMX.BTHSEQ.MY20A2.CXCP1.CXCHU,A76_LIST.txt; D2606JUN.txt; MY SLA; MY_JCL_Evidence.txt,Parsed,Production,Implemented,
MY,TMYCLKA7#2,CPU_041,J7PDCL01,JCPDCL01,Matched,1,0.02,0.05,32,0.03,0.07,31,,,Standard,,,,PRDCIS.BTHLOD.MY20A2 PRDCRD.BTHLOD.MY20A2 PRDCSS.BTHLOD.MY20A2,A76_LIST.txt; D2606JUN.txt; MY SLA; MY_JCL_Evidence.txt,Parsed,Production,Implemented,
MY,TMYCLKA7#2,CPU_042,J7P1613B,JCP1613B,Matched,1,0.1,0.12,32,0.12,0.12,31,,,Standard,,,IDCAMS,,A76_LIST.txt; D2606JUN.txt; MY SLA; MY_JCL_Evidence.txt,Parsed,Production,Implemented,
MY,TMYCLKA7#2,CPU_043,J7P1613U,JCP1613U,Matched,1,0.25,0.3,32,0.23,0.27,31,,,Standard,,,CP617260 CPD000 ICEMAN IDCAMS,&CNTLLIB(DYNALL32) PRDCIS.BKPVSM.MY20A2.CPCLTE.J1613 PRDCIS.BTHVSM.MY20A2.CPBCRD PRDCIS.BTHVSM.MY20A2.CPBCUS PRDCIS.BTHVSM.MY20A2.CPBSYS PRDCIS.WRKSEQ.MY20A2.POSTED.CASHLITE PRDCRD.BTHPRM.MY20A2.SUP(ICP00718) PRDCRD.BTHSEQ.MY20A2.POSTED PRDCRD.BTHVSM.MY20A2.FAXDCLT PRDEPP.BTHSEQ.MY20A2.EPTRANS.JCP1436U PRDEPP.WRKSEQ.MY20A2.EPTRANS.J1613,A76_LIST.txt; D2606JUN.txt; MY SLA; MY_JCL_Evidence.txt,Parsed,Production,Implemented,
MY,TMYCLKA7#2,CPU_044,J7P1848U,JCP1848U,Matched,1,23.21,24.83,32,19.96,21.78,31,,,Standard,,,CP618660 IDCAMS SORT,&ENV.CIS.BKPVSM.&VER.CPBAPX.JCPALXR &ENV.CIS.BTHVSM.&VER.CPBCRD &ENV.CIS.BTHVSM.&VER.CPBCUS &ENV.CRD.BTHSEQ.&VER.CPBCLE &ENV.CRD.BTHVSM.&VER.CUSTOSC &ENV.CRD.WRKSEQ.&VER.CUSTOSC &ENV.EPP.ONLVSM.&VER.EPTRANS &PARMSUP(CLTELIGI) PRDCIS.BTHLOD.MY20A2 PRDCRD.BTHLOD.MY20A2 PRDCSS.BTHLOD.MY20A2,A76_LIST.txt; D2606JUN.txt; MY SLA; MY_JCL_Evidence.txt,Parsed,Production,Implemented,
MY,TMYCLKA7#2,CPU_045,J7P1849B,JCP1849B,Matched,1,0.04,0.05,32,0.05,0.05,31,,,Standard,,,IDCAMS,PRDCIS.BTHLOD.MY20A2 PRDCRD.BTHLOD.MY20A2,A76_LIST.txt; D2606JUN.txt; MY SLA; MY_JCL_Evidence.txt,Parsed,Production,Implemented,
MY,TMYCLKA7#2,CPU_046,J7P1849U,JCP1849U,Matched,1,12.18,12.88,32,12.93,14.32,31,,,Standard,,,CP618670 IDCAMS SORT,&CNTLLIB(ICPK0250) &ENV.CRD.BTHSEQ.&VER.CPBCLE &ENV.CRD.BTHSEQ.&VER.CPBCLE.SORTED &ENV.CRD.BTHVSM.&VER.CPBCLE &ENV.CRD.BTHVSM.&VER.CUSTOSC &PARMSUP(CLTELIGI) PRDCIS.BTHLOD.MY20A2 PRDCRD.BTHLOD.MY20A2 PRDCSS.BTHLOD.MY20A2,A76_LIST.txt; D2606JUN.txt; MY SLA; MY_JCL_Evidence.txt,Parsed,Production,Implemented,
MY,TMYCLKA7#2,CPU_047,J7P1332R,JCP1332R,Matched,1,0.69,1.3,34,0.67,1.08,31,,,Standard,,,CP615350 CP616190 CP616200 CP616910 ICEGENER IDCAMS SORT,PRDCIS.BTHBGD.MY20A2.CPHST(-1) PRDCIS.BTHSEQ.MY20A2.CPHST.CPDY3 PRDCIS.BTHVSM.MY20A2.CPBAPX.ALL PRDCIS.BTHVSM.MY20A2.CPBCAX PRDCIS.BTHVSM.MY20A2.CPBCRD PRDCIS.BTHVSM.MY20A2.CPBCUS PRDCIS.BTHVSM.MY20A2.CPBPLT PRDCIS.BTHVSM.MY20A2.CPBSYS PRDCIS.BTHVSM.MY20A2.CPSTRN PRDCIS.ONLVSM.MY20A2.CPADD PRDCIS.ONLVSM.MY20A2.CPAPX PRDCIS.ONLVSM.MY20A2.CPCAX PRDCIS.ONLVSM.MY20A2.CPCLTE PRDCRD.BTHCTL.MY20A2(ICP00719) PRDCRD.BTHCTL.MY20A2(ICP00894) PRDCRD.BTHPRM.MY20A2.SUP(ICP00718) PRDCRD.BTHPRM.MY20A2.SUP(ICP00894) PRDCRD.BTHSEQ.MY20A2.AGL.CLT.INTEARN PRDCRD.BTHSEQ.MY20A2.AGL.CLT.INTMTH PRDCRD.BTHSEQ.MY20A2.AGL.CLT.PYMT PRDCRD.BTHSEQ.MY20A2.AS4.CLT.RFMT PRDCRD.BTHSEQ.MY20A2.CLT.DIRC.PYMT PRDCRD.BTHSEQ.MY20A2.CLT.GIRO.PYMT PRDCRD.BTHSEQ.MY20A2.FAXDCLT PRDCRD.BTHSEQ.MY20A2.POSTED PRDCRD.BTHSEQ.MY20A2.RCS.CLT.RFMT PRDCRD.BTHVSM.MY20A2.FAXDCLT PRDCRD.WRKSEQ.MY20A2.FAXDCLT PRDCRD.WRKSEQ.MY20A2.TC4046 PRDCRD.WRKVSM.MY20A2.TC4046,A76_LIST.txt; D2606JUN.txt; MY SLA; MY_JCL_Evidence.txt,Parsed,Production,Implemented,
MY,TMYCLKA7#2,CPU_048,J7P2670U,JCP2670U,Matched,1,0.42,0.47,32,0.43,0.5,31,,,Standard,,,CP616920 IEFBR14 SORT,&CNTLLIB(ICP01605) &ENV.CIS.BTHVSM.&VER.CPBSYS &ENV.CRD.BTHSEQ.&VER.ICP01605 &ENV.EPP.BTHSEQ.&VER.EPDFPP.IPPFILE,A76_LIST.txt; D2606JUN.txt; MY SLA; MY_JCL_Evidence.txt,Parsed,Production,Implemented,
MY,TMYCLKA7#2,CPU_049,J7PFPRPT,JEPFPRPT,Matched,1,0.02,0.02,32,0.02,0.02,31,,,Standard,,,,,A76_LIST.txt; D2606JUN.txt; MY SLA; MY_JCL_Evidence.txt,Parsed,Production,Implemented,
MY,TMYCLKA7#2,CPU_050,J7P2690U,JCP2690U,Matched,1,0,0,32,0,0,31,,,Standard,,,SORT,&CNTLLIB(ICP01606) &ENV.CIS.BTHVSM.&VER.CPBSYS &ENV.CRD.BTHSEQ.&VER.ICP01606,A76_LIST.txt; D2606JUN.txt; MY SLA; MY_JCL_Evidence.txt,Parsed,Production,Implemented,
MY,TMYCLKA7#2,CPU_051,J7F26901,JCF26901,Matched,1,0.34,0.35,32,0.35,0.35,31,,,Standard,,,,&ENV.CRD.BTHSEQ.&VER.ICP01606,A76_LIST.txt; D2606JUN.txt; MY SLA; MY_JCL_Evidence.txt,Parsed,Production,Implemented,
MY,TMYCLKA7#2,CPU_052,J7PFPRPU,JCPFPRPU,Matched,1,0.02,0.03,32,0.03,0.03,31,,,Standard,,,SORT,&CNTLLIB(ICP01607) &CNTLLIB(ICPK0050) &ENV.CIS.BTHVSM.&VER.CPBSYS &ENV.CRD.BTHSEQ.&VER.ICP01607 &ENV.EPP.BTHSEQ.&VER.SMSFPP &ENV.EPP.BTHSEQ.&VER.SMSFPP.REJ &ENV.EPP.BTHSEQ.&VER.SMSFPP.SUC,A76_LIST.txt; D2606JUN.txt; MY SLA; MY_JCL_Evidence.txt,Parsed,Production,Implemented,
MY,TMYCLKA7#2,CPU_053,J7FFPRP1,JCFFPRP1,Matched,1,0.35,0.35,32,0.35,0.37,31,,,Standard,,,,&ENV.CRD.BTHSEQ.&VER.ICP01607,A76_LIST.txt; D2606JUN.txt; MY SLA; MY_JCL_Evidence.txt,Parsed,Production,Implemented,
MY,TMYCLKA7#2,CPU_054,J7PJCBIN,JCPJCBIN,Matched,1,0.36,0.37,5,0.35,0.37,6,,,Standard,,,SORT,&ENV.CIS.BTHVSM.&VER.CPBSYS &ENV.CIS.TMPSEQ.&VER.CXJBN.HCOMP &ENV.IMX.BTHSEQ.&VER.CXJBN.FULL &ENV.IMX.TMPSEQ.&VER.HEADER.CXJBN,A76_LIST.txt; D2606JUN.txt; MY SLA; MY_JCL_Evidence.txt,Parsed,Production,Implemented,
MY,TMYCLKA7#2,CPU_055,J7XJBBKP,JCXJBBKP,Matched,1,0,0,5,0,0,5,,,Standard,,,IDCAMS,PRDIMX.BKPBGD.MY20A2.CXCBF.JCB(+1) PRDIMX.BTHVSM.MY20A2.CXCBF.JCB,A76_LIST.txt; D2606JUN.txt; MY SLA; MY_JCL_Evidence.txt,Parsed,Production,Implemented,
MY,TMYCLKA7#2,CPU_056,J7XJXCBF,JCXJXCBF,Matched,1,0.02,0.02,5,0.06,0.1,10,,,Standard,,,CXCJCBF CXU016 IDCAMS IEBGENER IEFBR14 SORT,&CNTLLIB(CXCBFJDF) &CNTLLIB(CXCBFJDL) &CNTLLIB(CXCJCBF) &CNTLLIB(CXRESET) &CNTLLIB(REPROCX) &ENV.IMX.BTHSEQ.&VER.CXJBN.SORT &ENV.IMX.BTHVSM.&VER.CXCBF.JCB &ENV.IMX.ONLVSM.&VER.CXSYS PRDIMX.BTHSEQ.MY20A2.CXJBN.FULL PRDIMX.BTHSEQ.MY20A2.CXJBN.SORT,A76_LIST.txt; D2606JUN.txt; MY SLA; MY_JCL_Evidence.txt,Parsed,Production,Implemented,
MY,TMYCLKA7#2,CPU_057,J7XLEXJF,JCXLEXJF,Matched,1,0.08,0.08,32,0.07,0.08,31,,,Standard,,,CXCJ060 CXU016 IDCAMS SORT,&CNTLLIB(CXCJ060) &CNTLLIB(CXLCBDF) &CNTLLIB(CXLCBDL) &CNTLLIB(CXRESET) &CNTLLIB(REPROCX) &ENV.IMX.BTHSEQ.&VER.CXJBN.FULL &ENV.IMX.BTHSEQ.&VER.CXLCB &ENV.IMX.ONLVSM.&VER.CXLCB &ENV.IMX.ONLVSM.&VER.CXSYS,A76_LIST.txt; D2606JUN.txt; MY SLA; MY_JCL_Evidence.txt,Parsed,Production,Implemented,
MY,TMYCLKA7#2,CPU_235,J7SEPST,JQSEPST,Matched,1,0.12,0.15,32,0.11,0.15,31,,,Standard,,,IEFBR14 SORT,&CNTLLIB(DYNALL32) &ENV.CAQ.BTHSEQ.&VER.QMEPST &ENV.CAQ.BTHSEQ.&VER.QMEPST.SORT01 &ENV.CAQ.BTHSEQ.&VER.QMEPST.SORT02 &ENV.CRD.BTHVSM.&VER.CPBPRM,A76_LIST.txt; D2606JUN.txt; MY SLA; MY_JCL_Evidence.txt,Parsed,Production,Implemented,
MY,TMYCLKA7#2,CPU_236,J7QDMRP1,JCQDMRP1,Matched,1,0.11,0.2,32,0.08,0.17,30,,,Standard,,,,,A76_LIST.txt; D2606JUN.txt; MY SLA; MY_JCL_Evidence.txt,Parsed,Production,Implemented,
MY,TMYCLKA7#2,CPU_237,J7QDMRP2,JCQDMRP2,Matched,1,0,0.02,32,0,0.02,30,,,Standard,,,,,A76_LIST.txt; D2606JUN.txt; MY SLA; MY_JCL_Evidence.txt,Parsed,Production,Implemented,
MY,TMYCLKA7#2,CPU_238,J7QDMRP3,JCQDMRP3,Matched,1,0,0,32,0,0,30,,,Standard,,,,,A76_LIST.txt; D2606JUN.txt; MY SLA; MY_JCL_Evidence.txt,Parsed,Production,Implemented,
MY,TMYCLKA7#2,CPU_239,J7QDMRP4,JCQDMRP4,Matched,1,0,0.02,32,0,0,30,,,Standard,,,,,A76_LIST.txt; D2606JUN.txt; MY SLA; MY_JCL_Evidence.txt,Parsed,Production,Implemented,
MY,TMYCLKA7#2,CPU_240,J7QDMRP5,JCQDMRP5,Matched,1,0,0,32,0,0.02,30,,,Standard,,,,,A76_LIST.txt; D2606JUN.txt; MY SLA; MY_JCL_Evidence.txt,Parsed,Production,Implemented,
MY,TMYCLKA7#2,CPU_241,J7MDPAN1,JQMDPAN1,Matched,1,0.01,0.02,32,0.01,0.02,31,,,Standard,,,,PRDCAQ.BTHLOD.MY20A2 PRDCSS.BTHLOD.MY20A2,A76_LIST.txt; D2606JUN.txt; MY SLA; MY_JCL_Evidence.txt,Parsed,Production,Implemented,
MY,TMYCLKA7#2,CPU_242,J7AD811B,JOAD811B,Matched,1,0.56,0.63,32,0.42,0.52,31,,,Standard,,,,PRDCSS.BTHLOD.MY20A2,A76_LIST.txt; D2606JUN.txt; MY SLA; MY_JCL_Evidence.txt,Parsed,Production,Implemented,
MY,TMYCLKA7#2,CPU_243,J7ADC811,JOADC811,Matched,1,0.46,0.67,32,0.43,0.7,31,,,Standard,,,,PRDCAU.BTHLOD.MY20A2 PRDCSS.BTHLOD.MY20A2 PRDEDC.BTHLOD.MY20A2,A76_LIST.txt; D2606JUN.txt; MY SLA; MY_JCL_Evidence.txt,Parsed,Production,Implemented,
MY,TMYCLKA7#2,CPU_244,J7ADC812,JOADC812,Matched,1,0,0,32,0,0,31,,,Standard,,,,,A76_LIST.txt; D2606JUN.txt; MY SLA; MY_JCL_Evidence.txt,Parsed,Production,Implemented,
MY,TMYCLKA7#2,CPU_245,J7ADC813,JOADC813,Matched,1,0,0,32,0,0,31,,,Standard,,,,PRDCAU.BTHLOD.MY20A2 PRDCSS.BTHLOD.MY20A2 PRDEDC.BTHLOD.MY20A2,A76_LIST.txt; D2606JUN.txt; MY SLA; MY_JCL_Evidence.txt,Parsed,Production,Implemented,
MY,TMYCLKA7#2,CPU_246,J7PISS2,JCPISS2,Matched,1,0.13,0.25,32,0.19,0.38,31,,,Standard,,,CP60091 CP60092 CP60129 CP603130 CP604650 CP606830 CP610490 CPD000 ICEGENER ICETOOL IDCAMS IEFBR14 SORT,PRDCIS.BTHBGD.MY20A2.CPEMB(+1) PRDCIS.BTHLOD.MY20A2 PRDCIS.BTHSEQ.MY20A2.CPAGENT PRDCIS.BTHSEQ.MY20A2.CPDEMB PRDCIS.BTHSEQ.MY20A2.CPSIR2 PRDCIS.BTHVSM.MY20A2.CPBCRD PRDCIS.BTHVSM.MY20A2.CPBCUS PRDCIS.BTHVSM.MY20A2.CPBPLT PRDCIS.BTHVSM.MY20A2.CPBSYS PRDCIS.ONLVSM.MY20A2.CPRIC PRDCRD.BTHCTL.MY20A2(CPD020T4) PRDCRD.BTHCTL.MY20A2(CPI200A) PRDCRD.BTHCTL.MY20A2(CPI230A) PRDCRD.BTHCTL.MY20A2(CPI240A) PRDCRD.BTHCTL.MY20A2(ICP00003) PRDCRD.BTHCTL.MY20A2(ICP00149) PRDCRD.BTHLOD.MY20A2 PRDCRD.BTHSEQ.MY20A2.EMV.CPEIC2 PRDCRD.BTHSEQ.MY20A2.EMV.CPEMB PRDCRD.BTHSEQ.MY20A2.JISS2.GEPP.CIMB PRDCRD.BTHSEQ.MY20A2.JISS2.GEPP.ME PRDCRD.BTHSEQ.MY20A2.JISS2.GEPP.VMC PRDCRD.BTHVSM.MY20A2.EMV.CPEIC2 PRDCRD.BTHVSM.MY20A2.EMV.EMBAGE PRDCRD.ONLVSM.MY20A2.BRANCH PRDCRD.WRKSEQ.MY20A2.EMV.CPAGENT.SORT PRDCRD.WRKVSM.MY20A2.EMV.CPCSTA1 PRDCRD.WRKVSM.MY20A2.EMV.CPCSTA1.CC PRDCRD.WRKVSM.MY20A2.EMV.CPCSTA1.CIMB PRDCRD.WRKVSM.MY20A2.EMV.CPCSTA1.EMV,A76_LIST.txt; D2606JUN.txt; MY SLA; MY_JCL_Evidence.txt,Parsed,Production,Implemented,
MY,TMYCLKA7#2,CPU_247,J7P065WA,JCP065WA,Matched,1,0,0.02,32,0,0.03,31,,,Standard,,,CP605760 IDCAMS SORT,PRDCIS.BTHBGD.MY20A2.CPEMB(0) PRDCIS.BTHVSM.MY20A2.CPBSYS PRDCIS.BTHVSM.MY20A2.CPEMBV PRDCRD.BTHCTL.MY20A2(ICP00930) PRDCRD.BTHCTL.MY20A2(ICP00931) PRDCRD.BTHCTL.MY20A2(ICP00932) PRDCRD.BTHCTL.MY20A2(RESETCC) PRDCRD.BTHLOD.MY20A2 PRDCRD.ONLVSM.MY20A2.BRANCH PSEA.ONLVSM.CPEMBV,A76_LIST.txt; D2606JUN.txt; MY SLA; MY_JCL_Evidence.txt,Parsed,Production,Implemented,
MY,TMYCLKA7#2,CPU_248,J7PU430A,JCPU430A,Matched,1,0,0.02,32,0.01,0.03,31,,,Standard,,,CP605760,&ENV.HSM.ONLVSM.&VER.CPEMB &PFXS..CIA20S.CPREEMB.ALL &PFXS..CIA20S.CPSDEMB.ALL PRDCIS.BTHLOD.MY20A2 PRDCIS.BTHVSM.MY20A2.CPBSYS PRDCRD.BTHLOD.MY20A2 PRDCRD.ONLVSM.MY20A2.BRANCH PRDCSS.BTHLOD.MY20A2,A76_LIST.txt; D2606JUN.txt; MY SLA; MY_JCL_Evidence.txt,Parsed,Production,Implemented,
MY,TMYCLKA7#2,CPU_249,J7P338OP,JCP338OP,Matched,1,0.14,0.2,32,0.18,0.25,31,,,Standard,,,CP605760 CP610380,PRDCIS.BTHVSM.MY20A2.CPBSYS PRDCRD.BTHCTL.MY20A2(FCPEMBOP) PRDCRD.BTHCTL.MY20A2(ICP00929) PRDCRD.ONLVSM.MY20A2.BRANCH,A76_LIST.txt; D2606JUN.txt; MY SLA; MY_JCL_Evidence.txt,Parsed,Production,Implemented,
MY,TMYCLKA7#2,CPU_250,J7SDBK01,JHSDBK01,Matched,1,0.04,0.05,32,0.05,0.05,31,,,Standard,,,,PRDCIS.BTHLOD.MY20A2 PRDHSM.BTHLOD.MY20A2,A76_LIST.txt; D2606JUN.txt; MY SLA; MY_JCL_Evidence.txt,Parsed,Production,Implemented,
MY,TMYCLKA7#2,CPU_251,J7P339CL,JCP339CL,Matched,1,0,0,32,0,0,31,,,Standard,,,CP605760,PRDCIS.BTHVSM.MY20A2.CPBSYS PRDCRD.BTHCTL.MY20A2(FCPEMBCL) PRDCRD.ONLVSM.MY20A2.BRANCH,A76_LIST.txt; D2606JUN.txt; MY SLA; MY_JCL_Evidence.txt,Parsed,Production,Implemented,
MY,TMYCLKA7#2,CPU_252,J7SDRFTA,JHSDRFTA,Matched,1,0.02,0.02,32,0.02,0.02,31,,,Standard,,,CP605760 IDCAMS,PRDCIS.BTHVSM.MY20A2.CPBSYS PRDCRD.ONLVSM.MY20A2.BRANCH PRDHSM.ONLVSM.MY20A2.HSMPMF,A76_LIST.txt; D2606JUN.txt; MY SLA; MY_JCL_Evidence.txt,Parsed,Production,Implemented,
MY,TMYCLKA7#2,CPU_253,J7P0477U,JCP0477U,Matched,1,2.29,2.37,32,2.33,2.55,31,-,07:00,Critical,Embossing,Daily embossing jobs suppose to complete before instant card jobs triggered.,CP60088 CP605760 CP606950 CP612140 CP613890 CP620440 ETALK ICEGENER ICETOOL IDCAMS SORT,&CNTLLIB(FCPEMBCL) &CNTLLIB(ICP00012) &CNTLLIB(ICP00125) &CNTLLIB(ICP00377) &CNTLLIB(ICP00802) &CNTLLIB(ICP00819) &CNTLLIB(ICP00820) &CNTLLIB(ICP01389) &CNTLLIB(ICP01407) &CNTLLIB(ICPK0050) &CNTLLIB(ICPK0100) &ENV.CIS.BTHVSM.&VER.CPBCAX &ENV.CIS.BTHVSM.&VER.CPBCRD &ENV.CIS.BTHVSM.&VER.CPBCUS &ENV.CIS.BTHVSM.&VER.CPBPLT &ENV.CIS.BTHVSM.&VER.CPBSYS &ENV.CRD.BTHSEQ.&VER.EMV.COMBI.NW &ENV.CRD.BTHSEQ.&VER.EMV.COMBI.NW.CLR &ENV.CRD.BTHSEQ.&VER.EMV.COMBI.RP &ENV.CRD.BTHSEQ.&VER.EMV.COMBI.RP.CLR &ENV.CRD.BTHSEQ.&VER.EMV.CPEMBV1 &ENV.CRD.BTHSEQ.&VER.EMV.DBGEMB.MC &ENV.CRD.BTHSEQ.&VER.EMV.DBGEMB.RESULT &ENV.CRD.BTHSEQ.&VER.EMV.DBGEMB.VISA &ENV.CRD.BTHSEQ.&VER.EMV.FTP.COMBI &ENV.CRD.BTHSEQ.&VER.EMV.FTP.MC.DTS &ENV.CRD.BTHSEQ.&VER.EMV.FTP.MC.MPH &ENV.CRD.BTHSEQ.&VER.EMV.FTP.MCARD &ENV.CRD.BTHSEQ.&VER.EMV.FTP.PETRO &ENV.CRD.BTHSEQ.&VER.EMV.FTP.R.COMBI,A76_LIST.txt; D2606JUN.txt; MY SLA; MY_JCL_Evidence.txt,Parsed,Production,Implemented,
MY,TMYCLKA7#2,CPU_254,J7P1693R,JCP1693R,Matched,1,1.57,1.72,32,1.61,1.97,31,,,Standard,,,CP603580 CP606980 CP606990 CP609580 CP612420 CP617840 CP617870 CP618730 ETALK ICETOOL SORT,&CNTLLIB(ICP00804) &CNTLLIB(ICP00805) &CNTLLIB(ICP01044) &CNTLLIB(ICP01207) &CNTLLIB(ICP01218) &CNTLLIB(ICPK0050) &ENV.CIS.BTHVSM.&VER.CPBCUS &ENV.CIS.BTHVSM.&VER.CPBSYS &ENV.CIS.BTHVSM.&VER.EISCC &ENV.CRD.BTHSEQ.&VER.EMV.DBGEMB.MC &ENV.CRD.BTHSEQ.&VER.EMV.DBGEMB.VISA &ENV.CRD.BTHSEQ.&VER.EMV.ICCEMB.MC &ENV.CRD.BTHSEQ.&VER.EMV.ICCEMB.VISA &ENV.CRD.BTHSEQ.&VER.EMV.MC.EMBICC.DTS &ENV.CRD.BTHSEQ.&VER.EMV.MC.EMBICC.DTS.B &ENV.CRD.BTHSEQ.&VER.EMV.MC.EMBICC.DTS.R &ENV.CRD.BTHSEQ.&VER.EMV.MC.EMBICC.GMT &ENV.CRD.BTHSEQ.&VER.EMV.MC.EMBICC.GMT.B &ENV.CRD.BTHSEQ.&VER.EMV.MC.EMBICC.GMT.R &ENV.CRD.BTHSEQ.&VER.EMV.MC.EMBICCS &ENV.CRD.BTHSEQ.&VER.EMV.MC.EMBICCS.B &ENV.CRD.BTHSEQ.&VER.EMV.MC.EMBICCS.R &ENV.CRD.BTHSEQ.&VER.EMV.MC.EMBPRA &ENV.CRD.BTHSEQ.&VER.EMV.MC.EMBPRA.DTS &ENV.CRD.BTHSEQ.&VER.EMV.MC.EMBPRA.DTS.R &ENV.CRD.BTHSEQ.&VER.EMV.MC.EMBPRA.GMT &ENV.CRD.BTHSEQ.&VER.EMV.MC.EMBPRA.GMT.R &ENV.CRD.BTHSEQ.&VER.EMV.MC.EMBPRA.MPH &ENV.CRD.BTHSEQ.&VER.EMV.MC.EMBPRA.MPH.R &ENV.CRD.BTHSEQ.&VER.EMV.MC.EMBPRB.DTS,A76_LIST.txt; D2606JUN.txt; MY SLA; MY_JCL_Evidence.txt,Parsed,Production,Implemented,
MY,TMYCLKA7#2,CPU_255,J7END2,,Dev only - not in Prod,1,,,0,,,,,,Development only,,Not implemented in production; runs in development only.,,,A76_LIST.txt; D2606JUN.txt; MY SLA; MY_JCL_Evidence.txt; user confirmation 2026-07-19,User confirmed dev-only,Development,Not implemented in production,
MY,TMYCLKA7#3,CPU_001,J7START3,,Dev only - not in Prod,1,,,0,,,,,,Development only,,Not implemented in production; runs in development only.,,,A76_LIST.txt; D2606JUN.txt; MY SLA; MY_JCL_Evidence.txt; user confirmation 2026-07-19,User confirmed dev-only,Development,Not implemented in production,
MY,TMYCLKA7#3,CPU_003,J7P0657R,JCP0657R,Matched,1,0.05,0.07,32,0.06,0.07,31,,,Standard,,,CP608800 CP608820 CP614310 SORT,&ENV.CAQ.BKPBGD.&VER.QMDTXN.B4(0) &ENV.CAQ.BTHVSM.&VER.QMMMER &ENV.CIS.BTHSEQ.&VER.CPLMT &ENV.CIS.BTHVSM.&VER.CPBSYS &ENV.CRD.BTHSEQ.&VER.EDCTOCP.SORTED &ENV.CRD.WRKSEQ.&VER.EDCTOCP.FILTED &ENV.CRD.WRKSEQ.&VER.EDCTOCP.FILTED2 &ENV.EDC.BTHBGD.&VER.TOAMEDC1(0) &ENV.EDC.BTHBGD.&VER.TOCPEDC1(0) &ENV.EDC.BTHBGD.&VER.TOCPEDC2(0) PRDCRD.BTHCTL.MY20A2(ICPK0250) PRDCRD.BTHLOD.MY20A2 PRDCRD.BTHSEQ.MY20A2.EDCTOCP.SORTED PRDCRD.WRKSEQ.MY20A2.EDCTOCP.FILTED PRDCRD.WRKSEQ.MY20A2.EDCTOCP.FILTED2,A76_LIST.txt; D2606JUN.txt; MY SLA; MY_JCL_Evidence.txt,Parsed,Production,Implemented,
MY,TMYCLKA7#3,CPU_004,J7PCTRLF,JCPCTRLF,Matched,1,0.01,0.02,32,0.01,0.02,31,,,Standard,,,ICEGENER IDCAMS IEFBR14,*.S04DEL.XFILE PRDCRD.BTHCTL.MY20A2(DCPY1B01) PRDCRD.BTHCTL.MY20A2(DCPY1B02) PRDCRD.BTHCTL.MY20A2(DCPY1B03) PRDCRD.BTHSEQ.MY20A2.CTCS.&XFIL PRDCRD.BTHVSM.MY20A2.CCTRLF.OFFL PRDCRD.ONLVSM.MY20A2.CCTRLF,A76_LIST.txt; D2606JUN.txt; MY SLA; MY_JCL_Evidence.txt,Parsed,Production,Implemented,
MY,TMYCLKA7#3,CPU_005,J7PCPTUI,JCPCPTUI,Matched,1,0,0,32,0,0,31,,,Standard,,,ICEGENER,PRDCRD.BTHBGD.MY20A2.CPS.CPTUI(+1),A76_LIST.txt; D2606JUN.txt; MY SLA; MY_JCL_Evidence.txt,Parsed,Production,Implemented,
MY,TMYCLKA7#3,CPU_006,J7PBKCP1,JCPBKCP1,User mapped,1,,,0,,,,,,Standard,,,,,A76_LIST.txt; D2606JUN.txt; MY SLA; MY_JCL_Evidence.txt; user update; D2512DEC.txt,User confirmed mapping,Production,Implemented,
MY,TMYCLKA7#3,CPU_007,J7P38800,JCP38800,Matched,1,0,0,32,0,0,31,,,Standard,,,IDCAMS SBD38802 SORT,&CNTL(D3880201) &CNTL(D3880202) &LOAD1 &LOAD2 &LOAD3 &TSOID..BTHSEQ.MY20A2.CPS.CPVALID.MRG &TSOID..BTHSEQ.MY20A2.CTCS.P3.CPVALID &TSOID..BTHSEQ.MY20A2.MBI.CHEQUE &TSOID..BTHSEQ.MY20A2.PDC.CPVALID &TSOID..BTHSEQ.MY20A2.RTNCHQ.CPVALID &TSOID..BTHVSM.MY20A2.CCTRLF.OFFL &TSOID..BTHVSM.MY20A2.CPS.CPBPOST &TSOID..BTHVSM.MY20A2.CPS.CPTODFLT &TSOID..BTHVSM.MY20A2.CPS.CPTOTALS &TSOID..ONLVSM.MY20A2.BRANCH.CNTL4,A76_LIST.txt; D2606JUN.txt; MY SLA; MY_JCL_Evidence.txt,Parsed,Production,Implemented,
MY,TMYCLKA7#3,CPU_008,J7P38900,JCP38900,Matched,1,0.02,0.03,32,0.02,0.03,31,,,Standard,,,ICETOOL IDCAMS SBD38902 SORT,&CNTL(&IN) &CNTL(D3890201) &CNTL(D3890202) &CNTL(D3890203) &CNTL(D3890204) &CNTL(D3890205) &CNTL(D3890206) &CNTL(D3890207) &CNTL(D3890208) &CNTL(D3890209) &CNTL(D3890214) &CNTL(DREPRO01) &LOAD1 &LOAD2 &TSOID..BTHVSM.MY20A2.CCTRLF.OFFL &TSOID..BTHVSM.MY20A2.CPS.CPBPOST &TSOID..BTHVSM.MY20A2.CPS.CPMRGFLT &TSOID..BTHVSM.MY20A2.CPS.CPOSFLT &TSOID..BTHVSM.MY20A2.CPS.CPTODFLT &TSOID..BTHVSM.MY20A2.CPS.CPTODFLT.TEMP &TSOID..BTHVSM.MY20A2.CPS.CPTOTALS &TSOID..BTHVSM.MY20A2.CPS.MRGFLT.&CC &TSOID..BTHVSM.MY20A2.CPS.MRGFLT.DBG &TSOID..BTHVSM.MY20A2.CPS.MRGFLT.ICC &TSOID..BTHVSM.MY20A2.CPS.MRGFLT.PLC &TSOID..BTHVSM.MY20A2.CPS.MRGFLT.VMC &TSOID..ONLVSM.MY20A2.BRANCH.CNTL4,A76_LIST.txt; D2606JUN.txt; MY SLA; MY_JCL_Evidence.txt,Parsed,Production,Implemented,
MY,TMYCLKA7#3,CPU_009,J7P39000,JCP39000,Matched,1,0,0,32,0,0,31,,,Standard,,,CP612380 IDCAMS SORT,&CNTL(D3900201) &CNTL(D3900202) &CNTL(D3900203) &LOAD1 &LOAD2 &LOAD3 &TSOID..BTHBGD.MY20A2.CPS.CPTUI(0) &TSOID..BTHVSM.MY20A2.CPS.CPBPOST &TSOID..BTHVSM.MY20A2.CPS.CPBPOST.TEMP &TSOID..BTHVSM.MY20A2.CPS.CPTOTALS &TSOID..ONLVSM.MY20A2.BRANCH.CNTL4 PRDCIS.BTHVSM.MY20A2.CPBSYS PRDCIS.ONLVSM.MY20A2.CPPFX.PATH PRDCRD.BTHCTL.MY20A2(ICP00391),A76_LIST.txt; D2606JUN.txt; MY SLA; MY_JCL_Evidence.txt,Parsed,Production,Implemented,
MY,TMYCLKA7#3,CPU_010,J7P4720R,JCP4720R,Matched,1,0,0,32,0,0,31,,,Standard,,,SBD47201 SORT,&CNTL(D4720101) &LOAD1 &LOAD2 &TSOID..BTHSEQ.MY20A2.CPS.CPVALID.MRG &TSOID..BTHVSM.MY20A2.CCTRLF.OFFL &TSOID..ONLVSM.MY20A2.BRANCH.CNTL4,A76_LIST.txt; D2606JUN.txt; MY SLA; MY_JCL_Evidence.txt,Parsed,Production,Implemented,
MY,TMYCLKA7#3,CPU_011,J7PA540U,JCPA540U,Matched,1,0,0,32,0,0,31,,,Standard,,,SBDA5402,PRDCRD.BTHLOD.MY20A2 PRDCRD.ONLVSM.MY20A2.CCTRLF,A76_LIST.txt; D2606JUN.txt; MY SLA; MY_JCL_Evidence.txt,Parsed,Production,Implemented,
MY,TMYCLKA7#3,CPU_012,J7P1396U,JCP1396U,Matched,1,0.21,0.23,32,0.23,0.25,31,,,Standard,,,CP615100 CP615110 CP615120 CP615900 SORT,PRDBS3.BTHSEQ.MY20A2.VISA.ITFI PRDCIS.BTHVSM.MY20A2.CPBCRD PRDCIS.BTHVSM.MY20A2.CPBPLT PRDCIS.BTHVSM.MY20A2.CPBSYS PRDCRD.BKPSEQ.MY20A2.MTHIFEE PRDCRD.BTHLOD.MY20A2 PRDCRD.BTHSEQ.MY20A2.AGL.GLCQFLT PRDCRD.BTHSEQ.MY20A2.AGL.VSS.ST PRDCRD.BTHSEQ.MY20A2.MTHIFEE PRDCRD.BTHSEQ.MY20A2.RECON.T140.PRV PRDCRD.BTHVSM.MY20A2.CPS.CPOSFLT PRDIMX.BTHSEQ.MY20A2.CXNGL.CNV PRDIMX.BTHSEQ.MY20A2.CXNGL.MCOACK PRDIMX.BTHSEQ.MY20A2.CXNGL.VSOACK PRDIMX.WRKSEQ.MY20A2.CXNGL.IFEE,A76_LIST.txt; D2606JUN.txt; MY SLA; MY_JCL_Evidence.txt,Parsed,Production,Implemented,
MY,TMYCLKA7#3,CPU_013,J7P1231U,JCP1231U,Matched,1,0.98,1.28,32,1.23,1.47,31,,,Standard,,,CP614430 CP614610 CXRC060 CXRM010 CXU016 IDCAMS IEFBR14,&CNTLLIB(ICPK2000) PATM.PMNSEQ.MY20A2.MDCIN.GCMS.ALL PRDCIS.BTHVSM.MY20A2.CPBSYS PRDCIS.ONLVSM.MY20A2.CPPFX.PATH PRDCRD.BTHCTL.MY20A2(ICP00586) PRDCRD.BTHCTL.MY20A2(ICP00675) PRDCRD.BTHCTL.MY20A2(ICP00677) PRDIMX.BTHSEQ.MY20A2.CXACIO PRDIMX.BTHSEQ.MY20A2.CXTFO.POSTD PRDIMX.ONLVSM.MY20A2.CXASO PRDIMX.ONLVSM.MY20A2.CXSYS,A76_LIST.txt; D2606JUN.txt; MY SLA; MY_JCL_Evidence.txt,Parsed,Production,Implemented,
MY,TMYCLKA7#3,CPU_014,J7XCLGL2,JCXCLGL2,Matched,1,11.95,18.43,32,10.94,15.57,31,,,Standard,,,CPCNVCUR CXPI051 CXRI010 CXU016 SORT,&CNTLLIB(CXCI021C) &CNTLLIB(CXCI021K) &CNTLLIB(CXPI051) &CNTLLIB(CXRI010) &CNTLLIB(ICPK0050) &CNTLLIB(ICPK0250) &ENV.CIS.BTHVSM.&VER.CPBSYS &ENV.CIS.BTHVSM.&VER.GLRFPRM &ENV.CIS.ONLVSM.&VER.CPPFX.PATH &ENV.CSS.ONLVSM.&VER.CSCTY &ENV.CSS.ONLVSM.&VER.CSCUR &ENV.IMX.BTHSEQ.&VER.CXMID &ENV.IMX.BTHSEQ.&VER.CXNGL &ENV.IMX.BTHSEQ.&VER.CXNGL.CNV &ENV.IMX.BTHSEQ.&VER.CXNGLD &ENV.IMX.BTHSEQ.&VER.CXNGLD.SORT1 &ENV.IMX.BTHSEQ.&VER.CXTFO.OLI.DEL &ENV.IMX.BTHSEQ.&VER.CXTFO.POST &ENV.IMX.BTHSEQ.&VER.CXTFO.POSTD.PRV &ENV.IMX.ONLVSM.&VER.CXRTE &ENV.IMX.ONLVSM.&VER.CXSYS,A76_LIST.txt; D2606JUN.txt; MY SLA; MY_JCL_Evidence.txt,Parsed,Production,Implemented,
MY,TMYCLKA7#3,CPU_015,J7XVSINR,JCXVSINR,Matched,1,0.25,0.35,32,0.21,0.27,31,,,Standard,,,CXGLP002 ICETOOL SORT,&CNTLLIB(GSTTBLID) &CNTLLIB(ICPK0250) &ENV.CSS.ONLVSM.&VER.CSSYS &ENV.GST.ONLVSM.&VER.GSRTE &ENV.IMX.BTHSEQ.&VER.CEXNGL.VSSETL &ENV.IMX.BTHSEQ.&VER.CEXNGL.VSSETL.KH &ENV.IMX.BTHSEQ.&VER.CXNGL &ENV.IMX.BTHSEQ.&VER.CXNGL.VISA.SORT1 &ENV.IMX.BTHSEQ.&VER.CXNGL.VISA.SORT2 &ENV.IMX.BTHSEQ.&VER.CXNGL.VISA.SORT3 &ENV.IMX.BTHSEQ.&VER.CXNGL.VSSETL &ENV.IMX.BTHSEQ.&VER.CXNGL.VSSETL.KH &ENV.IMX.ONLVSM.&VER.CXSYS,A76_LIST.txt; D2606JUN.txt; MY SLA; MY_JCL_Evidence.txt,Parsed,Production,Implemented,
MY,TMYCLKA7#3,CPU_016,J7XVSONR,JCXVSONR,Matched,1,0.13,0.15,32,0.14,0.17,31,,,Standard,,,CXGLP005 ICETOOL SORT,&CNTLLIB(GSTTBLID) &CNTLLIB(ICPK0250) &ENV.CSS.ONLVSM.&VER.CSSYS &ENV.GST.ONLVSM.&VER.GSRTE &ENV.IMX.BTHSEQ.&VER.CEXNGL.VSOSETL &ENV.IMX.BTHSEQ.&VER.CEXNGL.VSOSETL.KH &ENV.IMX.BTHSEQ.&VER.CXNGL.CNV &ENV.IMX.BTHSEQ.&VER.CXNGL.VSO.SORT1 &ENV.IMX.BTHSEQ.&VER.CXNGL.VSO.SORT2 &ENV.IMX.BTHSEQ.&VER.CXNGL.VSO.SORT3 &ENV.IMX.BTHSEQ.&VER.CXNGL.VSOACK &ENV.IMX.BTHSEQ.&VER.CXNGL.VSOACK.FEES &ENV.IMX.BTHSEQ.&VER.CXNGL.VSOSETL &ENV.IMX.BTHSEQ.&VER.CXNGL.VSOSETL.KH &ENV.IMX.ONLVSM.&VER.CXSYS,A76_LIST.txt; D2606JUN.txt; MY SLA; MY_JCL_Evidence.txt,Parsed,Production,Implemented,
MY,TMYCLKA7#3,CPU_017,J7XMCINR,JCXMCINR,Matched,1,0.27,0.37,32,0.23,0.3,31,,,Standard,,,CXGLP001 SORT,&CNTLLIB(GSTTBLID) &CNTLLIB(ICPK0250) &ENV.CSS.ONLVSM.&VER.CSSYS &ENV.GST.ONLVSM.&VER.GSRTE &ENV.IMX.BTHBGD.&VER.RPT.CXGLP001(+1) &ENV.IMX.BTHSEQ.&VER.CEXNGL.MCSETL &ENV.IMX.BTHSEQ.&VER.CXNGL &ENV.IMX.BTHSEQ.&VER.CXNGL.MC.SORT1 &ENV.IMX.BTHSEQ.&VER.CXNGL.MC.SORT2 &ENV.IMX.BTHSEQ.&VER.CXNGL.MCSETL &ENV.IMX.ONLVSM.&VER.CXSYS,A76_LIST.txt; D2606JUN.txt; MY SLA; MY_JCL_Evidence.txt,Parsed,Production,Implemented,
MY,TMYCLKA7#3,CPU_018,J7XMCONR,JCXMCONR,Matched,1,0.13,0.15,32,0.13,0.15,31,,,Standard,,,CXGLP004 SORT,&CNTLLIB(GSTTBLID) &CNTLLIB(ICPK0050) &CNTLLIB(ICPK0250) &ENV.CSS.ONLVSM.&VER.CSSYS &ENV.GST.ONLVSM.&VER.GSRTE &ENV.IMX.BTHBGD.&VER.RPT.CXGLP004(+1) &ENV.IMX.BTHSEQ.&VER.CEXNGL.MCOSETL &ENV.IMX.BTHSEQ.&VER.CXNGL.CNV &ENV.IMX.BTHSEQ.&VER.CXNGL.MCO.SORT1 &ENV.IMX.BTHSEQ.&VER.CXNGL.MCO.SORT2 &ENV.IMX.BTHSEQ.&VER.CXNGL.MCOACK &ENV.IMX.BTHSEQ.&VER.CXNGL.MCOACK.FEES &ENV.IMX.BTHSEQ.&VER.CXNGL.MCOSETL &ENV.IMX.ONLVSM.&VER.CXSYS,A76_LIST.txt; D2606JUN.txt; MY SLA; MY_JCL_Evidence.txt,Parsed,Production,Implemented,
MY,TMYCLKA7#3,CPU_019,J7XDBINR,JCXDBINR,Matched,1,0.3,0.47,32,0.31,0.48,31,,,Standard,,,CXGLP006 SORT,&CNTLLIB(GSTTBLID) &CNTLLIB(ICPK0050) &CNTLLIB(ICPK0250) &ENV.CSS.ONLVSM.&VER.CSSYS &ENV.GST.ONLVSM.&VER.GSRTE &ENV.IMX.BTHBGD.&VER.RPT.CXGLP006(+1) &ENV.IMX.BTHSEQ.&VER.CEXNGL.MCDISETL &ENV.IMX.BTHSEQ.&VER.CXNGL.MCDBI.SORT1 &ENV.IMX.BTHSEQ.&VER.CXNGL.MCDBI.SORT2 &ENV.IMX.BTHSEQ.&VER.CXNGL.MCDISETL &ENV.IMX.BTHSEQ.&VER.CXNGLD &ENV.IMX.ONLVSM.&VER.CXSYS,A76_LIST.txt; D2606JUN.txt; MY SLA; MY_JCL_Evidence.txt,Parsed,Production,Implemented,
MY,TMYCLKA7#3,CPU_020,J7PU230,JCPU230,Matched,1,2.17,2.93,32,1.89,2.5,31,,,Standard,,,,PRDCIS.BTHLOD.MY20A2 PRDCSS.BTHLOD.MY20A2 PRDIMX.BTHLOD.MY20A2,A76_LIST.txt; D2606JUN.txt; MY SLA; MY_JCL_Evidence.txt,Parsed,Production,Implemented,
MY,TMYCLKA7#3,CPU_021,J7PGL004,JCPGL004,Matched,1,0.69,0.83,32,0.74,0.95,31,,,Standard,,,,PRDCIS.BTHLOD.MY20A2 PRDCRD.BTHLOD.MY20A2 PRDCSS.BTHLOD.MY20A2,A76_LIST.txt; D2606JUN.txt; MY SLA; MY_JCL_Evidence.txt,Parsed,Production,Implemented,
MY,TMYCLKA7#3,CPU_022,J7PGL009,JCPGL009,Matched,1,0.46,0.5,32,0.37,0.4,31,,,Standard,,,,PRDCIS.BTHLOD.MY20A2 PRDCRD.BTHLOD.MY20A2 PRDCSS.BTHLOD.MY20A2,A76_LIST.txt; D2606JUN.txt; MY SLA; MY_JCL_Evidence.txt,Parsed,Production,Implemented,
MY,TMYCLKA7#3,CPU_023,J7PGL011,JCPGL011,Matched,1,0,0.02,32,0,0.02,31,,,Standard,,,,PRDCIS.BTHLOD.MY20A2 PRDCRD.BTHLOD.MY20A2 PRDCSS.BTHLOD.MY20A2 PRDIMX.BTHLOD.MY20A2,A76_LIST.txt; D2606JUN.txt; MY SLA; MY_JCL_Evidence.txt,Parsed,Production,Implemented,
MY,TMYCLKA7#3,CPU_024,J7PGL012,JCPGL012,Matched,1,0,0.02,32,0,0.02,31,,,Standard,,,,PRDCIS.BTHLOD.MY20A2 PRDCRD.BTHLOD.MY20A2 PRDCSS.BTHLOD.MY20A2,A76_LIST.txt; D2606JUN.txt; MY SLA; MY_JCL_Evidence.txt,Parsed,Production,Implemented,
MY,TMYCLKA7#3,CPU_025,J7PGL013,JCPGL013,Matched,1,0,0.02,32,0,0.02,31,,,Standard,,,,PRDCIS.BTHLOD.MY20A2 PRDCRD.BTHLOD.MY20A2 PRDCSS.BTHLOD.MY20A2 PRDIMX.BTHLOD.MY20A2,A76_LIST.txt; D2606JUN.txt; MY SLA; MY_JCL_Evidence.txt,Parsed,Production,Implemented,
MY,TMYCLKA7#3,CPU_026,J7PGL014,JCPGL014,Matched,1,0.25,0.28,32,0.19,0.22,31,,,Standard,,,,PRDCIS.BTHLOD.MY20A2 PRDCRD.BTHLOD.MY20A2 PRDCSS.BTHLOD.MY20A2 PRDIMX.BTHLOD.MY20A2,A76_LIST.txt; D2606JUN.txt; MY SLA; MY_JCL_Evidence.txt,Parsed,Production,Implemented,
MY,TMYCLKA7#3,CPU_027,J7PGL015,JCPGL015,Matched,1,0.02,0.02,32,0.02,0.03,31,,,Standard,,,,PRDCIS.BTHLOD.MY20A2 PRDCRD.BTHLOD.MY20A2 PRDCSS.BTHLOD.MY20A2 PRDIMX.BTHLOD.MY20A2,A76_LIST.txt; D2606JUN.txt; MY SLA; MY_JCL_Evidence.txt,Parsed,Production,Implemented,
MY,TMYCLKA7#3,CPU_028,J7XSGPNR,JCXSGPNR,Matched,1,0,0,32,0,0,31,,,Standard,,,CPGLP012 ICEGENER SORT,&CNTLLIB(ICPK0250) &ENV.CIS.BTHSEQ.&VER.CPGLSG &ENV.CIS.BTHVSM.&VER.CPBSYS &ENV.CSS.ONLVSM.&VER.CSCTY &ENV.CSS.ONLVSM.&VER.CSCUR &ENV.IMX.BTHSEQ.&VER.CXNGL.SGP &ENV.IMX.BTHSEQ.&VER.CXNGL.SGP.SORT1 &ENV.IMX.BTHSEQ.&VER.CXNGL.SGPSETL PRDCIS.BTHLOD.MY20A2 PRDCSS.BTHLOD.MY20A2 PRDIMX.BTHLOD.MY20A2,A76_LIST.txt; D2606JUN.txt; MY SLA; MY_JCL_Evidence.txt,Parsed,Production,Implemented,
MY,TMYCLKA7#3,CPU_029,J7XJCONR,JCXJCONR,Matched,1,0.01,0.02,32,0.02,0.02,31,,,Standard,,,CXGLP003 SORT,&CNTLLIB(ICPK0250) &ENV.CIS.BTHSEQ.&VER.CPGLJCB &ENV.IMX.BTHSEQ.&VER.CXNGL.JCB &ENV.IMX.BTHSEQ.&VER.CXNGL.JCO.SORT1 &ENV.IMX.BTHSEQ.&VER.CXNGL.JCO.SORT2 &ENV.IMX.BTHSEQ.&VER.CXNGL.JCOSETL &ENV.IMX.ONLVSM.&VER.CXSYS,A76_LIST.txt; D2606JUN.txt; MY SLA; MY_JCL_Evidence.txt,Parsed,Production,Implemented,
MY,TMYCLKA7#3,CPU_030,J7PGL002,JCPGL002,Matched,1,1.96,2.35,31,1.91,2.22,30,,,Standard,,,,PRDCIS.BTHLOD.MY20A2 PRDCRD.BTHLOD.MY20A2 PRDCSS.BTHLOD.MY20A2,A76_LIST.txt; D2606JUN.txt; MY SLA; MY_JCL_Evidence.txt,Parsed,Production,Implemented,
MY,TMYCLKA7#3,CPU_031,J7PGL001,JCPGL001,Matched,1,3.12,2.92,32,4.58,18.33,31,-,06:30,Critical,GFMS,GFMS Support contact details removed; use the approved support roster.,,PRDCIS.BTHLOD.MY20A2 PRDCRD.BTHLOD.MY20A2 PRDCSS.BTHLOD.MY20A2,A76_LIST.txt; D2606JUN.txt; MY SLA; MY_JCL_Evidence.txt,Parsed,Production,Implemented,
MY,TMYCLKA7#3,CPU_032,J7PGL008,JCPGL008,Matched,1,0.82,1,32,0.63,0.77,31,,,Standard,,,,PRDCIS.BTHLOD.MY20A2 PRDCRD.BTHLOD.MY20A2 PRDCSS.BTHLOD.MY20A2,A76_LIST.txt; D2606JUN.txt; MY SLA; MY_JCL_Evidence.txt,Parsed,Production,Implemented,
MY,TMYCLKA7#3,CPU_033,J7PGL005,JCPGL005,Matched,1,0.37,0.47,32,0.32,0.4,31,,,Standard,,,,PRDCIS.BTHLOD.MY20A2 PRDCRD.BTHLOD.MY20A2 PRDCSS.BTHLOD.MY20A2,A76_LIST.txt; D2606JUN.txt; MY SLA; MY_JCL_Evidence.txt,Parsed,Production,Implemented,
MY,TMYCLKA7#3,CPU_034,J7PGL006,JCPGL006,Matched,1,0,0,32,0,0,31,,,Standard,,,,PRDCIS.BTHLOD.MY20A2 PRDCRD.BTHLOD.MY20A2 PRDCSS.BTHLOD.MY20A2,A76_LIST.txt; D2606JUN.txt; MY SLA; MY_JCL_Evidence.txt,Parsed,Production,Implemented,
MY,TMYCLKA7#3,CPU_035,J7PGL007,JCPGL007,Matched,1,0,0,32,0,0,31,,,Standard,,,,PRDCIS.BTHLOD.MY20A2 PRDCRD.BTHLOD.MY20A2 PRDCSS.BTHLOD.MY20A2,A76_LIST.txt; D2606JUN.txt; MY SLA; MY_JCL_Evidence.txt,Parsed,Production,Implemented,
MY,TMYCLKA7#3,CPU_036,J7MUHSKT,JQMUHSKT,Matched,1,0.47,0.47,1,0.48,0.48,1,,,Standard,,,,,A76_LIST.txt; D2606JUN.txt; MY SLA; MY_JCL_Evidence.txt,Parsed,Production,Implemented,
MY,TMYCLKA7#3,CPU_037,J7XCTCOL,JCXCTCOL,Matched,1,0.04,0.07,32,0.04,0.07,31,,,Standard,,,CXCI050 CXU016 IDCAMS IEBGENER IEFBR14,PRDCRD.BTHCTL.MY20A2(CXCI050) PRDCRD.BTHCTL.MY20A2(CXUTCT) PRDCRD.BTHCTL.MY20A2(CXUTCT2) PRDCRD.BTHCTL.MY20A2(REPROCX) PRDIMX.BTHSEQ.MY20A2.CXTCT.PARM PRDIMX.ONLVSM.MY20A2.CXSYS PRDIMX.ONLVSM.MY20A2.CXTCO,A76_LIST.txt; D2606JUN.txt; MY SLA; MY_JCL_Evidence.txt,Parsed,Production,Implemented,
MY,TMYCLKA7#3,CPU_038,J7XCIRDL,JCXCIRDL,Matched,1,0.11,0.13,32,0.12,0.15,31,,,Standard,,,CXCM080 CXRM080 CXU016 IDCAMS IEFBR14 SORT,PRDCRD.BTHCTL.MY20A2(CXCC020H) PRDCRD.BTHCTL.MY20A2(CXCC020I) PRDCRD.BTHCTL.MY20A2(CXCC020M) PRDCRD.BTHCTL.MY20A2(CXCC020Q) PRDCRD.BTHCTL.MY20A2(CXCC020S) PRDCRD.BTHCTL.MY20A2(CXCC020T) PRDCRD.BTHCTL.MY20A2(CXCC020V) PRDCRD.BTHCTL.MY20A2(CXCC020X) PRDCRD.BTHCTL.MY20A2(CXCC020Z) PRDCRD.BTHCTL.MY20A2(CXCM080) PRDCRD.BTHCTL.MY20A2(CXCM080R) PRDCRD.BTHCTL.MY20A2(CXRM080) PRDCRD.BTHCTL.MY20A2(ICPK1000) PRDCRD.BTHCTL.MY20A2(REPROCX) PRDIMX.BTHSEQ.MY20A2.CXIRC.TEMP PRDIMX.BTHSEQ.MY20A2.CXIRU PRDIMX.ONLVSM.MY20A2.CXIRO PRDIMX.ONLVSM.MY20A2.CXSYS,A76_LIST.txt; D2606JUN.txt; MY SLA; MY_JCL_Evidence.txt,Parsed,Production,Implemented,
MY,TMYCLKA7#3,CPU_039,J7XCIRDC,JCXCIRDC,Matched,1,0.04,0.05,32,0.06,0.15,31,,,Standard,,,CXCM081 CXU016 IEFBR14,PRDCRD.BTHCTL.MY20A2(CXCM081) PRDCRD.BTHCTL.MY20A2(ICPK1000) PRDIMX.BTHSEQ.MY20A2.CXIRC.PARM PRDIMX.ONLVSM.MY20A2.CXIRO PRDIMX.ONLVSM.MY20A2.CXSYS,A76_LIST.txt; D2606JUN.txt; MY SLA; MY_JCL_Evidence.txt,Parsed,Production,Implemented,
MY,TMYCLKA7#3,CPU_040,J7PF672U,JCPF672U,Matched,1,0.15,0.2,33,0.17,0.22,31,,,Standard,,,,,A76_LIST.txt; D2606JUN.txt; MY SLA; MY_JCL_Evidence.txt,Parsed,Production,Implemented,
MY,TMYCLKA7#3,CPU_041,J7PF6BK1,JCPF6BK1,Matched,1,0.92,1.35,32,0.98,1.45,31,,,Standard,,,ADRDSSU,PRDCRD.BTHTGD.MY20A2.FAI.DAILY.BKP1(+1),A76_LIST.txt; D2606JUN.txt; MY SLA; MY_JCL_Evidence.txt,Parsed,Production,Implemented,
MY,TMYCLKA7#3,CPU_042,J7PF65CL,JCPF65CL,Matched,1,0,0,1,0,0,1,,,Standard,,,,,A76_LIST.txt; D2606JUN.txt; MY SLA; MY_JCL_Evidence.txt,Parsed,Production,Implemented,
MY,TMYCLKA7#3,CPU_043,J7PF66UW,JCPF66UW,Matched,1,1.18,1.18,1,1.45,1.45,1,,,Standard,,,ADRDSSU IDCAMS SORT,FAIFSD1A FAIFSD2A FAIFSD3A FAIFSD4A PRDCRD.BTHTGD.MY20A2.FAI.DAILY.BKP1(+1) PRDFAI.ONLVSM.MY63F1.&DSN PRDFAI.WRKVSM.MY63F1.&DSN..FC,A76_LIST.txt; D2606JUN.txt; MY SLA; MY_JCL_Evidence.txt,Parsed,Production,Implemented,
MY,TMYCLKA7#3,CPU_044,J7PF65OP,JCPF65OP,Matched,1,0.02,0.02,1,0.02,0.02,1,,,Standard,,,,,A76_LIST.txt; D2606JUN.txt; MY SLA; MY_JCL_Evidence.txt,Parsed,Production,Implemented,
MY,TMYCLKA7#3,CPU_248,J7PT5G2,JCPT5G2,Matched,1,0.06,0.07,32,0.06,0.08,31,,,Standard,,,CP621561 IDCAMS MH410010 MH501010,PRDCIS.BTHVSM.MY20A2.CPBSYS PRDCRD.BTHCTL.MY20A2(R131) PRDCRD.BTHSEQ.MY20A2.ICP0T5G2.F1 PRDCRD.BTHSEQ.MY20A2.ICP0T5G2.F2 PRDCRD.BTHSEQ.MY20A2.ICP0T5G2.F3 PRDCRD.BTHSEQ.MY20A2.ICP0T5G2.F4 PRDCRD.BTHSEQ.MY20A2.ICP0T5G2.F5 PRDCRD.BTHSEQ.MY20A2.ICP0T5G2.F6 PRDCRD.BTHSEQ.MY20A2.ICP0T5G2.F7 PRDCRD.BTHSEQ.MY20A2.ICP0T5G2.F8.MISFIL PRDMHP.BTHBGD.MY20A2.MCI.BULK.T5G2 PRDMHP.BTHBGD.MY20A2.MCI.SRTMP(0) PRDMHP.BTHBGD.MY20A2.T5G2.BKUP(+1) PRDMHP.BTHSEQ.MY20A2.T5G2.F1 PRDMHP.BTHSEQ.MY20A2.T5G2.F2 PRDMHP.BTHSEQ.MY20A2.T5G2.F3 PRDMHP.BTHSEQ.MY20A2.T5G2.F4 PRDMHP.BTHSEQ.MY20A2.T5G2.F5 PRDMHP.BTHSEQ.MY20A2.T5G2.F6 PRDMHP.BTHSEQ.MY20A2.T5G2.F7 PRDMHP.BTHSEQ.MY20A2.T5G2.RECOV TCPIP.PARMLIB(TCPDATA),A76_LIST.txt; D2606JUN.txt; MY SLA; MY_JCL_Evidence.txt,Parsed,Production,Implemented,
MY,TMYCLKA7#3,CPU_249,J7PT5G2B,JCPT5G2B,Matched,1,0.1,0.12,32,0.1,0.12,31,,,Standard,,,CP621561 IDCAMS MH501010,PRDCIS.BTHVSM.MY20A2.CPBSYS PRDCRD.BTHSEQ.MY20A2.ICP0T5G2.B1 PRDCRD.BTHSEQ.MY20A2.ICP0T5G2.B2 PRDCRD.BTHSEQ.MY20A2.ICP0T5G2.B3 PRDCRD.BTHSEQ.MY20A2.ICP0T5G2.B4 PRDCRD.BTHSEQ.MY20A2.ICP0T5G2.B5 PRDCRD.BTHSEQ.MY20A2.ICP0T5G2.B6 PRDCRD.BTHSEQ.MY20A2.ICP0T5G2.B7 PRDCRD.BTHSEQ.MY20A2.ICP0T5G2.B8.MISFIL PRDMHP.BTHBGD.MY20A2.MCI.BULK.T5G2 PRDMHP.BTHBGD.MY20A2.MCI.SRTMP(0) PRDMHP.BTHBGD.MY20A2.T5G2B.BKUP(+1) PRDMHP.BTHSEQ.MY20A2.T5G2.B1 PRDMHP.BTHSEQ.MY20A2.T5G2.B2 PRDMHP.BTHSEQ.MY20A2.T5G2.B3 PRDMHP.BTHSEQ.MY20A2.T5G2.B4 PRDMHP.BTHSEQ.MY20A2.T5G2.B5 PRDMHP.BTHSEQ.MY20A2.T5G2.B6 PRDMHP.BTHSEQ.MY20A2.T5G2.B7 PRDMHP.BTHSEQ.MY20A2.T5G2B.RECOV TCPIP.PARMLIB(TCPDATA),A76_LIST.txt; D2606JUN.txt; MY SLA; MY_JCL_Evidence.txt,Parsed,Production,Implemented,
MY,TMYCLKA7#3,CPU_250,J7P1632U,JCP1632U,Matched,1,0.3,0.47,32,0.22,0.3,31,,,Standard,,,CP617520 ICETOOL SORT,&CNTLLIB(ICP00881) &CNTLLIB(ICPK0050) &ENV.CIS.BTHVSM.&VER.CPBSYS &ENV.IMX.BTHSEQ.&VER.CXNGL.NBPS.MERGE &ENV.IMX.BTHSEQ.&VER.CXNGL.NBPSOF &ENV.IMX.BTHSEQ.&VER.CXNGL.NBPSON &ENV.IMX.BTHSEQ.&VER.CXTFO.POST PRDCIS.BTHLOD.MY20A2 PRDCRD.BTHLOD.MY20A2 PRDCSS.BTHLOD.MY20A2 PRDIMX.BTHLOD.MY20A2,A76_LIST.txt; D2606JUN.txt; MY SLA; MY_JCL_Evidence.txt,Parsed,Production,Implemented,
MY,TMYCLKA7#3,CPU_251,J7PU516,JCPU516,Matched,1,12.73,18.77,33,10.61,12.62,31,,,Standard,,,,PRDCIS.BTHLOD.MY20A2 PRDCSS.BTHLOD.MY20A2,A76_LIST.txt; D2606JUN.txt; MY SLA; MY_JCL_Evidence.txt,Parsed,Production,Implemented,
MY,TMYCLKA7#3,CPU_252,J7PU518,JCPU518,Matched,1,0.41,0.5,32,0.36,0.45,31,,,Standard,,,,PRDCIS.BTHLOD.MY20A2 PRDCSS.BTHLOD.MY20A2,A76_LIST.txt; D2606JUN.txt; MY SLA; MY_JCL_Evidence.txt,Parsed,Production,Implemented,
MY,TMYCLKA7#3,CPU_253,J7XJCBFV,JCXJCBFV,Matched,1,0,0,23,0,0,23,,,Standard,,,CXU016 CXU040,&CNTLLIB(CXU040) &ENV.IMX.BTHSEQ.&VER.CXJCI &ENV.IMX.BTHSEQ.&VER.CXJCIV &ENV.IMX.ONLVSM.&VER.CXSYS,A76_LIST.txt; D2606JUN.txt; MY SLA; MY_JCL_Evidence.txt,Parsed,Production,Implemented,
MY,TMYCLKA7#3,CPU_254,J7XJCBVF,JCXJCBVF,User mapped,1,,,0,,,,,,Standard,,,,,A76_LIST.txt; D2606JUN.txt; MY SLA; MY_JCL_Evidence.txt; user update; D2512DEC.txt,User confirmed mapping,Production,Implemented,
MY,TMYCLKA7#3,CPU_255,J7END3,,Dev only - not in Prod,1,,,0,,,,,,Development only,,Not implemented in production; runs in development only.,,,A76_LIST.txt; D2606JUN.txt; MY SLA; MY_JCL_Evidence.txt; user confirmation 2026-07-19,User confirmed dev-only,Development,Not implemented in production,
MY,TMYCLKA7#4,CPU_001,J7START4,,Dev only - not in Prod,1,,,0,,,,,,Development only,,Not implemented in production; runs in development only.,,,A76_LIST.txt; D2606JUN.txt; MY SLA; MY_JCL_Evidence.txt; user confirmation 2026-07-19,User confirmed dev-only,Development,Not implemented in production,
MY,TMYCLKA7#4,CPU_002,J7PMGPMX,JCPMGPMX,Matched,1,0.01,0,32,0.01,0,31,,,Standard,,,,PRDCIS.BTHLOD.MY20A2 PRDCSS.BTHLOD.MY20A2,A76_LIST.txt; D2606JUN.txt; MY SLA; MY_JCL_Evidence.txt,Parsed,Production,Implemented,
MY,TMYCLKA7#4,CPU_003,J7PDY2K,JCPDY2K,Matched,1,0.19,0.27,32,0.19,0.23,31,,,Standard,,,,PRDCIS.BTHLOD.MY20A2 PRDCSS.BTHLOD.MY20A2,A76_LIST.txt; D2606JUN.txt; MY SLA; MY_JCL_Evidence.txt,Parsed,Production,Implemented,
MY,TMYCLKA7#4,CPU_004,J7PDY3AU,JCPDY3AU,Matched,1,0.52,0.42,32,0.45,0.43,31,,,Standard,,,,PRDCIS.BTHLOD.MY20A2 PRDCSS.BTHLOD.MY20A2 PRDIMX.BTHLOD.MY20A2,A76_LIST.txt; D2606JUN.txt; MY SLA; MY_JCL_Evidence.txt,Parsed,Production,Implemented,
MY,TMYCLKA7#4,CPU_005,J7PDY3BU,JCPDY3BU,Matched,1,0.43,0.6,32,0.37,0.52,31,,,Standard,,,,PRDCIS.BTHLOD.MY20A2 PRDCSS.BTHLOD.MY20A2 PRDIMX.BTHLOD.MY20A2,A76_LIST.txt; D2606JUN.txt; MY SLA; MY_JCL_Evidence.txt,Parsed,Production,Implemented,
MY,TMYCLKA7#4,CPU_006,J7PDY3C,JCPDY3C,Matched,1,0.23,0.38,32,0.19,0.23,31,,,Standard,,,,PRDCIS.BTHLOD.MY20A2 PRDCSS.BTHLOD.MY20A2 PRDIMX.BTHLOD.MY20A2,A76_LIST.txt; D2606JUN.txt; MY SLA; MY_JCL_Evidence.txt,Parsed,Production,Implemented,
MY,TMYCLKA7#4,CPU_007,J7PDY3DU,JCPDY3DU,Matched,1,1.74,3.08,32,0.77,1.15,31,,,Standard,,,,PRDCIS.BTHLOD.MY20A2 PRDCSS.BTHLOD.MY20A2 PRDIMX.BTHLOD.MY20A2,A76_LIST.txt; D2606JUN.txt; MY SLA; MY_JCL_Evidence.txt,Parsed,Production,Implemented,
MY,TMYCLKA7#4,CPU_008,J7PDY3E,JCPDY3E,Matched,1,0.15,0.18,32,0.12,0.13,31,,,Standard,,,,PRDCIS.BTHLOD.MY20A2 PRDCSS.BTHLOD.MY20A2 PRDIMX.BTHLOD.MY20A2,A76_LIST.txt; D2606JUN.txt; MY SLA; MY_JCL_Evidence.txt,Parsed,Production,Implemented,
MY,TMYCLKA7#4,CPU_009,J7PDY3F,JCPDY3F,Matched,1,0.04,0.07,32,0.03,0.05,31,,,Standard,,,,PRDCIS.BTHLOD.MY20A2 PRDCSS.BTHLOD.MY20A2 PRDIMX.BTHLOD.MY20A2,A76_LIST.txt; D2606JUN.txt; MY SLA; MY_JCL_Evidence.txt,Parsed,Production,Implemented,
MY,TMYCLKA7#4,CPU_010,J7PDY3GU,JCPDY3GU,Matched,1,1.17,1.85,32,0.96,1.18,31,,,Standard,,,,PRDCIS.BTHLOD.MY20A2 PRDCSS.BTHLOD.MY20A2 PRDIMX.BTHLOD.MY20A2,A76_LIST.txt; D2606JUN.txt; MY SLA; MY_JCL_Evidence.txt,Parsed,Production,Implemented,
MY,TMYCLKA7#4,CPU_011,J7PMRG01,JCPMRG01,Matched,1,0,0,32,0,0,31,,,Standard,,,,PRDCIS.BTHLOD.MY20A2 PRDCSS.BTHLOD.MY20A2,A76_LIST.txt; D2606JUN.txt; MY SLA; MY_JCL_Evidence.txt,Parsed,Production,Implemented,
MY,TMYCLKA7#4,CPU_012,J7PDY3HU,JCPDY3HU,Matched,1,9.56,13.65,32,7.69,8.37,31,2.30 AM,03:00,Critical,CLK EOD,CIS DAY3,,PRDCIS.BTHLOD.MY20A2 PRDCRD.BTHLOD.MY20A2 PRDCSS.BTHLOD.MY20A2 PRDIMX.BTHLOD.MY20A2,A76_LIST.txt; D2606JUN.txt; MY SLA; MY_JCL_Evidence.txt,Parsed,Production,Implemented,
MY,TMYCLKA7#4,CPU_013,J7PDY3I,JCPDY3I,Matched,1,1.39,2.05,32,0.31,0.52,31,,,Standard,,,,PRDCIS.BTHLOD.MY20A2 PRDCRD.BTHLOD.MY20A2 PRDCSS.BTHLOD.MY20A2 PRDIMX.BTHLOD.MY20A2,A76_LIST.txt; D2606JUN.txt; MY SLA; MY_JCL_Evidence.txt,Parsed,Production,Implemented,
MY,TMYCLKA7#4,CPU_014,J7PDY3JU,JCPDY3JU,Matched,1,1.52,1.75,32,1.75,2.02,31,,,Standard,,,,PRDCIS.BTHLOD.MY20A2 PRDCSS.BTHLOD.MY20A2 PRDIMX.BTHLOD.MY20A2,A76_LIST.txt; D2606JUN.txt; MY SLA; MY_JCL_Evidence.txt,Parsed,Production,Implemented,
MY,TMYCLKA7#4,CPU_015,J7PDY3K,JCPDY3K,Matched,1,2.26,9.13,32,2.24,8.45,31,,,Standard,,,,PRDCAU.BTHLOD.MY20A2 PRDCIS.BTHLOD.MY20A2 PRDCSS.BTHLOD.MY20A2,A76_LIST.txt; D2606JUN.txt; MY SLA; MY_JCL_Evidence.txt,Parsed,Production,Implemented,
MY,TMYCLKA7#4,CPU_016,J7PDY5G,JCPDY5G,Matched,1,0.07,0.13,32,0.06,0.08,31,,,Standard,,,,PRDCIS.BTHLOD.MY20A2 PRDCSS.BTHLOD.MY20A2 PRDIMX.BTHLOD.MY20A2,A76_LIST.txt; D2606JUN.txt; MY SLA; MY_JCL_Evidence.txt,Parsed,Production,Implemented,
MY,TMYCLKA7#4,CPU_017,J7PDY7H,JCPDY7H,Matched,1,11.29,14.93,32,13.09,16.47,31,,,Standard,,,,PRDCIS.BTHLOD.MY20A2 PRDCSS.BTHLOD.MY20A2 PRDIMX.BTHLOD.MY20A2,A76_LIST.txt; D2606JUN.txt; MY SLA; MY_JCL_Evidence.txt,Parsed,Production,Implemented,
MY,TMYCLKA7#4,CPU_018,J7PDY12A,JCPDY12A,Matched,1,0,0.02,32,0.01,0.02,31,,,Standard,,,,PRDCIS.BTHLOD.MY20A2 PRDCSS.BTHLOD.MY20A2,A76_LIST.txt; D2606JUN.txt; MY SLA; MY_JCL_Evidence.txt,Parsed,Production,Implemented,
MY,TMYCLKA7#4,CPU_019,J7PDY12B,JCPDY12B,Matched,1,0,0,32,0,0,31,,,Standard,,,,PRDCIS.BTHLOD.MY20A2 PRDCSS.BTHLOD.MY20A2,A76_LIST.txt; D2606JUN.txt; MY SLA; MY_JCL_Evidence.txt,Parsed,Production,Implemented,
MY,TMYCLKA7#4,CPU_020,J7PDY8A,JCPDY8A,Matched,1,0,0,32,0,0,31,,,Standard,,,,PRDCIS.BTHLOD.MY20A2 PRDCSS.BTHLOD.MY20A2,A76_LIST.txt; D2606JUN.txt; MY SLA; MY_JCL_Evidence.txt,Parsed,Production,Implemented,
MY,TMYCLKA7#4,CPU_021,J7PDY11F,JCPDY11F,Matched,1,0.12,0.22,32,0.12,0.22,31,,,Standard,,,,PRDCIS.BTHLOD.MY20A2 PRDCSS.BTHLOD.MY20A2,A76_LIST.txt; D2606JUN.txt; MY SLA; MY_JCL_Evidence.txt,Parsed,Production,Implemented,
MY,TMYCLKA7#4,CPU_022,J7PUHRNM,JCPUHRNM,Matched,1,0,0,32,0,0,31,,,Standard,,,,PRDCAU.BTHLOD.MY20A2 PRDCIS.BTHLOD.MY20A2 PRDCSS.BTHLOD.MY20A2,A76_LIST.txt; D2606JUN.txt; MY SLA; MY_JCL_Evidence.txt,Parsed,Production,Implemented,
MY,TMYCLKA7#4,CPU_023,J7SDYINT,JGSDYINT,Matched,1,0.01,0.02,32,0.01,0.02,31,,,Standard,,,,PRDCSS.BTHLOD.MY20A2 PRDGST.BTHLOD.MY20A2,A76_LIST.txt; D2606JUN.txt; MY SLA; MY_JCL_Evidence.txt,Parsed,Production,Implemented,
MY,TMYCLKA7#4,CPU_024,J7SDY0,JGSDY0,Matched,1,0.03,0.03,32,0.02,0.03,31,,,Standard,,,,PRDCSS.BTHLOD.MY20A2 PRDGST.BTHLOD.MY20A2,A76_LIST.txt; D2606JUN.txt; MY SLA; MY_JCL_Evidence.txt,Parsed,Production,Implemented,
MY,TMYCLKA7#4,CPU_025,J7SDY1,JGSDY1,Matched,1,0,0,32,0,0,31,,,Standard,,,,PRDCSS.BTHLOD.MY20A2 PRDGST.BTHLOD.MY20A2,A76_LIST.txt; D2606JUN.txt; MY SLA; MY_JCL_Evidence.txt,Parsed,Production,Implemented,
MY,TMYCLKA7#4,CPU_026,J7SDY2A,JGSDY2A,Matched,1,0,0,32,0,0,31,,,Standard,,,,PRDCSS.BTHLOD.MY20A2 PRDGST.BTHLOD.MY20A2,A76_LIST.txt; D2606JUN.txt; MY SLA; MY_JCL_Evidence.txt,Parsed,Production,Implemented,
MY,TMYCLKA7#4,CPU_027,J7SDY3A,JGSDY3A,Matched,1,0,0,32,0,0,31,,,Standard,,,,PRDCSS.BTHLOD.MY20A2 PRDGST.BTHLOD.MY20A2,A76_LIST.txt; D2606JUN.txt; MY SLA; MY_JCL_Evidence.txt,Parsed,Production,Implemented,
MY,TMYCLKA7#4,CPU_028,J7SDY2B,JGSDY2B,Matched,1,0,0,32,0,0,31,,,Standard,,,,PRDCSS.BTHLOD.MY20A2 PRDGST.BTHLOD.MY20A2,A76_LIST.txt; D2606JUN.txt; MY SLA; MY_JCL_Evidence.txt,Parsed,Production,Implemented,
MY,TMYCLKA7#4,CPU_029,J7SDY3B,JGSDY3B,Matched,1,0,0,32,0,0,31,,,Standard,,,,PRDCSS.BTHLOD.MY20A2 PRDGST.BTHLOD.MY20A2,A76_LIST.txt; D2606JUN.txt; MY SLA; MY_JCL_Evidence.txt,Parsed,Production,Implemented,
MY,TMYCLKA7#4,CPU_030,J7SDY4,JGSDY4,Matched,1,0.02,0.03,32,0.02,0.03,31,,,Standard,,,,PRDCSS.BTHLOD.MY20A2 PRDGST.BTHLOD.MY20A2,A76_LIST.txt; D2606JUN.txt; MY SLA; MY_JCL_Evidence.txt,Parsed,Production,Implemented,
MY,TMYCLKA7#4,CPU_031,J7SDEXTF,JGSDEXTF,Matched,1,0,0,32,0,0,31,,,Standard,,,,PRDCSS.BTHLOD.MY20A2 PRDGST.BTHLOD.MY20A2,A76_LIST.txt; D2606JUN.txt; MY SLA; MY_JCL_Evidence.txt,Parsed,Production,Implemented,
MY,TMYCLKA7#4,CPU_032,J7SRPT01,JGSRPT01,Matched,1,0.02,0.03,32,0.02,0.03,31,,,Standard,,,,PRDCSS.BTHLOD.MY20A2 PRDGST.BTHLOD.MY20A2,A76_LIST.txt; D2606JUN.txt; MY SLA; MY_JCL_Evidence.txt,Parsed,Production,Implemented,
MY,TMYCLKA7#4,CPU_033,J7SACRPT,JGSACRPT,Matched,1,0,0,32,0,0,31,,,Standard,,,,PRDCSS.BTHLOD.MY20A2 PRDGST.BTHLOD.MY20A2,A76_LIST.txt; D2606JUN.txt; MY SLA; MY_JCL_Evidence.txt,Parsed,Production,Implemented,
MY,TMYCLKA7#4,CPU_034,J7PDYG1U,JCPDYG1U,Matched,1,0.36,1.4,32,0.33,1.43,31,,,Standard,,,,PRDCIS.BTHLOD.MY20A2 PRDCSS.BTHLOD.MY20A2 PRDIMX.BTHLOD.MY20A2,A76_LIST.txt; D2606JUN.txt; MY SLA; MY_JCL_Evidence.txt,Parsed,Production,Implemented,
MY,TMYCLKA7#4,CPU_035,J7P1811U,JCP1811U,Matched,1,0.12,0.15,32,0.11,0.15,31,,,Standard,,,IDCAMS,&CNTLLIB(CPDFOMOC) &CNTLLIB(CPDLOMOC) &CNTLLIB(REPRO) &CNTLLIB(RESETCC) &ENV.CIS.BTHSEQ.&VER.CPMOCX &ENV.CIS.ONLVSM.&VER.CPMOCX,A76_LIST.txt; D2606JUN.txt; MY SLA; MY_JCL_Evidence.txt,Parsed,Production,Implemented,
MY,TMYCLKA7#4,CPU_036,J7P1748U,JCP1748U,Matched,1,0.8,0.82,32,0.8,0.82,31,,7:00am,Critical,Bizfuse,FTP of all Bizfuse files,ICETOOL IDCAMS SORT,PRDCIS.BTHVSM.MY20A2.CPBSYS PRDCRD.BTHCTL.MY20A2(ICP01015) PRDCRD.BTHCTL.MY20A2(ICP01016) PRDCRD.BTHCTL.MY20A2(ICP01338) PRDCRD.BTHCTL.MY20A2(ICP01339) PRDCRD.BTHCTL.MY20A2(ICP01473) PRDCRD.BTHCTL.MY20A2(ICP01474) PRDCRD.BTHCTL.MY20A2(ICP01475) PRDCRD.BTHCTL.MY20A2(ICP01476) PRDCRD.BTHCTL.MY20A2(ICP01477) PRDCRD.BTHPRM.MY20A2.SUP(BNMCTL) PRDCRD.BTHPRM.MY20A2.SUP(ICP01377) PRDCRD.BTHPRM.MY20A2.SUP(ICP01378) PRDCRD.BTHPRM.MY20A2.SUP(ICP01380) PRDCRD.BTHPRM.MY20A2.SUP(ICP01381) PRDCRD.BTHSEQ.MY20A2.CPBNMPRM.PEO PRDCRD.BTHSEQ.MY20A2.CPBNMPRM.PEOB,A76_LIST.txt; D2606JUN.txt; MY SLA; MY_JCL_Evidence.txt,Parsed,Production,Implemented,
MY,TMYCLKA7#4,CPU_037,J7P1820U,JCP1820U,Matched,1,0.03,0.03,32,0.04,0.05,31,,,Standard,,,ICEMAN,PRDCIS.BTHSEQ.MY20A2.CPMNT.BIZFUSE PRDCIS.BTHSEQ.MY20A2.CPMNT.BIZFUSE.SRT PRDCIS.BTHSEQ.MY20A2.CPMNT.BIZFUSE.YY1820 PRDIMX.BTHSEQ.MY20A2.BIZFUSE.BZFUI.YY1820,A76_LIST.txt; D2606JUN.txt; MY SLA; MY_JCL_Evidence.txt,Parsed,Production,Implemented,
MY,TMYCLKA7#4,CPU_038,J7PDSMNT,JCPDSMNT,Matched,1,0.01,0.02,32,0.01,0.02,31,,,Standard,,,,PRDCAU.BTHLOD.MY20A2 PRDCSS.BTHLOD.MY20A2,A76_LIST.txt; D2606JUN.txt; MY SLA; MY_JCL_Evidence.txt,Parsed,Production,Implemented,
MY,TMYCLKA7#4,CPU_039,J7IKCJC,JAIKCJC,Matched,1,0.11,0.15,32,0.09,0.1,31,,,Standard,,,,PRDCOM.BTHLOD.MY20A2 PRDCSS.BTHLOD.MY20A2 PRDEMX.BTHLOD.MY20A2,A76_LIST.txt; D2606JUN.txt; MY SLA; MY_JCL_Evidence.txt,Parsed,Production,Implemented,
MY,TMYCLKA7#4,CPU_040,J7QDY725,JCQDY725,Matched,1,0.83,0.92,32,0.89,1.07,31,,,Standard,,,,PRDCAQ.BTHLOD.MY20A2 PRDCSS.BTHLOD.MY20A2,A76_LIST.txt; D2606JUN.txt; MY SLA; MY_JCL_Evidence.txt,Parsed,Production,Implemented,
MY,TMYCLKA7#4,CPU_041,J7PD3B2B,JCPD3B2B,Matched,1,0.51,0.57,32,0.46,0.52,31,,,Standard,,,,PRDCIS.BTHLOD.MY20A2,A76_LIST.txt; D2606JUN.txt; MY SLA; MY_JCL_Evidence.txt,Parsed,Production,Implemented,
MY,TMYCLKA7#4,CPU_042,J72BSTMC,JB2BSTMC,Matched,1,0.44,0.55,32,0.46,0.65,31,,,Standard,,,CP621540 CPDSTMTC ICEMAN IEFBR14 SORT,&CNTLLIB(B2BSRT01) &CNTLLIB(DYNALL32) &CNTLLIB(ICP00452) &CNTLLIB(ICP01070) &CNTLLIB(ICP01071) &ENV.CIS.BTHSEQ.&VER.CPSTMT.B2B &ENV.CIS.BTHSEQ.&VER.ESTMT.RAWFILE.C52 &ENV.CIS.BTHSEQ.&VER.STMT.B2B.RAW6 &ENV.CIS.BTHSEQ.&VER.STMT.B2B.RAW6.RAW &ENV.CIS.BTHSEQ.&VER.STMT.B2B.RAW6.SORTC1 &ENV.CIS.BTHSEQ.&VER.STMT.B2B.RAW6.SORTC2 &ENV.CIS.BTHSEQ.&VER.STMT.B2B.RAW6.SORTC3 &ENV.CIS.BTHSEQ.&VER.STMT.B2B.RAW6.SORTED &ENV.CIS.BTHVSM.&VER.CPBAPX.ALL &ENV.CIS.BTHVSM.&VER.CPBCRD &ENV.CIS.BTHVSM.&VER.CPBCUS &ENV.CIS.BTHVSM.&VER.CPBPLT &ENV.CIS.BTHVSM.&VER.CPBSYS &ENV.CIS.BTHVSM.&VER.CPSTMT &ENV.CIS.BTHVSM.&VER.CPSTRN &ENV.CIS.ONLVSM.&VER.CPADD &ENV.CIS.ONLVSM.&VER.CPAPX &ENV.CIS.ONLVSM.&VER.CPPFX.PATH &ENV.CIS.WRKSEQ.&VER.ESTMT.RAWFILE.C52 &ENV.COM.BTHVSM.&VER.D10V.KCMACC &ENV.COM.BTHVSM.&VER.KCXUPL.BB &ENV.COM.ONLVSM.&VER.KCLMTR &ENV.COM.ONLVSM.&VER.KCMBZA &ENV.COM.ONLVSM.&VER.KCMCNT &ENV.CSS.ONLVSM.&VER.CSMCC,A76_LIST.txt; D2606JUN.txt; MY SLA; MY_JCL_Evidence.txt,Parsed,Production,Implemented,
MY,TMYCLKA7#4,CPU_043,J7KCEXBD,JMKCEXBD,Matched,1,2.74,3.78,32,1.81,2.07,31,,,Standard,,,,,A76_LIST.txt; D2606JUN.txt; MY SLA; MY_JCL_Evidence.txt,Parsed,Production,Implemented,
MY,TMYCLKA7#4,CPU_044,J7CBTCHE,JKCBTCHE,Matched,1,0.02,0.02,32,0.01,0.02,31,,,Standard,,,,,A76_LIST.txt; D2606JUN.txt; MY SLA; MY_JCL_Evidence.txt,Parsed,Production,Implemented,
MY,TMYCLKA7#4,CPU_045,J7CDY00,JKCDY00,Matched,1,0.47,0.57,32,0.54,0.62,31,,,Standard,,,,PRDCOM.BTHLOD.MY20A2 PRDCSS.BTHLOD.MY20A2,A76_LIST.txt; D2606JUN.txt; MY SLA; MY_JCL_Evidence.txt,Parsed,Production,Implemented,
MY,TMYCLKA7#4,CPU_046,J7KCDY90,JMKCDY90,Matched,1,0.19,0.32,32,0.11,0.15,31,,,Standard,,,,PRDCOM.BTHLOD.MY20A2,A76_LIST.txt; D2606JUN.txt; MY SLA; MY_JCL_Evidence.txt,Parsed,Production,Implemented,
MY,TMYCLKA7#4,CPU_047,J7CDY01,JKCDY01,Matched,1,0.02,0.03,32,0.02,0.03,31,,,Standard,,,,PRDCOM.BTHLOD.MY20A2,A76_LIST.txt; D2606JUN.txt; MY SLA; MY_JCL_Evidence.txt,Parsed,Production,Implemented,
MY,TMYCLKA7#4,CPU_048,J7CDY02,JKCDY02,Matched,1,0.01,0.02,32,0.01,0.02,31,,,Standard,,,,PRDCOM.BTHLOD.MY20A2,A76_LIST.txt; D2606JUN.txt; MY SLA; MY_JCL_Evidence.txt,Parsed,Production,Implemented,
MY,TMYCLKA7#4,CPU_049,J7CDY02U,JKCDY02U,Matched,1,2.62,3.45,32,2.55,3.27,31,,,Standard,,,,PRDCOM.BTHLOD.MY20A2 PRDCSS.BTHLOD.MY20A2,A76_LIST.txt; D2606JUN.txt; MY SLA; MY_JCL_Evidence.txt,Parsed,Production,Implemented,
MY,TMYCLKA7#4,CPU_050,J7CDY02A,JKCDY02A,Matched,1,0.23,0.35,32,0.21,0.38,31,,,Standard,,,,PRDCOM.BTHLOD.MY20A2 PRDCSS.BTHLOD.MY20A2,A76_LIST.txt; D2606JUN.txt; MY SLA; MY_JCL_Evidence.txt,Parsed,Production,Implemented,
MY,TMYCLKA7#4,CPU_051,J7CDY03U,JKCDY03U,Matched,1,0.01,0.02,32,0.01,0.02,31,,,Standard,,,,PRDCOM.BTHLOD.MY20A2 PRDCSS.BTHLOD.MY20A2,A76_LIST.txt; D2606JUN.txt; MY SLA; MY_JCL_Evidence.txt,Parsed,Production,Implemented,
MY,TMYCLKA7#4,CPU_052,J7CDY03A,JKCDY03A,Matched,1,0.28,0.45,32,0.2,0.3,31,,,Standard,,,,PRDCOM.BTHLOD.MY20A2,A76_LIST.txt; D2606JUN.txt; MY SLA; MY_JCL_Evidence.txt,Parsed,Production,Implemented,
MY,TMYCLKA7#4,CPU_053,J7CDY03B,JKCDY03B,Matched,1,0.15,0.23,32,0.12,0.2,31,,,Standard,,,,PRDCOM.BTHLOD.MY20A2 PRDCSS.BTHLOD.MY20A2,A76_LIST.txt; D2606JUN.txt; MY SLA; MY_JCL_Evidence.txt,Parsed,Production,Implemented,
MY,TMYCLKA7#4,CPU_054,J7CDY03C,JKCDY03C,Matched,1,0.13,0.2,32,0.12,0.17,31,,,Standard,,,,PRDCOM.BTHLOD.MY20A2,A76_LIST.txt; D2606JUN.txt; MY SLA; MY_JCL_Evidence.txt,Parsed,Production,Implemented,
MY,TMYCLKA7#4,CPU_055,J7CDY04A,JKCDY04A,Matched,1,0.43,0.55,32,0.31,0.47,31,,,Standard,,,,PRDCOM.BTHLOD.MY20A2,A76_LIST.txt; D2606JUN.txt; MY SLA; MY_JCL_Evidence.txt,Parsed,Production,Implemented,
MY,TMYCLKA7#4,CPU_056,J7CDY04B,JKCDY04B,Matched,1,0.38,0.55,32,0.31,0.45,31,,,Standard,,,,,A76_LIST.txt; D2606JUN.txt; MY SLA; MY_JCL_Evidence.txt,Parsed,Production,Implemented,
MY,TMYCLKA7#4,CPU_057,J7CDY04C,JKCDY04C,Matched,1,0.22,0.37,32,0.17,0.25,31,,,Standard,,,,PRDCOM.BTHLOD.MY20A2 PRDEPP.BTHLOD.MY20A2,A76_LIST.txt; D2606JUN.txt; MY SLA; MY_JCL_Evidence.txt,Parsed,Production,Implemented,
MY,TMYCLKA7#4,CPU_058,J7CDY05A,JKCDY05A,Matched,1,0.07,0.1,32,0.04,0.07,31,,,Standard,,,,PRDCOM.BTHLOD.MY20A2 TCPIP.SEZATCP,A76_LIST.txt; D2606JUN.txt; MY SLA; MY_JCL_Evidence.txt,Parsed,Production,Implemented,
MY,TMYCLKA7#4,CPU_059,J7CDY05B,JKCDY05B,Matched,1,0.06,0.08,32,0.04,0.07,31,,,Standard,,,,PRDCOM.BTHLOD.MY20A2,A76_LIST.txt; D2606JUN.txt; MY SLA; MY_JCL_Evidence.txt,Parsed,Production,Implemented,
MY,TMYCLKA7#4,CPU_060,J7CDY06A,JKCDY06A,Matched,1,2.31,3.35,32,1.65,1.83,31,,,Standard,,,,PRDCOM.BTHLOD.MY20A2,A76_LIST.txt; D2606JUN.txt; MY SLA; MY_JCL_Evidence.txt,Parsed,Production,Implemented,
MY,TMYCLKA7#4,CPU_061,J7CDY06B,JKCDY06B,Matched,1,0.09,0.13,32,0.06,0.08,31,,,Standard,,,,PRDCOM.BTHLOD.MY20A2,A76_LIST.txt; D2606JUN.txt; MY SLA; MY_JCL_Evidence.txt,Parsed,Production,Implemented,
MY,TMYCLKA7#4,CPU_062,J7CDY07U,JKCDY07U,Matched,1,0.26,0.35,32,0.21,0.3,31,,,Standard,,,,PRDCIS.BTHLOD.MY20A2 PRDCOM.BTHLOD.MY20A2 PRDCSS.BTHLOD.MY20A2,A76_LIST.txt; D2606JUN.txt; MY SLA; MY_JCL_Evidence.txt,Parsed,Production,Implemented,
MY,TMYCLKA7#4,CPU_063,J7CDY07A,JKCDY07A,Matched,1,1.56,1.93,32,1.36,1.52,31,,,Standard,,,,PRDCIS.BTHLOD.MY20A2 PRDCOM.BTHLOD.MY20A2 PRDCSS.BTHLOD.MY20A2,A76_LIST.txt; D2606JUN.txt; MY SLA; MY_JCL_Evidence.txt,Parsed,Production,Implemented,
MY,TMYCLKA7#4,CPU_064,J7CDY07B,JKCDY07B,Matched,1,0.4,0.5,32,0.37,0.47,31,,,Standard,,,,,A76_LIST.txt; D2606JUN.txt; MY SLA; MY_JCL_Evidence.txt,Parsed,Production,Implemented,
MY,TMYCLKA7#4,CPU_065,J7CDY07C,JKCDY07C,Matched,1,0.37,0.48,32,0.3,0.38,31,,,Standard,,,,PRDCIS.BTHLOD.MY20A2 PRDCOM.BTHLOD.MY20A2,A76_LIST.txt; D2606JUN.txt; MY SLA; MY_JCL_Evidence.txt,Parsed,Production,Implemented,
MY,TMYCLKA7#4,CPU_066,J7CDY07D,JKCDY07D,Matched,1,0.15,0.27,32,0.14,0.2,31,,,Standard,,,,PRDCOM.BTHLOD.MY20A2,A76_LIST.txt; D2606JUN.txt; MY SLA; MY_JCL_Evidence.txt,Parsed,Production,Implemented,
MY,TMYCLKA7#4,CPU_067,J7CDY07E,JKCDY07E,Matched,1,0.09,0.13,32,0.1,0.12,31,,,Standard,,,,PRDCOM.BTHLOD.MY20A2,A76_LIST.txt; D2606JUN.txt; MY SLA; MY_JCL_Evidence.txt,Parsed,Production,Implemented,
MY,TMYCLKA7#4,CPU_068,J7CDY07F,JKCDY07F,Matched,1,0.21,0.25,32,0.19,0.2,31,,,Standard,,,,PRDCOM.BTHLOD.MY20A2,A76_LIST.txt; D2606JUN.txt; MY SLA; MY_JCL_Evidence.txt,Parsed,Production,Implemented,
MY,TMYCLKA7#4,CPU_069,J7CDY07G,JKCDY07G,Matched,1,0.06,0.07,32,0.06,0.07,31,,,Standard,,,,PRDCOM.BTHLOD.MY20A2,A76_LIST.txt; D2606JUN.txt; MY SLA; MY_JCL_Evidence.txt,Parsed,Production,Implemented,
MY,TMYCLKA7#4,CPU_070,J7CDY07H,JKCDY07H,Matched,1,0.23,0.28,32,0.21,0.25,31,,,Standard,,,,PRDCOM.BTHLOD.MY20A2,A76_LIST.txt; D2606JUN.txt; MY SLA; MY_JCL_Evidence.txt,Parsed,Production,Implemented,
MY,TMYCLKA7#4,CPU_071,J7CDY07I,JKCDY07I,Matched,1,0.3,0.37,32,0.25,0.28,31,,,Standard,,,,PRDCOM.BTHLOD.MY20A2,A76_LIST.txt; D2606JUN.txt; MY SLA; MY_JCL_Evidence.txt,Parsed,Production,Implemented,
MY,TMYCLKA7#4,CPU_072,J7CDY07J,JKCDY07J,Matched,1,0.03,0.05,32,0.03,0.03,31,,,Standard,,,,PRDCOM.BTHLOD.MY20A2,A76_LIST.txt; D2606JUN.txt; MY SLA; MY_JCL_Evidence.txt,Parsed,Production,Implemented,
MY,TMYCLKA7#4,CPU_073,J7CDY08E,JKCDY08E,Matched,1,0.12,0.18,32,0.12,0.2,31,,,Standard,,,,PRDCOM.BTHLOD.MY20A2 PRDCSS.BTHLOD.MY20A2,A76_LIST.txt; D2606JUN.txt; MY SLA; MY_JCL_Evidence.txt,Parsed,Production,Implemented,
MY,TMYCLKA7#4,CPU_074,J7CDY08F,JKCDY08F,Matched,1,0.19,1.87,33,0.19,0.07,31,,,Standard,,,,PRDCOM.BTHLOD.MY20A2 PRDCSS.BTHLOD.MY20A2,A76_LIST.txt; D2606JUN.txt; MY SLA; MY_JCL_Evidence.txt,Parsed,Production,Implemented,
MY,TMYCLKA7#4,CPU_075,J7CDY08G,JKCDY08G,Matched,1,0.09,0.03,32,0.09,0.03,31,,,Standard,,,,PRDCOM.BTHLOD.MY20A2 PRDCSS.BTHLOD.MY20A2,A76_LIST.txt; D2606JUN.txt; MY SLA; MY_JCL_Evidence.txt,Parsed,Production,Implemented,
MY,TMYCLKA7#4,CPU_076,J7CDY08H,JKCDY08H,Matched,1,0.09,0.03,32,0.09,0.03,31,,,Standard,,,,PRDCOM.BTHLOD.MY20A2 PRDCSS.BTHLOD.MY20A2,A76_LIST.txt; D2606JUN.txt; MY SLA; MY_JCL_Evidence.txt,Parsed,Production,Implemented,
MY,TMYCLKA7#4,CPU_077,J7CDY08I,JKCDY08I,Matched,1,0.02,0.03,32,0.02,0.03,31,,,Standard,,,,PRDCOM.BTHLOD.MY20A2 PRDCSS.BTHLOD.MY20A2,A76_LIST.txt; D2606JUN.txt; MY SLA; MY_JCL_Evidence.txt,Parsed,Production,Implemented,
MY,TMYCLKA7#4,CPU_078,J7CDY09,JKCDY09,Matched,1,0,0,32,0,0,31,,,Standard,,,,PRDCOM.BTHLOD.MY20A2,A76_LIST.txt; D2606JUN.txt; MY SLA; MY_JCL_Evidence.txt,Parsed,Production,Implemented,
MY,TMYCLKA7#4,CPU_079,J7CDY10A,JKCDY10A,Matched,1,1.32,1.55,32,1,1.27,31,,,Standard,,,,PRDCOM.BTHLOD.MY20A2,A76_LIST.txt; D2606JUN.txt; MY SLA; MY_JCL_Evidence.txt,Parsed,Production,Implemented,
MY,TMYCLKA7#4,CPU_080,J7CDY10B,JKCDY10B,Matched,1,0.28,0.38,32,0.25,0.37,31,,,Standard,,,,,A76_LIST.txt; D2606JUN.txt; MY SLA; MY_JCL_Evidence.txt,Parsed,Production,Implemented,
MY,TMYCLKA7#4,CPU_081,J7CDY11,JKCDY11,Matched,1,0.02,0.03,32,0.02,0.03,31,,,Standard,,,,PRDCOM.BTHLOD.MY20A2,A76_LIST.txt; D2606JUN.txt; MY SLA; MY_JCL_Evidence.txt,Parsed,Production,Implemented,
MY,TMYCLKA7#4,CPU_082,J7CLSEF,JKCLSEF,Matched,1,0.01,0.02,32,0.01,0.02,31,,,Standard,,,,,A76_LIST.txt; D2606JUN.txt; MY SLA; MY_JCL_Evidence.txt,Parsed,Production,Implemented,
MY,TMYCLKA7#4,CPU_083,J7CPENF,JKCPENF,Matched,1,0.02,0.03,32,0.03,0.03,31,,,Standard,,,,,A76_LIST.txt; D2606JUN.txt; MY SLA; MY_JCL_Evidence.txt,Parsed,Production,Implemented,
MY,TMYCLKA7#4,CPU_084,J7CBTHX,JKCBTHX,Matched,1,0.02,0.02,32,0.02,0.03,31,,,Standard,,,,,A76_LIST.txt; D2606JUN.txt; MY SLA; MY_JCL_Evidence.txt,Parsed,Production,Implemented,
MY,TMYCLKA7#4,CPU_085,J7MD200A,JWMD200A,Matched,1,0,0,32,0,0,31,,,Standard,,,,,A76_LIST.txt; D2606JUN.txt; MY SLA; MY_JCL_Evidence.txt,Parsed,Production,Implemented,
MY,TMYCLKA7#4,CPU_086,J7MBKLOG,JWMBKLOG,Matched,1,0.01,0.03,32,0.02,0.03,31,,,Standard,,,,PRDEMX.BTHLOD.MY20A2,A76_LIST.txt; D2606JUN.txt; MY SLA; MY_JCL_Evidence.txt,Parsed,Production,Implemented,
MY,TMYCLKA7#4,CPU_087,J7MD200B,JWMD200B,Matched,1,0,0,32,0,0,31,,,Standard,,,,,A76_LIST.txt; D2606JUN.txt; MY SLA; MY_JCL_Evidence.txt,Parsed,Production,Implemented,
MY,TMYCLKA7#4,CPU_088,J7MINLOG,JWMINLOG,Matched,1,0.03,0.05,32,0.04,0.07,31,,,Standard,,,,PRDEMX.BTHLOD.MY20A2,A76_LIST.txt; D2606JUN.txt; MY SLA; MY_JCL_Evidence.txt,Parsed,Production,Implemented,
MY,TMYCLKA7#4,CPU_089,J7MD200P,JWMD200P,Matched,1,0,0.02,32,0,0.02,31,,,Standard,,,,,A76_LIST.txt; D2606JUN.txt; MY SLA; MY_JCL_Evidence.txt,Parsed,Production,Implemented,
MY,TMYCLKA7#4,CPU_090,J7MALLOG,JWMALLOG,Matched,1,0.02,0.02,32,0.02,0.03,31,,,Standard,,,,PRDEMX.BTHLOD.MY20A2,A76_LIST.txt; D2606JUN.txt; MY SLA; MY_JCL_Evidence.txt,Parsed,Production,Implemented,
MY,TMYCLKA7#4,CPU_091,J7MD200O,JWMD200O,Matched,1,0.01,0.02,32,0.02,0.02,31,,,Standard,,,,,A76_LIST.txt; D2606JUN.txt; MY SLA; MY_JCL_Evidence.txt,Parsed,Production,Implemented,
MY,TMYCLKA7#4,CPU_092,J7MD200C,JWMD200C,Matched,1,0,0,32,0,0,31,,,Standard,,,,,A76_LIST.txt; D2606JUN.txt; MY SLA; MY_JCL_Evidence.txt,Parsed,Production,Implemented,
MY,TMYCLKA7#4,CPU_093,J7XDFBKP,JCXDFBKP,Matched,1,0,0.02,32,0,0.02,31,,,Standard,,,IDCAMS,&ENV.IMX.BKPBGD.&VER.CXMBZ.BKUP(+1) &ENV.IMX.BTHBGD.&VER.CXBIZ.BKUP(+1) &ENV.IMX.BTHBGD.&VER.CXKIM.BKUP(+1) &ENV.IMX.BTHVSM.&VER.CXKIM &ENV.IMX.BTHVSM.&VER.CXMBZ &ENV.IMX.ONLVSM.&VER.CXBIZ,A76_LIST.txt; D2606JUN.txt; MY SLA; MY_JCL_Evidence.txt,Parsed,Production,Implemented,
MY,TMYCLKA7#4,CPU_094,J7XCLDFS,JCXCLDFS,Matched,1,0,0,32,0,0,31,,,Standard,,,CXCK010 CXU016,&ENV.COM.BTHSEQ.&VER.D7A410.KCDFORG &ENV.IMX.BTHVSM.&VER.CXKIM &ENV.IMX.ONLVSM.&VER.CXSYS PRDCRD.BTHCTL.MY20A2(CXCK010),A76_LIST.txt; D2606JUN.txt; MY SLA; MY_JCL_Evidence.txt,Parsed,Production,Implemented,
MY,TMYCLKA7#4,CPU_095,J7XCLDFI,JCXCLDFI,Matched,1,0.98,1.3,32,0.82,0.9,31,,,Standard,,,CXCK020 CXCK021 CXU016 IDCAMS IEFBR14 SORT,&ENV.CIS.BTHVSM.&VER.CPBCPX &ENV.CIS.BTHVSM.&VER.CPBSYS &ENV.CIS.ONLVSM.&VER.CPPFX.PATH &ENV.COM.BTHBGD.&VER.D7B.KCDFACC(0) &ENV.COM.BTHBGD.&VER.D7B.KCDFBAL(0) &ENV.COM.BTHBGD.&VER.D7B.KCDFBIZ(0) &ENV.COM.BTHBGD.&VER.D7B.KCDFCUS(0) &ENV.COM.BTHBGD.&VER.D7B.KCDFPLT(0) &ENV.COM.BTHBGD.&VER.D7B.KCDFTXN(0) &ENV.COM.BTHSEQ.&VER.D4B210.KCXUPL &ENV.COM.BTHSEQ.&VER.D7B480.KCDFXCUP &ENV.CSS.ONLVSM.&VER.CSCPES &ENV.IMX.BTHSEQ.&VER.CXKSI.AX &ENV.IMX.BTHSEQ.&VER.CXKSI.CP &ENV.IMX.BTHSEQ.&VER.CXKSI.JC &ENV.IMX.BTHSEQ.&VER.CXKSI.MC &ENV.IMX.BTHSEQ.&VER.CXKSI.NC &ENV.IMX.BTHSEQ.&VER.CXKSI.UNK &ENV.IMX.BTHSEQ.&VER.CXKSI.VS &ENV.IMX.BTHSEQ.&VER.CXKSO &ENV.IMX.BTHSEQ.&VER.CXTFO.POST &ENV.IMX.BTHVSM.&VER.CXKCBZ &ENV.IMX.BTHVSM.&VER.CXKIM &ENV.IMX.ONLVSM.&VER.CXH01 &ENV.IMX.ONLVSM.&VER.CXH02 &ENV.IMX.ONLVSM.&VER.CXH03 &ENV.IMX.ONLVSM.&VER.CXH04 &ENV.IMX.ONLVSM.&VER.CXH05 &ENV.IMX.ONLVSM.&VER.CXH06 &ENV.IMX.ONLVSM.&VER.CXH07,A76_LIST.txt; D2606JUN.txt; MY SLA; MY_JCL_Evidence.txt,Parsed,Production,Implemented,
MY,TMYCLKA7#4,CPU_096,J7XCLDFM,JCXCLDFM,Matched,1,0.08,0.1,32,0.09,0.13,31,,,Standard,,,CXCK030 CXCK040 CXU016 IDCAMS IEFBR14 SORT,PRDCRD.BTHCTL.MY20A2(CXCK030) PRDCRD.BTHCTL.MY20A2(CXCK040) PRDCRD.BTHCTL.MY20A2(DYNALL32) PRDCRD.BTHCTL.MY20A2(REPROCX) PRDCSS.ONLVSM.MY20A2.CSCPES PRDIMX.BTHSEQ.MY20A2.CXCDF PRDIMX.BTHSEQ.MY20A2.CXCDF.XML PRDIMX.BTHSEQ.MY20A2.CXCDF.XML.ASCII PRDIMX.BTHSEQ.MY20A2.CXCDF.XML.OUT PRDIMX.BTHSEQ.MY20A2.CXKSI.MC PRDIMX.BTHVSM.MY20A2.CXACQ PRDIMX.BTHVSM.MY20A2.CXISS PRDIMX.BTHVSM.MY20A2.CXKIM PRDIMX.ONLVSM.MY20A2.CXSYS PRDTCP.ONLVSM.MY20A2.TCPPPM,A76_LIST.txt; D2606JUN.txt; MY SLA; MY_JCL_Evidence.txt,Parsed,Production,Implemented,
MY,TMYCLKA7#4,CPU_097,J7SFHKCB,JASFHKCB,Matched,1,0.08,0.1,32,0.08,0.1,31,,,Standard,,,IDCAMS,PRDCIS.BKPVSM.MY20A2.CPBASF.BKHSKP,A76_LIST.txt; D2606JUN.txt; MY SLA; MY_JCL_Evidence.txt,Parsed,Production,Implemented,
MY,TMYCLKA7#4,CPU_098,J7SFHKC,JASFHKC,Matched,1,2.24,3.12,32,1.81,2.38,31,,,Standard,,,,,A76_LIST.txt; D2606JUN.txt; MY SLA; MY_JCL_Evidence.txt,Parsed,Production,Implemented,
MY,TMYCLKA7#4,CPU_099,J7P1958U,JCP1958U,Matched,1,0.08,0.13,32,0.07,0.12,31,,,Standard,,,CVFRPT01 IEFBR14 SORT,&CNTLLIB(ICP01343) &CNTLLIB(ICP01344) &ENV.CIS.BTHVSM.&VER.CPBSYS &ENV.CIS.ONLVSM.&VER.CPPFX.PATH &ENV.EDC.BTHSEQ.&VER.CVFT.GL &ENV.EDC.BTHSEQ.&VER.CVFT.REFUND &ENV.EDC.BTHSEQ.&VER.CVFT.SALES &ENV.EDC.BTHSEQ.&VER.CVFT.SALES.D &ENV.EDC.BTHSEQ.&VER.CVFTXN &ENV.EDC.BTHSEQ.&VER.CVFTXN.PC010 PIEF.PMNSEQ.CVFTXN,A76_LIST.txt; D2606JUN.txt; MY SLA; MY_JCL_Evidence.txt,Parsed,Production,Implemented,
MY,TMYCLKA7#4,CPU_100,J7P1959U,JCP1959U,Matched,1,0,0.05,32,0.02,0.08,31,,,Standard,,,CVFRPT03 IEFBR14 SORT,&ENV.EDC.BTHSEQ.&VER.CVFT.VOID &ENV.EDC.BTHSEQ.&VER.CVFTXN PRDEDC.BTHLOD.MY20A2,A76_LIST.txt; D2606JUN.txt; MY SLA; MY_JCL_Evidence.txt,Parsed,Production,Implemented,
MY,TMYCLKA7#4,CPU_101,J7PEXEIS,JCPEXEIS,Matched,1,8.36,10.17,32,10.68,13.9,31,,,Standard,,,AUDXEIS ICETOOL IEFBR14 MIDXEIS,&ENV.CAU.BKPVSM.&VER.ISSLOGA.EOD.AFTER &ENV.CAU.BKPVSM.&VER.ISSLOGB.EOD.AFTER &ENV.CAU.BTHSEQ.&VER.EIS.ISSLOG1.CTL &ENV.CAU.BTHSEQ.&VER.EIS.ISSLOG1.DAT &ENV.CAU.BTHSEQ.&VER.EIS.ISSLOG2.CTL &ENV.CAU.BTHSEQ.&VER.EIS.ISSLOG2.DAT &ENV.CAU.ONLVSM.&VER.AUSYS &ENV.CIS.BTHVSM.&VER.CPBSYS &ENV.MBI.BTHBGD.&VER.BTHLARGE.ML1.B(0) &ENV.MBI.BTHBGD.&VER.BTHLARGE.ML2.B(0) &ENV.MBI.BTHBGD.&VER.BTHLARGE.ML3.B(0) &ENV.MBI.BTHSEQ.&VER.BTHLARGE.M1.EIS &ENV.MBI.BTHSEQ.&VER.BTHLARGE.M2.EIS &ENV.MBI.BTHSEQ.&VER.BTHLARGE.M3.EIS &ENV.MBI.BTHSEQ.&VER.EIS.MILOG.CTL &ENV.MBI.BTHSEQ.&VER.EIS.MILOG.DAT &ENV.MBI.ONLVSM.&VER.MISYS PRDCRD.BTHCTL.MY20A2(ICPK0050),A76_LIST.txt; D2606JUN.txt; MY SLA; MY_JCL_Evidence.txt,Parsed,Production,Implemented,
MY,TMYCLKA7#4,CPU_102,J7P2839U,JCP2839U,Matched,1,25.42,26.72,31,23.11,23.67,30,,,Standard,,,CP621960 CP621970 CP621980 CP621990 CP622000 CP622010 CP622020 CP622030 CP622040 SORT,&ENV.CIS.BTHVSM.&VER.CPBKYC &ENV.CIS.BTHVSM.&VER.CPBSYS &ENV.CIS.ONLVSM.&VER.CPADD &ENV.CRD.BTHSEQ.&VER.EIS.CLKCPADD.CTL &ENV.CRD.BTHSEQ.&VER.EIS.CLKCPADD.DAT &ENV.CRD.BTHSEQ.&VER.EIS.CLKCPKYC.CTL &ENV.CRD.BTHSEQ.&VER.EIS.CLKCPKYC.DAT &ENV.CRD.BTHSEQ.&VER.EIS.CLKCPKYC.SORT &ENV.CRD.BTHSEQ.&VER.EIS.CLKPRC1.CTL &ENV.CRD.BTHSEQ.&VER.EIS.CLKPRC1.DAT &ENV.CRD.BTHSEQ.&VER.EIS.CLKPRC2.CTL &ENV.CRD.BTHSEQ.&VER.EIS.CLKPRC2.DAT &ENV.CRD.BTHSEQ.&VER.EIS.CLKQRACS.CTL &ENV.CRD.BTHSEQ.&VER.EIS.CLKQRACS.DAT &ENV.CRD.BTHSEQ.&VER.EIS.CLKQRIS1.CTL &ENV.CRD.BTHSEQ.&VER.EIS.CLKQRIS1.DAT &ENV.CRD.BTHSEQ.&VER.EIS.CLKQRIS2.CTL &ENV.CRD.BTHSEQ.&VER.EIS.CLKQRIS2.DAT &ENV.CRD.BTHSEQ.&VER.EIS.CLKQRISS.CTL &ENV.CRD.BTHSEQ.&VER.EIS.CLKQRISS.DAT &ENV.CRD.BTHSEQ.&VER.EIS.CLKQRONR.CTL &ENV.CRD.BTHSEQ.&VER.EIS.CLKQRONR.DAT &ENV.CRD.BTHSEQ.&VER.EIS.CLKQRONS.CTL &ENV.CRD.BTHSEQ.&VER.EIS.CLKQRONS.DAT &ENV.CRD.BTHSEQ.&VER.EIS.CLKRTP1R.CTL &ENV.CRD.BTHSEQ.&VER.EIS.CLKRTP1R.DAT &ENV.CRD.BTHSEQ.&VER.EIS.CLKRTP2R.CTL &ENV.CRD.BTHSEQ.&VER.EIS.CLKRTP2R.DAT &ENV.CRD.BTHSEQ.&VER.EIS.CLKRTPS.CTL &ENV.CRD.BTHSEQ.&VER.EIS.CLKRTPS.DAT,A76_LIST.txt; D2606JUN.txt; MY SLA; MY_JCL_Evidence.txt,Parsed,Production,Implemented,
MY,TMYCLKA7#4,CPU_103,J7P2108B,JCP2108B,Matched,1,0.06,0.08,32,0.05,0.07,31,,,Standard,,,IDCAMS,PRDCIS.BTHLOD.MY20A2 PRDCRD.BTHLOD.MY20A2 PRDCSS.BTHLOD.MY20A2,A76_LIST.txt; D2606JUN.txt; MY SLA; MY_JCL_Evidence.txt,Parsed,Production,Implemented,
MY,TMYCLKA7#4,CPU_104,J7P2108U,JCP2108U,Matched,1,10.63,12.53,32,11.28,13.57,31,,,Standard,,,CP620020 CP620030 IDCAMS SORT,&CNTLLIB(REPRO) &ENV.CIS.BTHSEQ.&VER.CPBALC.JCP2108U &ENV.CIS.ONLVSM.&VER.CPBALC PRDCIS.BTHSEQ.MY20A2.CPBALC.JCP2108U PRDCIS.BTHVSM.MY20A2.CPBPLT PRDCIS.BTHVSM.MY20A2.CPBSYS PRDCIS.ONLVSM.MY20A2.CPBALC PRDCRD.BTHSEQ.MY20A2.POSTED PRDCRD.WRKSEQ.MY20A2.POSTED.BALCON PRDEPP.ONLVSM.MY20A2.EPTRANS,A76_LIST.txt; D2606JUN.txt; MY SLA; MY_JCL_Evidence.txt,Parsed,Production,Implemented,
MY,TMYCLKA7#4,CPU_105,J7P2107U,JCP2107U,Matched,1,2.77,3.28,32,2.66,3.32,31,-,07:30,Critical,CCMS,Generate approval letter -,CP620000 ICEGENER IEFBR14 SORT,&CNTLLIB(DYNALL32) &ENV.CAQ.BTHVSM.&VER.QMPSYSR &ENV.CIS.BTHVSM.&VER.CPBCRD &ENV.CIS.BTHVSM.&VER.CPBCUS &ENV.CIS.BTHVSM.&VER.CPBPLT &ENV.CIS.ONLVSM.&VER.CPBALC &ENV.EPP.ONLVSM.&VER.EPTRANS &PARMSUP(ICP01342) PRDCRD.BTHCTL.MY20A2(ICP01360) PRDCRD.BTHPRM.MY20A2.SUP(ICP01342) PRDCRD.BTHSEQ.MY20A2.J2107.GEPP.CSL PRDCRD.BTHSEQ.MY20A2.POSTED PRDCRD.BTHSEQ.MY20A2.SMSAPPR PRDCRD.BTHSEQ.MY20A2.SMSRECJ PRDCRD.WRKSEQ.MY20A2.CPBALC.J2107U PRDCRD.WRKSEQ.MY20A2.J2107.GEPP.CSL.FPP PRDCRD.WRKSEQ.MY20A2.J2107.GEPP.CSL.TMP PRDEPP.BTHSEQ.MY20A2.EPDBALC.REBCFIL PRDEPP.WRKSEQ.MY20A2.EPDBALC.REBCFIL,A76_LIST.txt; D2606JUN.txt; MY SLA; MY_JCL_Evidence.txt,Parsed,Production,Implemented,
MY,TMYCLKA7#4,CPU_106,J7P2104U,JCP2104U,Matched,1,0.14,0.18,33,0.12,0.17,31,,,Standard,,,ICETOOL IDCAMS SORT,PRDCIS.BTHSEQ.MY20A2.CPBNMPRM PRDCIS.BTHSEQ.MY20A2.CPBNMPRM.BKUP PRDCIS.ONLVSM.MY20A2.CPBNMPRM PRDCRD.BTHCTL.MY20A2(BAICTL) PRDCRD.BTHCTL.MY20A2(BNMINSC) PRDCRD.BTHCTL.MY20A2(CSHLCTL) PRDCRD.BTHCTL.MY20A2(ICP01470) PRDCRD.BTHCTL.MY20A2(ICP01471) PRDCRD.BTHCTL.MY20A2(ICP01472) PRDCRD.BTHCTL.MY20A2(ICP01473) PRDCRD.BTHCTL.MY20A2(ICP01474) PRDCRD.BTHCTL.MY20A2(ICP01475) PRDCRD.BTHCTL.MY20A2(ICP01476) PRDCRD.BTHCTL.MY20A2(ICP01477) PRDCRD.BTHCTL.MY20A2(ICP01541) PRDCRD.BTHCTL.MY20A2(ICP01542) PRDCRD.BTHCTL.MY20A2(ICP01546) PRDCRD.BTHCTL.MY20A2(ICP01570) PRDCRD.BTHCTL.MY20A2(ICP01586) PRDCRD.BTHCTL.MY20A2(ICP01652) PRDCRD.BTHCTL.MY20A2(RNRCTL) PRDCRD.BTHPRM.MY20A2.SUP(BNMCTL) PRDCRD.BTHPRM.MY20A2.SUP(BNMDATE) PRDCRD.BTHPRM.MY20A2.SUP(ICP01377) PRDCRD.BTHPRM.MY20A2.SUP(ICP01378) PRDCRD.BTHPRM.MY20A2.SUP(ICP01379) PRDCRD.BTHPRM.MY20A2.SUP(ICP01380) PRDCRD.BTHPRM.MY20A2.SUP(ICP01381) PRDCRD.BTHPRM.MY20A2.SUP(ICP01382) PRDCSS.ONLVSM.MY20A2.CSCTY,A76_LIST.txt; D2606JUN.txt; MY SLA; MY_JCL_Evidence.txt,Parsed,Production,Implemented,
MY,TMYCLKA7#4,CPU_107,J7P2106U,JCP2106U,Matched,1,0.31,0.7,32,0.57,1.68,31,,,Standard,,,CP619990 CP620300 ICEGENER IDCAMS SORT,PRDCIS.BTHLOD.MY20A2 PRDCIS.BTHVSM.MY20A2.CPBCUS PRDCIS.BTHVSM.MY20A2.CPBPLT PRDCIS.BTHVSM.MY20A2.CPBSYS PRDCOM.BTHSEQ.MY20A2.D00S.KCMBIZ PRDCOM.BTHSEQ.MY20A2.D00S.KCMBIZ.SRT PRDCOM.BTHVSM.MY20A2.D00V.KCMACC PRDCRD.BTHCTL.MY20A2(BNMINSC) PRDCRD.BTHCTL.MY20A2(ICP01387) PRDCRD.BTHCTL.MY20A2(ICP01388) PRDCRD.BTHLOD.MY20A2 PRDCRD.BTHSEQ.MY20A2.CORP.EMPLTYP.UI,A76_LIST.txt; D2606JUN.txt; MY SLA; MY_JCL_Evidence.txt,Parsed,Production,Implemented,
MY,TMYCLKA7#4,CPU_108,J7P2154U,JCP2154U,Matched,1,0.01,0.02,32,0.01,0.02,31,,,Standard,,,CP620250 ICEGENER IDCAMS SORT,PRDCIS.BTHLOD.MY20A2 PRDCIS.BTHVSM.MY20A2.CPBPLT PRDCRD.BTHBGD.MY20A2.RCS.CUCR.CPUI(0) PRDCRD.BTHLOD.MY20A2 PRDCRD.BTHSEQ.MY20A2.ADHOC.BNMLOG PRDCRD.BTHSEQ.MY20A2.AS400.BNMLOG PRDCRD.BTHSEQ.MY20A2.BNMLOG.ALL PRDCRD.BTHSEQ.MY20A2.BNMLOG.JCP2154U PRDCRD.BTHSEQ.MY20A2.BNR1VIEW.BNMLOG PRDCRD.BTHSEQ.MY20A2.BNRRUBIK.BNMLOG PRDCRD.BTHSEQ.MY20A2.CAF.BNMLOG PRDCRD.BTHSEQ.MY20A2.NPD006.BNMLOG PRDCRD.BTHSEQ.MY20A2.RCS.BNMLOG PRDCRD.BTHSEQ.MY20A2.RCS.BNMLOG.AU PRDCRD.BTHSEQ.MY20A2.REISS.BNMLOG PRDCRD.BTHVSM.MY20A2.CUCRUI,A76_LIST.txt; D2606JUN.txt; MY SLA; MY_JCL_Evidence.txt,Parsed,Production,Implemented,
MY,TMYCLKA7#4,CPU_109,J7NMLHK,JBNMLHK,Matched,1,0.34,0.38,32,0.39,0.58,31,,,Standard,,,,PRDCIS.BTHLOD.MY20A2 PRDCSS.BTHLOD.MY20A2,A76_LIST.txt; D2606JUN.txt; MY SLA; MY_JCL_Evidence.txt,Parsed,Production,Implemented,
MY,TMYCLKA7#4,CPU_110,J7P2155U,JCP2155U,Matched,1,0.87,0.87,1,0.8,0.8,1,-,12:00,Critical,EIS,Extract BNM Justification log file to EIS,CP617720 CP620260 SORT,PRDCIS.BTHLOD.MY20A2 PRDCIS.BTHVSM.MY20A2.CPBSYS PRDCIS.ONLVSM.MY20A2.CPBNMLH PRDCRD.BTHLOD.MY20A2 PRDCRD.BTHSEQ.MY20A2.BNM.EISLOG PRDCRD.BTHSEQ.MY20A2.EISLCTL PRDCRD.BTHSEQ.MY20A2.EISPUT.BNMLOG,A76_LIST.txt; D2606JUN.txt; MY SLA; MY_JCL_Evidence.txt,Parsed,Production,Implemented,
MY,TMYCLKA7#4,CPU_111,J7P2156U,JCP2156U,Matched,1,0.02,0.03,32,0.02,0.05,31,,,Standard,,,CP620120 SORT,PRDCIS.BTHLOD.MY20A2 PRDCIS.BTHVSM.MY20A2.CPBSYS PRDCIS.ONLVSM.MY20A2.CPBNMLH PRDCRD.BTHCTL.MY20A2(ICP01374) PRDCRD.BTHCTL.MY20A2(ICP01375) PRDCRD.BTHLOD.MY20A2 PRDCRD.WRKSEQ.MY20A2.BNMLOG,A76_LIST.txt; D2606JUN.txt; MY SLA; MY_JCL_Evidence.txt,Parsed,Production,Implemented,
MY,TMYCLKA7#4,CPU_112,J7MDY02A,JQMDY02A,Matched,1,0.07,0.08,32,0.08,0.15,31,,,Standard,,,,PRDCAQ.BTHLOD.MY20A2 PRDCAU.BTHLOD.MY20A2 PRDCIS.BTHLOD.MY20A2 PRDCSS.BTHLOD.MY20A2,A76_LIST.txt; D2606JUN.txt; MY SLA; MY_JCL_Evidence.txt,Parsed,Production,Implemented,
MY,TMYCLKA7#4,CPU_113,J7MUMBLC,JQMUMBLC,Matched,1,19.83,26.07,32,20.79,27.08,31,,,Standard,,,,,A76_LIST.txt; D2606JUN.txt; MY SLA; MY_JCL_Evidence.txt,Parsed,Production,Implemented,
MY,TMYCLKA7#4,CPU_114,J7MDY08D,JQMDY08D,Matched,1,0.05,0.08,32,0.03,0.05,31,,,Standard,,,,PRDCAQ.BTHLOD.MY20A2 PRDCSS.BTHLOD.MY20A2,A76_LIST.txt; D2606JUN.txt; MY SLA; MY_JCL_Evidence.txt,Parsed,Production,Implemented,
MY,TMYCLKA7#4,CPU_115,J7MFMBLC,JQMFMBLC,Matched,1,0.09,0.17,32,0.06,0.1,31,,,Standard,,,,,A76_LIST.txt; D2606JUN.txt; MY SLA; MY_JCL_Evidence.txt,Parsed,Production,Implemented,
MY,TMYCLKA7#4,CPU_116,J7MUHSKM,JQMUHSKM,Matched,1,3.78,6.57,32,2.37,4.07,31,,,Standard,,,,,A76_LIST.txt; D2606JUN.txt; MY SLA; MY_JCL_Evidence.txt,Parsed,Production,Implemented,
MY,TMYCLKA7#4,CPU_117,J7UBINJC,JAUBINJC,Matched,1,0.03,0.03,32,0.02,0.03,31,,,Standard,,,,PRDCAU.BTHLOD.MY20A2 PRDCIS.BTHLOD.MY20A2 PRDCSS.BTHLOD.MY20A2,A76_LIST.txt; D2606JUN.txt; MY SLA; MY_JCL_Evidence.txt,Parsed,Production,Implemented,
MY,TMYCLKA7#4,CPU_118,J7USM#12,JAUSM#12,Matched,1,0.02,0.02,32,0.02,0.02,31,,,Standard,,,,&CNTLLIB(AUD500L),A76_LIST.txt; D2606JUN.txt; MY SLA; MY_JCL_Evidence.txt,Parsed,Production,Implemented,
MY,TMYCLKA7#4,CPU_119,J7XCLMTG,JCXCLMTG,Matched,1,0.13,0.23,32,0.18,0.37,31,,,Standard,,,CXCM012 CXU016 IDCAMS IEFBR14 SORT,PRDCRD.BTHCTL.MY20A2(CXCM012) PRDCRD.BTHCTL.MY20A2(ICPK1000) PRDCSS.ONLVSM.MY20A2.CSCPES PRDIMX.BTHSEQ.MY20A2.CXTFO.MCI.T5G2 PRDIMX.BTHSEQ.MY20A2.T5G2 PRDIMX.BTHVSM.MY20A2.CXIFS.MCI PRDIMX.BTHVSM.MY20A2.CXKPS PRDIMX.ONLVSM.MY20A2.CXASO PRDIMX.ONLVSM.MY20A2.CXH01 PRDIMX.ONLVSM.MY20A2.CXH02 PRDIMX.ONLVSM.MY20A2.CXH03 PRDIMX.ONLVSM.MY20A2.CXH04 PRDIMX.ONLVSM.MY20A2.CXH05 PRDIMX.ONLVSM.MY20A2.CXH06 PRDIMX.ONLVSM.MY20A2.CXH07 PRDIMX.ONLVSM.MY20A2.CXH08 PRDIMX.ONLVSM.MY20A2.CXH09 PRDIMX.ONLVSM.MY20A2.CXH10 PRDIMX.ONLVSM.MY20A2.CXHSK PRDIMX.ONLVSM.MY20A2.CXHSX PRDIMX.ONLVSM.MY20A2.CXHSX1 PRDIMX.ONLVSM.MY20A2.CXHXA01 PRDIMX.ONLVSM.MY20A2.CXHXA02 PRDIMX.ONLVSM.MY20A2.CXHXA03 PRDIMX.ONLVSM.MY20A2.CXHXA04 PRDIMX.ONLVSM.MY20A2.CXHXA05 PRDIMX.ONLVSM.MY20A2.CXHXA06 PRDIMX.ONLVSM.MY20A2.CXHXA07 PRDIMX.ONLVSM.MY20A2.CXHXA08 PRDIMX.ONLVSM.MY20A2.CXHXA09,A76_LIST.txt; D2606JUN.txt; MY SLA; MY_JCL_Evidence.txt,Parsed,Production,Implemented,
MY,TMYCLKA7#4,CPU_120,J7XRTMTG,JCXRTMTG,Matched,1,0.03,0.05,32,0.02,0.03,31,,,Standard,,,CXRM012 CXU016 SORT,PRDCRD.BTHCTL.MY20A2(CXRM012I) PRDCRD.BTHSEQ.MY20A2.BPM.CXRM012 PRDIMX.BTHSEQ.MY20A2.T5G2 PRDIMX.BTHVSM.MY20A2.CXSYS.RPT,A76_LIST.txt; D2606JUN.txt; MY SLA; MY_JCL_Evidence.txt,Parsed,Production,Implemented,
MY,TMYCLKA7#4,CPU_121,J7XCPADN,JCXCPADN,Matched,1,0.64,0.92,32,0.47,0.72,31,,,Standard,,,CXPI033 CXU016 IDCAMS IEBGENER IEFBR14 SORT,&CNTLLIB(CXADNTDF) &CNTLLIB(CXADNTDL) &CNTLLIB(CXPI033) &CNTLLIB(CXRESET) &CNTLLIB(CXUPRM) &CNTLLIB(ICPK0500) &CNTLLIB(REPROCX) &ENV.CIS.BTHVSM.&VER.CPBSYS &ENV.IMX.BTHSEQ.&VER.CXCA1 &ENV.IMX.BTHSEQ.&VER.CXCA1.SORTED &ENV.IMX.BTHSEQ.&VER.CXCA1.TC96 &ENV.IMX.BTHSEQ.&VER.CXCHA &ENV.IMX.BTHSEQ.&VER.CXCHA.SORTED &ENV.IMX.BTHSEQ.&VER.CXCHA.TC96 &ENV.IMX.BTHSEQ.&VER.CXPRM &ENV.IMX.BTHSEQ.&VER.CXTFO.POST &ENV.IMX.BTHVSM.&VER.CXADN.MCI &ENV.IMX.BTHVSM.&VER.CXADN.NCI &ENV.IMX.BTHVSM.&VER.CXADN.TMP &ENV.IMX.BTHVSM.&VER.CXHADN &ENV.IMX.ONLVSM.&VER.CXSYS,A76_LIST.txt; D2606JUN.txt; MY SLA; MY_JCL_Evidence.txt,Parsed,Production,Implemented,
MY,TMYCLKA7#4,CPU_122,J7XCVSIM,JCXCVSIM,Matched,1,0.08,0.08,1,0.07,0.07,1,,,Standard,,,CXCV071 CXU016 IEFBR14 SORT,&CNTLLIB(CXCV071) &ENV.CAQ.BTHSEQ.&VER.CXMEX.QMU030 &ENV.IMX.BTHSEQ.&VER.CXVSO.AMMF &ENV.IMX.ONLVSM.&VER.CXSYS PRDCAQ.ONLVSM.MY20A2.QMMCNT PRDCAQ.ONLVSM.MY20A2.QMMMAP PRDCAQ.ONLVSM.MY20A2.QMMMAP.PATH PRDCAQ.ONLVSM.MY20A2.QMMMER PRDCAQ.ONLVSM.MY20A2.QMMPRF PRDCAQ.ONLVSM.MY20A2.QMPORG,A76_LIST.txt; D2606JUN.txt; MY SLA; MY_JCL_Evidence.txt,Parsed,Production,Implemented,
MY,TMYCLKA7#4,CPU_123,J7XRTVFO,JCXRTVFO,Matched,1,0.25,0.25,1,0.22,0.22,1,,,Standard,,,CXRV071 CXU016,&CNTLLIB(CXRV071O) &CNTLLIB(ICPK1000) &ENV.IMX.BTHSEQ.&VER.CXVSO.AMMF &ENV.IMX.BTHVSM.&VER.CXSYS.RPT,A76_LIST.txt; D2606JUN.txt; MY SLA; MY_JCL_Evidence.txt,Parsed,Production,Implemented,
MY,TMYCLKA7#4,CPU_124,J7MUHSKP,JQMUHSKP,Matched,1,0.36,0.45,32,0.35,0.42,31,,,Standard,,,,,A76_LIST.txt; D2606JUN.txt; MY SLA; MY_JCL_Evidence.txt,Parsed,Production,Implemented,
MY,TMYCLKA7#4,CPU_125,J7MR141,JQMR141,Matched,1,0,0,32,0,0,31,,,Standard,,,,,A76_LIST.txt; D2606JUN.txt; MY SLA; MY_JCL_Evidence.txt,Parsed,Production,Implemented,
MY,TMYCLKA7#4,CPU_126,J7PAUTOD,JCPAUTOD,Matched,1,0.29,0.88,32,0.24,0.78,31,,,Standard,,,,PRDCIS.BTHLOD.MY20A2 PRDCSS.BTHLOD.MY20A2 PRDIMX.BTHLOD.MY20A2,A76_LIST.txt; D2606JUN.txt; MY SLA; MY_JCL_Evidence.txt,Parsed,Production,Implemented,
MY,TMYCLKA7#4,CPU_127,J7PSFDBK,JCPSFDBK,Matched,1,0.01,0.03,32,0.01,0.05,31,,,Standard,,,IDCAMS,&CNTLLIB(REPRO) &ENV.CIS.BKPBGD.&VER.CPADSTMF.MTDAY(+1) &ENV.CIS.BTHSEQ.&VER.CPADSTMF.MTH PRDCIS.BTHLOD.MY20A2,A76_LIST.txt; D2606JUN.txt; MY SLA; MY_JCL_Evidence.txt,Parsed,Production,Implemented,
MY,TMYCLKA7#4,CPU_128,J7EXCRPT,JCEXCRPT,Matched,1,0,0.02,32,0,0,31,,,Standard,,,CPDAUTOR,&ENV.CIS.BTHVSM.&VER.CPBSYS &ENV.CRD.BTHSEQ.&VER.CPDAUTOD.EXCFILE PRDCIS.BTHLOD.MY20A2,A76_LIST.txt; D2606JUN.txt; MY SLA; MY_JCL_Evidence.txt,Parsed,Production,Implemented,
MY,TMYCLKA7#4,CPU_129,J7PSTPRO,JCPSTPRO,Matched,1,0.06,0.08,32,0.05,0.1,31,,,Standard,,,IDCAMS IEFBR14 SORT,&CNTLLIB(DYNALL32) &CNTLLIB(REPRO) &ENV.CIS.BKPBGD.&VER.CPADSTMF.MTDAY(0) &ENV.CIS.BTHSEQ.&VER.CPADSTMF.MTH &ENV.CIS.BTHSEQ.&VER.CPRPTT&SPLT. PRDCIS.BTHLOD.MY20A2,A76_LIST.txt; D2606JUN.txt; MY SLA; MY_JCL_Evidence.txt,Parsed,Production,Implemented,
MY,TMYCLKA7#4,CPU_130,J7YCXRF1,JKYCXRF1,Matched,1,0.03,0.05,32,0.03,0.05,31,,,Standard,,,,,A76_LIST.txt; D2606JUN.txt; MY SLA; MY_JCL_Evidence.txt,Parsed,Production,Implemented,
MY,TMYCLKA7#4,CPU_131,J7YCXRF2,JKYCXRF2,Matched,1,0.06,0.08,32,0.06,0.08,31,,,Standard,,,,,A76_LIST.txt; D2606JUN.txt; MY SLA; MY_JCL_Evidence.txt,Parsed,Production,Implemented,
MY,TMYCLKA7#4,CPU_132,J7YCBKPJ,JKYCBKPJ,Matched,1,0.01,0.02,32,0.01,0.02,31,,,Standard,,,ICEGENER,&ENV.CAQ.BTHBGD.&VER.QMKYC1.BKP(+1) &ENV.CAQ.BTHBGD.&VER.QMRPI1.BKP(+1) &ENV.CAQ.ONLVSM.&VER.QMKYC1 &ENV.CAQ.ONLVSM.&VER.QMRPI1,A76_LIST.txt; D2606JUN.txt; MY SLA; MY_JCL_Evidence.txt,Parsed,Production,Implemented,
MY,TMYCLKA7#4,CPU_133,J7MHSKX1,JQMHSKX1,Matched,1,0.05,0.05,32,0.04,0.07,31,,,Standard,,,,,A76_LIST.txt; D2606JUN.txt; MY SLA; MY_JCL_Evidence.txt,Parsed,Production,Implemented,
MY,TMYCLKA7#4,CPU_134,J7MKYCX1,JQMKYCX1,Matched,1,0.05,0.07,32,0.05,0.07,31,,,Standard,,,,,A76_LIST.txt; D2606JUN.txt; MY SLA; MY_JCL_Evidence.txt,Parsed,Production,Implemented,
MY,TMYCLKA7#4,CPU_135,J7RFALTJ,JXRFALTJ,Matched,1,0.03,0.05,32,0.03,0.03,31,,,Standard,,,IDCAMS SORT,&CNTLLIB(QMDFXRF1) &CNTLLIB(QMDFXRFM) &CNTLLIB(QMDLXRF1) &CNTLLIB(QMDLXRFM) &CNTLLIB(RESETCC) &ENV.CAQ.BTHSEQ.&VER.XRFMERP &ENV.CAQ.BTHSEQ.&VER.XRFMMER &ENV.CAQ.ONLVSM.&VER.XRFMERP &ENV.CAQ.ONLVSM.&VER.XRFMMER,A76_LIST.txt; D2606JUN.txt; MY SLA; MY_JCL_Evidence.txt,Parsed,Production,Implemented,
MY,TMYCLKA7#4,CPU_136,J7YCALTJ,JKYCALTJ,Matched,1,0,0.02,32,0,0.02,31,,,Standard,,,ICEGENER IDCAMS,&CNTLLIB(QMDFKYC1) &CNTLLIB(QMDFRPI1) &CNTLLIB(QMDLKYC1) &CNTLLIB(QMDLRPI1) &CNTLLIB(RESETCC) &ENV.CAQ.BTHSEQ.&VER.KYCFIL &ENV.CAQ.BTHSEQ.&VER.RPIFIL &ENV.CAQ.ONLVSM.&VER.QMKYC1 &ENV.CAQ.ONLVSM.&VER.QMRPI1,A76_LIST.txt; D2606JUN.txt; MY SLA; MY_JCL_Evidence.txt,Parsed,Production,Implemented,
MY,TMYCLKA7#4,CPU_137,J7FKYCX1,JCFKYCX1,Matched,1,0.42,0.45,32,0.43,0.48,31,08.30AM,11.00AM,Critical,EIS,Extract AML KYC Merchant Files,SORT,&ENV.CAQ.BTHSEQ.&VER.CLKMKYC.PUT,A76_LIST.txt; D2606JUN.txt; MY SLA; MY_JCL_Evidence.txt,Parsed,Production,Implemented,
MY,TMYCLKA7#4,CPU_138,J7FKYCX2,JCFKYCX2,Matched,1,0.46,0.5,32,0.46,0.52,31,-,07:00,Critical,BDW,BDW,,,A76_LIST.txt; D2606JUN.txt; MY SLA; MY_JCL_Evidence.txt,Parsed,Production,Implemented,
MY,TMYCLKA7#4,CPU_139,J7MAHCOX,JQMAHCOX,Matched,1,3.9,3.9,1,3.48,3.48,1,,,Standard,,,IDCAMS IEFBR14 QMAHC01 QMAHC02 SORT,PRDCAQ.BTHLOD.MY20A2 PRDCAQ.BTHSEQ.MY20A2.CQDEXT.QMEVT01 PRDCAQ.BTHSEQ.MY20A2.CQDEXT.QMMEVTN PRDCAQ.BTHSEQ.MY20A2.CQDHSEKP.QMTMPT PRDCAQ.BTHSEQ.MY20A2.CQDHSEKP.QMTMPTO PRDCAQ.BTHSEQ.MY20A2.CQDHSEKP.QMTMPTS PRDCAQ.ONLVSM.MY20A2.QMMEVT PRDCAQ.ONLVSM.MY20A2.QMPSYS PRDCAQ.ONLVSM.MY20A2.QMTMPT PRDCAQ.ONLVSM.MY20A2.QMTMPTN.ONLLARGE PRDCRD.BTHCTL.MY20A2(DYNALL32) PRDCRD.BTHCTL.MY20A2(QMALMPTN) PRDCRD.BTHCTL.MY20A2(QMBDMPTN) PRDCRD.BTHCTL.MY20A2(QMDFMPTN) PRDCRD.BTHCTL.MY20A2(QMDLMPTN) PRDCRD.BTHCTL.MY20A2(QMDLTMPT) PRDCRD.BTHCTL.MY20A2(REPRO) PRDCRD.BTHCTL.MY20A2(RESETCC),A76_LIST.txt; D2606JUN.txt; MY SLA; MY_JCL_Evidence.txt,Parsed,Production,Implemented,
MY,TMYCLKA7#4,CPU_140,J7P2512U,JCP2512U,Matched,1,17.37,17.37,1,14.68,14.68,1,,,Standard,,,IDCAMS IEFBR14 QMU000 QMU007 SORT,&CNTLLIB(ICPK5000) &CNTLLIB(QMU007A) &CNTLLIB(QMU007S1) &CNTLLIB(QMU007S2) &ENV.CAQ.BTHSEQ.&VER.QMU007.QMHST00 &ENV.CAQ.BTHSEQ.&VER.QMU007.QMHST01 &ENV.CAQ.BTHSEQ.&VER.QMU007.QMHST02 &ENV.CAQ.BTHSEQ.&VER.QMU007.QMHST03 &ENV.CAQ.BTHSEQ.&VER.QMU007.QMHST04 &ENV.CAQ.BTHSEQ.&VER.QMU007.QMHST05 &ENV.CAQ.BTHSEQ.&VER.QMU007.QMHSXP &ENV.CAQ.BTHSEQ.&VER.QMU007.QMHSXS &ENV.CAQ.ONLVSM.&VER.QMHSK &ENV.CAQ.ONLVSM.&VER.QMHST01 &ENV.CAQ.ONLVSM.&VER.QMHST02 &ENV.CAQ.ONLVSM.&VER.QMHST03 &ENV.CAQ.ONLVSM.&VER.QMHST04 &ENV.CAQ.ONLVSM.&VER.QMHST05 &ENV.CAQ.ONLVSM.&VER.QMPSYS &ENV.CAQ.ONLVSM.&VER.QMTMPT,A76_LIST.txt; D2606JUN.txt; MY SLA; MY_JCL_Evidence.txt,Parsed,Production,Implemented,
MY,TMYCLKA7#4,CPU_141,J7P2513U,JCP2513U,Matched,1,70.22,70.22,1,71.03,71.03,1,,,Standard,,,ICETOOL IDCAMS IEBDG QMD034 QMU000 SORT,&CNTLLIB(DYNALL32) &CNTLLIB(ICPK5000) &CNTLLIB(QMBDMPTN) &CNTLLIB(QMD034A) &CNTLLIB(QMD034S1) &CNTLLIB(QMDFH01N) &CNTLLIB(QMDFH02N) &CNTLLIB(QMDFH03N) &CNTLLIB(QMDFH04N) &CNTLLIB(QMDFH05N) &CNTLLIB(QMDFHXPN) &CNTLLIB(QMDFHXSN) &CNTLLIB(QMDFMPTN) &CNTLLIB(QMDLH01N) &CNTLLIB(QMDLH02N) &CNTLLIB(QMDLH03N) &CNTLLIB(QMDLH04N) &CNTLLIB(QMDLH05N) &CNTLLIB(QMDLHXPN) &CNTLLIB(QMDLHXSN) &CNTLLIB(QMDLMPTN) &CNTLLIB(QMHDRREC) &CNTLLIB(QMMSPTFS) &CNTLLIB(QMSHSXP2) &CNTLLIB(QMSHSXS2) &CNTLLIB(QMSMCPY) &CNTLLIB(REPRO) &CNTLLIB(RESETCC) &ENV.CAQ.BTHSEQ.&VER.QMU007.QMHST00 &ENV.CAQ.BTHSEQ.&VER.QMU007.QMHST01,A76_LIST.txt; D2606JUN.txt; MY SLA; MY_JCL_Evidence.txt,Parsed,Production,Implemented,
MY,TMYCLKA7#4,CPU_142,J7P2514U,JCP2514U,Matched,1,6.65,6.65,1,5.55,5.55,1,,,Standard,,,ICETOOL IDCAMS,&CNTLLIB(DFCOPY8) &CNTLLIB(QMALHSTN) &CNTLLIB(QMALHXPN) &CNTLLIB(QMALHXSN) &CNTLLIB(QMALMPTN) &CNTLLIB(QMDLHST) &CNTLLIB(QMDLHSXP) &CNTLLIB(QMDLHSXS) &CNTLLIB(QMDLTMPT) &ENV.CAQ.BKPSEQ.&VER.QMHST01.QMU007 &ENV.CAQ.BKPSEQ.&VER.QMHST02.QMU007 &ENV.CAQ.BKPSEQ.&VER.QMHST03.QMU007 &ENV.CAQ.BKPSEQ.&VER.QMHST04.QMU007 &ENV.CAQ.BKPSEQ.&VER.QMHST05.QMU007 &ENV.CAQ.BKPSEQ.&VER.QMHSXP.QMU007 &ENV.CAQ.BKPSEQ.&VER.QMHSXS.QMU007 &ENV.CAQ.BKPSEQ.&VER.QMTMPT.QMU007 &ENV.CAQ.BTHVSM.&VER.QMHST01N &ENV.CAQ.BTHVSM.&VER.QMHST02N &ENV.CAQ.BTHVSM.&VER.QMHST03N &ENV.CAQ.BTHVSM.&VER.QMHST04N &ENV.CAQ.BTHVSM.&VER.QMHST05N &ENV.CAQ.BTHVSM.&VER.QMHSXPN &ENV.CAQ.BTHVSM.&VER.QMHSXSN &ENV.CAQ.ONLVSM.&VER.QMHST01 &ENV.CAQ.ONLVSM.&VER.QMHST02 &ENV.CAQ.ONLVSM.&VER.QMHST03 &ENV.CAQ.ONLVSM.&VER.QMHST04 &ENV.CAQ.ONLVSM.&VER.QMHST05 &ENV.CAQ.ONLVSM.&VER.QMHSXP,A76_LIST.txt; D2606JUN.txt; MY SLA; MY_JCL_Evidence.txt,Parsed,Production,Implemented,
MY,TMYCLKA7#4,CPU_143,J7TVICBU,JSTVICBU,Matched,1,0.13,0.22,32,0.13,0.3,31,23:00,23:30,Critical,Cybersource,Visa Incoming Cybersource TC33A file – FTP,IEBGENER IEFBR14,&CNTLLIB(ICP01412) &ENV.BS3.BTHSEQ.&VER.VISA.VCAPF PRDCRD.BTHCTL.MY20A2(MBRDEL),A76_LIST.txt; D2606JUN.txt; MY SLA; MY_JCL_Evidence.txt,Parsed,Production,Implemented,
MY,TMYCLKA7#4,CPU_144,J7TVICBG,JSTVICBG,Matched,1,0.22,0.25,32,0.24,0.28,31,,,Standard,,,,&ENV.BS3.BTHSEQ.&VER.VISA.VCAPF.YYVCAPF,A76_LIST.txt; D2606JUN.txt; MY SLA; MY_JCL_Evidence.txt,Parsed,Production,Implemented,
MY,TMYCLKA7#4,CPU_145,J7XCLCBS,JCXCLCBS,Matched,1,0.19,0.33,32,0.2,0.28,31,,,Standard,,,CXCB010 CXU016 IDCAMS IEBGENER IEFBR14 SORT,&CNTLLIB(CXADNBDF) &CNTLLIB(CXADNBDL) &CNTLLIB(CXCB010) &CNTLLIB(CXRESET) &CNTLLIB(CXTFEBDF) &CNTLLIB(CXTFEBDL) &CNTLLIB(CXUPRM) &CNTLLIB(ICPK0500) &CNTLLIB(REPROCX) &ENV.CAQ.ONLVSM.&VER.QMMCNT &ENV.CAQ.ONLVSM.&VER.QMMMAP &ENV.CAQ.ONLVSM.&VER.QMMMAP.PATH &ENV.CAQ.ONLVSM.&VER.QMMMER &ENV.CAQ.ONLVSM.&VER.QMMPRF &ENV.CAQ.ONLVSM.&VER.QMPORG &ENV.CIS.BTHVSM.&VER.CPBMER &ENV.CIS.BTHVSM.&VER.CPBSYS &ENV.CIS.ONLVSM.&VER.CPPFX.PATH &ENV.CSS.ONLVSM.&VER.CSCPES &ENV.CSS.ONLVSM.&VER.CSCUR &ENV.CSS.ONLVSM.&VER.CSRTE &ENV.IMX.BTHSEQ.&VER.CXCBS &ENV.IMX.BTHSEQ.&VER.CXIRC.PARM &ENV.IMX.BTHSEQ.&VER.CXPRM &ENV.IMX.BTHSEQ.&VER.CXTFO.CBS &ENV.IMX.BTHVSM.&VER.CXACQ &ENV.IMX.BTHVSM.&VER.CXADN.CBS &ENV.IMX.BTHVSM.&VER.CXIFS.CBS &ENV.IMX.BTHVSM.&VER.CXISS &ENV.IMX.BTHVSM.&VER.CXKPS,A76_LIST.txt; D2606JUN.txt; MY SLA; MY_JCL_Evidence.txt,Parsed,Production,Implemented,
MY,TMYCLKA7#4,CPU_146,J7XRTCBS,JCXRTCBS,Matched,1,0.03,0.05,32,0.03,0.03,31,,,Standard,,,CXRB010 CXU016,&CNTLLIB(CXRB010I) &CNTLLIB(ICPK0500) &ENV.IMX.BTHSEQ.&VER.CXCBS &ENV.IMX.BTHVSM.&VER.CXSYS.RPT,A76_LIST.txt; D2606JUN.txt; MY SLA; MY_JCL_Evidence.txt,Parsed,Production,Implemented,
MY,TMYCLKA7#4,CPU_147,J7PCVTIM,JEPCVTIM,Matched,1,0.2,0.32,32,0.22,0.3,31,,,Standard,,,,,A76_LIST.txt; D2606JUN.txt; MY SLA; MY_JCL_Evidence.txt,Parsed,Production,Implemented,
MY,TMYCLKA7#4,CPU_148,J7RPCS01,JCRPCS01,Matched,1,0.03,0.03,32,0.03,0.03,31,,,Standard,,,,,A76_LIST.txt; D2606JUN.txt; MY SLA; MY_JCL_Evidence.txt,Parsed,Production,Implemented,
MY,TMYCLKA7#4,CPU_149,J7XCBAMP,JCXCBAMP,Matched,1,0.15,0.23,32,0.15,0.22,31,,,Standard,,,CXPI042 CXU016 IDCAMS IEBGENER IEFBR14 SORT,&CNTLLIB(CXAMPXDF) &CNTLLIB(CXAMPXDL) &CNTLLIB(CXPI042) &CNTLLIB(CXRESET) &CNTLLIB(DYNALL32) &CNTLLIB(ICPK0500) &CNTLLIB(REPROCX) &ENV.CSS.ONLVSM.&VER.CSCPES &ENV.CSS.ONLVSM.&VER.CSCUR &ENV.CSS.ONLVSM.&VER.CSMCC &ENV.IMX.BTHSEQ.&VER.CXMCT &ENV.IMX.BTHSEQ.&VER.CXSTX.CBS &ENV.IMX.BTHSEQ.&VER.CXTFO.CBS.E &ENV.IMX.BTHSEQ.&VER.CXTFO.CXPI042.CBS.E &ENV.IMX.BTHVSM.&VER.CXAMP.EXT &ENV.IMX.BTHVSM.&VER.CXTFE.CBS &ENV.IMX.ONLVSM.&VER.CXSYS &ENV.TCP.ONLVSM.&VER.TCPPPM,A76_LIST.txt; D2606JUN.txt; MY SLA; MY_JCL_Evidence.txt,Parsed,Production,Implemented,
MY,TMYCLKA7#4,CPU_150,J7XCPAMP,JCXCPAMP,Matched,1,0.2,0.35,32,0.14,0.18,31,,,Standard,,,IDCAMS,&ENV.IMX.BKPBGD.&VER.CXAMP(+1) &ENV.IMX.BTHVSM.&VER.CXAMP &ENV.IMX.BTHVSM.&VER.CXAMP.DCF &ENV.IMX.BTHVSM.&VER.CXAMP.EXT,A76_LIST.txt; D2606JUN.txt; MY SLA; MY_JCL_Evidence.txt,Parsed,Production,Implemented,
MY,TMYCLKA7#4,CPU_151,J7MU030J,JQMU030J,Matched,1,7.45,7.45,1,6.7,6.7,1,,,Standard,,,,,A76_LIST.txt; D2606JUN.txt; MY SLA; MY_JCL_Evidence.txt,Parsed,Production,Implemented,
MY,TMYCLKA7#4,CPU_152,J7IRHSJC,JAIRHSJC,Matched,1,0.05,0.08,32,0.02,0.03,31,,,Standard,,,,,A76_LIST.txt; D2606JUN.txt; MY SLA; MY_JCL_Evidence.txt,Parsed,Production,Implemented,
MY,TMYCLKA7#4,CPU_153,J7IHSTBK,JAIHSTBK,Matched,1,0.62,0.92,32,0.85,1.18,31,,,Standard,,,,,A76_LIST.txt; D2606JUN.txt; MY SLA; MY_JCL_Evidence.txt,Parsed,Production,Implemented,
MY,TMYCLKA7#4,CPU_154,J7INHMJC,JAINHMJC,Matched,1,0.03,0.05,32,0.02,0.02,31,,,Standard,,,,,A76_LIST.txt; D2606JUN.txt; MY SLA; MY_JCL_Evidence.txt,Parsed,Production,Implemented,
MY,TMYCLKA7#4,CPU_155,J7INHSJC,JAINHSJC,Matched,1,0.68,0.82,32,0.78,1.1,31,,,Standard,,,,,A76_LIST.txt; D2606JUN.txt; MY SLA; MY_JCL_Evidence.txt,Parsed,Production,Implemented,
MY,TMYCLKA7#4,CPU_156,J7URHSJC,JAURHSJC,Matched,1,2.8,3.93,32,2.42,4.18,31,,,Standard,,,,,A76_LIST.txt; D2606JUN.txt; MY SLA; MY_JCL_Evidence.txt,Parsed,Production,Implemented,
MY,TMYCLKA7#4,CPU_157,J7UHSTBK,JAUHSTBK,Matched,1,0.63,0.7,32,0.96,1.12,31,,,Standard,,,,,A76_LIST.txt; D2606JUN.txt; MY SLA; MY_JCL_Evidence.txt,Parsed,Production,Implemented,
MY,TMYCLKA7#4,CPU_158,J7UNHMJC,JAUNHMJC,Matched,1,0.01,0.02,32,0.02,0.02,31,,,Standard,,,,,A76_LIST.txt; D2606JUN.txt; MY SLA; MY_JCL_Evidence.txt,Parsed,Production,Implemented,
MY,TMYCLKA7#4,CPU_159,J7UNHSJC,JAUNHSJC,Matched,1,0.61,0.67,32,0.88,1.1,31,,,Standard,,,,,A76_LIST.txt; D2606JUN.txt; MY SLA; MY_JCL_Evidence.txt,Parsed,Production,Implemented,
MY,TMYCLKA7#4,CPU_160,J7PNXRF,JCPNXRF,Matched,1,0.45,0.57,32,0.52,0.67,31,,,Standard,,,,,A76_LIST.txt; D2606JUN.txt; MY SLA; MY_JCL_Evidence.txt,Parsed,Production,Implemented,
MY,TMYCLKA7#4,CPU_161,J7PDY2L,JCPDY2L,Matched,1,3.45,3.63,37,2.62,2.82,31,,,Standard,,,,,A76_LIST.txt; D2606JUN.txt; MY SLA; MY_JCL_Evidence.txt,Parsed,Production,Implemented,
MY,TMYCLKA7#4,CPU_162,J7BDREGX,JQBDREGX,Matched,1,0.47,0.82,32,0.51,0.98,31,,,Standard,,,IDCAMS IEFBR14 QVDREGX1 QVDREGX2 SORT,&CNTLLIB(DYNALL32) &CNTLLIB(QMDFREGX) &CNTLLIB(QMDLREGX) &CNTLLIB(REPRO) &CNTLLIB(RESETCC) &ENV.CAQ.BTHSEQ.&VER.QMMMER.SORT &ENV.CAQ.BTHSEQ.&VER.QMMPRF.SORT &ENV.CAQ.BTHSEQ.&VER.QMREGX.SORT &ENV.CAQ.BTHSEQ.&VER.QMREGX1 &ENV.CAQ.BTHSEQ.&VER.QMREGX2 &ENV.CAQ.BTHVSM.&VER.QMMMER &ENV.CAQ.BTHVSM.&VER.QMMPRF &ENV.CAQ.ONLVSM.&VER.QMREGX,A76_LIST.txt; D2606JUN.txt; MY SLA; MY_JCL_Evidence.txt,Parsed,Production,Implemented,
MY,TMYCLKA7#4,CPU_163,J7PPCCG,JCPPCCG,Matched,1,0.05,0.1,32,0.06,0.17,31,,,Standard,,,,&CNTLLIB(CPU920CG),A76_LIST.txt; D2606JUN.txt; MY SLA; MY_JCL_Evidence.txt,Parsed,Production,Implemented,
MY,TMYCLKA7#4,CPU_164,J7PUABUB,JCPUABUB,Matched,1,0.21,0.23,32,0.2,0.25,31,,,Standard,,,,PRDCIS.BTHLOD.MY20A2,A76_LIST.txt; D2606JUN.txt; MY SLA; MY_JCL_Evidence.txt,Parsed,Production,Implemented,
MY,TMYCLKA7#4,CPU_165,J7PU866D,JCPU866D,Matched,1,1.78,1.97,32,1.77,2.25,31,,,Standard,,,,,A76_LIST.txt; D2606JUN.txt; MY SLA; MY_JCL_Evidence.txt,Parsed,Production,Implemented,
MY,TMYCLKA7#4,CPU_166,J7PU866B,JCPU866B,Matched,1,0.01,0.02,32,0.02,0.02,31,,,Standard,,,,PRDCIS.BTHLOD.MY20A2,A76_LIST.txt; D2606JUN.txt; MY SLA; MY_JCL_Evidence.txt,Parsed,Production,Implemented,
MY,TMYCLKA7#4,CPU_167,J7PPCOG,JCPPCOG,Matched,1,0.03,0.03,32,0.03,0.03,31,,,Standard,,,,&CNTLLIB(CPU920OG),A76_LIST.txt; D2606JUN.txt; MY SLA; MY_JCL_Evidence.txt,Parsed,Production,Implemented,
MY,TMYCLKA7#4,CPU_168,J7XCLMBU,JCXCLMBU,Matched,1,0.02,0.02,32,0.02,0.03,31,,,Standard,,,CXCM070 CXU016 IEFBR14 SORT,PRDCRD.BTHCTL.MY20A2(CXCM070) PRDIMX.BTHSEQ.MY20A2.CXCEX PRDIMX.BTHSEQ.MY20A2.CXIAU PRDIMX.BTHSEQ.MY20A2.CXIAU.B2B PRDIMX.ONLVSM.MY20A2.CXSYS PRDIMX.TMPSEQ.MY20A2.CXIAU PRDTCP.ONLVSM.MY20A2.TCPPPM,A76_LIST.txt; D2606JUN.txt; MY SLA; MY_JCL_Evidence.txt,Parsed,Production,Implemented,
MY,TMYCLKA7#4,CPU_169,J7XCLVAU,JCXCLVAU,Matched,1,0.03,0.03,32,0.03,0.03,31,,,Standard,,,CXCV070 CXU016 ICETOOL IEFBR14 SORT,&CNTLLIB(CXCV070) &CNTLLIB(ICPK1000) &ENV.IMX.BTHSEQ.&VER.CXCEX &ENV.IMX.BTHSEQ.&VER.CXCEX.BK.ORIG &ENV.IMX.BTHSEQ.&VER.CXCEX.OMIT.CROSS.MV &ENV.IMX.BTHSEQ.&VER.CXCEX.VAU &ENV.IMX.BTHSEQ.&VER.CXVAU &ENV.IMX.BTHVSM.&VER.CXABS &ENV.IMX.ONLVSM.&VER.CXSYS &ENV.TCP.ONLVSM.&VER.TCPPPM,A76_LIST.txt; D2606JUN.txt; MY SLA; MY_JCL_Evidence.txt,Parsed,Production,Implemented,
MY,TMYCLKA7#4,CPU_170,J7QDY727,JCQDY727,Matched,1,0.47,0.78,32,0.45,0.85,31,,,Standard,,,,,A76_LIST.txt; D2606JUN.txt; MY SLA; MY_JCL_Evidence.txt,Parsed,Production,Implemented,
MY,TMYCLKA7#4,CPU_171,J7QD727B,JCQD727B,Matched,1,0.01,0.05,32,0.01,0.05,31,,,Standard,,,,,A76_LIST.txt; D2606JUN.txt; MY SLA; MY_JCL_Evidence.txt,Parsed,Production,Implemented,
MY,TMYCLKA7#4,CPU_172,J7QD727H,JCQD727H,Matched,1,0.06,0.25,32,0.06,0.25,31,,,Standard,,,,,A76_LIST.txt; D2606JUN.txt; MY SLA; MY_JCL_Evidence.txt,Parsed,Production,Implemented,
MY,TMYCLKA7#4,CPU_173,J7P0459R,JCP0459R,Matched,1,9.08,14.82,32,9.74,16.67,31,-,6:00 AM 5:00 AM,Critical,eAccess,eAccess,CP606180 CP606190 CP606500 CP606510 CP606520 CP606570 CP607730 CP607800 ETALK IDCAMS SORT,&CNTLLIB(ICP01496) &ENV.CAQ.BTHSEQ.&VER.CQD720.CQMTRPT &ENV.CAQ.BTHSEQ.&VER.CQD727.CQMSTM &ENV.CAQ.BTHSEQ.&VER.MERCON &ENV.CAQ.BTHVSM.&VER.QMMACT &ENV.CAQ.BTHVSM.&VER.QMMBUS &ENV.CAQ.BTHVSM.&VER.QMMMER &ENV.CAQ.BTHVSM.&VER.QMPSYSR &ENV.CIS.BTHVSM.&VER.CPBSYS &ENV.CRD.BTHPRM.&VER.FIN(ICP00063) &ENV.CRD.BTHSEQ.&VER.AGL.GLRNTAS2 &ENV.CRD.BTHSEQ.&VER.CPRENTAS &ENV.CRD.BTHSEQ.&VER.ENC.CPRENTAS &ENV.CRD.BTHSEQ.&VER.MERSTMT &ENV.CRD.BTHSEQ.&VER.MERTRXN &ENV.CRD.BTHSEQ.&VER.MERTRXN2 &ENV.CRD.BTHSEQ.&VER.MREBATE &ENV.CRD.BTHVSM.&VER.PRMETER &ENV.CRD.WRKSEQ.&VER.CP507731 &ENV.CRD.WRKSEQ.&VER.MAS.CQMSTM &ENV.CRD.WRKSEQ.&VER.MAS.CQMSTM.C1 &ENV.CRD.WRKSEQ.&VER.MAS.CQMSTM.C2 &ENV.CRD.WRKSEQ.&VER.MAS.DMRRWRK &ENV.CRD.WRKSEQ.&VER.MAS.DMRRWRK.SORT &ENV.CRD.WRKSEQ.&VER.MAS.MERCHANT &ENV.CRD.WRKSEQ.&VER.MAS.MERCHANT.CUP &ENV.CRD.WRKSEQ.&VER.MAS.MERCHANT.SORT &ENV.CRD.WRKSEQ.&VER.MAS.MERSORT &ENV.CRD.WRKSEQ.&VER.MAS.MERSORT2 &ENV.CRD.WRKSEQ.&VER.MAS.MERSTMT,A76_LIST.txt; D2606JUN.txt; MY SLA; MY_JCL_Evidence.txt,Parsed,Production,Implemented,
MY,TMYCLKA7#4,CPU_174,J7F25571,JCF25571,Matched,1,0.36,0.37,32,0.36,0.37,31,,,Standard,,,ICEGENER IDCAMS,PRDCRD.BTHSEQ.MY20A2.CPASISL.CAF PSUC.UID.CAF.MY,A76_LIST.txt; D2606JUN.txt; MY SLA; MY_JCL_Evidence.txt,Parsed,Production,Implemented,
MY,TMYCLKA7#4,CPU_175,J7F25581,JCF25581,Matched,1,0.36,0.37,32,0.36,0.37,31,,,Standard,,,ICEGENER IDCAMS,PRDCRD.BTHSEQ.MY20A2.FAXDCHCU.CAF PSUC.UID.CAF.MY,A76_LIST.txt; D2606JUN.txt; MY SLA; MY_JCL_Evidence.txt,Parsed,Production,Implemented,
MY,TMYCLKA7#4,CPU_176,J7F25591,JCF25591,Matched,1,0.36,0.37,32,0.36,0.37,31,,,Standard,,,ICEGENER IDCAMS,PRDCRD.BTHSEQ.MY20A2.CPASTRN.CAF PSUC.UID.CAF.MY,A76_LIST.txt; D2606JUN.txt; MY SLA; MY_JCL_Evidence.txt,Parsed,Production,Implemented,
MY,TMYCLKA7#4,CPU_177,J7F26131,JCF26131,Matched,1,0.36,0.37,32,0.36,0.37,31,,,Standard,,,ICEGENER IDCAMS,PRDCRD.BTHCTL.MY20A2(ICP01587) PRDCRD.BTHSEQ.MY20A2.FAXDCPP.CAF PSUC.UID.CAF.MY,A76_LIST.txt; D2606JUN.txt; MY SLA; MY_JCL_Evidence.txt,Parsed,Production,Implemented,
MY,TMYCLKA7#4,CPU_178,J7F26141,JCF26141,Matched,1,0.37,0.37,32,0.37,0.37,31,,,Standard,,,CP620240 ICEGENER IDCAMS,PRDCIS.BTHVSM.MY20A2.CPBSYS PRDCRD.BTHCTL.MY20A2(ICP01588) PRDCRD.BTHSEQ.MY20A2.CAF.BNMLOG PSUC.UID.CAF.MY,A76_LIST.txt; D2606JUN.txt; MY SLA; MY_JCL_Evidence.txt,Parsed,Production,Implemented,
MY,TMYCLKA7#4,CPU_179,J7P2557U,JCP2557U,Matched,1,0.02,0.03,32,0.03,0.03,31,,,Standard,,,CP609660 CP616920 ICEGENER IDCAMS IEFBR14 ISRSUPC SORT,&CNTLLIB(ICP01332) NULLFILE PRDCIS.BTHVSM.MY20A2.CPBSYS PRDCRD.BTHSEQ.MY20A2.CPASISL.CAF PRDCRD.BTHSEQ.MY20A2.ISGQTOCP.L350.CAF PRDCRD.BTHSEQ.MY20A2.ISGVTOCP.L400.CAF PRDCRD.BTHSEQ.MY20A2.ISGVTOCP.ORIG.CAF PRDCRD.BTHSEQ.MY20A2.ISGVTOCP.T1.CAF PRDCRD.BTHSEQ.MY20A2.ISGVTOCP.TEMP.CAF PRDCRD.WRKSEQ.MY20A2.CPASISL.CAF,A76_LIST.txt; D2606JUN.txt; MY SLA; MY_JCL_Evidence.txt,Parsed,Production,Implemented,
MY,TMYCLKA7#4,CPU_180,J7P2558U,JCP2558U,Matched,1,0.02,0.02,32,0.02,0.02,31,,,Standard,,,CP60103 CP616930 IDCAMS SORT,PRDCIS.BTHVSM.MY20A2.CPBPLT PRDCIS.BTHVSM.MY20A2.CPBSYS PRDCRD.BTHCTL.MY20A2(ICP01476) PRDCRD.BTHSEQ.MY20A2.DBGMTOCP.L400.CAF PRDCRD.BTHSEQ.MY20A2.FAXDCHCU.CAF PRDCRD.WRKSEQ.MY20A2.FAXDCHCU.CAF,A76_LIST.txt; D2606JUN.txt; MY SLA; MY_JCL_Evidence.txt,Parsed,Production,Implemented,
MY,TMYCLKA7#4,CPU_181,J7P2559U,JCP2559U,Matched,1,0.03,0.03,32,0.03,0.03,31,,,Standard,,,CP601520 CP616920 ICEGENER IDCAMS IEFBR14 ISRSUPC SORT,&CNTLLIB(ICP01332) NULLFILE PRDCIS.BTHVSM.MY20A2.CPBSYS PRDCRD.BTHSEQ.MY20A2.CPASTRN.CAF PRDCRD.BTHSEQ.MY20A2.CSGQTOCP.L350.CAF PRDCRD.BTHSEQ.MY20A2.CSGVTOCP.L400.CAF PRDCRD.BTHSEQ.MY20A2.CSGVTOCP.ORIG.CAF PRDCRD.BTHSEQ.MY20A2.CSGVTOCP.T1.CAF PRDCRD.BTHSEQ.MY20A2.CSGVTOCP.TEMP.CAF PRDCRD.WRKSEQ.MY20A2.CPASTRN.CAF,A76_LIST.txt; D2606JUN.txt; MY SLA; MY_JCL_Evidence.txt,Parsed,Production,Implemented,
MY,TMYCLKA7#4,CPU_182,J7P2613U,JCP2613U,Matched,1,0.03,0.05,32,0.03,0.03,31,,,Standard,,,CP616820 CP616930 CP622060 ICEGENER ICETOOL IDCAMS SORT,&CNTLLIB(ICP01590) &ENV.CIS.BTHSEQ.&VER.RPT.CP516291.CAF.CPP &ENV.CIS.BTHSEQ.&VER.RPT.CP516291.CAF.CPPI &ENV.CIS.BTHSEQ.&VER.RPT.CP516821.CAF.CPP &ENV.CIS.BTHSEQ.&VER.RPT.CP516821.CAF.CPPI &ENV.CIS.BTHVSM.&VER.CPBSYS PRDCIS.BKPVSM.MY20A2.CPBCAPCX.JCPALXR PRDCIS.BTHSEQ.MY20A2.RPT.CP516291.CAF.CPP PRDCIS.BTHSEQ.MY20A2.RPT.CP516291.CAF.CPPI PRDCIS.BTHSEQ.MY20A2.RPT.CP516821.CAF PRDCIS.BTHSEQ.MY20A2.RPT.CP516821.CAF.CPP PRDCIS.BTHSEQ.MY20A2.RPT.CP516821.CAF.CPPI PRDCIS.BTHVSM.MY20A2.CPBCMA PRDCIS.BTHVSM.MY20A2.CPBCRD PRDCIS.BTHVSM.MY20A2.CPBCUS PRDCIS.BTHVSM.MY20A2.CPBPLT PRDCIS.BTHVSM.MY20A2.CPBSYS PRDCIS.ONLVSM.MY20A2.CPBNMPRM PRDCIS.ONLVSM.MY20A2.CPICCCX PRDCIS.ONLVSM.MY20A2.CPPAM PRDCRD.BTHPRM.MY20A2.SUP(ICP00848) PRDCRD.BTHPRM.MY20A2.SUP(ICP01083) PRDCRD.BTHSEQ.MY20A2.CPP.MAINT.CAF PRDCRD.BTHSEQ.MY20A2.CPPREJE.CAF PRDCRD.BTHSEQ.MY20A2.CPPSUCC.CAF PRDCRD.BTHSEQ.MY20A2.FAXDCPP.CAF PRDCRD.WRKSEQ.MY20A2.FAXDCPP.CAF,A76_LIST.txt; D2606JUN.txt; MY SLA; MY_JCL_Evidence.txt,Parsed,Production,Implemented,
MY,TMYCLKA7#4,CPU_183,J7PU909C,JCPU909C,Matched,1,0.38,0.63,32,0.39,0.47,31,,,Standard,,,,,A76_LIST.txt; D2606JUN.txt; MY SLA; MY_JCL_Evidence.txt,Parsed,Production,Implemented,
MY,TMYCLKA7#4,CPU_184,J7PCRPU1,JCPCRPU1,Matched,1,0.35,0.35,32,0.35,0.35,31,,,Standard,,,ETALK IDCAMS IEFBR14 SORT,&CNTLLIB(REPRO) &ENV.CIS.BTHSEQ.&VER.CRP.WEEKLY &ENV.CIS.BTHSEQ.&VER.CRP.WEEKLY.ENC &ENV.CIS.BTHVSM.&VER.CPBSYS &ENV.CIS.TMPSEQ.&VER.CRP.WKLY.HED &ENV.CIS.TMPSEQ.&VER.CRPHED.COMP PRDCIS.BTHSEQ.MY20A2.CRP.WEEKLY PRDCIS.BTHSEQ.MY20A2.CRP.WEEKLY.ENC PSUC.PAYMATE.ETALK.MASTER,A76_LIST.txt; D2606JUN.txt; MY SLA; MY_JCL_Evidence.txt,Parsed,Production,Implemented,
MY,TMYCLKA7#4,CPU_185,J7PCRP1,JCPCRP1,Matched,1,0,0,32,0,0,31,,,Standard,,,CPCRPUI IEFBR14 SORT,&ENV.CIS.BTHSEQ.&VER.CPCRP.OUT &ENV.CIS.BTHSEQ.&VER.CPTUI.CRP &ENV.CIS.BTHSEQ.&VER.CRP.WEEKLY &ENV.CIS.BTHVSM.&VER.CPBCUS &ENV.CIS.BTHVSM.&VER.CPBSYS,A76_LIST.txt; D2606JUN.txt; MY SLA; MY_JCL_Evidence.txt,Parsed,Production,Implemented,
MY,TMYCLKA7#4,CPU_186,J7KPCRP2,JBKPCRP2,Matched,1,0.02,0.03,32,0.02,0.03,31,,,Standard,,,,,A76_LIST.txt; D2606JUN.txt; MY SLA; MY_JCL_Evidence.txt,Parsed,Production,Implemented,
MY,TMYCLKA7#4,CPU_187,J7PCRP2,JBKPCRP2,Matched,1,0.02,0.03,32,0.02,0.03,31,,,Standard,,,,,A76_LIST.txt; D2606JUN.txt; MY SLA; MY_JCL_Evidence.txt,Parsed,Production,Implemented,
MY,TMYCLKA7#4,CPU_188,J7EPCRP2,JREPCRP2,Matched,1,0.03,0.05,32,0.02,0.03,32,,,Standard,,,,,A76_LIST.txt; D2606JUN.txt; MY SLA; MY_JCL_Evidence.txt,Parsed,Production,Implemented,
MY,TMYCLKA7#4,CPU_189,J7RPSRT1,JCRPSRT1,Matched,1,0.09,0.13,32,0.09,0.12,31,,,Standard,,,IDCAMS IEFBR14 SORT,&ENV.CIS.BTHSEQ.&VER.CPBCRP.ALL &ENV.CIS.BTHSEQ.&VER.CPBCRP1 &ENV.CIS.BTHSEQ.&VER.CPBCRP1.N &ENV.CIS.BTHSEQ.&VER.CPBCRP1.SORT &ENV.CIS.BTHSEQ.&VER.CPBCRP1.V2 &ENV.CIS.BTHSEQ.&VER.CPBCRP2.KC &ENV.CIS.BTHSEQ.&VER.CPBCRP2.VB &ENV.CIS.BTHSEQ.&VER.CPBCRP3 &ENV.CIS.BTHSEQ.&VER.CPBCRP3A &ENV.CIS.BTHSEQ.&VER.CPBCRP3B &ENV.CIS.BTHSEQ.&VER.CPBCRP3C &ENV.CIS.BTHSEQ.&VER.CPBCRP4 &ENV.COM.BTHSEQ.&VER.KCMACC.B3L9 &ENV.COM.BTHVSM.&VER.D00V.KCMACC &ENV.CSS.BTHBGD.&VER.CSAUDT(0),A76_LIST.txt; D2606JUN.txt; MY SLA; MY_JCL_Evidence.txt,Parsed,Production,Implemented,
MY,TMYCLKA7#4,CPU_191,J7AEM#10,JOAEM#10,Matched,1,0,0,32,0,0,31,,,Standard,,,,&CNTLLIB(OADC200J),A76_LIST.txt; D2606JUN.txt; MY SLA; MY_JCL_Evidence.txt,Parsed,Production,Implemented,
MY,TMYCLKA7#4,CPU_192,J7ADCPA1,JOADCPA1,Matched,1,0.45,0.5,32,0.23,0.37,31,,,Standard,,,,PRDCAU.BTHLOD.MY20A2 PRDCIS.BTHLOD.MY20A2 PRDCSS.BTHLOD.MY20A2 PRDEDC.BTHLOD.MY20A2,A76_LIST.txt; D2606JUN.txt; MY SLA; MY_JCL_Evidence.txt,Parsed,Production,Implemented,
MY,TMYCLKA7#4,CPU_193,J7AEM#11,JOAEM#11,Matched,1,0,0,32,0,0,31,,,Standard,,,,&CNTLLIB(OADC200K),A76_LIST.txt; D2606JUN.txt; MY SLA; MY_JCL_Evidence.txt,Parsed,Production,Implemented,
MY,TMYCLKA7#4,CPU_194,J7P2608U,JCP2608U,Matched,1,0.18,0.25,32,0.17,0.27,31,,,Standard,,,ICETOOL IDCAMS SORT,PRDCIS.BTHSEQ.MY20A2.CPRPTT PRDCIS.BTHVSM.MY20A2.CPBSYS PRDCIS.ONLVSM.MY20A2.CPTCD PRDCRD.BTHBGD.MY20A2.RPT17.PRTXDLY(+1) PRDCRD.BTHBGD.MY20A2.RPT17.PRTXDLY(0) PRDCRD.BTHBGD.MY20A2.RPT55.PRTXDLY(+1) PRDCRD.BTHBGD.MY20A2.RPT55.PRTXDLY(0) PRDCRD.BTHSEQ.MY20A2.CPRPTT.TC55TXN PRDCRD.BTHSEQ.MY20A2.RPT17 PRDCRD.BTHSEQ.MY20A2.RPT55 PRDCRD.BTHVSM.MY20A2.TC17TXN PRDCRD.BTHVSM.MY20A2.TC55TXN PRDCRD.WRKSEQ.MY20A2.CPRPTT.DESC PRDCRD.WRKSEQ.MY20A2.CPRPTT.DESCDTL PRDCRD.WRKSEQ.MY20A2.CPRPTT.DESCZRO PRDCRD.WRKSEQ.MY20A2.CPRPTT.DTLORG PRDCRD.WRKSEQ.MY20A2.CPRPTT.TC17TXN PRDCRD.WRKSEQ.MY20A2.CPRPTT.TDY PRDCRD.WRKSEQ.MY20A2.CPRPTT.ZROORG PRDCRD.WRKSEQ.MY20A2.DATA.TEMP PRDCRD.WRKSEQ.MY20A2.DATA.TEMP.ZRO PRDCRD.WRKSEQ.MY20A2.DATE.TEMP PRDCRD.WRKSEQ.MY20A2.DATE.TEMP3 PRDCRD.WRKSEQ.MY20A2.DATE.TEMP4 PRDCRD.WRKSEQ.MY20A2.DATE.TEMP5 PRDCRD.WRKSEQ.MY20A2.FCPTCD PRDCRD.WRKSEQ.MY20A2.TC17MNT PRDCRD.WRKSEQ.MY20A2.TC17MNT2 PRDCRD.WRKSEQ.MY20A2.TC17RPT PRDCRD.WRKSEQ.MY20A2.TC17RPT2,A76_LIST.txt; D2606JUN.txt; MY SLA; MY_JCL_Evidence.txt,Parsed,Production,Implemented,
MY,TMYCLKA7#4,CPU_195,J7P1232U,JCP1232U,Matched,1,0.2,0.37,32,0.22,0.38,31,,,Standard,,,CP614620 IDCAMS IEFBR14,PRDCIS.BTHVSM.MY20A2.CPBSYS PRDCIS.ONLVSM.MY20A2.CPPFX.PATH PRDCRD.BTHCTL.MY20A2(REPROR) PRDIMX.BTHSEQ.MY20A2.CXTFO.MCO PRDIMX.BTHSEQ.MY20A2.CXTFOD.MCO PRDIMX.BTHSEQ.MY20A2.MYC.CPADD.X021 PRDIMX.BTHVSM.MY20A2.CPADD PRDIMX.ONLVSM.MY20A2.CXRTE,A76_LIST.txt; D2606JUN.txt; MY SLA; MY_JCL_Evidence.txt,Parsed,Production,Implemented,
MY,TMYCLKA7#4,CPU_196,J7P1823U,JCP1823U,Matched,1,0.91,1.13,33,0.93,1.5,31,,Before Next Batch,Critical,One Loyalty System (OLS),FTP : CLSCUST.DAT CLSCUST.ACK,CP618300 CP618310 SORT,&ENV.CIS.BKPVSM.&VER.CPBCAPCX.JCPALXR &ENV.CIS.BTHVSM.&VER.CPBCRD &ENV.CIS.BTHVSM.&VER.CPBCUS &ENV.CIS.BTHVSM.&VER.CPBPLT &ENV.CIS.BTHVSM.&VER.CPBSYS &ENV.CIS.BTHVSM.&VER.CPCCPF.ALL &ENV.CRD.BTHSEQ.&VER.CMS.CLSCUST &ENV.CRD.BTHSEQ.&VER.CMS.CLSCUST.ACK &ENV.CRD.BTHSEQ.&VER.CMS.CLSCUST.FNL &ENV.CRD.WRKSEQ.&VER.CMS.CLSCUST.DTL &ENV.CRD.WRKSEQ.&VER.CMS.CLSCUST.HDR &ENV.CRD.WRKSEQ.&VER.CPCCPF.DCUS &ENV.CRD.WRKSEQ.&VER.CPCCPF.DCUSX &ENV.CRD.WRKSEQ.&VER.CPCCPF.XX PRDCIS.BTHLOD.MY20A2 PRDCRD.BTHLOD.MY20A2,A76_LIST.txt; D2606JUN.txt; MY SLA; MY_JCL_Evidence.txt,Parsed,Production,Implemented,
MY,TMYCLKA7#4,CPU_197,J7P1824U,JCP1824U,Matched,1,6.61,7.55,33,6.03,6.62,31,,Before Next Batch,Critical,One Loyalty System (OLS),FTP : CLSPROD.DAT CLSPROD.ACK,CP618300 CP618320 ICEGENER ICETOOL IDCAMS SORT,&CNTLLIB(ICP01087) &CNTLLIB(ICP01088) &CNTLLIB(ICP01089) &CNTLLIB(ICP01090) &ENV.CIS.BKPVSM.&VER.CPBAPX.JCPALXR &ENV.CIS.BKPVSM.&VER.CPBCAPCX.JCPALXR &ENV.CIS.BTHSEQ.&VER.CPBPLT.PURGE &ENV.CIS.BTHVSM.&VER.CPBCRD &ENV.CIS.BTHVSM.&VER.CPBPLT &ENV.CIS.BTHVSM.&VER.CPBSYS &ENV.CIS.BTHVSM.&VER.CPCCPF.ALL &ENV.CIS.ONLVSM.&VER.TNGERL &ENV.CRD.BTHSEQ.&VER.CMS.ACCTY.AD &ENV.CRD.BTHSEQ.&VER.CMS.ACCTY.XAD &ENV.CRD.BTHSEQ.&VER.CMS.CLSPROD &ENV.CRD.BTHSEQ.&VER.CMS.CLSPROD.ACK &ENV.CRD.BTHSEQ.&VER.CMS.CLSPROD.CUR &ENV.CRD.BTHSEQ.&VER.CMS.CLSPROD.FNL &ENV.CRD.BTHSEQ.&VER.CMS.CLSPROD.LU &ENV.CRD.BTHSEQ.&VER.CMS.CLSPROD.MRG &ENV.CRD.BTHSEQ.&VER.CMS.CLSPROD.NEW &ENV.CRD.BTHSEQ.&VER.POSTED &ENV.CRD.BTHVSM.&VER.CMS.CLSPROD.PRI &ENV.CRD.WRKSEQ.&VER.CMS.ACCTA &ENV.CRD.WRKSEQ.&VER.CMS.ACCTY &ENV.CRD.WRKSEQ.&VER.CMS.CARDA &ENV.CRD.WRKSEQ.&VER.CMS.CARDB &ENV.CRD.WRKSEQ.&VER.CMS.CARDC &ENV.CRD.WRKSEQ.&VER.CMS.CARDD &ENV.CRD.WRKSEQ.&VER.CMS.CARDX,A76_LIST.txt; D2606JUN.txt; MY SLA; MY_JCL_Evidence.txt,Parsed,Production,Implemented,
MY,TMYCLKA7#4,CPU_198,J7P1825U,JCP1825U,Matched,1,0.72,0.73,32,0.71,0.73,31,,Before Next Batch,Critical,One Loyalty System (OLS),FTP : CLSMERCH.DAT CLSMERCH.ACK,CP618340 SORT,&ENV.CAQ.BTHVSM.&VER.QMMBLC &ENV.CAQ.BTHVSM.&VER.QMMMER &ENV.CIS.BTHVSM.&VER.CPBSYS &ENV.CRD.BTHSEQ.&VER.CMS.CLSMERCH &ENV.CRD.BTHSEQ.&VER.CMS.CLSMERCH.ACK &ENV.CRD.WRKSEQ.&VER.CSAUDIT &ENV.CSS.BTHBGD.&VER.CSAUDT(0) PRDCIS.BTHLOD.MY20A2 PRDCRD.BTHLOD.MY20A2,A76_LIST.txt; D2606JUN.txt; MY SLA; MY_JCL_Evidence.txt,Parsed,Production,Implemented,
MY,TMYCLKA7#4,CPU_199,J7P1828U,JCP1828U,Matched,1,2.94,6.08,32,3.13,6.17,31,,Before Next Batch,Critical,One Loyalty System (OLS),FTP : CLSAWD.DAT CLSAWD.ACK,CP618350 SORT,&CNTLLIB(ICP01384) &CNTLLIB(ICPK0050) &ENV.CIS.BTHSEQ.&VER.LBUIM.TNGLOAD &ENV.CIS.BTHVSM.&VER.CPBAPX &ENV.CIS.BTHVSM.&VER.CPBCRD &ENV.CIS.BTHVSM.&VER.CPBPLT &ENV.CIS.BTHVSM.&VER.CPBSYS &ENV.CIS.ONLVSM.&VER.CPADD &ENV.CIS.ONLVSM.&VER.CPOLS &ENV.CRD.BTHSEQ.&VER.CMS.LBUIM.SORT &ENV.CRD.BTHSEQ.&VER.CMS.PTSAWARD &ENV.CRD.BTHSEQ.&VER.CMS.PTSAWARD.ACK &ENV.CRD.BTHSEQ.&VER.LBUIM.ISLAMIC &ENV.CRD.BTHSEQ.&VER.POSTED.MYKH &PARMSUP(ICP01056) &PARMSUP(ICP01082),A76_LIST.txt; D2606JUN.txt; MY SLA; MY_JCL_Evidence.txt,Parsed,Production,Implemented,
MY,TMYCLKA7#4,CPU_200,J7P1596U,JCP1596U,Matched,1,0.41,0.47,32,0.39,0.43,31,,,Standard,,,CP619730 CP619740 CP621210 ICEGENER ICETOOL IDCAMS,&CNTLLIB(DYNALL32) &ENV.CAQ.BTHSEQ.&VER.MDRUPD.F01 &ENV.CAQ.BTHSEQ.&VER.MDRUPD.F02 &ENV.CAQ.BTHSEQ.&VER.MDRUPD.F03 &ENV.CAQ.BTHSEQ.&VER.MDRUPD.F04 &ENV.CAQ.BTHSEQ.&VER.MDRUPD.F05 &ENV.CAQ.BTHSEQ.&VER.MDRUPD.LST.PA &ENV.CAQ.BTHSEQ.&VER.MDRUPD.LST.PB &ENV.CAQ.BTHSEQ.&VER.MDRUPD.LST.PC &ENV.CAQ.BTHSEQ.&VER.MDRUPD.POST.F01 &ENV.CAQ.BTHSEQ.&VER.MDRUPD.POST.F02 &ENV.CAQ.BTHSEQ.&VER.MDRUPD.POST.F03 &ENV.CAQ.BTHSEQ.&VER.MDRUPD.POST.F04 &ENV.CAQ.BTHSEQ.&VER.MDRUPD.POST.F05 &ENV.CAQ.ONLVSM.&VER.QMMBUS &ENV.CAQ.ONLVSM.&VER.QMMBUSB &ENV.CAQ.ONLVSM.&VER.QMMMER &ENV.CAQ.ONLVSM.&VER.QMMMERB &ENV.CAQ.ONLVSM.&VER.QMPACP &ENV.CAQ.ONLVSM.&VER.QMPACPB &ENV.CAQ.ONLVSM.&VER.QMPDIS &ENV.CAQ.ONLVSM.&VER.QMPDISB &ENV.CAQ.ONLVSM.&VER.QMPPGO &ENV.CAQ.ONLVSM.&VER.QMPPGOB &ENV.CIS.BTHVSM.&VER.CPBSYS PRDCRD.BTHLOD.MY20A2,A76_LIST.txt; D2606JUN.txt; MY SLA; MY_JCL_Evidence.txt,Parsed,Production,Implemented,
MY,TMYCLKA7#4,CPU_201,J7P1597U,JCP1597U,Matched,1,0.28,0.32,32,0.29,0.32,31,,,Standard,,,IDCAMS,&CNTLLIB(QMBDMMER) PRDCAQ.ONLVSM.MY20A2.QMMBUS PRDCAQ.ONLVSM.MY20A2.QMMBUSB PRDCAQ.ONLVSM.MY20A2.QMMMER PRDCAQ.ONLVSM.MY20A2.QMMMERB PRDCAQ.ONLVSM.MY20A2.QMPDISB PRDCAQ.ONLVSM.MY20A2.QMPPGOB,A76_LIST.txt; D2606JUN.txt; MY SLA; MY_JCL_Evidence.txt,Parsed,Production,Implemented,
MY,TMYCLKA7#4,CPU_202,J7P0697U,JCP0697U,Matched,1,0.28,0.37,32,0.24,0.32,31,,,Standard,,,CP609000 CP609430 ICEGENER IDCAMS SORT,PRDCAQ.BTHSEQ.MY20A2.CQD720.CQBDTE PRDCAQ.BTHSEQ.MY20A2.MERCON PRDCIS.BTHVSM.MY20A2.CPBSYS PRDCRD.BTHLOD.MY20A2 PRDCRD.BTHPRM.MY20A2.FIN(ICP00400) PRDCRD.BTHSEQ.MY20A2.GCH.SUMMARY PRDCRD.BTHSEQ.MY20A2.MERTRXN.GIANT PRDCRD.BTHSEQ.MY20A2.MERTRXN.SYABAS PRDCRD.BTHSEQ.MY20A2.MERTRXN.SYABAS.MTH,A76_LIST.txt; D2606JUN.txt; MY SLA; MY_JCL_Evidence.txt,Parsed,Production,Implemented,
MY,TMYCLKA7#4,CPU_203,J7P0766R,JCP0766R,Matched,1,3.7,4.62,32,3.46,4.4,31,,,Standard,,,CP610780 CP611870 CP611890 CP613440 ETALK IDCAMS SORT,&CNTLLIB(ICP01307) &ENV.CRD.BTHSEQ.&VER.FTP.ENC.MRT.RECON PRDCAQ.BTHSEQ.MY20A2.CQD720.CQMSTM PRDCAQ.BTHVSM.MY20A2.QMMMER PRDCIS.BTHLOD.MY20A2 PRDCIS.BTHVSM.MY20A2.CPBSYS PRDCRD.BTHCTL.MY20A2(ICP00287) PRDCRD.BTHCTL.MY20A2(ICP00874) PRDCRD.BTHCTL.MY20A2(ICP00875) PRDCRD.BTHCTL.MY20A2(ICP00892) PRDCRD.BTHCTL.MY20A2(ICP00893) PRDCRD.BTHCTL.MY20A2(ICP00935) PRDCRD.BTHCTL.MY20A2(ICP00936) PRDCRD.BTHCTL.MY20A2(ICP01225) PRDCRD.BTHCTL.MY20A2(ICP01226) PRDCRD.BTHCTL.MY20A2(ICPK2000) PRDCRD.BTHLOD.MY20A2 PRDCRD.BTHSEQ.MY20A2.AA.RECON PRDCRD.BTHSEQ.MY20A2.CP311580 PRDCRD.BTHSEQ.MY20A2.CWP.RECON PRDCRD.BTHSEQ.MY20A2.DIGI.RECON PRDCRD.BTHSEQ.MY20A2.EMOL.RECON PRDCRD.BTHSEQ.MY20A2.ENC.AA.RECON PRDCRD.BTHSEQ.MY20A2.ENC.CWP.RECON PRDCRD.BTHSEQ.MY20A2.ENC.GHL.POS PRDCRD.BTHSEQ.MY20A2.ENC.GHL.RECON PRDCRD.BTHSEQ.MY20A2.ENC.GNT.TESCO.RECON PRDCRD.BTHSEQ.MY20A2.ENC.MRT.RECON PRDCRD.BTHSEQ.MY20A2.ENC.PRD.RECON PRDCRD.BTHSEQ.MY20A2.ENC.PWP.RECON,A76_LIST.txt; D2606JUN.txt; MY SLA; MY_JCL_Evidence.txt,Parsed,Production,Implemented,
MY,TMYCLKA7#4,CPU_204,J7P1175R,JCP1175R,Matched,1,0.08,0.1,32,0.08,0.12,31,-,08:45,Critical,CP506241,CP506241 - Merchant settlement rpt for Fraud team. ACQ RISK need to check and verify merchant deposits (Settlement) prior releasing funds to be credited to merchants account.,CP606240 CP606370 CP618970 SORT,&ENV.CAQ.BTHSEQ.&VER.CQD740.CQMGLI &ENV.CIS.BTHVSM.&VER.CPBSYS &ENV.CRD.BTHPRM.&VER.FIN(ICP00641) &ENV.CRD.BTHSEQ.&VER.CPERR2.G615R &ENV.CRD.BTHSEQ.&VER.CPGL2.G615R &ENV.CRD.BTHSEQ.&VER.G615R.MASGL &ENV.CRD.WRKSEQ.&VER.G615R.MASGL.SORT PRDCRD.BKPSEQ.MY20A2.CPBPRJ2 PRDCRD.BTHCTL.MY20A2(ICPK0050) PRDCRD.BTHLOD.MY20A2 PRDCRD.BTHSEQ.MY20A2.CPERR2.G615R PRDCRD.BTHSEQ.MY20A2.CPGL2.G615R PRDCRD.BTHSEQ.MY20A2.G615R.MASGL PRDCRD.WRKSEQ.MY20A2.G615R.MASGL.SORT,A76_LIST.txt; D2606JUN.txt; MY SLA; MY_JCL_Evidence.txt,Parsed,Production,Implemented,
MY,TMYCLKA7#4,CPU_205,J7F23303,JCF23303,Matched,1,0.41,0.47,32,0.4,0.45,31,-,17:00,Critical,Sterling Comm QRMS,Retrieve QRMS Alipay Settlement File,ICEGENER SORT,&CNTLLIB(ICP01482) &CNTLLIB(ICP01483) &ENV.CRD.BTHSEQ.&VER.ALIPAY.SETTL,A76_LIST.txt; D2606JUN.txt; MY SLA; MY_JCL_Evidence.txt,Parsed,Production,Implemented,
MY,TMYCLKA7#4,CPU_206,J7F23304,JCF23304,Matched,1,0.41,0.47,32,0.41,0.45,31,-,17:00,Critical,Sterling Comm QRMS,Retrieve QRMS TnG Settlement File,ICEGENER SORT,&CNTLLIB(ICP01484) &CNTLLIB(ICP01485) &ENV.CRD.BTHSEQ.&VER.TNGPAY.SETTL,A76_LIST.txt; D2606JUN.txt; MY SLA; MY_JCL_Evidence.txt,Parsed,Production,Implemented,
MY,TMYCLKA7#4,CPU_207,J7F23305,JCF23305,Matched,1,0.34,0.35,32,0.33,0.35,31,-,17:00,Critical,Sterling Comm QRMS,Retrieve QRMS IFee File,ICEGENER SORT,&CNTLLIB(ICP01486) &CNTLLIB(ICP01487) &ENV.CRD.BTHSEQ.&VER.QMQFTXN.QFPAY,A76_LIST.txt; D2606JUN.txt; MY SLA; MY_JCL_Evidence.txt,Parsed,Production,Implemented,
MY,TMYCLKA7#4,CPU_208,J7P2310U,JCP2310U,Matched,1,0.02,0.03,32,0.02,0.03,31,,,Standard,,,CP621000 ICEGENER,&ENV.CAQ.BTHVSM.&VER.QMMBLC &ENV.CAQ.BTHVSM.&VER.QMMBUS &ENV.CAQ.BTHVSM.&VER.QMMMER &ENV.CAQ.BTHVSM.&VER.QMMPRF &ENV.CAQ.BTHVSM.&VER.QMPSYS &ENV.CRD.BTHSEQ.&VER.ALIPAY.MASBDTE &ENV.CRD.BTHSEQ.&VER.ALIPAY.QMEPST &ENV.CRD.BTHSEQ.&VER.ALIPAY.SETTL PRDCRD.BTHLOD.MY20A2,A76_LIST.txt; D2606JUN.txt; MY SLA; MY_JCL_Evidence.txt,Parsed,Production,Implemented,
MY,TMYCLKA7#4,CPU_209,J7P2320U,JCP2320U,Matched,1,0.1,0.13,32,0.09,0.12,31,,,Standard,,,CP621000 ICEGENER,&ENV.CAQ.BTHVSM.&VER.QMMBLC &ENV.CAQ.BTHVSM.&VER.QMMBUS &ENV.CAQ.BTHVSM.&VER.QMMMER &ENV.CAQ.BTHVSM.&VER.QMMPRF &ENV.CAQ.BTHVSM.&VER.QMPSYS &ENV.CRD.BTHSEQ.&VER.TNGPAY.MASBDTE &ENV.CRD.BTHSEQ.&VER.TNGPAY.QMEPST &ENV.CRD.BTHSEQ.&VER.TNGPAY.SETTL PRDCRD.BTHLOD.MY20A2,A76_LIST.txt; D2606JUN.txt; MY SLA; MY_JCL_Evidence.txt,Parsed,Production,Implemented,
MY,TMYCLKA7#4,CPU_210,J7MQR010,JQMQR010,Matched,1,16.03,19.08,32,16.24,20.13,31,,,Standard,,,,PRDCAQ.BTHLOD.MY20A2,A76_LIST.txt; D2606JUN.txt; MY SLA; MY_JCL_Evidence.txt,Parsed,Production,Implemented,
MY,TMYCLKA7#4,CPU_211,J7ADC820,JOADC820,Matched,1,3.15,4.57,32,3.27,4.3,31,,,Standard,,,,PRDEDC.BTHLOD.MY20A2,A76_LIST.txt; D2606JUN.txt; MY SLA; MY_JCL_Evidence.txt,Parsed,Production,Implemented,
MY,TMYCLKA7#4,CPU_212,J7F23301,JCF23301,Matched,1,0.36,0.37,32,0.36,0.37,31,-,11:00,Critical,Sterling Comm QRMS,Transfer Extracted QR Merchant Records files,SORT,&CNTLLIB(ICP01480) &ENV.CRD.WRKSEQ.&VER.ICP01480,A76_LIST.txt; D2606JUN.txt; MY SLA; MY_JCL_Evidence.txt,Parsed,Production,Implemented,
MY,TMYCLKA7#4,CPU_214,J7MQR030,JQMQR030,Matched,1,0,0,32,0,0.02,31,,,Standard,,,,PRDCAQ.BTHLOD.MY20A2,A76_LIST.txt; D2606JUN.txt; MY SLA; MY_JCL_Evidence.txt,Parsed,Production,Implemented,
MY,TMYCLKA7#4,CPU_215,J7MQR040,JQMQR040,Matched,1,0.33,0.33,1,0.38,0.38,1,,,Standard,,,,PRDCAQ.BTHLOD.MY20A2,A76_LIST.txt; D2606JUN.txt; MY SLA; MY_JCL_Evidence.txt,Parsed,Production,Implemented,
MY,TMYCLKA7#4,CPU_216,J7MQR050,JQMQR050,Matched,1,0.13,0.13,1,0.13,0.13,1,,,Standard,,,,PRDCAQ.BTHLOD.MY20A2,A76_LIST.txt; D2606JUN.txt; MY SLA; MY_JCL_Evidence.txt,Parsed,Production,Implemented,
MY,TMYCLKA7#4,CPU_217,J7MQR060,JQMQR060,Matched,1,0,0,1,0,0,1,,,Standard,,,,PRDCAQ.BTHLOD.MY20A2,A76_LIST.txt; D2606JUN.txt; MY SLA; MY_JCL_Evidence.txt,Parsed,Production,Implemented,
MY,TMYCLKA7#4,CPU_218,J7UVAUJ1,JAUVAUJ1,Matched,1,0,0,32,0,0,31,,,Standard,,,IEFBR14,,A76_LIST.txt; D2606JUN.txt; MY SLA; MY_JCL_Evidence.txt,Parsed,Production,Implemented,
MY,TMYCLKA7#4,CPU_219,J7UVAUJ2,JAUVAUJ2,Matched,1,0.04,0.05,32,0.05,0.05,31,,,Standard,,,IEFBR14,,A76_LIST.txt; D2606JUN.txt; MY SLA; MY_JCL_Evidence.txt,Parsed,Production,Implemented,
MY,TMYCLKA7#4,CPU_220,J7ID801,JMID801,Matched,1,1.43,1.67,32,0.23,0.3,31,,,Standard,,,ICEGENER IEFBR14,&ENV.MBI.BTHSEQ.&VER.MID801.ECOML &ENV.MBI.BTHSEQ.&VER.MID801.QMUI &ENV.MBI.BTHSEQ.&VER.MID801.RPTOUT PRDCIS.BTHLOD.MY20A2 PRDCSS.BTHLOD.MY20A2 PRDMBI.BTHLOD.MY20A2,A76_LIST.txt; D2606JUN.txt; MY SLA; MY_JCL_Evidence.txt,Parsed,Production,Implemented,
MY,TMYCLKA7#4,CPU_221,J7ID802,JMID802,Matched,1,0.04,0.05,32,0.02,0.03,31,,,Standard,,,,PRDCSS.BTHLOD.MY20A2 PRDMBI.BTHLOD.MY20A2,A76_LIST.txt; D2606JUN.txt; MY SLA; MY_JCL_Evidence.txt,Parsed,Production,Implemented,
MY,TMYCLKA7#4,CPU_222,J7P1100U,JCP1100U,Matched,1,3.27,14.52,32,5.38,19.97,31,,,Standard,,,CPDSTMT1 ICEGENER IDCAMS SORT,&ENV.CIS.BTHSEQ.&VER.STMT.RAWFILE1 &ENV.CIS.BTHVSM.&VER.CPBAPX.ALL &ENV.CIS.BTHVSM.&VER.CPBCMA &ENV.CIS.BTHVSM.&VER.CPBCRD &ENV.CIS.BTHVSM.&VER.CPBCUS &ENV.CIS.BTHVSM.&VER.CPBPLT &ENV.CIS.BTHVSM.&VER.CPBSYS &ENV.CIS.BTHVSM.&VER.CPSTMT &ENV.CIS.BTHVSM.&VER.CPSTMTT &ENV.CIS.ONLVSM.&VER.CPAPX &ENV.CIS.ONLVSM.&VER.CPCAH &ENV.CIS.ONLVSM.&VER.CPMSG &ENV.COM.BTHVSM.&VER.D10V.KCLAAD &ENV.COM.BTHVSM.&VER.D10V.KCMACC &ENV.COM.BTHVSM.&VER.D10V.KCPORG &ENV.COM.ONLVSM.&VER.KCLMTC &ENV.COM.ONLVSM.&VER.KCLMTR &ENV.CRD.BTHPRM.&VER.SUP(ICP00098) &ENV.CRD.BTHPRM.&VER.SUP(ICP00131) &ENV.CRD.BTHPRM.&VER.SUP(ICP00448) &ENV.CRD.BTHPRM.&VER.SUP(ICP00657) &ENV.CRD.BTHPRM.&VER.SUP(ICP00848) &ENV.CRD.BTHVSM.&VER.UCL.TC4204 &ENV.CSS.ONLVSM.&VER.CSSYS PRDCIS.BTHSEQ.MY20A2.STMT.RAWFILE1 PRDCIS.ONLVSM.MY20A2.CPBNMPRM PRDCRD.BTHCTL.MY20A2(ICP00445) PRDCRD.BTHCTL.MY20A2(ICP00446) PRDCRD.BTHCTL.MY20A2(ICP00447) PRDCRD.BTHCTL.MY20A2(RESETCC),A76_LIST.txt; D2606JUN.txt; MY SLA; MY_JCL_Evidence.txt,Parsed,Production,Implemented,
MY,TMYCLKA7#4,CPU_223,J7P1832U,JCP1832U,Matched,1,0.58,1.33,32,0.59,1.27,31,,,Standard,,,CP618380 CPDSTMT8 CPDSTMT9 ICEGENER IDCAMS SORT,&ENV.CIS.BTHSEQ.&VER.STMT.CMS.RAWFILE2 &ENV.CIS.BTHSEQ.&VER.STMT.CMS.RAWFILE3 &ENV.CIS.BTHVSM.&VER.CPBSYS &ENV.CIS.BTHVSM.&VER.CPSTMTT &ENV.CRD.BTHSEQ.&VER.CMS.STMT &ENV.CRD.BTHVSM.&VER.CMS.STMT &ENV.CRD.WRKSEQ.&VER.CMS.STMT.DTL PRDCIS.BTHLOD.MY20A2 PRDCRD.BTHLOD.MY20A2 PRDCSS.BTHLOD.MY20A2,A76_LIST.txt; D2606JUN.txt; MY SLA; MY_JCL_Evidence.txt,Parsed,Production,Implemented,
MY,TMYCLKA7#4,CPU_224,J7UVAUJC,JAUVAUJC,Matched,1,0,0,32,0,0,31,,,Standard,,,IEFBR14,,A76_LIST.txt; D2606JUN.txt; MY SLA; MY_JCL_Evidence.txt,Parsed,Production,Implemented,
MY,TMYCLKA7#4,CPU_225,J7P1103U,JCP1103U,Matched,1,0.51,2.07,32,0.66,2.62,31,,,Standard,,,CPDSTMT4 SORT,&ENV.CIS.BTHSEQ.&VER.STMT.RAWFILE4 &ENV.CIS.BTHVSM.&VER.CPBAPX.ALL &ENV.CIS.BTHVSM.&VER.CPBPLT &ENV.CIS.BTHVSM.&VER.CPBSYS &ENV.CIS.BTHVSM.&VER.CPSTMTT &ENV.CIS.BTHVSM.&VER.CPSTRN &ENV.CIS.WRKSEQ.&VER.STMT.RAWFILE4 &ENV.CRD.BTHPRM.&VER.SUP(ICP00402) &ENV.CSS.ONLVSM.&VER.CSCUR &ENV.CSS.ONLVSM.&VER.CSSYS &ENV.GST.BTHVSM.&VER.GST.CPSTRN &ENV.GST.ONLVSM.&VER.GSGHI PRDCIS.BTHLOD.MY20A2 PRDCIS.BTHSEQ.MY20A2.STMT.RAWFILE4 PRDCIS.ONLVSM.MY20A2.CPADD PRDCIS.WRKSEQ.MY20A2.STMT.RAWFILE4 PRDCRD.BTHCTL.MY20A2(ICP00450) PRDCRD.BTHCTL.MY20A2(ICPK0050) PRDCRD.BTHLOD.MY20A2 PRDCSS.BTHLOD.MY20A2,A76_LIST.txt; D2606JUN.txt; MY SLA; MY_JCL_Evidence.txt,Parsed,Production,Implemented,
MY,TMYCLKA7#4,CPU_226,J7P1104U,JCP1104U,Matched,1,0.12,0.45,32,0.15,0.68,31,,,Standard,,,CPDSTMT5 IDCAMS SORT,&ENV.CIS.BTHSEQ.&VER.CPSTRN2 &ENV.CIS.BTHSEQ.&VER.CPSTRNE &ENV.CIS.BTHSEQ.&VER.STMT.RAWFILE5 &ENV.CIS.BTHVSM.&VER.CPBSYS &ENV.CIS.BTHVSM.&VER.CPSTMTT &ENV.CIS.BTHVSM.&VER.CPSTRNE1 &ENV.CIS.BTHVSM.&VER.CPSTRNE2 &ENV.CIS.WRKSEQ.&VER.STMT.RAWFILE5 &ENV.CRD.BTHPRM.&VER.SUP(ICP00402) &ENV.CSS.ONLVSM.&VER.CSCUR &ENV.CSS.ONLVSM.&VER.CSSYS &ENV.GST.ONLVSM.&VER.GSGHI PRDCIS.BTHSEQ.MY20A2.CPSTRN1 PRDCIS.BTHSEQ.MY20A2.CPSTRN2 PRDCIS.BTHSEQ.MY20A2.CPSTRNE PRDCIS.BTHSEQ.MY20A2.STMT.RAWFILE5 PRDCIS.BTHVSM.MY20A2.CPSTRN PRDCIS.ONLVSM.MY20A2.CPADD PRDCIS.WRKSEQ.MY20A2.STMT.RAWFILE5 PRDCRD.BTHCTL.MY20A2(DYNALL32) PRDCRD.BTHCTL.MY20A2(ICP00449) PRDCRD.BTHCTL.MY20A2(ICP00450) PRDCRD.BTHCTL.MY20A2(ICP00505) PRDCRD.BTHCTL.MY20A2(ICP00506) PRDCRD.BTHCTL.MY20A2(ICPK0250) PRDCRD.BTHCTL.MY20A2(ICPK0500) PRDCRD.BTHCTL.MY20A2(RESETCC) PRDGST.BTHVSM.MY20A2.GST.CPSTRN,A76_LIST.txt; D2606JUN.txt; MY SLA; MY_JCL_Evidence.txt,Parsed,Production,Implemented,
MY,TMYCLKA7#4,CPU_227,J7P2037U,JCP2037U,Matched,1,0.13,0.65,32,0.14,0.62,31,,,Standard,,,CP614360 SORT,&CNTLLIB(ICP00453) &CNTLLIB(ICPK0500) &ENV.CIS.BTHSEQ.&VER.STMT.CMS.RAWFILE2 &ENV.CIS.BTHSEQ.&VER.STMT.CMS.RAWFILE3 &ENV.CIS.BTHSEQ.&VER.STMT.CMS.RAWFILE6 &ENV.CIS.BTHSEQ.&VER.STMT.RAWFCMS.ACCEPT &ENV.CIS.BTHSEQ.&VER.STMT.RAWFCMS.CAMBOD &ENV.CIS.BTHSEQ.&VER.STMT.RAWFCMS.NOVVIP &ENV.CIS.BTHSEQ.&VER.STMT.RAWFCMS.REJECT &ENV.CIS.BTHSEQ.&VER.STMT.RAWFCMS.SORTED &ENV.CIS.BTHSEQ.&VER.STMT.RAWFILE.SME &ENV.CIS.BTHSEQ.&VER.STMT.RAWFILE1 &ENV.CIS.BTHSEQ.&VER.STMT.RAWFILE4 &ENV.CIS.BTHSEQ.&VER.STMT.RAWFILE5 PRDCIS.BTHLOD.MY20A2 PRDCRD.BTHLOD.MY20A2 PRDCSS.BTHLOD.MY20A2,A76_LIST.txt; D2606JUN.txt; MY SLA; MY_JCL_Evidence.txt,Parsed,Production,Implemented,
MY,TMYCLKA7#4,CPU_228,J72BSTMT,JB2BSTMT,Matched,1,0.8,2.27,32,0.91,2.73,31,,,Standard,,,SORT,&CNTLLIB(ICP01068) &CNTLLIB(ICP01069) &CNTLLIB(ICPK0500) &ENV.CIS.BTHSEQ.&VER.DIS.STMT.RAWFILE &ENV.CIS.BTHSEQ.&VER.SME.STMT.RAWFILE &ENV.CIS.BTHSEQ.&VER.STMT.RAWFILE1 &ENV.CIS.BTHSEQ.&VER.STMT.RAWFILE4 &ENV.CIS.BTHSEQ.&VER.STMT.RAWFILE5 &ENV.CIS.BTHSEQ.&VER.TNE.STMT.RAWFILE PRDCIS.BTHLOD.MY20A2 PRDCIS.BTHVSM.MY20A2.CPBSYS PRDCSS.BTHLOD.MY20A2,A76_LIST.txt; D2606JUN.txt; MY SLA; MY_JCL_Evidence.txt,Parsed,Production,Implemented,
MY,TMYCLKA7#4,CPU_229,J7PSTMTI,JCPSTMTI,Matched,1,0.78,2.27,32,0.76,1.98,31,,,Standard,,,CPDSTMTI SORT,&CNTLLIB(CPSTGS01) &CNTLLIB(ICP01072) &CNTLLIB(ICP01073) &CNTLLIB(ICPK0500) &ENV.CIS.BKPVSM.&VER.CPBAPX.JCPALXR &ENV.CIS.BTHSEQ.&VER.STMT.RAWFILEI.CON &ENV.CIS.BTHSEQ.&VER.STMT.RAWFILEI.ISL &ENV.CIS.BTHSEQ.&VER.TAX.DIS.RAWFILE &ENV.CIS.BTHSEQ.&VER.TAX.TNE.RAWFILE &ENV.CIS.BTHVSM.&VER.CPBCRD &ENV.CIS.BTHVSM.&VER.CPBCUS &ENV.CIS.BTHVSM.&VER.CPBPLT &ENV.CIS.BTHVSM.&VER.CPBSYS &ENV.CIS.BTHVSM.&VER.CPSTMTT &ENV.CIS.WRKSEQ.&VER.STMT.RAWFILEI.CON &ENV.CIS.WRKSEQ.&VER.STMT.RAWFILEI.ISL &ENV.COM.BTHVSM.&VER.D10V.KCMACC &ENV.CRD.BTHPRM.&VER.SUP(ICP00448) &ENV.GST.BTHVSM.&VER.GST.CPSTRN &ENV.GST.ONLVSM.&VER.GSGHI PRDCIS.BTHLOD.MY20A2 PRDCIS.BTHVSM.MY20A2.CPBSYS PRDCRD.BTHLOD.MY20A2 PRDCSS.BTHLOD.MY20A2,A76_LIST.txt; D2606JUN.txt; MY SLA; MY_JCL_Evidence.txt,Parsed,Production,Implemented,
MY,TMYCLKA7#4,CPU_230,J7P2038U,JCP2038U,Matched,1,0.79,4.45,32,0.88,4.4,31,,,Standard,,,CP616010 CP616020 ICETOOL SORT,&ENV.CIS.BTHVSM.&VER.CPBCAX PRDCIS.BTHSEQ.MY20A2.ESTMT.RAWFCMS.C11 PRDCIS.BTHSEQ.MY20A2.ESTMT.RAWFCMS.C12 PRDCIS.BTHSEQ.MY20A2.ESTMT.RAWFCMS.C13 PRDCIS.BTHSEQ.MY20A2.ESTMT.RAWFCMS.CTL1 PRDCIS.BTHSEQ.MY20A2.ESTMT.RAWFCMS.REJECT.C PRDCIS.BTHSEQ.MY20A2.STMT.RAWFCMS.ACCEPT PRDCIS.BTHVSM.MY20A2.CPBCRD PRDCIS.BTHVSM.MY20A2.CPBCUS PRDCIS.BTHVSM.MY20A2.CPBSYS PRDCRD.BTHCTL.MY20A2(ICP00727) PRDCRD.BTHCTL.MY20A2(ICP00728) PRDCRD.BTHCTL.MY20A2(ICP00733) PRDCRD.BTHCTL.MY20A2(ICP01231) PRDCRD.BTHCTL.MY20A2(ICP01232) PRDCRD.BTHCTL.MY20A2(ICPK1000),A76_LIST.txt; D2606JUN.txt; MY SLA; MY_JCL_Evidence.txt,Parsed,Production,Implemented,
MY,TMYCLKA7#4,CPU_231,J7P2043U,JCP2043U,Matched,1,0.21,0.7,32,0.2,0.63,31,,,Standard,,,CP616010 CP616020 ICETOOL SORT,&ENV.CIS.BTHVSM.&VER.CPBCAX PRDCIS.BTHSEQ.MY20A2.ESTMT.RAWFCMS.C21 PRDCIS.BTHSEQ.MY20A2.ESTMT.RAWFCMS.C22 PRDCIS.BTHSEQ.MY20A2.ESTMT.RAWFCMS.C23 PRDCIS.BTHSEQ.MY20A2.ESTMT.RAWFCMS.CTL2 PRDCIS.BTHSEQ.MY20A2.ESTMT.RAWFCMS.REJECT.I PRDCIS.BTHSEQ.MY20A2.STMT.RAWFCMS.ACCEPT PRDCIS.BTHVSM.MY20A2.CPBCRD PRDCIS.BTHVSM.MY20A2.CPBCUS PRDCIS.BTHVSM.MY20A2.CPBSYS PRDCRD.BTHCTL.MY20A2(ICP00729) PRDCRD.BTHCTL.MY20A2(ICP00730) PRDCRD.BTHCTL.MY20A2(ICP00733) PRDCRD.BTHCTL.MY20A2(ICP01263) PRDCRD.BTHCTL.MY20A2(ICP01264) PRDCRD.BTHCTL.MY20A2(ICPK1000),A76_LIST.txt; D2606JUN.txt; MY SLA; MY_JCL_Evidence.txt,Parsed,Production,Implemented,
MY,TMYCLKA7#4,CPU_232,J7P2044U,JCP2044U,Matched,1,0.08,0.2,32,0.09,0.25,31,,,Standard,,,CP616010 CP616020 ICETOOL SORT,&ENV.CIS.BTHVSM.&VER.CPBCAX PRDCIS.BTHSEQ.MY20A2.ESTMT.RAWFCMS.C31 PRDCIS.BTHSEQ.MY20A2.ESTMT.RAWFCMS.C32 PRDCIS.BTHSEQ.MY20A2.ESTMT.RAWFCMS.C33 PRDCIS.BTHSEQ.MY20A2.ESTMT.RAWFCMS.CTL3 PRDCIS.BTHSEQ.MY20A2.ESTMT.RAWFCMS.REJECT.S PRDCIS.BTHSEQ.MY20A2.STMT.RAWFCMS.ACCEPT PRDCIS.BTHVSM.MY20A2.CPBCRD PRDCIS.BTHVSM.MY20A2.CPBCUS PRDCIS.BTHVSM.MY20A2.CPBSYS PRDCRD.BTHCTL.MY20A2(ICP00731) PRDCRD.BTHCTL.MY20A2(ICP00732) PRDCRD.BTHCTL.MY20A2(ICP00733) PRDCRD.BTHCTL.MY20A2(ICP01265) PRDCRD.BTHCTL.MY20A2(ICP01266) PRDCRD.BTHCTL.MY20A2(ICPK1000),A76_LIST.txt; D2606JUN.txt; MY SLA; MY_JCL_Evidence.txt,Parsed,Production,Implemented,
MY,TMYCLKA7#4,CPU_238,J7P2115U,JCP2115U,Matched,1,0.42,0.42,1,0.35,0.35,1,,,Standard,,,IDCAMS,&CNTLLIB(AKALMON) &CNTLLIB(AKALNEW) &CNTLLIB(AKDLBKP) PRDCIS.BTHLOD.MY20A2 PRDCRD.BTHLOD.MY20A2 PRDCSS.BTHLOD.MY20A2,A76_LIST.txt; D2606JUN.txt; MY SLA; MY_JCL_Evidence.txt,Parsed,Production,Implemented,
MY,TMYCLKA7#4,CPU_239,J7MD018,JQMD018,Matched,1,0.51,0.75,32,0.42,0.6,31,,,Standard,,,,PRDCAQ.BTHLOD.MY20A2,A76_LIST.txt; D2606JUN.txt; MY SLA; MY_JCL_Evidence.txt,Parsed,Production,Implemented,
MY,TMYCLKA7#4,CPU_240,J7MSHXFA,JQMSHXFA,Matched,1,1.76,1.87,32,1.45,1.58,31,,,Standard,,,,,A76_LIST.txt; D2606JUN.txt; MY SLA; MY_JCL_Evidence.txt,Parsed,Production,Implemented,
MY,TMYCLKA7#4,CPU_241,J7MSHXFB,JQMSHXFB,Matched,1,3.72,3.92,32,3.23,3.47,31,,,Standard,,,,PRDCAQ.BTHLOD.MY20A2,A76_LIST.txt; D2606JUN.txt; MY SLA; MY_JCL_Evidence.txt,Parsed,Production,Implemented,
MY,TMYCLKA7#4,CPU_242,J7MBTHFA,JQMBTHFA,Matched,1,2.81,3.7,32,2.3,3.52,31,,,Standard,,,,PRDCSS.BTHLOD.MY20A2,A76_LIST.txt; D2606JUN.txt; MY SLA; MY_JCL_Evidence.txt,Parsed,Production,Implemented,
MY,TMYCLKA7#4,CPU_243,J7MBTHFB,JQMBTHFB,Matched,1,2.94,3.88,32,2.34,3.35,31,,,Standard,,,,PRDCSS.BTHLOD.MY20A2,A76_LIST.txt; D2606JUN.txt; MY SLA; MY_JCL_Evidence.txt,Parsed,Production,Implemented,
MY,TMYCLKA7#4,CPU_244,J7MBTHFC,JQMBTHFC,Matched,1,3.85,4.17,32,3.14,3.92,31,,,Standard,,,,PRDCSS.BTHLOD.MY20A2,A76_LIST.txt; D2606JUN.txt; MY SLA; MY_JCL_Evidence.txt,Parsed,Production,Implemented,
MY,TMYCLKA7#4,CPU_245,J7MBTHFD,JQMBTHFD,Matched,1,2.82,3.15,32,2.27,2.58,31,,,Standard,,,,PRDCSS.BTHLOD.MY20A2,A76_LIST.txt; D2606JUN.txt; MY SLA; MY_JCL_Evidence.txt,Parsed,Production,Implemented,
MY,TMYCLKA7#4,CPU_246,J7MBTHFE,JQMBTHFE,Matched,1,2.24,3.3,32,1.85,2.63,31,,,Standard,,,,PRDCSS.BTHLOD.MY20A2,A76_LIST.txt; D2606JUN.txt; MY SLA; MY_JCL_Evidence.txt,Parsed,Production,Implemented,
MY,TMYCLKA7#4,CPU_247,J7ISPCLD,JAISPCLD,Matched,1,3.78,5.1,32,2.96,3.83,31,,,Standard,,,,PRDCAU.BTHLOD.MY20A2 PRDCIS.BTHLOD.MY20A2 PRDCSS.BTHLOD.MY20A2,A76_LIST.txt; D2606JUN.txt; MY SLA; MY_JCL_Evidence.txt,Parsed,Production,Implemented,
MY,TMYCLKA7#4,CPU_248,J7UFRD,JAUFRD,Matched,1,0.09,0.12,32,0.1,0.12,31,,,Standard,,,IDCAMS,PRDCAU.BKPVSM.MY20A2.AUFRD PRDCAU.BTHLOD.MY20A2 PRDCSS.BTHLOD.MY20A2,A76_LIST.txt; D2606JUN.txt; MY SLA; MY_JCL_Evidence.txt,Parsed,Production,Implemented,
MY,TMYCLKA7#4,CPU_249,J7P1278R,JCP1278R,Matched,1,0.13,0.17,32,0.14,0.18,31,,,Standard,,,CPD000 CPD130 IEFBR14 SORT,&CNTLLIB(CCP03NCO) &CNTLLIB(CPD130A) &CNTLLIB(ICP00588) &ENV.CIS.BTHSEQ.&VER.CPSR0919 &ENV.CIS.BTHSEQ.&VER.CPSRPTT &ENV.CIS.BTHVSM.&VER.CPBCRD &ENV.CIS.BTHVSM.&VER.CPBCUS &ENV.CIS.BTHVSM.&VER.CPBSYS &ENV.CIS.BTHVSM.&VER.CPCCPF.ALL &ENV.CIS.BTHVSM.&VER.CPTCPF.ALL &ENV.CIS.ONLVSM.&VER.CPPAM &ENV.CRD.BTHSEQ.&VER.CPD13000 &ENV.CRD.BTHSEQ.&VER.CPD13001 &ENV.CRD.BTHSEQ.&VER.CPD13031 &ENV.CRD.BTHSEQ.&VER.CPD13032 PRDCIS.BTHLOD.MY20A2 PRDCSS.BTHLOD.MY20A2,A76_LIST.txt; D2606JUN.txt; MY SLA; MY_JCL_Evidence.txt,Parsed,Production,Implemented,
MY,TMYCLKA7#4,CPU_250,J7P1279R,JCP1279R,Matched,1,0.01,0.03,32,0.01,0.02,31,,,Standard,,,CP514191 CP514192 CP514193 CP614190 IEFBR14,PRDCIS.BTHLOD.MY20A2 PRDCIS.BTHVSM.MY20A2.CPBCRD PRDCIS.BTHVSM.MY20A2.CPBCUS PRDCIS.BTHVSM.MY20A2.CPBPLT PRDCIS.BTHVSM.MY20A2.CPBSYS PRDCRD.BTHLOD.MY20A2 PRDCRD.BTHSEQ.MY20A2.CPD13000 PRDCRD.BTHSEQ.MY20A2.CPD13001 PRDCRD.BTHSEQ.MY20A2.CPD13031 PRDCRD.BTHSEQ.MY20A2.CRLMT.CP614190 PRDCRD.WRKSEQ.MY20A2.CRLMT.ORG001 PRDCRD.WRKSEQ.MY20A2.CRLMT.ORG005 PRDCRD.WRKSEQ.MY20A2.CRLMT.ORG100,A76_LIST.txt; D2606JUN.txt; MY SLA; MY_JCL_Evidence.txt,Parsed,Production,Implemented,
MY,TMYCLKA7#4,CPU_251,J7P1692R,JCP1692R,Matched,1,0.63,1.45,32,0.36,0.87,31,,,Standard,,,CPD000 CPKHP001 IEFBR14 SORT,&CNTLLIB(CXCI021K) &CNTLLIB(SKHP001) &ENV.CIS.BTHVSM.&VER.CPBSYS &ENV.CSS.ONLVSM.&VER.CSCUR &ENV.IMX.BTHSEQ.&VER.CXCHA &ENV.IMX.BTHSEQ.&VER.CXCHM &ENV.IMX.BTHSEQ.&VER.CXCHM.SORTED &ENV.IMX.BTHSEQ.&VER.CXCHU,A76_LIST.txt; D2606JUN.txt; MY SLA; MY_JCL_Evidence.txt,Parsed,Production,Implemented,
MY,TMYCLKA7#4,CPU_252,J7P1663U,JCP1663U,Matched,1,1.33,1.85,32,1.19,1.88,31,,,Standard,,,IDCAMS SORT,&ENV.CIS.BTHVSM.&VER.CPBCUS &ENV.CRD.BTHVSM.&VER.CUS.MY.BTHLARGE,A76_LIST.txt; D2606JUN.txt; MY SLA; MY_JCL_Evidence.txt,Parsed,Production,Implemented,
MY,TMYCLKA7#4,CPU_253,J7P1664U,JCP1664U,Matched,1,2.44,3,32,1.57,1.83,31,,,Standard,,,IDCAMS SORT,&ENV.CIS.BTHVSM.&VER.CPBCRD &ENV.CRD.BTHVSM.&VER.CRD.MY.BTHLARGE,A76_LIST.txt; D2606JUN.txt; MY SLA; MY_JCL_Evidence.txt,Parsed,Production,Implemented,
MY,TMYCLKA7#4,CPU_254,J7P1665U,JCP1665U,Matched,1,1.54,2.08,32,1.52,2.33,31,,,Standard,,,IDCAMS SORT,&ENV.CIS.BTHVSM.&VER.CPBPLT &ENV.CRD.BTHVSM.&VER.PLT.MY.BTHLARGE,A76_LIST.txt; D2606JUN.txt; MY SLA; MY_JCL_Evidence.txt,Parsed,Production,Implemented,
MY,TMYCLKA7#4,CPU_255,J7END4,,Dev only - not in Prod,1,,,0,,,,,,Development only,,Not implemented in production; runs in development only.,,,A76_LIST.txt; D2606JUN.txt; MY SLA; MY_JCL_Evidence.txt; user confirmation 2026-07-19,User confirmed dev-only,Development,Not implemented in production,
MY,TMYCLKA7#5,CPU_001,J7START5,,Dev only - not in Prod,1,,,0,,,,,,Development only,,Not implemented in production; runs in development only.,,,A76_LIST.txt; D2606JUN.txt; MY SLA; MY_JCL_Evidence.txt; user confirmation 2026-07-19,User confirmed dev-only,Development,Not implemented in production,
MY,TMYCLKA7#5,CPU_002,J7XCVSIR,JCXCVSIR,Matched,1,0.02,0.03,32,0.04,0.03,31,,,Standard,,,CXCV050 CXU016 IEFBR14,PRDBS3.BTHSEQ.MY20A2.CURCNV PRDCRD.BTHCTL.MY20A2(CXCV050) PRDCRD.BTHSEQ.MY20A2.VISRATE PRDIMX.BTHSEQ.MY20A2.CXCCW.VSI PRDIMX.ONLVSM.MY20A2.CXSYS TCPIP.SEZATCP,A76_LIST.txt; D2606JUN.txt; MY SLA; MY_JCL_Evidence.txt,Parsed,Production,Implemented,
MY,TMYCLKA7#5,CPU_003,J7H002WD,JMH002WD,Matched,1,17.9,24.32,32,14.89,19.23,31,,,Standard,,,ICEGENER IDCAMS IEFBR14 IP081010 IP200010 IP304010 IP305010 IP345010 IP351010 IP355010 IP356010 IP430010 IP433010 IP439010 IP448010 IP449010 IP459010 IP464010 IP469010 IP475010 IP499010 IP500010 IP550010 MH501010 SORT,&CARDLIB(CCIP0200) PRDCRD.BTHCTL.MY20A2(CCIP0200) PRDCRD.BTHCTL.MY20A2(CCIP3521) PRDCRD.BTHCTL.MY20A2(CCIP3522) PRDCRD.BTHCTL.MY20A2(CCIP3524) PRDCRD.BTHCTL.MY20A2(CCIP3525) PRDCRD.BTHCTL.MY20A2(CCIP3526) PRDCRD.BTHCTL.MY20A2(CCIP3528) PRDCRD.BTHCTL.MY20A2(CCIP3529) PRDCRD.BTHCTL.MY20A2(DYNALL32) PRDCRD.BTHCTL.MY20A2(PCIP3102) PRDIMX.BTHSEQ.MY20A2.CXIPMO.OUT PRDMHP.BTHBGD.MY20A2.IP355.ONEDAY(+1) PRDMHP.BTHBGD.MY20A2.IP355R.ONEDAY(+1) PRDMHP.BTHBGD.MY20A2.IP605.WDATE(0) PRDMHP.BTHBGD.MY20A2.MCI.SRTMP(0) PRDMHP.BTHSEQ.MY20A2.FNSTAT PRDMHP.BTHSEQ.MY20A2.IP081.REPORT PRDMHP.BTHSEQ.MY20A2.IP200.THRSHSUM PRDMHP.BTHSEQ.MY20A2.IP345.AC PRDMHP.BTHSEQ.MY20A2.IP345.AR PRDMHP.BTHSEQ.MY20A2.IP345.ERRDTL.RPTFL PRDMHP.BTHSEQ.MY20A2.IP345.ERRSUM.RPTFL PRDMHP.BTHSEQ.MY20A2.IP355.ONEDAY PRDMHP.BTHSEQ.MY20A2.IP430.RPTGRPFL PRDMHP.BTHSEQ.MY20A2.IP500.AA PRDMHP.BTHSEQ.MY20A2.IP500.AUDTRPTF PRDMHP.BTHSEQ.MY20A2.IP500.FINSTAT PRDMHP.BTHSEQ.MY20A2.IP550.CO.RPT PRDMHP.BTHSEQ.MY20A2.IP550.NONCO.RPT,A76_LIST.txt; D2606JUN.txt; MY SLA; MY_JCL_Evidence.txt,Parsed,Production,Implemented,
MY,TMYCLKA7#5,CPU_004,J7TVOE4U,JSTVOE4U,Matched,1,0.86,1.43,31,0.97,1.63,31,,,Standard,,,,&CNTLLIB(ICP01412) PRDBS3.BTHLOD.MY20A2,A76_LIST.txt; D2606JUN.txt; MY SLA; MY_JCL_Evidence.txt,Parsed,Production,Implemented,
MY,TMYCLKA7#5,CPU_005,J7XCVSRT,JCXCVSRT,Matched,1,0.15,0.2,32,0.13,0.23,31,,,Standard,,,CXCV010 CXU016 IDCAMS IEBGENER IEFBR14 SORT,&CNTLLIB(CXCV010R) &CNTLLIB(ICPK1000) &ENV.BS3.BTHSEQ.&VER.CXVSI.EPREJ.INC &ENV.BS3.BTHSEQ.&VER.KH.CXVSI.EPREJ.INC &ENV.CAU.ONLVSM.&VER.AUTKN &ENV.CAU.ONLVSM.&VER.AUTKN.PATH &ENV.IMX.BTHSEQ.&VER.CXTFO.VNR.RT &ENV.IMX.BTHVSM.&VER.CXIFS.VSI &ENV.IMX.BTHVSM.&VER.CXKPS &ENV.IMX.BTHVSM.&VER.CXTFE.VNR &ENV.IMX.ONLVSM.&VER.CXASO &ENV.IMX.ONLVSM.&VER.CXSYS &ENV.TCP.ONLVSM.&VER.TCPPPM PRDCIS.BTHVSM.MY20A2.CPBSYS PRDCIS.ONLVSM.MY20A2.CPPFX.PATH PRDCRD.BTHCTL.MY20A2(CXRESET) PRDCRD.BTHCTL.MY20A2(CXTFEVDF) PRDCRD.BTHCTL.MY20A2(CXTFEVDL) PRDIMX.BTHVSM.MY20A2.CXADN.VSRT,A76_LIST.txt; D2606JUN.txt; MY SLA; MY_JCL_Evidence.txt,Parsed,Production,Implemented,
MY,TMYCLKA7#5,CPU_006,J7XSFBKP,JCXSFBKP,Matched,1,0,0,32,0,0,31,,,Standard,,,IDCAMS,PRDIMX.BKPBGD.MY20A2.CXICN(+1) PRDIMX.BKPBGD.MY20A2.CXSFM(+1) PRDIMX.BKPBGD.MY20A2.CXTR2(+1) PRDIMX.BTHVSM.MY20A2.CXICN PRDIMX.ONLVSM.MY20A2.CXSFM PRDIMX.ONLVSM.MY20A2.CXTR2,A76_LIST.txt; D2606JUN.txt; MY SLA; MY_JCL_Evidence.txt,Parsed,Production,Implemented,
MY,TMYCLKA7#5,CPU_007,J7XCVSPR,JCXCVSPR,Matched,1,0.02,0.03,32,0.03,0.05,31,,,Standard,,,CXCV010 CXU016 IEFBR14 SORT,!INDEXV!.CS10V.CSCPES PRDBS3.BTHSEQ.MY20A2.REJECT.TRANS PRDCAU.ONLVSM.MY20A2.AUTKN PRDCAU.ONLVSM.MY20A2.AUTKN.PATH PRDCIS.BTHVSM.MY20A2.CPBSYS PRDCIS.ONLVSM.MY20A2.CPPFX.PATH PRDCRD.BTHCTL.MY20A2(CXCV010P) PRDCRD.BTHCTL.MY20A2(ICPK1000) PRDCRD.BTHSEQ.MY20A2.CXVSI.EPREJ PRDIMX.BTHSEQ.MY20A2.CXTFO.VNR PRDIMX.BTHVSM.MY20A2.CXADN.VSRT PRDIMX.BTHVSM.MY20A2.CXKPS PRDIMX.BTHVSM.MY20A2.CXTFE.VNR PRDIMX.ONLVSM.MY20A2.CXASO PRDIMX.ONLVSM.MY20A2.CXSYS PRDTCP.ONLVSM.MY20A2.TCPPPM TCPIP.SEZATCP,A76_LIST.txt; D2606JUN.txt; MY SLA; MY_JCL_Evidence.txt,Parsed,Production,Implemented,
MY,TMYCLKA7#5,CPU_008,J7XCFMUP,JCXCFMUP,Matched,1,0,0.02,32,0,0,31,,,Standard,,,CXHS010 CXU016 ICEGENER IDCAMS,PRDCRD.BTHCTL.MY20A2(CXHS010) PRDCRD.BTHCTL.MY20A2(CXTR2DF) PRDCRD.BTHCTL.MY20A2(CXTR2DL) PRDCRD.BTHCTL.MY20A2(REPROCX) PRDIMX.ONLVSM.MY20A2.CXSFM PRDIMX.ONLVSM.MY20A2.CXSYS PRDIMX.ONLVSM.MY20A2.CXTR2,A76_LIST.txt; D2606JUN.txt; MY SLA; MY_JCL_Evidence.txt,Parsed,Production,Implemented,
MY,TMYCLKA7#5,CPU_009,J7XCLMCP,JCXCLMCP,Matched,1,0.06,0.1,32,0.04,0.07,31,,,Standard,,,CXCM010 CXU016 IDCAMS IEBGENER IEFBR14 SORT,PRDCAU.ONLVSM.MY20A2.AUTKN PRDCAU.ONLVSM.MY20A2.AUTKN.PATH PRDCRD.BTHCTL.MY20A2(CXCM010P) PRDCRD.BTHCTL.MY20A2(CXRESET) PRDCRD.BTHCTL.MY20A2(CXTFERDF) PRDCRD.BTHCTL.MY20A2(CXTFERDL) PRDCRD.BTHCTL.MY20A2(DYNALL32) PRDCRD.BTHCTL.MY20A2(REPROCX) PRDIMX.BTHSEQ.MY20A2.CXTFO.MNR PRDIMX.BTHVSM.MY20A2.CXKPS PRDIMX.BTHVSM.MY20A2.CXTFE.MNR PRDIMX.ONLVSM.MY20A2.CXASO PRDIMX.ONLVSM.MY20A2.CXH01 PRDIMX.ONLVSM.MY20A2.CXH02 PRDIMX.ONLVSM.MY20A2.CXH03 PRDIMX.ONLVSM.MY20A2.CXH04 PRDIMX.ONLVSM.MY20A2.CXH05 PRDIMX.ONLVSM.MY20A2.CXH06 PRDIMX.ONLVSM.MY20A2.CXH07 PRDIMX.ONLVSM.MY20A2.CXH08 PRDIMX.ONLVSM.MY20A2.CXH09 PRDIMX.ONLVSM.MY20A2.CXH10 PRDIMX.ONLVSM.MY20A2.CXHSK PRDIMX.ONLVSM.MY20A2.CXHSX PRDIMX.ONLVSM.MY20A2.CXHSX1 PRDIMX.ONLVSM.MY20A2.CXHXA01 PRDIMX.ONLVSM.MY20A2.CXHXA02 PRDIMX.ONLVSM.MY20A2.CXHXA03 PRDIMX.ONLVSM.MY20A2.CXHXA04 PRDIMX.ONLVSM.MY20A2.CXHXA05,A76_LIST.txt; D2606JUN.txt; MY SLA; MY_JCL_Evidence.txt,Parsed,Production,Implemented,
MY,TMYCLKA7#5,CPU_010,J7XCLNRX,JCXCLNRX,Matched,1,2.32,3.45,32,1.77,2.55,31,,,Standard,,,CXCM041 CXU016 IDCAMS IEBGENER IEFBR14 SORT,&ENV.CSS.ONLVSM.&VER.CSCUR &ENV.CSS.ONLVSM.&VER.CSRTE PRDCRD.BTHCTL.MY20A2(CXCM041) PRDCRD.BTHCTL.MY20A2(CXUPRM) PRDCRD.BTHCTL.MY20A2(ICPK1000) PRDCRD.BTHCTL.MY20A2(REPROCX) PRDIMX.BTHSEQ.MY20A2.CXIRC.PARM PRDIMX.BTHSEQ.MY20A2.CXPRM PRDIMX.BTHSEQ.MY20A2.CXTFI.AMNR PRDIMX.BTHSEQ.MY20A2.CXTFI.JCNR PRDIMX.BTHSEQ.MY20A2.CXTFI.MCNR PRDIMX.BTHSEQ.MY20A2.CXTFI.UDNR PRDIMX.BTHSEQ.MY20A2.CXTFI.VSNR PRDIMX.BTHVSM.MY20A2.CXACQ PRDIMX.BTHVSM.MY20A2.CXISS PRDIMX.ONLVSM.MY20A2.CXNRT PRDIMX.ONLVSM.MY20A2.CXRTE PRDIMX.ONLVSM.MY20A2.CXSYS PRDTCP.ONLVSM.MY20A2.TCPPPM,A76_LIST.txt; D2606JUN.txt; MY SLA; MY_JCL_Evidence.txt,Parsed,Production,Implemented,
MY,TMYCLKA7#5,CPU_011,J7XCVSNO,JCXCVSNO,Matched,1,0.03,0.07,32,0.02,0.03,31,,,Standard,,,CXCV030 CXU016 IEFBR14 SORT,!INDEXV!.CS10V.CSCPES PRDCRD.BTHCTL.MY20A2(CXCV030N) PRDCRD.BTHCTL.MY20A2(ICPK1000) PRDIMX.BTHSEQ.MY20A2.CXTFI.VSNR PRDIMX.BTHSEQ.MY20A2.CXTFO.VSNO PRDIMX.BTHSEQ.MY20A2.CXTFO.VSO.NRT PRDIMX.BTHSEQ.MY20A2.CXVSON PRDIMX.BTHVSM.MY20A2.CXADN.VSRT PRDIMX.BTHVSM.MY20A2.CXTFE.NRT PRDIMX.ONLVSM.MY20A2.CXSYS PRDTCP.ONLVSM.MY20A2.TCPPPM TCPIP.SEZATCP,A76_LIST.txt; D2606JUN.txt; MY SLA; MY_JCL_Evidence.txt,Parsed,Production,Implemented,
MY,TMYCLKA7#5,CPU_012,J7XCMCNO,JCXCMCNO,Matched,1,2.25,2.92,32,1.78,2.4,31,,,Standard,,,CXCM040 CXU016 IDCAMS IEFBR14 SORT,PRDCRD.BTHCTL.MY20A2(CXCM040N) PRDCRD.BTHCTL.MY20A2(CXNRTDF) PRDCRD.BTHCTL.MY20A2(CXNRTDL) PRDCRD.BTHCTL.MY20A2(CXRESET) PRDCRD.BTHCTL.MY20A2(DYNALL32) PRDCRD.BTHCTL.MY20A2(REPROCX) PRDIMX.BTHSEQ.MY20A2.CXIPMO.NWK PRDIMX.BTHSEQ.MY20A2.CXIPMO.NWK.B2B PRDIMX.BTHSEQ.MY20A2.CXIPMO.OUT.NWK PRDIMX.BTHSEQ.MY20A2.CXIPMO.OUT.NWK.B2B PRDIMX.BTHSEQ.MY20A2.CXTFI.MCNR PRDIMX.BTHSEQ.MY20A2.CXTFO.MCO.NRT PRDIMX.BTHSEQ.MY20A2.CXTFO.MCO.NWK PRDIMX.BTHSEQ.MY20A2.CXTFO.MCO.NWK.B2B PRDIMX.BTHVSM.MY20A2.CXABS PRDIMX.BTHVSM.MY20A2.CXTFE.NRT PRDIMX.ONLVSM.MY20A2.CXNRT PRDIMX.ONLVSM.MY20A2.CXNRTA PRDIMX.ONLVSM.MY20A2.CXSYS,A76_LIST.txt; D2606JUN.txt; MY SLA; MY_JCL_Evidence.txt,Parsed,Production,Implemented,
MY,TMYCLKA7#5,CPU_013,J7XCJCNO,JCXCJCNO,Matched,1,0.07,0.05,32,0.02,0.03,31,,,Standard,,,CXCJ050 CXU016 IEFBR14 SORT,&CNTLLIB(CXCJ050N) &ENV.IMX.BTHSEQ.&VER.CXJCBON.PRES &ENV.IMX.BTHSEQ.&VER.CXTFI.JCNR &ENV.IMX.BTHSEQ.&VER.CXTFO.JCNO &ENV.IMX.BTHSEQ.&VER.CXTFO.JCO.NRT &ENV.IMX.BTHVSM.&VER.CXABS &ENV.IMX.ONLVSM.&VER.CXSYS &ENV.TCP.ONLVSM.&VER.TCPPPM,A76_LIST.txt; D2606JUN.txt; MY SLA; MY_JCL_Evidence.txt,Parsed,Production,Implemented,
MY,TMYCLKA7#5,CPU_014,J7XNRBK1,JCXNRBK1,Matched,1,1.09,1.57,32,0.82,1.1,31,,,Standard,,,IDCAMS,PRDIMX.BKPBGD.MY20A2.CXADN.VSRT(+1) PRDIMX.BKPBGD.MY20A2.CXNRT(+1) PRDIMX.BKPBGD.MY20A2.CXTFE.NRT(+1) PRDIMX.BTHVSM.MY20A2.CXADN.VSRT PRDIMX.BTHVSM.MY20A2.CXTFE.NRT PRDIMX.ONLVSM.MY20A2.CXNRT,A76_LIST.txt; D2606JUN.txt; MY SLA; MY_JCL_Evidence.txt,Parsed,Production,Implemented,
MY,TMYCLKA7#5,CPU_015,J7XCLNRL,JCXCLNRL,Matched,1,3.96,5.3,32,2.8,3.82,31,,,Standard,,,CXCC031 CXCC032 CXRC060 CXU016 IDCAMS IEBGENER IEFBR14 SORT,!INDEXS!.CX10S.CXTFO.AMOA.NRT !INDEXS!.CX10S.CXTFO.UDO.NRT !INDEXV!.CS10V.CSCPES PRDCRD.BTHCTL.MY20A2(CXADVRDF) PRDCRD.BTHCTL.MY20A2(CXADVRDL) PRDCRD.BTHCTL.MY20A2(CXADVTDF) PRDCRD.BTHCTL.MY20A2(CXADVTDL) PRDCRD.BTHCTL.MY20A2(CXCC031) PRDCRD.BTHCTL.MY20A2(CXCC032) PRDCRD.BTHCTL.MY20A2(CXNRTDF) PRDCRD.BTHCTL.MY20A2(CXNRTDL) PRDCRD.BTHCTL.MY20A2(CXRC060D) PRDCRD.BTHCTL.MY20A2(CXRESET) PRDCRD.BTHCTL.MY20A2(CXTFETDF) PRDCRD.BTHCTL.MY20A2(CXTFETDL) PRDCRD.BTHCTL.MY20A2(ICPK1000) PRDCRD.BTHCTL.MY20A2(REPROCX) PRDIMX.BTHSEQ.MY20A2.CXNRT.DEL PRDIMX.BTHSEQ.MY20A2.CXTFES.NRT PRDIMX.BTHSEQ.MY20A2.CXTFO.JCO.NRT PRDIMX.BTHSEQ.MY20A2.CXTFO.MCO.NRT PRDIMX.BTHSEQ.MY20A2.CXTFO.VSO.NRT PRDIMX.BTHVSM.MY20A2.CXADN.VSRT PRDIMX.BTHVSM.MY20A2.CXADN.VSRT.TMP PRDIMX.BTHVSM.MY20A2.CXTFE.NRT PRDIMX.ONLVSM.MY20A2.CXNRT PRDIMX.ONLVSM.MY20A2.CXNRTA PRDIMX.ONLVSM.MY20A2.CXSYS PRDTCP.ONLVSM.MY20A2.TCPPPM TCPIP.SEZATCP,A76_LIST.txt; D2606JUN.txt; MY SLA; MY_JCL_Evidence.txt,Parsed,Production,Implemented,
MY,TMYCLKA7#5,CPU_016,J7XNRBK2,JCXNRBK2,Matched,1,0.98,1.6,32,0.77,1.07,31,,,Standard,,,IDCAMS,PRDIMX.BKPBGD.MY20A2.CXNRT(+1) PRDIMX.BKPBGD.MY20A2.CXTFE.NRT(+1) PRDIMX.BTHVSM.MY20A2.CXTFE.NRT PRDIMX.ONLVSM.MY20A2.CXNRT,A76_LIST.txt; D2606JUN.txt; MY SLA; MY_JCL_Evidence.txt,Parsed,Production,Implemented,
MY,TMYCLKA7#5,CPU_017,J7XCLNL,JCXCLNL,Matched,1,6.68,9.28,32,4.89,5.85,31,,,Standard,,,CXCC030 CXCC032 CXU016 ICETOOL IDCAMS IEFBR14 SORT,!INDEXV!.CS10V.CSCPES &CNTLLIB(CXCC030) &CNTLLIB(CXCC032) &CNTLLIB(CXNRTDF) &CNTLLIB(CXNRTDL) &CNTLLIB(CXRESET) &CNTLLIB(ICPK1000) &CNTLLIB(REPROCX) &ENV.CAQ.ONLVSM.&VER.QMMMER &ENV.CAQ.ONLVSM.&VER.QMPORG &ENV.CIS.BTHVSM.&VER.CPBSYS &ENV.CIS.BTHVSM.&VER.CPRTB &ENV.IMX.BTHSEQ.&VER.CXNRT &ENV.IMX.BTHSEQ.&VER.CXTFES.NRT &ENV.IMX.BTHSEQ.&VER.CXTFO.AMI.NRT &ENV.IMX.BTHSEQ.&VER.CXTFO.JCI.NRT &ENV.IMX.BTHSEQ.&VER.CXTFO.MCI.NRT &ENV.IMX.BTHSEQ.&VER.CXTFO.MCO &ENV.IMX.BTHSEQ.&VER.CXTFO.MCO.NWK &ENV.IMX.BTHSEQ.&VER.CXTFO.MNR &ENV.IMX.BTHSEQ.&VER.CXTFO.NRT &ENV.IMX.BTHSEQ.&VER.CXTFO.UAR &ENV.IMX.BTHSEQ.&VER.CXTFO.VNR &ENV.IMX.BTHSEQ.&VER.CXTFO.VNR.RT &ENV.IMX.BTHSEQ.&VER.CXTFO.VSNO &ENV.IMX.BTHSEQ.&VER.CXTFO.VSO &ENV.IMX.BTHVSM.&VER.CXISS &ENV.IMX.BTHVSM.&VER.CXTFE.MCI &ENV.IMX.BTHVSM.&VER.CXTFE.MNR &ENV.IMX.BTHVSM.&VER.CXTFE.NRT,A76_LIST.txt; D2606JUN.txt; MY SLA; MY_JCL_Evidence.txt,Parsed,Production,Implemented,
MY,TMYCLKA7#5,CPU_019,J7XRXVRT,JCXRXVRT,Matched,1,0.02,0.03,32,0.02,0.03,31,,,Standard,,,CXRV010 CXU016,&CNTLLIB(CXRV010R) &ENV.BS3.BTHSEQ.&VER.CXVSI.EPREJ.INC &ENV.BS3.BTHSEQ.&VER.KH.CXVSI.EPREJ.INC &ENV.CRD.BTHSEQ.&VER.BPM.CXRV0101.XVRT &ENV.IMX.BTHVSM.&VER.CXSYS.RPT,A76_LIST.txt; D2606JUN.txt; MY SLA; MY_JCL_Evidence.txt,Parsed,Production,Implemented,
MY,TMYCLKA7#5,CPU_020,J7MBKEOD,JOMBKEOD,Matched,1,0.22,0.3,32,0.23,0.32,31,,,Standard,,,,PRDCAU.BTHLOD.MY20A2 PRDCSS.BTHLOD.MY20A2 PRDOMV.BTHLOD.MY20A2,A76_LIST.txt; D2606JUN.txt; MY SLA; MY_JCL_Evidence.txt,Parsed,Production,Implemented,
MY,TMYCLKA7#5,CPU_021,J7MEODJC,JOMEODJC,Matched,1,0.02,0.03,32,0.02,0.03,31,,,Standard,,,,PRDCAU.BTHLOD.MY20A2 PRDOMV.BTHLOD.MY20A2,A76_LIST.txt; D2606JUN.txt; MY SLA; MY_JCL_Evidence.txt,Parsed,Production,Implemented,
MY,TMYCLKA7#5,CPU_022,J7MAFHJC,JOMAFHJC,Matched,1,0.02,0.02,32,0.02,0.02,31,,,Standard,,,,PRDCAU.BTHLOD.MY20A2 PRDCSS.BTHLOD.MY20A2 PRDOMV.BTHLOD.MY20A2,A76_LIST.txt; D2606JUN.txt; MY SLA; MY_JCL_Evidence.txt,Parsed,Production,Implemented,
MY,TMYCLKA7#5,CPU_023,J7P1179U,JCP1179U,Matched,1,0.1,0.1,32,0.1,0.12,31,,,Standard,,,IDCAMS,,A76_LIST.txt; D2606JUN.txt; MY SLA; MY_JCL_Evidence.txt,Parsed,Production,Implemented,
MY,TMYCLKA7#5,CPU_024,J7P1180U,JCP1180U,Matched,1,0.86,0.95,32,0.94,1.25,31,,,Standard,,,IDCAMS IEFBR14 NPD005 SORT,PRDCAU.BTHLOD.MY20A2 PRDCIS.BTHLOD.MY20A2 PRDCIS.BTHSEQ.MY20A2.BNS150 PRDCIS.BTHSEQ.MY20A2.BNS150.RNR.SORTD PRDCIS.BTHSEQ.MY20A2.BNS150.SORTD PRDCIS.BTHSEQ.MY20A2.BNS150M PRDCIS.BTHSEQ.MY20A2.BNS150M.AKPK PRDCIS.BTHSEQ.MY20A2.NPL.CLASS.CPTUI PRDCIS.BTHSEQ.MY20A2.NPL.DECLASS.CPTUI PRDCIS.BTHSEQ.MY20A2.NPL.YEARLY.CPTUI PRDCIS.BTHSEQ.MY20A2.NPLMSTD.NPD001 PRDCIS.BTHSEQ.MY20A2.RNR.DECLASS.CPTUI PRDCIS.BTHVSM.MY20A2.CPBCRD PRDCIS.WRKSEQ.MY20A2.BNS150.AKPK.SORTO PRDCIS.WRKSEQ.MY20A2.BNS150.RNR.SORTO PRDCIS.WRKSEQ.MY20A2.BNS150.SORTI PRDCIS.WRKSEQ.MY20A2.BNS150.SORTO PRDCIS.WRKSEQ.MY20A2.BNS150M.AKPK.SORTM PRDCIS.WRKSEQ.MY20A2.BNS150M.SORTM PRDCRD.BTHCTL.MY20A2(DYNALL32) PRDCSS.BTHLOD.MY20A2,A76_LIST.txt; D2606JUN.txt; MY SLA; MY_JCL_Evidence.txt,Parsed,Production,Implemented,
MY,TMYCLKA7#5,CPU_025,J7P1182U,JCP1182U,Matched,1,0.71,0.98,32,0.79,1.03,31,,,Standard,,,IDCAMS NPD002 SORT,PRDCAU.BTHLOD.MY20A2 PRDCIS.BTHLOD.MY20A2 PRDCIS.BTHSEQ.MY20A2.NPL.CLASS.CPTUI PRDCIS.BTHSEQ.MY20A2.NPLMST.PM PRDCIS.BTHVSM.MY20A2.CPBCRD PRDCIS.BTHVSM.MY20A2.CPBSYS PRDCIS.BTHVSM.MY20A2.CPSNPL PRDCIS.BTHVSM.MY20A2.NPLMST PRDCIS.ONLVSM.MY20A2.CPPAM PRDCRD.BTHCTL.MY20A2(DYNALL32) PRDCSS.BTHLOD.MY20A2,A76_LIST.txt; D2606JUN.txt; MY SLA; MY_JCL_Evidence.txt,Parsed,Production,Implemented,
MY,TMYCLKA7#5,CPU_026,J7P1183U,JCP1183U,Matched,1,1.61,2.5,32,2.23,3.05,31,,,Standard,,,ICETOOL IDCAMS NPD003A SORT,&CNTLLIB(DYNALL32) &CNTLLIB(ICP00579) &CNTLLIB(SORTCOPY) &ENV.CIS.BTHSEQ.&VER.CPCMH.NPD003A PRDCAU.BTHLOD.MY20A2 PRDCIS.BTHLOD.MY20A2 PRDCIS.BTHSEQ.MY20A2.BKPNPL.NPD003A PRDCIS.BTHSEQ.MY20A2.BKPNPL.OLD PRDCIS.BTHSEQ.MY20A2.EXTNPL PRDCIS.BTHSEQ.MY20A2.NEWNPL PRDCIS.BTHSEQ.MY20A2.NPL.DECLASS.CPTUI PRDCIS.BTHSEQ.MY20A2.NPLMSTD.NPD003A PRDCIS.BTHSEQ.MY20A2.NPLMSTO.UPD PRDCIS.BTHVSM.MY20A2.BKPNPL PRDCIS.BTHVSM.MY20A2.CPBAPX.ALL PRDCIS.BTHVSM.MY20A2.CPBCUS PRDCIS.BTHVSM.MY20A2.CPBSYS PRDCIS.BTHVSM.MY20A2.CPSNPL PRDCIS.BTHVSM.MY20A2.NPLMST PRDCIS.ONLVSM.MY20A2.CPAPX PRDCRD.BTHCTL.MY20A2(CPDFNPLB) PRDCRD.BTHCTL.MY20A2(CPDLNPLB) PRDCRD.BTHCTL.MY20A2(RESETCC) PRDCSS.BTHLOD.MY20A2,A76_LIST.txt; D2606JUN.txt; MY SLA; MY_JCL_Evidence.txt,Parsed,Production,Implemented,
MY,TMYCLKA7#5,CPU_027,J7P1195U,JCP1195U,Matched,1,0.03,0.07,32,0.04,0.07,31,,,Standard,,,IEFBR14 NPD004A,PRDCAU.BTHLOD.MY20A2 PRDCIS.BTHLOD.MY20A2 PRDCIS.BTHSEQ.MY20A2.NEWNPL PRDCIS.BTHSEQ.MY20A2.NPLMSTO.NEW PRDCIS.BTHVSM.MY20A2.CPBSYS PRDCIS.ONLVSM.MY20A2.CPOLP PRDCIS.ONLVSM.MY20A2.CPOLS PRDCIS.ONLVSM.MY20A2.CPTCD PRDCSS.BTHLOD.MY20A2,A76_LIST.txt; D2606JUN.txt; MY SLA; MY_JCL_Evidence.txt,Parsed,Production,Implemented,
MY,TMYCLKA7#5,CPU_028,J7P1184U,JCP1184U,Matched,1,0.04,0.07,32,0.05,0.05,31,,,Standard,,,IDCAMS SORT,PRDCIS.BTHSEQ.MY20A2.NPLMSTO.NEW PRDCIS.BTHSEQ.MY20A2.NPLMSTO.UPD PRDCIS.BTHVSM.MY20A2.NPLMST PRDCRD.BTHCTL.MY20A2(DYNALL32),A76_LIST.txt; D2606JUN.txt; MY SLA; MY_JCL_Evidence.txt,Parsed,Production,Implemented,
MY,TMYCLKA7#5,CPU_029,J7P1889U,JCP1889U,Matched,1,0.54,0.65,32,0.46,0.55,31,,,Standard,,,CP620830 IDCAMS IEFBR14 NPD006 NPD110,&ENV.CIS.BTHVSM.&VER.CPBCRD PRDCAU.BTHLOD.MY20A2 PRDCIS.BKPSEQ.MY20A2.BNS150M.NPD004 PRDCIS.BTHLOD.MY20A2 PRDCIS.BTHSEQ.MY20A2.BNS150.RNR.SORTD PRDCIS.BTHSEQ.MY20A2.BNS150.SORTD PRDCIS.BTHSEQ.MY20A2.BNS150M PRDCIS.BTHSEQ.MY20A2.NPLMSTD.NPD006 PRDCIS.BTHSEQ.MY20A2.NPLMSTD.NPD110 PRDCIS.BTHSEQ.MY20A2.RNR.DECLASS.CPTUI PRDCIS.BTHVSM.MY20A2.CPBASF PRDCIS.BTHVSM.MY20A2.CPBCRD PRDCIS.BTHVSM.MY20A2.CPBSYS PRDCIS.BTHVSM.MY20A2.NPLMST PRDCIS.ONLVSM.MY20A2.CPTCD PRDCRD.BTHCTL.MY20A2(NPLCC) PRDCRD.BTHLOD.MY20A2 PRDCRD.BTHSEQ.MY20A2.NPD006.BNMLOG PRDCSS.BTHLOD.MY20A2,A76_LIST.txt; D2606JUN.txt; MY SLA; MY_JCL_Evidence.txt,Parsed,Production,Implemented,
MY,TMYCLKA7#5,CPU_030,J7P1193U,JCP1193U,User mapped,1,,,0,,,,,,Standard,,,,,A76_LIST.txt; D2606JUN.txt; MY SLA; MY_JCL_Evidence.txt; user update; D2512DEC.txt,User confirmed mapping,Production,Implemented,
MY,TMYCLKA7#5,CPU_031,J7P1201U,JCP1201U,Matched,1,0,0,32,0,0,31,,,Standard,,,IEFBR14 SORT,&ENV.CIS.BTHSEQ.&VER.NPL.CPTUI.MERGE &ENV.CIS.BTHSEQ.&VER.NPL.DECLASS.CPTUI &ENV.CIS.BTHSEQ.&VER.NPL.YEARLY.CPTUI &ENV.CIS.BTHSEQ.&VER.RNR.DECLASS.CPTUI PRDCIS.BTHSEQ.MY20A2.NPL.CLASS.CPTUI PRDCIS.BTHSEQ.MY20A2.NPL.CPTUI.MERGE PRDCIS.BTHSEQ.MY20A2.NPL.DECLASS.CPTUI PRDCIS.BTHSEQ.MY20A2.NPL.MAINT.CPTUI PRDCIS.BTHSEQ.MY20A2.NPL.YEARLY.CPTUI PRDCIS.BTHSEQ.MY20A2.RNR.DECLASS.CPTUI PRDCRD.BTHCTL.MY20A2(DYNALL32),A76_LIST.txt; D2606JUN.txt; MY SLA; MY_JCL_Evidence.txt,Parsed,Production,Implemented,
MY,TMYCLKA7#5,CPU_032,J7PD200,JNPD200,Matched,1,0,0,32,0,0,31,,,Standard,,,,,A76_LIST.txt; D2606JUN.txt; MY SLA; MY_JCL_Evidence.txt,Parsed,Production,Implemented,
MY,TMYCLKA7#5,CPU_033,J7PD300,JNPD300,Matched,1,2.01,2.13,32,1.98,2.15,31,,,Standard,,,IDCAMS IEFBR14 NPD300 SORT,&CNTLLIB(REPRO) &ENV.CIS.BTHSEQ.&VER.CPBASF.PNPD300.BKUP &ENV.CIS.BTHSEQ.&VER.CPBCRD.PNPD300.BKUP &ENV.CIS.BTHSEQ.&VER.CPCMH.NPD300 &ENV.CIS.BTHSEQ.&VER.CPTUI.NPD300 &ENV.CIS.BTHSEQ.&VER.NPD100.NPLMNTRC &ENV.CIS.BTHSEQ.&VER.NPL.CLASS.CPTUI &ENV.CIS.BTHSEQ.&VER.NPL.DECLASS.CPTUI &ENV.CIS.BTHSEQ.&VER.NPL.YEARLY.CPTUI &ENV.CIS.BTHSEQ.&VER.NPLMNT.NPD300 &ENV.CIS.BTHSEQ.&VER.RNR.DECLASS.CPTUI &ENV.CIS.BTHVSM.&VER.CPBASF &ENV.CIS.BTHVSM.&VER.CPBCRD &ENV.CIS.BTHVSM.&VER.CPBSYS,A76_LIST.txt; D2606JUN.txt; MY SLA; MY_JCL_Evidence.txt,Parsed,Production,Implemented,
MY,TMYCLKA7#5,CPU_034,J7PDY5AN,JCPDY5AN,Matched,1,1.58,1.63,32,1.68,1.77,31,,,Standard,,,,,A76_LIST.txt; D2606JUN.txt; MY SLA; MY_JCL_Evidence.txt,Parsed,Production,Implemented,
MY,TMYCLKA7#5,CPU_035,J7PLSYNC,JNPLSYNC,Matched,1,0.05,0.1,32,0.06,0.1,31,,,Standard,,,IDCAMS IEBDG IEFBR14 NPLCBE1 SORT,&CNTLLIB(FNPLMNTC) &CNTLLIB(FNPLMNTO) &ENV.CIS.BTHSEQ.&VER.NPLMNT.NPD300 &ENV.CIS.BTHSEQ.&VER.NPLMNT.SORTED &ENV.CIS.ONLVSM.&VER.NPLMNT,A76_LIST.txt; D2606JUN.txt; MY SLA; MY_JCL_Evidence.txt,Parsed,Production,Implemented,
MY,TMYCLKA7#5,CPU_036,J7PLRPT,JNPLRPT,Matched,1,0.99,1.1,32,0.89,0.98,31,,,Standard,,,CPEXTR09 IDCAMS IEBGENER IEFBR14 NPLRPT20 NPLRPT21 NPLRPT30 SORT,&CNTLLIB(REPRO) &ENV.CIS.BTHSEQ.&VER.NPLMNT.RPTA &ENV.CIS.BTHSEQ.&VER.NPLMNT.RPTB &ENV.CIS.BTHSEQ.&VER.NPLMNT.RPTTEMP &ENV.CIS.BTHSEQ.&VER.NPLMST.RPTA &ENV.CIS.BTHSEQ.&VER.NPLMST.RPTALL &ENV.CIS.BTHSEQ.&VER.NPLMST.RPTB &ENV.CIS.BTHSEQ.&VER.NPLMST.RPTR09 &ENV.CIS.BTHSEQ.&VER.NPLMST.RPTTEMP &ENV.CIS.BTHSEQ.&VER.NPLMST.TEMP1 &ENV.CIS.BTHSEQ.&VER.NPLMST.TEMP2 &ENV.CIS.BTHSEQ.&VER.NPLMSTD.NPD001 &ENV.CIS.BTHSEQ.&VER.NPLMSTD.NPD003A &ENV.CIS.BTHSEQ.&VER.NPLMSTD.NPD006 &ENV.CIS.BTHSEQ.&VER.NPLMSTD.NPD110 &ENV.CIS.BTHVSM.&VER.CPBCRD &ENV.CIS.BTHVSM.&VER.CPBSYS &ENV.CIS.BTHVSM.&VER.CPCCPF.ALL &ENV.CIS.BTHVSM.&VER.NPLMST &ENV.CIS.ONLVSM.&VER.NPLMNT PRDCIS.BTHVSM.MY20A2.CPBAPX PRDCIS.BTHVSM.MY20A2.CPBCRD PRDCIS.BTHVSM.MY20A2.CPBSYS,A76_LIST.txt; D2606JUN.txt; MY SLA; MY_JCL_Evidence.txt,Parsed,Production,Implemented,
MY,TMYCLKA7#5,CPU_037,J7PD400,JNPD400,Matched,1,0.48,0.57,32,0.44,0.53,31,,,Standard,,,IDCAMS NPD400,PRDCIS.BTHSEQ.MY20A2.NPLMST.BKUP PRDCIS.BTHSEQ.MY20A2.NPLMST.HSEKEEP PRDCIS.BTHVSM.MY20A2.CPBCRD PRDCIS.BTHVSM.MY20A2.CPBSYS PRDCIS.BTHVSM.MY20A2.NPLMST,A76_LIST.txt; D2606JUN.txt; MY SLA; MY_JCL_Evidence.txt,Parsed,Production,Implemented,
MY,TMYCLKA7#5,CPU_038,J7PD400U,JNPD400U,Matched,1,0.02,0.03,33,0.02,0.03,31,,,Standard,,,IDCAMS,PRDCIS.BTHSEQ.MY20A2.NPLMST.HSEKEEP PRDCIS.BTHVSM.MY20A2.NPLMST,A76_LIST.txt; D2606JUN.txt; MY SLA; MY_JCL_Evidence.txt,Parsed,Production,Implemented,
MY,TMYCLKA7#5,CPU_039,J7PD100,JNPD100,Matched,1,0.13,0.17,32,0.11,0.15,31,,,Standard,,,IEFBR14 NPD100,&ENV.CIS.BTHSEQ.&VER.NPD100.NPLMNTRC &ENV.CIS.BTHVSM.&VER.CPBASF &ENV.CIS.BTHVSM.&VER.CPBSYS,A76_LIST.txt; D2606JUN.txt; MY SLA; MY_JCL_Evidence.txt,Parsed,Production,Implemented,
MY,TMYCLKA7#5,CPU_040,J7PD120,JNPD120,Matched,1,0.15,0.18,32,0.14,0.25,31,,,Standard,,,IEFBR14 NPD120,&ENV.CIS.BTHSEQ.&VER.RNRLTR &ENV.CIS.BTHVSM.&VER.CPBAPX &ENV.CIS.BTHVSM.&VER.CPBASF &ENV.CIS.BTHVSM.&VER.CPBCRD &ENV.CIS.BTHVSM.&VER.CPBCUS &ENV.CIS.BTHVSM.&VER.CPBSYS,A76_LIST.txt; D2606JUN.txt; MY SLA; MY_JCL_Evidence.txt,Parsed,Production,Implemented,
MY,TMYCLKA7#5,CPU_041,J7P0989U,JCP0989U,Matched,1,1.03,1.08,32,1.5,1.72,31,,,Standard,,,ICETOOL SORT,&ENV.CIS.BTHVSM.&VER.CPBCRD &ENV.CRD.BTHSEQ.&VER.GFM.CPBCRD.ORG001 &ENV.CRD.BTHSEQ.&VER.GFM.CPBCRD.ORG005 &ENV.CRD.BTHSEQ.&VER.GFM.CPBCRD.ORG100 &ENV.CRD.BTHSEQ.&VER.GFM.CPBCRD.ORG201 PRDCRD.BTHCTL.MY20A2(ICPK3000) PRDCRD.BTHSEQ.MY20A2.GFM.CPBCRD.ORG001 PRDCRD.BTHSEQ.MY20A2.GFM.CPBCRD.ORG005 PRDCRD.BTHSEQ.MY20A2.GFM.CPBCRD.ORG100 PRDCRD.BTHSEQ.MY20A2.GFM.CPBCRD.ORG201,A76_LIST.txt; D2606JUN.txt; MY SLA; MY_JCL_Evidence.txt,Parsed,Production,Implemented,
MY,TMYCLKA7#5,CPU_042,J7P0990U,JCP0990U,Matched,1,1.58,1.85,32,1.4,1.63,31,,,Standard,,,CP611330 CP619200 CP619270 CP621770 CP621780 CP621790 IDCAMS,PRDCIS.BTHLOD.MY20A2 PRDCIS.BTHVSM.MY20A2.CPBAPX PRDCIS.BTHVSM.MY20A2.CPBCUS PRDCIS.BTHVSM.MY20A2.CPBPLT PRDCIS.BTHVSM.MY20A2.CPBSYS PRDCIS.BTHVSM.MY20A2.NPLMST PRDCOM.BTHVSM.MY20A2.D00V.KCMACC PRDCRD.BTHCTL.MY20A2(ICP01181) PRDCRD.BTHLOD.MY20A2 PRDCRD.BTHSEQ.MY20A2.GFM.BALCHK01.ORG001 PRDCRD.BTHSEQ.MY20A2.GFM.BALCHK01.ORG100 PRDCRD.BTHSEQ.MY20A2.GFM.BALCHK01.ORG201 PRDCRD.BTHSEQ.MY20A2.GFM.CPBCRD.ORG001 PRDCRD.BTHSEQ.MY20A2.GFM.CPBCRD.ORG100 PRDCRD.BTHSEQ.MY20A2.GFM.CPBCRD.ORG201,A76_LIST.txt; D2606JUN.txt; MY SLA; MY_JCL_Evidence.txt,Parsed,Production,Implemented,
MY,TMYCLKA7#5,CPU_043,J7P0991U,JCP0991U,Matched,1,0.22,0.3,32,0.2,0.27,31,,,Standard,,,CP611330 CP621770 IDCAMS,PRDCIS.BTHVSM.MY20A2.CPBSYS PRDCIS.BTHVSM.MY20A2.NPLMST PRDCRD.BTHLOD.MY20A2 PRDCRD.BTHSEQ.MY20A2.GFM.BALCHK01.ORG005 PRDCRD.BTHSEQ.MY20A2.GFM.CPBCRD.ORG005,A76_LIST.txt; D2606JUN.txt; MY SLA; MY_JCL_Evidence.txt,Parsed,Production,Implemented,
MY,TMYCLKA7#5,CPU_044,J7P0992U,JCP0992U,Matched,1,1.25,1.35,32,1.22,1.27,31,-,06:30,Critical,GFMS,Pls refer to JCPGL001 for GFMS support contact,CP611520 CP612740 CP613190 CP619250 ICETOOL IDCAMS,PRDCIS.BTHVSM.MY20A2.CPBSYS PRDCRD.BTHCTL.MY20A2(ICP00405) PRDCRD.BTHCTL.MY20A2(ICP00423) PRDCRD.BTHCTL.MY20A2(ICP01191) PRDCRD.BTHLOD.MY20A2 PRDCRD.BTHSEQ.MY20A2.GFM.BALCHK PRDCRD.BTHSEQ.MY20A2.GFM.BALCHK.KH PRDCRD.BTHSEQ.MY20A2.GFM.BALCHK01.ORG001 PRDCRD.BTHSEQ.MY20A2.GFM.BALCHK01.ORG005 PRDCRD.BTHSEQ.MY20A2.GFM.BALCHK01.ORG100 PRDCRD.BTHSEQ.MY20A2.GFM.BALCHK01.ORG201 PRDCRD.BTHSEQ.MY20A2.GFM.BALCHK02 PRDCRD.BTHSEQ.MY20A2.GFM.BALCHK03 PRDCRD.BTHSEQ.MY20A2.GFM.BDWGLREC PSUC.UID.DFTP.GFMS PSUC.UID.DFTP.GFMS.KH,A76_LIST.txt; D2606JUN.txt; MY SLA; MY_JCL_Evidence.txt,Parsed,Production,Implemented,
MY,TMYCLKA7#5,CPU_045,J7PTWQ01,JCPTWQ01,Matched,1,0.07,0.1,32,,,,,,Standard,,,CPTWQ01 ICETOOL IEFBR14 SORT,&ENV.CIS.BKPVSM.&VER.CPBCRD.D0 &ENV.CIS.BTHSEQ.&VER.CPSRPTT &ENV.CIS.BTHSEQ.&VER.CPTWQ01.CPGLOUT &ENV.CIS.BTHSEQ.&VER.TWQCPF &ENV.CIS.BTHVSM.&VER.CPBCRD &ENV.CIS.BTHVSM.&VER.CPBSYS &ENV.CIS.BTHVSM.&VER.CPCCPF.ALL &ENV.CIS.BTHVSM.&VER.CPTCPF.ALL,A76_LIST.txt; D2606JUN.txt; MY SLA; MY_JCL_Evidence.txt,Parsed,Production,Implemented,
MY,TMYCLKA7#5,CPU_046,J7PTWQ02,JCPTWQ02,Matched,1,1.2,1.38,32,,,,,,Standard,,,CPTWQ02 IEFBR14 SORT,&CNTLLIB(DYNALL32) &ENV.CIS.BKPVSM.&VER.CPBCRD.D0 &ENV.CIS.BTHSEQ.&VER.CPCRD0.ORG005 &ENV.CIS.BTHSEQ.&VER.CPCRD1.ORG005 &ENV.CIS.BTHSEQ.&VER.CPTWQ02.CPGLOUT &ENV.CIS.BTHVSM.&VER.CPBCRD &ENV.CIS.BTHVSM.&VER.CPBSYS &ENV.CSS.ONLVSM.&VER.CSCTY &ENV.CSS.ONLVSM.&VER.CSCUR,A76_LIST.txt; D2606JUN.txt; MY SLA; MY_JCL_Evidence.txt,Parsed,Production,Implemented,
MY,TMYCLKA7#5,CPU_047,J7PTWQ03,JCPTWQ03,Matched,1,0.41,0.47,32,,,,,,Standard,,,CPTWQ03 IEFBR14,&ENV.CIS.BTHSEQ.&VER.CPTWQ03.RTNPLGLR &ENV.CIS.BTHSEQ.&VER.CPTWQ03.RTPLGLR &ENV.CIS.BTHVSM.&VER.CPBCRD &ENV.CIS.BTHVSM.&VER.CPBSYS,A76_LIST.txt; D2606JUN.txt; MY SLA; MY_JCL_Evidence.txt,Parsed,Production,Implemented,
MY,TMYCLKA7#5,CPU_172,J7P0708U,JCP0708U,Matched,1,4.73,7.08,32,4.4,6.12,31,,,Standard,,,CP612010 CP612230 ICETOOL SORT,PRDCIS.BTHSEQ.MY20A2.CPAPF PRDCIS.BTHVSM.MY20A2.CPBSYS PRDCRD.BKPSEQ.MY20A2.CONTESTA PRDCRD.BTHBGD.MY20A2.CONTESTA(0) PRDCRD.BTHSEQ.MY20A2.CONTESTA PRDCRD.BTHSEQ.MY20A2.POSTED PRDCRD.WRKSEQ.MY20A2.CONTESTA.SORT1 PRDCRD.WRKSEQ.MY20A2.CONTESTA.SORT2 PRDCRD.WRKSEQ.MY20A2.CPAPF.SORT PRDCRD.WRKSEQ.MY20A2.SAS.UNMATCH,A76_LIST.txt; D2606JUN.txt; MY SLA; MY_JCL_Evidence.txt,Parsed,Production,Implemented,
MY,TMYCLKA7#5,CPU_173,J7P1813U,JCP1813U,Matched,1,0.39,0.48,32,0.4,0.47,31,,,Standard,,,ICETOOL IEFBR14 SORT,PRDBS3.BTHSEQ.MY20A2.EP302F PRDCRD.BTHCTL.MY20A2(ICP01055) PRDCRD.BTHCTL.MY20A2(ICPK0250) PRDCRD.BTHSEQ.MY20A2.CLKBIN PRDIMX.BTHVSM.MY20A2.CXISS,A76_LIST.txt; D2606JUN.txt; MY SLA; MY_JCL_Evidence.txt,Parsed,Production,Implemented,
MY,TMYCLKA7#5,CPU_174,J7P1340U,JCP1340U,Matched,1,0.48,0.52,32,0.48,0.5,31,,,Standard,,,ICEGENER SORT,&CNTLLIB(ICP00680) &CNTLLIB(ICPK0050) &ENV.CIS.BTHVSM.&VER.CPBCRD &ENV.CRD.BTHSEQ.&VER.SAS.ARDSQB.FTP &ENV.CRD.BTHSEQ.&VER.SAS.BINHDR &ENV.CRD.BTHSEQ.&VER.SAS.CXCBF.FTP &ENV.CRD.BTHSEQ.&VER.SAS.CXISS.FTP &ENV.CRD.BTHSEQ.&VER.SAS.IP0016.FTP &ENV.CRD.BTHSEQ.&VER.SAS.UNMATCH.FTP &ENV.CRD.WRKSEQ.&VER.SAS.ARDSQB &ENV.CRD.WRKSEQ.&VER.SAS.CXCBF &ENV.CRD.WRKSEQ.&VER.SAS.CXISS &ENV.CRD.WRKSEQ.&VER.SAS.CXISS.SRT &ENV.CRD.WRKSEQ.&VER.SAS.IP0016 &ENV.CRD.WRKSEQ.&VER.SAS.UNMATCH &ENV.IMX.BTHVSM.&VER.CXCBF.CUP &ENV.IMX.BTHVSM.&VER.CXISS PRDBS3.BTHSEQ.MY20A2.EP302F PRDCRD.BTHSEQ.MY20A2.SAS.ARDSQB.FTP PRDCRD.BTHSEQ.MY20A2.SAS.BINHDR PRDCRD.BTHSEQ.MY20A2.SAS.CXCBF.FTP PRDCRD.BTHSEQ.MY20A2.SAS.CXISS.FTP PRDCRD.BTHSEQ.MY20A2.SAS.IP0016.FTP PRDCRD.BTHSEQ.MY20A2.SAS.UNMATCH.FTP PRDCRD.WRKSEQ.MY20A2.SAS.ARDSQB PRDCRD.WRKSEQ.MY20A2.SAS.CXCBF PRDCRD.WRKSEQ.MY20A2.SAS.CXISS PRDCRD.WRKSEQ.MY20A2.SAS.CXISS.SRT PRDCRD.WRKSEQ.MY20A2.SAS.IP0016 PRDCRD.WRKSEQ.MY20A2.SAS.UNMATCH,A76_LIST.txt; D2606JUN.txt; MY SLA; MY_JCL_Evidence.txt,Parsed,Production,Implemented,
MY,TMYCLKA7#5,CPU_175,J7XLEXLB,JCXLEXLB,Matched,1,0.14,0.17,32,0.15,0.17,31,,,Standard,,,CXCV020 CXU016 IDCAMS IEFBR14 SORT,PRDBS3.BTHSEQ.MY20A2.EP302F PRDCRD.BTHCTL.MY20A2(CXCV020) PRDCRD.BTHCTL.MY20A2(CXLCBDF) PRDCRD.BTHCTL.MY20A2(CXLCBDL) PRDCRD.BTHCTL.MY20A2(CXRESET) PRDCRD.BTHCTL.MY20A2(DYNALL32) PRDCRD.BTHCTL.MY20A2(REPROCX) PRDIMX.BTHSEQ.MY20A2.CXLCB PRDIMX.ONLVSM.MY20A2.CXLCB PRDIMX.ONLVSM.MY20A2.CXSYS,A76_LIST.txt; D2606JUN.txt; MY SLA; MY_JCL_Evidence.txt,Parsed,Production,Implemented,
MY,TMYCLKA7#5,CPU_176,J7XRTVFI,JCXRTVFI,Matched,1,0,0.02,4,0,0.02,4,,,Standard,,,CXRV062 CXU016,&CNTLLIB(CXRV062I) &ENV.BS3.BTHSEQ.&VER.AMMF.VISA.CTFI &ENV.IMX.BTHVSM.&VER.CXSYS.RPT,A76_LIST.txt; D2606JUN.txt; MY SLA; MY_JCL_Evidence.txt,Parsed,Production,Implemented,
MY,TMYCLKA7#5,CPU_177,J7TVOVXU,,Dev only - not in Prod,1,,,0,,,,,,Development only,,Not implemented in production; runs in development only.,,,A76_LIST.txt; D2606JUN.txt; MY SLA; MY_JCL_Evidence.txt; user confirmation 2026-07-19,User confirmed dev-only,Development,Not implemented in production,
MY,TMYCLKA7#5,CPU_178,J7TVOVXD,,Dev only - not in Prod,1,,,0,,,,,,Development only,,Not implemented in production; runs in development only.,,,A76_LIST.txt; D2606JUN.txt; MY SLA; MY_JCL_Evidence.txt; user confirmation 2026-07-19,User confirmed dev-only,Development,Not implemented in production,
MY,TMYCLKA7#5,CPU_179,J7TVOE4K,JSTVOE4K,Matched,1,0.07,0.08,32,0.08,0.1,31,,,Standard,,,,&CNTLLIB(ICP01412) PRDBS3.BTHLOD.MY20A2,A76_LIST.txt; D2606JUN.txt; MY SLA; MY_JCL_Evidence.txt,Parsed,Production,Implemented,
MY,TMYCLKA7#5,CPU_180,J7TVIEGU,JSTVIEGU,Matched,1,1.44,3.3,32,5.47,20.17,31,,,Standard,,,,&CNTLLIB(ICP01412) PRDBS3.BTHLOD.MY20A2 PRDBS3.BTHSEQ.MY20A2.VISA.ITFI PRDCRD.BTHCTL.MY20A2(BIIDEL) PRDCRD.BTHLOD.MY20A2,A76_LIST.txt; D2606JUN.txt; MY SLA; MY_JCL_Evidence.txt,Parsed,Production,Implemented,
MY,TMYCLKA7#5,CPU_181,J7TVIEGK,JSTVIEGK,Matched,1,0.02,0.02,32,0.02,0.02,31,,,Standard,,,,&CNTLLIB(ICP01412) PRDBS3.BTHLOD.MY20A2 PRDBS3.BTHSEQ.MY20A2.KH.VISA.ITFI PRDCRD.BTHCTL.MY20A2(BIIDEL) PRDCRD.BTHLOD.MY20A2,A76_LIST.txt; D2606JUN.txt; MY SLA; MY_JCL_Evidence.txt,Parsed,Production,Implemented,
MY,TMYCLKA7#5,CPU_182,J7TVIE4U,JSTVIE4U,Matched,1,0.59,0.78,32,0.99,3.45,31,,,Standard,,,CSM08 CSM46 SORT,PRDBS3.BTHLOD.MY20A2 PRDBS3.BTHSEQ.MY20A2.CPTVI.VISA PRDBS3.BTHSEQ.MY20A2.VISA.CTFI PRDBS3.BTHSEQ.MY20A2.VISA.ITFI.YYVIE4U PRDCIS.BTHVSM.MY20A2.CPBSYS PRDCRD.BTHCTL.MY20A2(DYNALL32) PRDCRD.BTHCTL.MY20A2(RSNDESC) PRDCRD.BTHLOD.MY20A2 PRDCRD.BTHPRM.MY20A2.FIN(LOADRATE) PRDCRD.BTHPRM.MY20A2.FIN(LOCALBIN) PRDCRD.BTHSEQ.MY20A2.VISRATE,A76_LIST.txt; D2606JUN.txt; MY SLA; MY_JCL_Evidence.txt,Parsed,Production,Implemented,
MY,TMYCLKA7#5,CPU_183,J7TVIE4K,JSTVIE4K,Matched,1,0.17,0.2,32,0.17,0.23,31,,,Standard,,,,PRDBS3.BTHLOD.MY20A2 PRDBS3.BTHSEQ.MY20A2.KH.VISA.ITFI.YYVIE4K PRDCRD.BTHLOD.MY20A2,A76_LIST.txt; D2606JUN.txt; MY SLA; MY_JCL_Evidence.txt,Parsed,Production,Implemented,
MY,TMYCLKA7#5,CPU_184,J7TVIEDU,,Dev only - not in Prod,1,,,0,,,,,,Development only,,Not implemented in production; runs in development only.,,,A76_LIST.txt; D2606JUN.txt; MY SLA; MY_JCL_Evidence.txt; user confirmation 2026-07-19,User confirmed dev-only,Development,Not implemented in production,
MY,TMYCLKA7#5,CPU_185,J7TVIEDK,,Dev only - not in Prod,1,,,0,,,,,,Development only,,Not implemented in production; runs in development only.,,,A76_LIST.txt; D2606JUN.txt; MY SLA; MY_JCL_Evidence.txt; user confirmation 2026-07-19,User confirmed dev-only,Development,Not implemented in production,
MY,TMYCLKA7#5,CPU_186,J7XARDBT,JCXARDBT,Matched,1,0.14,0.25,32,0.18,0.28,31,,,Standard,,,,PRDBS3.BTHLOD.MY20A2,A76_LIST.txt; D2606JUN.txt; MY SLA; MY_JCL_Evidence.txt,Parsed,Production,Implemented,
MY,TMYCLKA7#5,CPU_187,J7XARDBD,,Dev only - not in Prod,1,,,0,,,,,,Development only,,Not implemented in production; runs in development only.,,,A76_LIST.txt; D2606JUN.txt; MY SLA; MY_JCL_Evidence.txt; user confirmation 2026-07-19,User confirmed dev-only,Development,Not implemented in production,
MY,TMYCLKA7#5,CPU_188,J7TVOE4Q,JSTVOE4Q,Matched,1,0.92,0.92,1,0.85,0.85,1,,,Standard,,,,&CNTLLIB(ICP01412) PRDBS3.BTHLOD.MY20A2,A76_LIST.txt; D2606JUN.txt; MY SLA; MY_JCL_Evidence.txt,Parsed,Production,Implemented,
MY,TMYCLKA7#5,CPU_189,J7TVIEGQ,JSTVIEGQ,Matched,1,0.01,0.02,4,0.02,0.03,4,,,Standard,,,IEFBR14,&CNTLLIB(ICP01412) PRDBS3.BTHLOD.MY20A2 PRDBS3.BTHSEQ.MY20A2.AMMF.VISA.ITFI PRDCRD.BTHCTL.MY20A2(BIIDEL) PRDCRD.BTHLOD.MY20A2,A76_LIST.txt; D2606JUN.txt; MY SLA; MY_JCL_Evidence.txt,Parsed,Production,Implemented,
MY,TMYCLKA7#5,CPU_190,J7TVIE4Q,JSTVIE4Q,Matched,1,0.11,0.18,4,0.05,0.05,4,,,Standard,,,IDCAMS IEFBR14,PRDBS3.BTHLOD.MY20A2 PRDBS3.BTHSEQ.MY20A2.AMMF.VISA.CTFI PRDBS3.BTHSEQ.MY20A2.AMMF.VISA.ITFI PRDBS3.BTHSEQ.MY20A2.AMMF.VISA.ITFI.YYVIE4Q PRDCRD.BTHLOD.MY20A2,A76_LIST.txt; D2606JUN.txt; MY SLA; MY_JCL_Evidence.txt,Parsed,Production,Implemented,
MY,TMYCLKA7#5,CPU_191,J7TVIEDQ,,Dev only - not in Prod,1,,,0,,,,,,Development only,,Not implemented in production; runs in development only.,,,A76_LIST.txt; D2606JUN.txt; MY SLA; MY_JCL_Evidence.txt; user confirmation 2026-07-19,User confirmed dev-only,Development,Not implemented in production,
MY,TMYCLKA7#5,CPU_192,J7TVICBD,,Dev only - not in Prod,1,,,0,,,,,,Development only,,Not implemented in production; runs in development only.,,,A76_LIST.txt; D2606JUN.txt; MY SLA; MY_JCL_Evidence.txt; user confirmation 2026-07-19,User confirmed dev-only,Development,Not implemented in production,
MY,TMYCLKA7#5,CPU_193,J7PRCYC3,JCPRCYC3,Matched,1,0.02,0.02,32,0.02,0.02,31,,,Standard,,,,,A76_LIST.txt; D2606JUN.txt; MY SLA; MY_JCL_Evidence.txt,Parsed,Production,Implemented,
MY,TMYCLKA7#5,CPU_194,J7P1113U,JCP1113U,Matched,1,0.17,0.38,3,0.19,0.45,3,,,Standard,,,CPDSTMTC ICEMAN IEFBR14 SORT,PRDCIS.BTHSEQ.MY20A2.CPSTMT.CORP PRDCIS.BTHSEQ.MY20A2.STMT.RAWFILE6 PRDCIS.BTHSEQ.MY20A2.STMT.RAWFILE6.RAW PRDCIS.BTHSEQ.MY20A2.STMT.RAWFILE6.SORTC1 PRDCIS.BTHSEQ.MY20A2.STMT.RAWFILE6.SORTC2 PRDCIS.BTHSEQ.MY20A2.STMT.RAWFILE6.SORTC3 PRDCIS.BTHSEQ.MY20A2.STMT.RAWFILE6.SORTED PRDCIS.BTHVSM.MY20A2.CPBAPX.ALL PRDCIS.BTHVSM.MY20A2.CPBCRD PRDCIS.BTHVSM.MY20A2.CPBCUS PRDCIS.BTHVSM.MY20A2.CPBPLT PRDCIS.BTHVSM.MY20A2.CPBSYS PRDCIS.BTHVSM.MY20A2.CPSTMT PRDCIS.BTHVSM.MY20A2.CPSTRN PRDCIS.ONLVSM.MY20A2.CPADD PRDCIS.ONLVSM.MY20A2.CPAPX PRDCIS.ONLVSM.MY20A2.CPPFX.PATH PRDCOM.BTHVSM.MY20A2.D10V.KCMACC PRDCOM.BTHVSM.MY20A2.D10V.KCXUPL PRDCOM.ONLVSM.MY20A2.KCLMTR PRDCOM.ONLVSM.MY20A2.KCMCNT PRDCRD.BTHCTL.MY20A2(DYNALL32) PRDCRD.BTHCTL.MY20A2(ICP00451) PRDCRD.BTHCTL.MY20A2(ICP00452) PRDCSS.ONLVSM.MY20A2.CSMCC PRDGST.BTHVSM.MY20A2.GST.CPSTRN,A76_LIST.txt; D2606JUN.txt; MY SLA; MY_JCL_Evidence.txt,Parsed,Production,Implemented,
MY,TMYCLKA7#5,CPU_195,J7XRTQMR,JCXRTQMR,User mapped,1,,,0,,,,,,Standard,,,,,A76_LIST.txt; D2606JUN.txt; MY SLA; MY_JCL_Evidence.txt; user update; D2512DEC.txt,User confirmed mapping,Production,Implemented,
MY,TMYCLKA7#5,CPU_196,J7P0416R,JCP0416R,Matched,1,6.23,6.23,1,7.63,7.63,1,,,Standard,,,CP605480 CP605490 CP617160 CP622070 ICETOOL IDCAMS SORT,PRDCIS.BKPVSM.MY20A2.CPBAPX.JCPALXR PRDCIS.BTHBGD.MY20A2.CPHST(0) PRDCIS.BTHBGD.MY20A2.CPOLST(0) PRDCIS.BTHSEQ.MY20A2.REPT.CP505492.CPP PRDCIS.BTHSEQ.MY20A2.REPT.CP505492.CPPI PRDCIS.BTHSEQ.MY20A2.RPT.CP505492 PRDCIS.BTHSEQ.MY20A2.RPT.CP505492.CPP PRDCIS.BTHSEQ.MY20A2.RPT.CP505492.CPPI PRDCIS.BTHSEQ.MY20A2.RPT.CP505493 PRDCIS.BTHSEQ.MY20A2.RPT.CP517161 PRDCIS.BTHVSM.MY20A2.CPBAPX.ALL PRDCIS.BTHVSM.MY20A2.CPBCMA PRDCIS.BTHVSM.MY20A2.CPBCRD PRDCIS.BTHVSM.MY20A2.CPBCUS PRDCIS.BTHVSM.MY20A2.CPBPLT.VIP PRDCIS.BTHVSM.MY20A2.CPBSYS PRDCIS.ONLVSM.MY20A2.CPAPX PRDCIS.ONLVSM.MY20A2.CPBNMPRM PRDCIS.WRKSEQ.MY20A2.CPBCMA PRDCRD.BTHCTL.MY20A2(DYNALL32) PRDCRD.BTHCTL.MY20A2(ICPK1000) PRDCRD.BTHVSM.MY20A2.RDM.CUSPLT PRDCRD.WRKSEQ.MY20A2.CPHST.NOWAIVE PRDCRD.WRKSEQ.MY20A2.CPHST.PREMIUM PRDCRD.WRKSEQ.MY20A2.CPHST.WAIVE PRDCRD.WRKSEQ.MY20A2.DBG.PREMIUM PRDCRD.WRKSEQ.MY20A2.DBG.PREMIUM.SORT PRDCRD.WRKSEQ.MY20A2.NOWAIVE PRDCRD.WRKSEQ.MY20A2.NOWAIVE.SORT PRDCRD.WRKSEQ.MY20A2.WAIVE,A76_LIST.txt; D2606JUN.txt; MY SLA; MY_JCL_Evidence.txt,Parsed,Production,Implemented,
MY,TMYCLKA7#5,CPU_197,J7P1177R,JCP1177R,Matched,1,2.67,3.48,32,3.12,3.93,31,,,Standard,,,CP617490 CP617500 IDCAMS IEFBR14 SBBD004 SORT,&CNTLLIB(DYNALL32) &CNTLLIB(ICP00536) &CNTLLIB(ICP00537) &ENV.CIS.BTHSEQ.&VER.SBBD001A &ENV.CIS.BTHSEQ.&VER.SBBD001A.SPLIT &ENV.CIS.BTHSEQ.&VER.SBBD001B.SPLIT &ENV.CIS.BTHSEQ.&VER.SBBD001C.SPLIT &ENV.CIS.BTHVSM.&VER.CPBAPX &ENV.CIS.BTHVSM.&VER.CPBCMA &ENV.CIS.BTHVSM.&VER.CPBPLT &ENV.CIS.BTHVSM.&VER.CPBSYS &ENV.CIS.ONLVSM.&VER.CPAPX &ENV.CIS.ONLVSM.&VER.TNGERL &ENV.CRD.BTHSEQ.&VER.AUTOBLK.EQUOUI &ENV.CRD.BTHSEQ.&VER.AUTOBLK.LOWOUI &PARMSUP(ICP00876) PRDCRD.BTHCTL.MY20A2(ICP00369) PRDCRD.BTHCTL.MY20A2(ICP00429) PRDCRD.BTHCTL.MY20A2(ICP00432) PRDCRD.BTHCTL.MY20A2(RESETCC),A76_LIST.txt; D2606JUN.txt; MY SLA; MY_JCL_Evidence.txt,Parsed,Production,Implemented,
MY,TMYCLKA7#5,CPU_198,J7P1177B,JCP1177B,Matched,1,0.08,0.1,32,0.09,0.1,31,,,Standard,,,IDCAMS,PRDCIS.ONLVSM.MY20A2.TNGERL PRDCRD.BTHCTL.MY20A2(ICP00368) PRDCRD.BTHCTL.MY20A2(ICP00370),A76_LIST.txt; D2606JUN.txt; MY SLA; MY_JCL_Evidence.txt,Parsed,Production,Implemented,
MY,TMYCLKA7#5,CPU_199,J7P1252U,JCP1252U,User mapped,1,,,0,,,,,,Standard,,,,,A76_LIST.txt; D2606JUN.txt; MY SLA; MY_JCL_Evidence.txt; user update; D2512DEC.txt,User confirmed mapping,Production,Implemented,
MY,TMYCLKA7#5,CPU_200,J7P60104,JCP60104,User mapped,1,,,0,,,,,,Standard,,,,,A76_LIST.txt; D2606JUN.txt; MY SLA; MY_JCL_Evidence.txt; user update; D2512DEC.txt,User confirmed mapping,Production,Implemented,
MY,TMYCLKA7#5,CPU_201,J7P1688U,JCP1688U,Matched,1,1.54,1.87,32,1.43,1.57,31,,,Standard,,,CP617860 ICEGENER IDCAMS SORT,PRDCIS.BTHLOD.MY20A2 PRDCIS.BTHVSM.MY20A2.CPBCRD PRDCIS.BTHVSM.MY20A2.CPBSYS PRDCRD.BTHCTL.MY20A2(ICP00943) PRDCRD.BTHCTL.MY20A2(ICP00944) PRDCRD.BTHCTL.MY20A2(ICP00945) PRDCRD.BTHCTL.MY20A2(ICP00946) PRDCRD.BTHLOD.MY20A2 PRDCRD.BTHPRM.MY20A2.SUP(ICP00925) PRDCRD.BTHPRM.MY20A2.SUP(ICP00940) PRDCRD.BTHPRM.MY20A2.SUP(ICP00941) PRDCRD.BTHSEQ.MY20A2.BLKA.CUSTEXCL.ADD PRDCRD.BTHSEQ.MY20A2.BLKA.CUSTEXCL.CLD PRDCRD.BTHSEQ.MY20A2.BLKA.CUSTEXCL.CRI PRDCRD.BTHVSM.MY20A2.BLKA.CUSTEXCL.ADD PRDCRD.BTHVSM.MY20A2.BLKA.CUSTEXCL.CLD PRDCRD.BTHVSM.MY20A2.BLKA.CUSTEXCL.CRI PRDCRD.WRKSEQ.MY20A2.TRAILER,A76_LIST.txt; D2606JUN.txt; MY SLA; MY_JCL_Evidence.txt,Parsed,Production,Implemented,
MY,TMYCLKA7#5,CPU_202,J7P1350U,JCP1350U,Matched,1,0.78,0.87,32,0.73,1,31,,,Standard,,,CP615480 CP615490 IDCAMS SORT,PRDCIS.BKPVSM.MY20A2.CPBAPX.JCPALXR PRDCIS.BKPVSM.MY20A2.CPBCAX.JCPALXR PRDCIS.BTHSEQ.MY20A2.CPAPX.SORT PRDCIS.BTHVSM.MY20A2.CPAPX.SORT PRDCIS.BTHVSM.MY20A2.CPBCRD PRDCIS.BTHVSM.MY20A2.CPBCUS PRDCIS.BTHVSM.MY20A2.CPBPLT PRDCIS.BTHVSM.MY20A2.CPBSYS PRDCRD.BTHCTL.MY20A2(DYNALL32) PRDCRD.BTHCTL.MY20A2(ICP00683) PRDCRD.BTHSEQ.MY20A2.CPBCRD.SORT1 PRDCRD.BTHSEQ.MY20A2.UCL.CPTUI PRDCRD.BTHSEQ.MY20A2.UCL.CPTUI2 PRDCRD.BTHSEQ.MY20A2.UCL.MAINT1.UI PRDCRD.BTHSEQ.MY20A2.UCL.PRE PRDCRD.BTHSEQ.MY20A2.UCL.PRE.SORT PRDCRD.ONLVSM.MY20A2.UNPARM PRDCRD.WRKSEQ.MY20A2.CP515491,A76_LIST.txt; D2606JUN.txt; MY SLA; MY_JCL_Evidence.txt,Parsed,Production,Implemented,
MY,TMYCLKA7#5,CPU_203,J7P1957U,JCP1957U,Matched,1,32.4,32.4,1,17.4,34.78,2,,,Standard,,,CP619170 CP619220 ICEGENER IDCAMS SORT,&CNTLLIB(DYNALL32) &CNTLLIB(ICP01188) &CNTLLIB(ICP01189) &DTL &ENV.CIS.BTHVSM.&VER.CPBAPX.ALL &ENV.CIS.BTHVSM.&VER.CPBCUS &ENV.CIS.BTHVSM.&VER.CPBPLT &ENV.CIS.BTHVSM.&VER.CPBSYS &ENV.CIS.BTHVSM.&VER.EISCC &ENV.CIS.ONLVSM.&VER.CPAPX &ENV.CIS.ONLVSM.&VER.CPCLTE &ENV.COM.BTHVSM.&VER.D10V.KCMACC &ENV.CRD.BTHSEQ.&VER.EALIS.COLL.CONV &ENV.CRD.BTHSEQ.&VER.EALIS.COLL.ISLM &ENV.CRD.BTHSEQ.&VER.EALIS.LOAN.CONV &ENV.CRD.BTHSEQ.&VER.EALIS.LOAN.ISLM &ENV.CRD.BTHSEQ.&VER.EALIS.PREPAID.CONV &ENV.CRD.BTHSEQ.&VER.EALIS.PREPAID.ISLM &ENV.CRD.BTHSEQ.&VER.PREPAID.CONV &ENV.CRD.BTHSEQ.&VER.PREPAID.ISLM &ENV.CRD.BTHVSM.&VER.EALCOLL &ENV.CRD.TMPSEQ.&VER.CPBCRD.CONV &ENV.CRD.TMPSEQ.&VER.CPBCRD.ISLM &ENV.EPP.BTHVSM.&VER.EPTRANS.PRVMTH &ENV.EPP.ONLVSM.&VER.EPTRANS PSUC.UID.EFTP.MY.STARWORK,A76_LIST.txt; D2606JUN.txt; MY SLA; MY_JCL_Evidence.txt,Parsed,Production,Implemented,
MY,TMYCLKA7#5,CPU_204,J7P1956U,JCP1956U,Matched,1,2.22,2.22,1,2.75,2.75,1,,,Standard,,,CP619210 SORT,&CNTLLIB(DYNALL32) &CNTLLIB(ICP01186) &CNTLLIB(ICP01187) &ENV.CIS.BTHVSM.&VER.CPBCRD &ENV.CIS.BTHVSM.&VER.CPBCUS &ENV.CIS.BTHVSM.&VER.CPBSYS &ENV.CRD.BTHSEQ.&VER.PREPAID.CONV &ENV.CRD.BTHSEQ.&VER.PREPAID.ISLM &ENV.CRD.BTHSEQ.&VER.UBO.PREPAID.CONV &ENV.CRD.BTHSEQ.&VER.UBO.PREPAID.ISLM &ENV.CRD.TMPSEQ.&VER.CPBCRD.CONV &ENV.CRD.TMPSEQ.&VER.CPBCRD.ISLM PRDCIS.BTHLOD.MY20A2 PRDCRD.BTHLOD.MY20A2 PSUC.UID.EFTP.MY.STARWORK,A76_LIST.txt; D2606JUN.txt; MY SLA; MY_JCL_Evidence.txt,Parsed,Production,Implemented,
MY,TMYCLKA7#5,CPU_205,J7P2093U,JCP2093U,Matched,1,0.42,0.52,32,0.42,0.45,31,,,Standard,,,AUU000 AUU001 CP616920 CP617180 ICEGENER SORT,&CNTLLIB(AUU001D) &CNTLLIB(ICP01315) &CNTLLIB(ICP01317) &CNTLLIB(ICP01318) &ENV.CAU.ONLVSM.&VER.AUSYS &ENV.CIS.BTHVSM.&VER.CPBABP &ENV.CIS.BTHVSM.&VER.CPBCRD &ENV.CIS.BTHVSM.&VER.CPBCUS &ENV.CIS.BTHVSM.&VER.CPBPLT &ENV.CIS.BTHVSM.&VER.CPBSYS &ENV.CIS.ONLVSM.&VER.CPAPXA &ENV.CIS.ONLVSM.&VER.CPAPXB &ENV.CIS.ONLVSM.&VER.CPCAXA &ENV.CIS.ONLVSM.&VER.CPCAXB &ENV.CIS.ONLVSM.&VER.CPCPX &ENV.CIS.ONLVSM.&VER.CPPFX &ENV.CRD.BTHBGD.&VER.RCS.CUCR.CPUI(+1) &ENV.CRD.BTHSEQ.&VER.RCS.CUCR &ENV.CRD.BTHSEQ.&VER.RCS.CUCR.LSTEXTR &ENV.CRD.BTHSEQ.&VER.RCS.RPT.CP517181 &ENV.CRD.BTHSEQ.&VER.RCS.RPT.CP517182 &ENV.CRD.BTHVSM.&VER.BLKA.CUSTEXCL.CLD &ENV.CRD.BTHVSM.&VER.BLKA.CUSTEXCL.CRI &ENV.CRD.WRKSEQ.&VER.RCS.CUCR &PARMSUP(ICP00870),A76_LIST.txt; D2606JUN.txt; MY SLA; MY_JCL_Evidence.txt,Parsed,Production,Implemented,
MY,TMYCLKA7#5,CPU_206,J7P2092U,JCP2092U,Matched,1,0.35,0.35,32,0.35,0.35,31,,,Standard,,,CP601520 CP616920 ICEGENER SORT,&CNTLLIB(ICP01312) &CNTLLIB(ICP01315) &CNTLLIB(ICP01316) &ENV.CIS.BTHVSM.&VER.CPBSYS &ENV.CRD.BTHBGD.&VER.RCS.VCHC.CPUI(+1) &ENV.CRD.BTHBGD.&VER.RCS.VCHC.QMUI(+1) &ENV.CRD.BTHSEQ.&VER.RCS.VCHC &ENV.CRD.WRKSEQ.&VER.RCS.VCHC PRDCIS.BTHLOD.MY20A2 PRDCRD.BTHLOD.MY20A2 PRDCSS.BTHLOD.MY20A2,A76_LIST.txt; D2606JUN.txt; MY SLA; MY_JCL_Evidence.txt,Parsed,Production,Implemented,
MY,TMYCLKA7#5,CPU_207,J7P2541U,JCP2541U,User mapped,1,,,0,,,,,,Standard,,,,,A76_LIST.txt; D2606JUN.txt; MY SLA; MY_JCL_Evidence.txt; user update; D2512DEC.txt,User confirmed mapping,Production,Implemented,
MY,TMYCLKA7#5,CPU_208,J7P2542U,JCP2542U,User mapped,1,,,0,,,,,,Standard,,,,,A76_LIST.txt; D2606JUN.txt; MY SLA; MY_JCL_Evidence.txt; user update; D2512DEC.txt,User confirmed mapping,Production,Implemented,
MY,TMYCLKA7#5,CPU_209,J7P2192U,JCP2192U,Matched,1,11.76,13.1,32,12.91,14.75,31,,,Standard,,,CP620160,&ENV.CIS.BTHVSM.&VER.CPBCAX &ENV.CIS.BTHVSM.&VER.CPBCRD &ENV.CIS.BTHVSM.&VER.CPBCUS &ENV.CIS.BTHVSM.&VER.CPBSYS &ENV.CIS.ONLVSM.&VER.CPCAX &ENV.CRD.BTHSEQ.&VER.NEO.CUSDTL,A76_LIST.txt; D2606JUN.txt; MY SLA; MY_JCL_Evidence.txt,Parsed,Production,Implemented,
MY,TMYCLKA7#5,CPU_210,J7PRCYCF,JCPRCYCF,Matched,1,0.02,0.07,32,0.02,0.02,31,,,Standard,,,,PRDCIS.BTHLOD.MY20A2 PRDCRD.BTHLOD.MY20A2 PRDCSS.BTHLOD.MY20A2,A76_LIST.txt; D2606JUN.txt; MY SLA; MY_JCL_Evidence.txt,Parsed,Production,Implemented,
MY,TMYCLKA7#5,CPU_211,J7PRCY3A,JCPRCY3A,Matched,1,0,0,32,0,0,31,,,Standard,,,,PRDCIS.BTHLOD.MY20A2 PRDCRD.BTHLOD.MY20A2 PRDCSS.BTHLOD.MY20A2,A76_LIST.txt; D2606JUN.txt; MY SLA; MY_JCL_Evidence.txt,Parsed,Production,Implemented,
MY,TMYCLKA7#5,CPU_212,J7PRCYC,JCPRCYC,Matched,1,1.69,1.82,32,1.71,1.92,31,,,Standard,,,,PRDCIS.BTHLOD.MY20A2 PRDCRD.BTHLOD.MY20A2 PRDCSS.BTHLOD.MY20A2,A76_LIST.txt; D2606JUN.txt; MY SLA; MY_JCL_Evidence.txt,Parsed,Production,Implemented,
MY,TMYCLKA7#5,CPU_213,J7PQTR1,JCPQTR1,Matched,1,0.08,0.17,2,0.1,0.1,1,,,Standard,,,,&CNTLLIB(CPU501M) &CNTLLIB(CPU501P) &CNTLLIB(CPU501V) &CNTLLIB(CPU501VK) PRDCIS.BTHLOD.MY20A2 PRDCRD.BTHLOD.MY20A2 PRDCSS.BTHLOD.MY20A2,A76_LIST.txt; D2606JUN.txt; MY SLA; MY_JCL_Evidence.txt,Parsed,Production,Implemented,
MY,TMYCLKA7#5,CPU_214,J7PQTR5,JCPQTR5,Matched,1,0,0,1,0,0,1,,,Standard,,,,&CNTLLIB(CPU501MI) &CNTLLIB(CPU501VI) PRDCIS.BTHLOD.MY20A2 PRDCSS.BTHLOD.MY20A2,A76_LIST.txt; D2606JUN.txt; MY SLA; MY_JCL_Evidence.txt,Parsed,Production,Implemented,
MY,TMYCLKA7#5,CPU_217,J7P0901U,JCP0901U,Matched,1,0.08,0.1,32,0.09,0.13,31,,,Standard,,,IDCAMS,PRDCRD.BTHCTL.MY20A2(ICP00368) PRDCRD.BTHCTL.MY20A2(ICP00370) PRDCRD.BTHCTL.MY20A2(ICP00371),A76_LIST.txt; D2606JUN.txt; MY SLA; MY_JCL_Evidence.txt,Parsed,Production,Implemented,
MY,TMYCLKA7#5,CPU_218,J7P0867U,JCP0867U,Matched,1,0.05,0.05,32,0.05,0.07,31,,,Standard,,,IDCAMS,,A76_LIST.txt; D2606JUN.txt; MY SLA; MY_JCL_Evidence.txt,Parsed,Production,Implemented,
MY,TMYCLKA7#5,CPU_219,J7P0868U,JCP0868U,Matched,1,0.14,0.55,32,0.19,0.22,31,,,Standard,,,CP610550 CP616750 CPD000 CPDVMAE IDCAMS IEBDG IEFBR14 SORT,PRDCIS.BTHLOD.MY20A2 PRDCIS.BTHSEQ.MY20A2.CPCSNMUT PRDCIS.BTHSEQ.MY20A2.CPLFM PRDCIS.BTHVSM.MY20A2.CPBCRD PRDCIS.BTHVSM.MY20A2.CPBCUS PRDCIS.BTHVSM.MY20A2.CPBPLT PRDCIS.BTHVSM.MY20A2.CPBSYS PRDCIS.BTHVSM.MY20A2.CPCCPF.ALL PRDCIS.ONLVSM.MY20A2.TNGERL PRDCIS.ONLVSM.MY20A2.TNGERL1 PRDCIS.ONLVSM.MY20A2.TNGPARA PRDCRD.BTHCTL.MY20A2(DYNALL32) PRDCRD.BTHCTL.MY20A2(REPRO) PRDCRD.BTHLOD.MY20A2 PRDCRD.BTHPRM.MY20A2.SUP(ICP00792) PRDCRD.BTHSEQ.MY20A2.EMV.OUTPUT.SUCCREJ PRDCRD.BTHSEQ.MY20A2.RCS.ZING PRDCRD.BTHSEQ.MY20A2.TNG.AS400 PRDCRD.WRKSEQ.MY20A2.AUTOERL.TNG PRDCRD.WRKSEQ.MY20A2.CPCCPF.ACCPT.TNG PRDCRD.WRKSEQ.MY20A2.CPCSNMUT.TNG.COMBI PRDCRD.WRKSEQ.MY20A2.CPEIC.SUCC PRDCRD.WRKSEQ.MY20A2.CPLFM.TNG PRDCRD.WRKSEQ.MY20A2.TNG.AUTOTAG PRDCRD.WRKSEQ.MY20A2.TNG.MERGE PRDCRD.WRKVSM.MY20A2.TNG.AS400,A76_LIST.txt; D2606JUN.txt; MY SLA; MY_JCL_Evidence.txt,Parsed,Production,Implemented,
MY,TMYCLKA7#5,CPU_220,J7P0869U,JCP0869U,Matched,1,0.05,0.05,32,0.05,0.07,31,,,Standard,,,IDCAMS,,A76_LIST.txt; D2606JUN.txt; MY SLA; MY_JCL_Evidence.txt,Parsed,Production,Implemented,
MY,TMYCLKA7#5,CPU_221,J7P0882U,JCP0882U,Matched,1,0.43,0.53,32,0.38,0.48,31,,,Standard,,,CP612100 CPDVMHU ICEGENER IDCAMS SORT,PRDCIS.BTHLOD.MY20A2 PRDCIS.BTHVSM.MY20A2.CPBSYS PRDCIS.ONLVSM.MY20A2.TNGERL PRDCRD.BKPSEQ.MY20A2.TNGFTP.BKP PRDCRD.BKPSEQ.MY20A2.TNGFTPZ.BKP PRDCRD.BTHCTL.MY20A2(DYNALL32) PRDCRD.BTHLOD.MY20A2 PRDCRD.BTHSEQ.MY20A2.TNGFTP PRDCRD.BTHSEQ.MY20A2.TNGFTPZ PRDCRD.BTHSEQ.MY20A2.TNGRB1O PRDCRD.BTHSEQ.MY20A2.TNGVMHU.#0700 PRDCRD.BTHSEQ.MY20A2.TNGVMHU.#0700A PRDCRD.BTHSEQ.MY20A2.TNGVMHU.#0800 PRDCRD.BTHSEQ.MY20A2.TNGVMHU.#0900 PRDCRD.BTHSEQ.MY20A2.TNGVMHU.#1000 PRDCRD.BTHSEQ.MY20A2.TNGVMHU.#1100 PRDCRD.BTHSEQ.MY20A2.TNGVMHU.#1200 PRDCRD.BTHSEQ.MY20A2.TNGVMHU.#1300 PRDCRD.BTHSEQ.MY20A2.TNGVMHU.#1400 PRDCRD.BTHSEQ.MY20A2.TNGVMHU.#1500 PRDCRD.BTHSEQ.MY20A2.TNGVMHU.#1600 PRDCRD.BTHSEQ.MY20A2.TNGVMHU.#1700 PRDCRD.BTHSEQ.MY20A2.TNGVMHU.#1800 PRDCRD.BTHSEQ.MY20A2.TNGVMHU.#1900 PRDCRD.BTHSEQ.MY20A2.TNGVMHU.#2000 PRDCRD.BTHSEQ.MY20A2.TNGVMHU.#2100 PRDCRD.BTHSEQ.MY20A2.TNGVMHU.#2200 PRDCRD.WRKSEQ.MY20A2.CP512101 PRDCRD.WRKSEQ.MY20A2.TNGERL.JCP0882U,A76_LIST.txt; D2606JUN.txt; MY SLA; MY_JCL_Evidence.txt,Parsed,Production,Implemented,
MY,TMYCLKA7#5,CPU_222,J7P0870U,JCP0870U,Matched,1,1.31,2.32,32,1.63,2.73,31,,,Standard,,,CP617430 CPDVMAT ICEMAN IDCAMS SORT,&ENV.CIS.BTHVSM.&VER.CPBCRD &ENV.CIS.BTHVSM.&VER.CPBPLT &ENV.CIS.BTHVSM.&VER.CPBSYS &ENV.CIS.ONLVSM.&VER.TNGERL &ENV.CIS.ONLVSM.&VER.TNGPARA &ENV.CRD.WRKSEQ.&VER.TNGERL.JCP0870U PRDCIS.BTHSEQ.MY20A2.CPBPLT.TNGEXP PRDCIS.BTHVSM.MY20A2.CPBPLT PRDCIS.BTHVSM.MY20A2.CPBSYS PRDCIS.ONLVSM.MY20A2.CPPFX.PATH PRDCIS.ONLVSM.MY20A2.TNGERL PRDCRD.BTHCTL.MY20A2(DYNALL32) PRDCRD.BTHCTL.MY20A2(ICP00879) PRDCRD.BTHCTL.MY20A2(ICP00880) PRDCRD.BTHCTL.MY20A2(ICP01493) PRDCRD.BTHSEQ.MY20A2.TNGERLH PRDCRD.WRKSEQ.MY20A2.TNGERL.JCP0870U,A76_LIST.txt; D2606JUN.txt; MY SLA; MY_JCL_Evidence.txt,Parsed,Production,Implemented,
MY,TMYCLKA7#5,CPU_223,J7PVMRZS,JCPVMRZS,Matched,1,1.07,1.25,2,0.86,0.93,2,,,Standard,,,CPDVMRZS IDCAMS,PRDCIS.BTHVSM.MY20A2.CPBCUS PRDCIS.BTHVSM.MY20A2.CPBPLT PRDCIS.BTHVSM.MY20A2.CPBSYS PRDCIS.ONLVSM.MY20A2.CPPFX.PATH PRDCIS.ONLVSM.MY20A2.TNGERL PRDCIS.ONLVSM.MY20A2.TNGERL.JCPVMRZR PRDCIS.ONLVSM.MY20A2.TNGERL1 PRDCIS.ONLVSM.MY20A2.TNGERL2 PRDCIS.ONLVSM.MY20A2.TNGERL3 PRDCRD.BTHCTL.MY20A2(ICP00368) PRDCRD.BTHCTL.MY20A2(REPRO) PRDCRD.BTHCTL.MY20A2(VMRZS),A76_LIST.txt; D2606JUN.txt; MY SLA; MY_JCL_Evidence.txt,Parsed,Production,Implemented,
MY,TMYCLKA7#5,CPU_224,J7P1031U,JCP1031U,Matched,1,0.05,0.05,32,0.05,0.07,31,,,Standard,,,IDCAMS,,A76_LIST.txt; D2606JUN.txt; MY SLA; MY_JCL_Evidence.txt,Parsed,Production,Implemented,
MY,TMYCLKA7#5,CPU_225,J7P1032U,JCP1032U,Matched,1,0,0,32,0,0,31,,,Standard,,,CPDVMAR IEFBR14 SORT,PRDCIS.BTHLOD.MY20A2 PRDCIS.BTHSEQ.MY20A2.CPLFM PRDCIS.BTHVSM.MY20A2.CPBCRD PRDCIS.BTHVSM.MY20A2.CPBPLT PRDCIS.BTHVSM.MY20A2.CPBSYS PRDCIS.ONLVSM.MY20A2.TNGERL PRDCRD.BTHCTL.MY20A2(DYNALL32) PRDCRD.WRKSEQ.MY20A2.CPLFM.TNGREPL,A76_LIST.txt; D2606JUN.txt; MY SLA; MY_JCL_Evidence.txt,Parsed,Production,Implemented,
MY,TMYCLKA7#5,CPU_226,J7P1033U,JCP1033U,Matched,1,1.85,2.28,32,1.99,2.58,31,,,Standard,,,IDCAMS,PRDCRD.BTHCTL.MY20A2(ICP00368) PRDCRD.BTHCTL.MY20A2(ICP00369) PRDCRD.BTHCTL.MY20A2(ICP00429) PRDCRD.BTHCTL.MY20A2(ICP00432) PRDCRD.BTHCTL.MY20A2(RESETCC),A76_LIST.txt; D2606JUN.txt; MY SLA; MY_JCL_Evidence.txt,Parsed,Production,Implemented,
MY,TMYCLKA7#5,CPU_227,J7P0895U,JCP0895U,Matched,1,0.23,0.4,32,0.29,0.43,31,,,Standard,,,CP604650 IEFBR14,PRDCIS.BTHVSM.MY20A2.CPBSYS PRDCRD.BKPSEQ.MY20A2.OTNGR2.HOLIDAY PRDCRD.BKPSEQ.MY20A2.OTNGRB.HOLIDAY PRDCRD.BKPSEQ.MY20A2.OTNGRZ.HOLIDAY PRDCRD.BKPSEQ.MY20A2.TNGCR.HOLIDAY PRDCRD.BKPSEQ.MY20A2.TNGCS.HOLIDAY PRDCRD.BKPSEQ.MY20A2.TNGN0.HOLIDAY PRDCRD.BKPSEQ.MY20A2.TNGR0.HOLIDAY PRDCRD.BKPSEQ.MY20A2.TNGZR.HOLIDAY PRDCRD.BTHLOD.MY20A2 PRDCRD.ONLVSM.MY20A2.BRANCH,A76_LIST.txt; D2606JUN.txt; MY SLA; MY_JCL_Evidence.txt,Parsed,Production,Implemented,
MY,TMYCLKA7#5,CPU_228,J7P0881U,JCP0881U,Matched,1,0.01,0.02,32,0.01,0.03,31,,,Standard,,,CP604650 CP612250 CP613300 IEFBR14 SORT,PRDCIS.BTHSEQ.MY20A2.TNGBM PRDCIS.BTHVSM.MY20A2.CPBSYS PRDCRD.BTHCTL.MY20A2(DYNALL32) PRDCRD.BTHLOD.MY20A2 PRDCRD.BTHSEQ.MY20A2.OTNGR2.HOLIDAY PRDCRD.BTHSEQ.MY20A2.OTNGRB.HOLIDAY PRDCRD.BTHSEQ.MY20A2.OTNGRZ.HOLIDAY PRDCRD.BTHSEQ.MY20A2.TNGCR.HOLIDAY PRDCRD.BTHSEQ.MY20A2.TNGCS.HOLIDAY PRDCRD.BTHSEQ.MY20A2.TNGN0.HOLIDAY PRDCRD.BTHSEQ.MY20A2.TNGR0.HOLIDAY PRDCRD.BTHSEQ.MY20A2.TNGZR.HOLIDAY PRDCRD.ONLVSM.MY20A2.BRANCH,A76_LIST.txt; D2606JUN.txt; MY SLA; MY_JCL_Evidence.txt,Parsed,Production,Implemented,
MY,TMYCLKA7#5,CPU_229,J7P0879U,JCP0879U,Matched,1,0.08,0.1,32,0.1,0.13,31,,,Standard,,,CP604650 CP612090 CPDVMCS ETALK ICEGENER IEFBR14 SORT,PRDCIS.BTHLOD.MY20A2 PRDCIS.BTHSEQ.MY20A2.TNGBM PRDCIS.BTHSEQ.MY20A2.TNGBM.HOLIDAY PRDCIS.BTHVSM.MY20A2.CPBCRD PRDCIS.BTHVSM.MY20A2.CPBCUS PRDCIS.BTHVSM.MY20A2.CPBPLT PRDCIS.BTHVSM.MY20A2.CPBSYS PRDCIS.ONLVSM.MY20A2.TNGERL PRDCIS.ONLVSM.MY20A2.TNGPARA PRDCRD.BTHCTL.MY20A2(DYNALL32) PRDCRD.BTHLOD.MY20A2 PRDCRD.BTHSEQ.MY20A2.TNGCS.HOL.ENC PRDCRD.BTHSEQ.MY20A2.TNGCS.HOLIDAY PRDCRD.BTHSEQ.MY20A2.TNGCS01 PRDCRD.BTHSEQ.MY20A2.TNGCS01.ENC PRDCRD.BTHSEQ.MY20A2.TNGCS01.HOLIDAY PRDCRD.BTHSEQ.MY20A2.TNGCS02 PRDCRD.BTHSEQ.MY20A2.TNGCS02.ENC PRDCRD.BTHSEQ.MY20A2.TNGCS02.HOLIDAY PRDCRD.BTHSEQ.MY20A2.TNGCS03 PRDCRD.BTHSEQ.MY20A2.TNGCS03.ENC PRDCRD.BTHSEQ.MY20A2.TNGCS03.HOLIDAY PRDCRD.BTHSEQ.MY20A2.TNGCS04 PRDCRD.BTHSEQ.MY20A2.TNGCS04.ENC PRDCRD.BTHSEQ.MY20A2.TNGCS04.HOLIDAY PRDCRD.BTHSEQ.MY20A2.TNGCS05 PRDCRD.BTHSEQ.MY20A2.TNGCS05.ENC PRDCRD.BTHSEQ.MY20A2.TNGCS05.HOLIDAY PRDCRD.BTHSEQ.MY20A2.TNGCS06 PRDCRD.BTHSEQ.MY20A2.TNGCS06.ENC,A76_LIST.txt; D2606JUN.txt; MY SLA; MY_JCL_Evidence.txt,Parsed,Production,Implemented,
MY,TMYCLKA7#5,CPU_230,J7P1040U,JCP1040U,Matched,1,0.02,0.02,32,0.02,0.03,31,,,Standard,,,CP604650 CP613290 CPDVMCS ETALK ICEGENER IEFBR14 SORT,PRDCIS.BTHLOD.MY20A2 PRDCIS.BTHSEQ.MY20A2.TNGBM PRDCIS.BTHSEQ.MY20A2.TNGBM.HOLIDAY PRDCIS.BTHVSM.MY20A2.CPBCRD PRDCIS.BTHVSM.MY20A2.CPBCUS PRDCIS.BTHVSM.MY20A2.CPBPLT PRDCIS.BTHVSM.MY20A2.CPBSYS PRDCIS.ONLVSM.MY20A2.TNGERL PRDCIS.ONLVSM.MY20A2.TNGPARA PRDCRD.BTHCTL.MY20A2(DYNALL32) PRDCRD.BTHLOD.MY20A2 PRDCRD.BTHSEQ.MY20A2.TNGGET.N1 PRDCRD.BTHSEQ.MY20A2.TNGN0.HOL.ENC PRDCRD.BTHSEQ.MY20A2.TNGN0.HOLIDAY PRDCRD.BTHSEQ.MY20A2.TNGN001 PRDCRD.BTHSEQ.MY20A2.TNGN001.ENC PRDCRD.BTHSEQ.MY20A2.TNGN001.HOLIDAY PRDCRD.BTHSEQ.MY20A2.TNGN002 PRDCRD.BTHSEQ.MY20A2.TNGN002.ENC PRDCRD.BTHSEQ.MY20A2.TNGN002.HOLIDAY PRDCRD.BTHSEQ.MY20A2.TNGN003 PRDCRD.BTHSEQ.MY20A2.TNGN003.ENC PRDCRD.BTHSEQ.MY20A2.TNGN003.HOLIDAY PRDCRD.BTHSEQ.MY20A2.TNGN004 PRDCRD.BTHSEQ.MY20A2.TNGN004.ENC PRDCRD.BTHSEQ.MY20A2.TNGN004.HOLIDAY PRDCRD.BTHSEQ.MY20A2.TNGN005 PRDCRD.BTHSEQ.MY20A2.TNGN005.ENC PRDCRD.BTHSEQ.MY20A2.TNGN005.HOLIDAY PRDCRD.BTHSEQ.MY20A2.TNGPUT.N0,A76_LIST.txt; D2606JUN.txt; MY SLA; MY_JCL_Evidence.txt,Parsed,Production,Implemented,
MY,TMYCLKA7#5,CPU_231,J7P0889U,JCP0889U,Matched,1,0.03,0.1,32,0.03,0.1,31,,,Standard,,,CP604650 IEFBR14,PRDCIS.BTHVSM.MY20A2.CPBSYS PRDCRD.BKPSEQ.MY20A2.TNGCS.HOLIDAY PRDCRD.BKPSEQ.MY20A2.TNGN0.HOLIDAY PRDCRD.BTHLOD.MY20A2 PRDCRD.ONLVSM.MY20A2.BRANCH,A76_LIST.txt; D2606JUN.txt; MY SLA; MY_JCL_Evidence.txt,Parsed,Production,Implemented,
MY,TMYCLKA7#5,CPU_232,J7P0890U,JCP0890U,Matched,1,0,0,32,0,0.02,31,,,Standard,,,CP604650 ICEGENER IDCAMS IEFBR14,PRDCIS.BTHVSM.MY20A2.CPBSYS PRDCRD.BTHLOD.MY20A2 PRDCRD.BTHSEQ.MY20A2.TNGCS.HOLIDAY PRDCRD.BTHSEQ.MY20A2.TNGCS01.HOLIDAY PRDCRD.BTHSEQ.MY20A2.TNGCS02.HOLIDAY PRDCRD.BTHSEQ.MY20A2.TNGCS03.HOLIDAY PRDCRD.BTHSEQ.MY20A2.TNGCS04.HOLIDAY PRDCRD.BTHSEQ.MY20A2.TNGCS05.HOLIDAY PRDCRD.BTHSEQ.MY20A2.TNGCS06.HOLIDAY PRDCRD.BTHSEQ.MY20A2.TNGCS07.HOLIDAY PRDCRD.BTHSEQ.MY20A2.TNGCS08.HOLIDAY PRDCRD.BTHSEQ.MY20A2.TNGCS09.HOLIDAY PRDCRD.BTHSEQ.MY20A2.TNGCS10.HOLIDAY PRDCRD.BTHSEQ.MY20A2.TNGN0.HOLIDAY PRDCRD.BTHSEQ.MY20A2.TNGN001.HOLIDAY PRDCRD.BTHSEQ.MY20A2.TNGN002.HOLIDAY PRDCRD.BTHSEQ.MY20A2.TNGN003.HOLIDAY PRDCRD.BTHSEQ.MY20A2.TNGN004.HOLIDAY PRDCRD.BTHSEQ.MY20A2.TNGN005.HOLIDAY PRDCRD.ONLVSM.MY20A2.BRANCH,A76_LIST.txt; D2606JUN.txt; MY SLA; MY_JCL_Evidence.txt,Parsed,Production,Implemented,
MY,TMYCLKA7#5,CPU_233,J7P0883U,JCP0883U,Matched,1,0.15,0.2,32,0.17,0.23,31,,,Standard,,,CP604650 CPDVMRB1 CPDVMRZM ICEGENER SORT,PRDCIS.BTHLOD.MY20A2 PRDCIS.BTHSEQ.MY20A2.TNGBM PRDCIS.BTHSEQ.MY20A2.TNGBM.HOLIDAY PRDCIS.BTHVSM.MY20A2.CPBPLT PRDCIS.BTHVSM.MY20A2.CPBSYS PRDCIS.ONLVSM.MY20A2.TNGERL PRDCIS.ONLVSM.MY20A2.TNGPARA PRDCRD.BTHCTL.MY20A2(ICPK0050) PRDCRD.BTHLOD.MY20A2 PRDCRD.BTHSEQ.MY20A2.OTNGRB01 PRDCRD.BTHSEQ.MY20A2.OTNGRB01.HOLIDAY PRDCRD.BTHSEQ.MY20A2.OTNGRB02 PRDCRD.BTHSEQ.MY20A2.OTNGRB02.HOLIDAY PRDCRD.BTHSEQ.MY20A2.OTNGRB03 PRDCRD.BTHSEQ.MY20A2.OTNGRB03.HOLIDAY PRDCRD.BTHSEQ.MY20A2.OTNGRB04 PRDCRD.BTHSEQ.MY20A2.OTNGRB04.HOLIDAY PRDCRD.BTHSEQ.MY20A2.OTNGRB05 PRDCRD.BTHSEQ.MY20A2.OTNGRB05.HOLIDAY PRDCRD.BTHSEQ.MY20A2.OTNGRB06 PRDCRD.BTHSEQ.MY20A2.OTNGRB06.HOLIDAY PRDCRD.BTHSEQ.MY20A2.OTNGRB07 PRDCRD.BTHSEQ.MY20A2.OTNGRB07.HOLIDAY PRDCRD.BTHSEQ.MY20A2.OTNGRB08 PRDCRD.BTHSEQ.MY20A2.OTNGRB08.HOLIDAY PRDCRD.BTHSEQ.MY20A2.OTNGRB09 PRDCRD.BTHSEQ.MY20A2.OTNGRB09.HOLIDAY PRDCRD.BTHSEQ.MY20A2.OTNGRB10 PRDCRD.BTHSEQ.MY20A2.OTNGRB10.HOLIDAY PRDCRD.BTHSEQ.MY20A2.OTNGRZ01,A76_LIST.txt; D2606JUN.txt; MY SLA; MY_JCL_Evidence.txt,Parsed,Production,Implemented,
MY,TMYCLKA7#5,CPU_234,J7P1041U,JCP1041U,Matched,1,0.11,0.13,32,0.11,0.15,31,,,Standard,,,CP604650 CPDVMRB1 ICEGENER SORT,PRDCIS.BTHLOD.MY20A2 PRDCIS.BTHSEQ.MY20A2.TNGBM PRDCIS.BTHSEQ.MY20A2.TNGBM.HOLIDAY PRDCIS.BTHVSM.MY20A2.CPBPLT PRDCIS.BTHVSM.MY20A2.CPBSYS PRDCIS.ONLVSM.MY20A2.TNGERL PRDCIS.ONLVSM.MY20A2.TNGPARA PRDCRD.BTHCTL.MY20A2(ICPK0050) PRDCRD.BTHLOD.MY20A2 PRDCRD.BTHSEQ.MY20A2.OTNGR201 PRDCRD.BTHSEQ.MY20A2.OTNGR201.HOLIDAY PRDCRD.BTHSEQ.MY20A2.OTNGR202 PRDCRD.BTHSEQ.MY20A2.OTNGR202.HOLIDAY PRDCRD.BTHSEQ.MY20A2.OTNGR203 PRDCRD.BTHSEQ.MY20A2.OTNGR203.HOLIDAY PRDCRD.BTHSEQ.MY20A2.OTNGR204 PRDCRD.BTHSEQ.MY20A2.OTNGR204.HOLIDAY PRDCRD.BTHSEQ.MY20A2.OTNGR205 PRDCRD.BTHSEQ.MY20A2.OTNGR205.HOLIDAY PRDCRD.ONLVSM.MY20A2.BRANCH PRDCRD.WRKSEQ.MY20A2.TNGERL.JCP1041U,A76_LIST.txt; D2606JUN.txt; MY SLA; MY_JCL_Evidence.txt,Parsed,Production,Implemented,
MY,TMYCLKA7#5,CPU_235,J7P0891U,JCP0891U,Matched,1,0.05,0.15,32,0.04,0.17,31,,,Standard,,,CP604650 IEFBR14,PRDCIS.BTHVSM.MY20A2.CPBSYS PRDCRD.BKPSEQ.MY20A2.OTNGR2.HOLIDAY PRDCRD.BKPSEQ.MY20A2.OTNGRB.HOLIDAY PRDCRD.BKPSEQ.MY20A2.OTNGRZ.HOLIDAY PRDCRD.BTHLOD.MY20A2 PRDCRD.ONLVSM.MY20A2.BRANCH,A76_LIST.txt; D2606JUN.txt; MY SLA; MY_JCL_Evidence.txt,Parsed,Production,Implemented,
MY,TMYCLKA7#5,CPU_236,J7P0892U,JCP0892U,Matched,1,0.01,0.02,32,0.01,0.02,31,,,Standard,,,CP604650 IDCAMS,PRDCIS.BTHVSM.MY20A2.CPBSYS PRDCRD.BTHLOD.MY20A2 PRDCRD.BTHSEQ.MY20A2.OTNGR2.HOLIDAY PRDCRD.BTHSEQ.MY20A2.OTNGR201.HOLIDAY PRDCRD.BTHSEQ.MY20A2.OTNGR202.HOLIDAY PRDCRD.BTHSEQ.MY20A2.OTNGR203.HOLIDAY PRDCRD.BTHSEQ.MY20A2.OTNGR204.HOLIDAY PRDCRD.BTHSEQ.MY20A2.OTNGR205.HOLIDAY PRDCRD.BTHSEQ.MY20A2.OTNGRB.HOLIDAY PRDCRD.BTHSEQ.MY20A2.OTNGRB01.HOLIDAY PRDCRD.BTHSEQ.MY20A2.OTNGRB02.HOLIDAY PRDCRD.BTHSEQ.MY20A2.OTNGRB03.HOLIDAY PRDCRD.BTHSEQ.MY20A2.OTNGRB04.HOLIDAY PRDCRD.BTHSEQ.MY20A2.OTNGRB05.HOLIDAY PRDCRD.BTHSEQ.MY20A2.OTNGRB06.HOLIDAY PRDCRD.BTHSEQ.MY20A2.OTNGRB07.HOLIDAY PRDCRD.BTHSEQ.MY20A2.OTNGRB08.HOLIDAY PRDCRD.BTHSEQ.MY20A2.OTNGRB09.HOLIDAY PRDCRD.BTHSEQ.MY20A2.OTNGRB10.HOLIDAY PRDCRD.BTHSEQ.MY20A2.OTNGRZ.HOLIDAY PRDCRD.BTHSEQ.MY20A2.OTNGRZ01.HOLIDAY PRDCRD.BTHSEQ.MY20A2.OTNGRZ02.HOLIDAY PRDCRD.BTHSEQ.MY20A2.OTNGRZ03.HOLIDAY PRDCRD.BTHSEQ.MY20A2.OTNGRZ04.HOLIDAY PRDCRD.BTHSEQ.MY20A2.OTNGRZ05.HOLIDAY PRDCRD.BTHSEQ.MY20A2.OTNGRZ06.HOLIDAY PRDCRD.BTHSEQ.MY20A2.OTNGRZ07.HOLIDAY PRDCRD.BTHSEQ.MY20A2.OTNGRZ08.HOLIDAY PRDCRD.BTHSEQ.MY20A2.OTNGRZ09.HOLIDAY PRDCRD.BTHSEQ.MY20A2.OTNGRZ10.HOLIDAY,A76_LIST.txt; D2606JUN.txt; MY SLA; MY_JCL_Evidence.txt,Parsed,Production,Implemented,
MY,TMYCLKA7#5,CPU_237,J7P0878U,JCP0878U,Matched,1,0.18,0.5,32,0.25,0.52,31,,,Standard,,,CP604650 CP612090 CPDVMCR ETALK ICEGENER IEFBR14,PRDCIS.BTHSEQ.MY20A2.TNGBM PRDCIS.BTHSEQ.MY20A2.TNGBM.HOLIDAY PRDCIS.BTHVSM.MY20A2.CPBCRD PRDCIS.BTHVSM.MY20A2.CPBCUS PRDCIS.BTHVSM.MY20A2.CPBPLT PRDCIS.BTHVSM.MY20A2.CPBSYS PRDCIS.ONLVSM.MY20A2.CPPFX.PATH PRDCIS.ONLVSM.MY20A2.TNGERL PRDCRD.BTHSEQ.MY20A2.OTNGRB01 PRDCRD.BTHSEQ.MY20A2.OTNGRB01.HOLIDAY PRDCRD.BTHSEQ.MY20A2.OTNGRB02 PRDCRD.BTHSEQ.MY20A2.OTNGRB02.HOLIDAY PRDCRD.BTHSEQ.MY20A2.OTNGRB03 PRDCRD.BTHSEQ.MY20A2.OTNGRB03.HOLIDAY PRDCRD.BTHSEQ.MY20A2.OTNGRB04 PRDCRD.BTHSEQ.MY20A2.OTNGRB04.HOLIDAY PRDCRD.BTHSEQ.MY20A2.OTNGRB05 PRDCRD.BTHSEQ.MY20A2.OTNGRB05.HOLIDAY PRDCRD.BTHSEQ.MY20A2.OTNGRB06 PRDCRD.BTHSEQ.MY20A2.OTNGRB06.HOLIDAY PRDCRD.BTHSEQ.MY20A2.OTNGRB07 PRDCRD.BTHSEQ.MY20A2.OTNGRB07.HOLIDAY PRDCRD.BTHSEQ.MY20A2.OTNGRB08 PRDCRD.BTHSEQ.MY20A2.OTNGRB08.HOLIDAY PRDCRD.BTHSEQ.MY20A2.OTNGRB09 PRDCRD.BTHSEQ.MY20A2.OTNGRB09.HOLIDAY PRDCRD.BTHSEQ.MY20A2.OTNGRB10 PRDCRD.BTHSEQ.MY20A2.OTNGRB10.HOLIDAY PRDCRD.BTHSEQ.MY20A2.OTNGRZ01 PRDCRD.BTHSEQ.MY20A2.OTNGRZ01.HOLIDAY,A76_LIST.txt; D2606JUN.txt; MY SLA; MY_JCL_Evidence.txt,Parsed,Production,Implemented,
MY,TMYCLKA7#5,CPU_238,J7P1039U,JCP1039U,Matched,1,0.03,0.03,32,0.04,0.05,31,,,Standard,,,CP604650 CP613290 CPDVMCR ETALK ICEGENER IDCAMS,PRDCIS.BTHLOD.MY20A2 PRDCIS.BTHSEQ.MY20A2.TNGBM PRDCIS.BTHSEQ.MY20A2.TNGBM.HOLIDAY PRDCIS.BTHVSM.MY20A2.CPBCRD PRDCIS.BTHVSM.MY20A2.CPBCUS PRDCIS.BTHVSM.MY20A2.CPBPLT PRDCIS.BTHVSM.MY20A2.CPBSYS PRDCIS.ONLVSM.MY20A2.CPPFX.PATH PRDCIS.ONLVSM.MY20A2.TNGERL PRDCRD.BTHLOD.MY20A2 PRDCRD.BTHSEQ.MY20A2.OTNGR201 PRDCRD.BTHSEQ.MY20A2.OTNGR201.HOLIDAY PRDCRD.BTHSEQ.MY20A2.OTNGR202 PRDCRD.BTHSEQ.MY20A2.OTNGR202.HOLIDAY PRDCRD.BTHSEQ.MY20A2.OTNGR203 PRDCRD.BTHSEQ.MY20A2.OTNGR203.HOLIDAY PRDCRD.BTHSEQ.MY20A2.OTNGR204 PRDCRD.BTHSEQ.MY20A2.OTNGR204.HOLIDAY PRDCRD.BTHSEQ.MY20A2.OTNGR205 PRDCRD.BTHSEQ.MY20A2.OTNGR205.HOLIDAY PRDCRD.BTHSEQ.MY20A2.TNGGET.R1 PRDCRD.BTHSEQ.MY20A2.TNGPUT.R0 PRDCRD.BTHSEQ.MY20A2.TNGR0.HOL.ENC PRDCRD.BTHSEQ.MY20A2.TNGR0.HOLIDAY PRDCRD.BTHSEQ.MY20A2.TNGR001 PRDCRD.BTHSEQ.MY20A2.TNGR001.ENC PRDCRD.BTHSEQ.MY20A2.TNGR001.HOLIDAY PRDCRD.BTHSEQ.MY20A2.TNGR002 PRDCRD.BTHSEQ.MY20A2.TNGR002.ENC PRDCRD.BTHSEQ.MY20A2.TNGR002.HOLIDAY,A76_LIST.txt; D2606JUN.txt; MY SLA; MY_JCL_Evidence.txt,Parsed,Production,Implemented,
MY,TMYCLKA7#5,CPU_239,J7P0893U,JCP0893U,Matched,1,0.05,0.15,32,0.05,0.17,31,,,Standard,,,CP604650 IEFBR14,PRDCIS.BTHVSM.MY20A2.CPBSYS PRDCRD.BKPSEQ.MY20A2.TNGCR.HOLIDAY PRDCRD.BKPSEQ.MY20A2.TNGR0.HOLIDAY PRDCRD.BKPSEQ.MY20A2.TNGZR.HOLIDAY PRDCRD.BTHLOD.MY20A2 PRDCRD.ONLVSM.MY20A2.BRANCH,A76_LIST.txt; D2606JUN.txt; MY SLA; MY_JCL_Evidence.txt,Parsed,Production,Implemented,
MY,TMYCLKA7#5,CPU_240,J7P0894U,JCP0894U,Matched,1,0.01,0.02,32,0.01,0.03,31,,,Standard,,,CP604650 ICEGENER IDCAMS IEFBR14,PRDCIS.BTHVSM.MY20A2.CPBSYS PRDCRD.BTHLOD.MY20A2 PRDCRD.BTHSEQ.MY20A2.TNGCR.HOLIDAY PRDCRD.BTHSEQ.MY20A2.TNGCR01.HOLIDAY PRDCRD.BTHSEQ.MY20A2.TNGCR02.HOLIDAY PRDCRD.BTHSEQ.MY20A2.TNGCR03.HOLIDAY PRDCRD.BTHSEQ.MY20A2.TNGCR04.HOLIDAY PRDCRD.BTHSEQ.MY20A2.TNGCR05.HOLIDAY PRDCRD.BTHSEQ.MY20A2.TNGCR06.HOLIDAY PRDCRD.BTHSEQ.MY20A2.TNGCR07.HOLIDAY PRDCRD.BTHSEQ.MY20A2.TNGCR08.HOLIDAY PRDCRD.BTHSEQ.MY20A2.TNGCR09.HOLIDAY PRDCRD.BTHSEQ.MY20A2.TNGCR10.HOLIDAY PRDCRD.BTHSEQ.MY20A2.TNGR0.HOLIDAY PRDCRD.BTHSEQ.MY20A2.TNGR001.HOLIDAY PRDCRD.BTHSEQ.MY20A2.TNGR002.HOLIDAY PRDCRD.BTHSEQ.MY20A2.TNGR003.HOLIDAY PRDCRD.BTHSEQ.MY20A2.TNGR004.HOLIDAY PRDCRD.BTHSEQ.MY20A2.TNGR005.HOLIDAY PRDCRD.BTHSEQ.MY20A2.TNGZR.HOLIDAY PRDCRD.BTHSEQ.MY20A2.TNGZR01.HOLIDAY PRDCRD.BTHSEQ.MY20A2.TNGZR02.HOLIDAY PRDCRD.BTHSEQ.MY20A2.TNGZR03.HOLIDAY PRDCRD.BTHSEQ.MY20A2.TNGZR04.HOLIDAY PRDCRD.BTHSEQ.MY20A2.TNGZR05.HOLIDAY PRDCRD.BTHSEQ.MY20A2.TNGZR06.HOLIDAY PRDCRD.BTHSEQ.MY20A2.TNGZR07.HOLIDAY PRDCRD.BTHSEQ.MY20A2.TNGZR08.HOLIDAY PRDCRD.BTHSEQ.MY20A2.TNGZR09.HOLIDAY PRDCRD.BTHSEQ.MY20A2.TNGZR10.HOLIDAY,A76_LIST.txt; D2606JUN.txt; MY SLA; MY_JCL_Evidence.txt,Parsed,Production,Implemented,
MY,TMYCLKA7#5,CPU_241,J7P1030U,JCP1030U,Matched,1,0.02,0.03,32,0.03,0.05,31,,,Standard,,,CPDVMTU IDCAMS IEBDG IEFBR14 SORT,PRDCIS.BTHVSM.MY20A2.CPBSYS PRDCIS.ONLVSM.MY20A2.TNGPART PRDCRD.BTHCTL.MY20A2(DYNALL32) PRDCRD.BTHCTL.MY20A2(ICP00431) PRDCRD.BTHCTL.MY20A2(ICP00434) PRDCRD.BTHCTL.MY20A2(ICP00436) PRDCRD.BTHCTL.MY20A2(ICP00437) PRDCRD.BTHCTL.MY20A2(RESETCC) PRDCRD.BTHSEQ.MY20A2.TNGPART PRDCRD.BTHSEQ.MY20A2.TNGPART.SORT1,A76_LIST.txt; D2606JUN.txt; MY SLA; MY_JCL_Evidence.txt,Parsed,Production,Implemented,
MY,TMYCLKA7#5,CPU_245,J7P0537U,JCP0537U,Matched,1,0.57,0.95,32,0.57,0.93,31,,,Standard,,,CP606210 CP607330 CP607890 CP608590 IDCAMS IEFBR14 SORT,PRDCAQ.BTHSEQ.MY20A2.CQD720.CQMPMT PRDCAQ.BTHVSM.MY20A2.QMMACT PRDCAQ.BTHVSM.MY20A2.QMMBUS PRDCAQ.BTHVSM.MY20A2.QMMMER PRDCAQ.BTHVSM.MY20A2.QMPSYSR PRDCRD.BTHBGD.MY20A2.MCR.DCTXN.GIRO(+1) PRDCRD.BTHCTL.MY20A2(ICP01336) PRDCRD.BTHLOD.MY20A2 PRDCRD.BTHSEQ.MY20A2.AGL.GLCSHORD PRDCRD.BTHSEQ.MY20A2.MCR.BCBTXN PRDCRD.BTHSEQ.MY20A2.MCR.BCBTXN.MERGE PRDCRD.BTHSEQ.MY20A2.MCR.BCBTXN.OUT PRDCRD.BTHSEQ.MY20A2.MCR.BCBTXN.PDB PRDCRD.BTHSEQ.MY20A2.MCR.DCTXN PRDCRD.BTHVSM.MY20A2.PRMETER PRDCRD.WRKSEQ.MY20A2.MCR.DCTXN.GIRO PRDCRD.WRKSEQ.MY20A2.MCR.MASMPYMT PRDCRD.WRKVSM.MY20A2.MCR.MAS.DCRPT PRDCRD.WRKVSM.MY20A2.MCR.MAS.DCRPT1 PRDCRD.WRKVSM.MY20A2.MCR.MAS.MCHCO PRDCRD.WRKVSM.MY20A2.MCR.MAS.MCHCO.SRT PRDCRD.WRKVSM.MY20A2.MCR.MAS.MCHCO1 PRDCRD.WRKVSM.MY20A2.MCR.MAS.SRTRPT PRDEDC.BTHBGD.MY20A2.TOAMEDC1(0),A76_LIST.txt; D2606JUN.txt; MY SLA; MY_JCL_Evidence.txt,Parsed,Production,Implemented,
MY,TMYCLKA7#5,CPU_246,J7P1344U,JCP1344U,Matched,1,0.17,0.25,32,0.21,0.27,31,,,Standard,,,CP615430 CP615530 CP616550 ICETOOL IDCAMS SORT,PRDCIS.BKPVSM.MY20A2.CPBAPX.JCPALXR PRDCIS.BKPVSM.MY20A2.CPBCAX.JCPALXR PRDCIS.BTHSEQ.MY20A2.CPRPTT PRDCIS.BTHVSM.MY20A2.CPBCRD PRDCIS.BTHVSM.MY20A2.CPBPLT PRDCIS.BTHVSM.MY20A2.CPBSYS PRDCIS.BTHVSM.MY20A2.NPLMST PRDCRD.BKPBGD.MY20A2.UCL.APD.UI(+1) PRDCRD.BKPBGD.MY20A2.UCL.RECON(+1) PRDCRD.BKPBGD.MY20A2.UCL.UNMSTR(+1) PRDCRD.BTHCTL.MY20A2(DFCOPY3) PRDCRD.BTHSEQ.MY20A2.UCL.APND.MAINT.UI PRDCRD.BTHSEQ.MY20A2.UCL.CPRPTT PRDCRD.BTHSEQ.MY20A2.UCL.CPRPTT.S PRDCRD.BTHSEQ.MY20A2.UCL.MAINT.UI PRDCRD.BTHSEQ.MY20A2.UCL.TC4204 PRDCRD.BTHSEQ.MY20A2.UCL.UNMSTR.TC4204 PRDCRD.BTHVSM.MY20A2.UCL.RECON PRDCRD.BTHVSM.MY20A2.UCL.TC4204 PRDCRD.ONLVSM.MY20A2.UNMSTR PRDCRD.ONLVSM.MY20A2.UNPARM PRDCRD.WRKSEQ.MY20A2.UCL.ACCT.M.UI PRDCRD.WRKSEQ.MY20A2.UCL.CARD.M.UI PRDCRD.WRKSEQ.MY20A2.UCL.FOR.APPEND,A76_LIST.txt; D2606JUN.txt; MY SLA; MY_JCL_Evidence.txt,Parsed,Production,Implemented,
MY,TMYCLKA7#5,CPU_247,J7P1347U,JCP1347U,Matched,1,0.49,0.55,32,0.48,0.52,31,,,Standard,,,CP615460 CP615470 CP615500 ETALK ICETOOL IDCAMS SORT,PRDCIS.BTHVSM.MY20A2.CPBCUS PRDCIS.BTHVSM.MY20A2.CPBSYS PRDCRD.BKPBGD.MY20A2.UCL.RECON(+1) PRDCRD.BKPBGD.MY20A2.UCL.UNMSTR(+1) PRDCRD.BKPBGD.MY20A2.UCL.UNMSTR(+2) PRDCRD.BTHCTL.MY20A2(DFCOPY2) PRDCRD.BTHCTL.MY20A2(ICP00683) PRDCRD.BTHCTL.MY20A2(ICP00687) PRDCRD.BTHCTL.MY20A2(REPRO) PRDCRD.BTHSEQ.MY20A2.UCL.CIFILE2 PRDCRD.BTHSEQ.MY20A2.UCL.CIFILE2.AGL PRDCRD.BTHSEQ.MY20A2.UCL.CIFILE3 PRDCRD.BTHSEQ.MY20A2.UCL.CIFILE3.AGL PRDCRD.BTHSEQ.MY20A2.UCL.DIRC.PYMT PRDCRD.BTHSEQ.MY20A2.UCL.GIRO.PYMT PRDCRD.BTHSEQ.MY20A2.UCL.RTAS.PYMT PRDCRD.BTHSEQ.MY20A2.UCL.TEXTFIL PRDCRD.BTHSEQ.MY20A2.UCL.TEXTFILE PRDCRD.BTHSEQ.MY20A2.UCL.UNMSTR.S1 PRDCRD.BTHSEQ.MY20A2.UCL.UNMSTR.S2 PRDCRD.BTHSEQ.MY20A2.UNMSTR.SRT PRDCRD.BTHVSM.MY20A2.UCL.RECON PRDCRD.BTHVSM.MY20A2.UNMSTR.SRT PRDCRD.ONLVSM.MY20A2.UNBKCD PRDCRD.ONLVSM.MY20A2.UNMSTR PRDCRD.ONLVSM.MY20A2.UNPARM PRDCRD.WRKSEQ.MY20A2.CP515461 PSUC.PAYMATE.ETALK.MASTER,A76_LIST.txt; D2606JUN.txt; MY SLA; MY_JCL_Evidence.txt,Parsed,Production,Implemented,
MY,TMYCLKA7#5,CPU_249,J7P0538U,JCP0538U,Matched,1,0.78,1.47,32,0.8,1.22,31,23:30,12:00,Critical,MER-ALLTEL,MERCHANT CREDITING - ALLTEL (DIRECT CREDITING),CP604650 CP607920 CP608840 CP610710 ICEGENER ICETOOL IDCAMS ISRSUPC SORT,NULLFILE PRDCAQ.BTHVSM.MY20A2.QMMACT PRDCAQ.BTHVSM.MY20A2.QMMBUS PRDCAQ.BTHVSM.MY20A2.QMMMER PRDCAQ.BTHVSM.MY20A2.QMPSYSR PRDCAQ.ONLVSM.MY20A2.QMMBUS PRDCIS.BTHVSM.MY20A2.CPBSYS PRDCRD.BTHCTL.MY20A2(DYNALL32) PRDCRD.BTHCTL.MY20A2(ICP00159) PRDCRD.BTHCTL.MY20A2(ICP01227) PRDCRD.BTHCTL.MY20A2(ICPK0050) PRDCRD.BTHPRM.MY20A2.FIN(ICP00151) PRDCRD.BTHPRM.MY20A2.SUP(ICP00160) PRDCRD.BTHSEQ.MY20A2.CBR.DIRC.PYMT PRDCRD.BTHSEQ.MY20A2.CLT.DIRC.PYMT PRDCRD.BTHSEQ.MY20A2.MCR.ALLADJ PRDCRD.BTHSEQ.MY20A2.MCR.ALLTEL PRDCRD.BTHSEQ.MY20A2.MCR.ALLTEL.FINAL PRDCRD.BTHSEQ.MY20A2.MCR.ALLTEL.SPACE PRDCRD.BTHSEQ.MY20A2.MCR.BCBTXN.DAY7 PRDCRD.BTHSEQ.MY20A2.MCR.BCBTXN.MERGE PRDCRD.BTHSEQ.MY20A2.MCR.BCBTXN.MERGE.ALL PRDCRD.BTHSEQ.MY20A2.MCR.BCBTXN.OUT PRDCRD.BTHSEQ.MY20A2.MCR.BCBTXN.PDB PRDCRD.BTHSEQ.MY20A2.UCL.DIRC.PYMT PRDCRD.ONLVSM.MY20A2.BRANCH PSUC.UID.MFT.MY XXXXX,A76_LIST.txt; D2606JUN.txt; MY SLA; MY_JCL_Evidence.txt,Parsed,Production,Implemented,
MY,TMYCLKA7#5,CPU_250,J7P1659U,JCP1659U,Matched,1,0.21,0.32,32,0.37,0.7,31,,,Standard,,,CP617610,&CNTLLIB(ICP00903) &ENV.CIS.BTHVSM.&VER.CPBSYS &ENV.CIS.BTHVSM.&VER.CPCCPF.ALL &ENV.CRD.WRKSEQ.&VER.CPCCPF.LIMIT.REJECT PRDCIS.BTHLOD.MY20A2 PRDCRD.BTHLOD.MY20A2,A76_LIST.txt; D2606JUN.txt; MY SLA; MY_JCL_Evidence.txt,Parsed,Production,Implemented,
MY,TMYCLKA7#5,CPU_251,J7P0495W,JCP0495W,Matched,1,0.35,0.58,32,0.4,0.58,31,10:15,11:30,Critical,MER-GIRO,MERCHANT CREDITING - GIRO,CP604650 CP607170 CP607180 CP607190 CP607210 CP607220 CP608650 CP614910 ETALK ICEGENER ICETOOL IDCAMS IEBDG SORT,PRDCAQ.BTHVSM.MY20A2.QMMACT PRDCAQ.BTHVSM.MY20A2.QMMBUS PRDCAQ.BTHVSM.MY20A2.QMMMER PRDCAQ.BTHVSM.MY20A2.QMPSYSR PRDCIS.BTHVSM.MY20A2.CPBSYS PRDCRD.BTHBGD.MY20A2.MCR.DCTXN.GIRO(0) PRDCRD.BTHCTL.MY20A2(DYNALL32) PRDCRD.BTHCTL.MY20A2(ICP00177) PRDCRD.BTHCTL.MY20A2(ICP00661) PRDCRD.BTHCTL.MY20A2(ICP01229) PRDCRD.BTHCTL.MY20A2(QMDGS000) PRDCRD.BTHLOD.MY20A2 PRDCRD.BTHPRM.MY20A2.FIN(ICP00128) PRDCRD.BTHPRM.MY20A2.FIN(ICP00372) PRDCRD.BTHSEQ.MY20A2.AGL.GLGIRO PRDCRD.BTHSEQ.MY20A2.AGL.GLRNTAS1 PRDCRD.BTHSEQ.MY20A2.CBR.GIRO.PYMT PRDCRD.BTHSEQ.MY20A2.CBR.GIRO.PYMT.BKP PRDCRD.BTHSEQ.MY20A2.CBR.GIRO.PYMT.FINAL PRDCRD.BTHSEQ.MY20A2.CLT.GIRO.PYMT PRDCRD.BTHSEQ.MY20A2.CLT.GIRO.PYMT.BKP PRDCRD.BTHSEQ.MY20A2.CLT.GIRO.PYMT.FINAL PRDCRD.BTHSEQ.MY20A2.ENC.GRENTAS PRDCRD.BTHSEQ.MY20A2.GIRO.CQBDTE PRDCRD.BTHSEQ.MY20A2.GIRO.CQD730 PRDCRD.BTHSEQ.MY20A2.GRENTAS PRDCRD.BTHSEQ.MY20A2.MCR.CHAIN PRDCRD.BTHSEQ.MY20A2.MCR.CHAIN1 PRDCRD.BTHSEQ.MY20A2.MCR.DCTXN.GIRO.BKP PRDCRD.BTHSEQ.MY20A2.MCR.EXPT.PAYMT,A76_LIST.txt; D2606JUN.txt; MY SLA; MY_JCL_Evidence.txt,Parsed,Production,Implemented,
MY,TMYCLKA7#5,CPU_252,J7P1274U,JCP1274U,Matched,1,1.02,1.47,32,0.86,1.37,31,,,Standard,,,AUU000 AUU001 CP614880 CP616360 CP617820 CP619810 CP620100 SORT,PRDCAU.ONLVSM.MY20A2.AUSYS PRDCAU.ONLVSM.MY20A2.ISSLOGA PRDCAU.ONLVSM.MY20A2.ISSLOGB PRDCIS.BTHVSM.MY20A2.CPBSYS PRDCRD.BTHCTL.MY20A2(AUU001C),A76_LIST.txt; D2606JUN.txt; MY SLA; MY_JCL_Evidence.txt,Parsed,Production,Implemented,
MY,TMYCLKA7#5,CPU_253,J7ENDBTH,,Dev only - not in Prod,1,,,0,,,,,,Development only,,Not implemented in production; runs in development only.,,,A76_LIST.txt; D2606JUN.txt; MY SLA; MY_JCL_Evidence.txt; user confirmation 2026-07-19,User confirmed dev-only,Development,Not implemented in production,
MY,TMYCLKA7#5,CPU_254,J7ENDONL,,Dev only - not in Prod,1,,,0,,,,,,Development only,,Not implemented in production; runs in development only.,,,A76_LIST.txt; D2606JUN.txt; MY SLA; MY_JCL_Evidence.txt; user confirmation 2026-07-19,User confirmed dev-only,Development,Not implemented in production,
MY,TMYCLKA7#5,CPU_255,J7END5,,Dev only - not in Prod,1,,,0,,,,,,Development only,,Not implemented in production; runs in development only.,,,A76_LIST.txt; D2606JUN.txt; MY SLA; MY_JCL_Evidence.txt; user confirmation 2026-07-19,User confirmed dev-only,Development,Not implemented in production,
MY,TMYCLKA7#6,CPU_001,J7START6,,Dev only - not in Prod,1,,,0,,,,,,Development only,,Not implemented in production; runs in development only.,,,A76_LIST.txt; D2606JUN.txt; MY SLA; MY_JCL_Evidence.txt; user confirmation 2026-07-19,User confirmed dev-only,Development,Not implemented in production,
MY,TMYCLKA7#6,CPU_002,J7EFCTRL,JDEFCTRL,Matched,1,0,0,32,0,0,31,,,Standard,,,IDCAMS,PRDCRD.BTHVSM.MY20A2.CCTRLF PRDCRD.ONLVSM.MY20A2.CCTRLF,A76_LIST.txt; D2606JUN.txt; MY SLA; MY_JCL_Evidence.txt,Parsed,Production,Implemented,
MY,TMYCLKA7#6,CPU_003,J7PREISA,JCPREISA,Matched,1,0,0,2,0,0,2,,,Standard,,,CP602040 IDCAMS,PRDCIS.BTHLOD.MY20A2 PRDCIS.BTHVSM.MY20A2.CPBSYS PRDCRD.BTHCTL.MY20A2(CPI210VX) PRDCRD.BTHCTL.MY20A2(ICP01017) PRDCRD.BTHLOD.MY20A2 PRDCRD.BTHSEQ.MY20A2.EMV.CPCTL1 PRDCSS.BTHLOD.MY20A2,A76_LIST.txt; D2606JUN.txt; MY SLA; MY_JCL_Evidence.txt,Parsed,Production,Implemented,
MY,TMYCLKA7#6,CPU_004,J7PREISS,JCPREISS,Matched,1,0.81,0.92,2,0.82,0.93,2,,,Standard,,,,&CNTLLIB(CPD020T4) &CNTLLIB(CPI230A) &ENV.CRD.BTHSEQ.&VER.EMV.CPCTL1 PRDCAU.BTHLOD.MY20A2 PRDCIS.BTHLOD.MY20A2 PRDCSS.BTHLOD.MY20A2,A76_LIST.txt; D2606JUN.txt; MY SLA; MY_JCL_Evidence.txt,Parsed,Production,Implemented,
MY,TMYCLKA7#6,CPU_005,J7P2284U,JCP2284U,Matched,1,0.02,0.03,2,0.02,0.03,2,,,Standard,,,CP620840,PRDCIS.BTHLOD.MY20A2 PRDCIS.BTHSEQ.MY20A2.CPREEMB PRDCIS.BTHVSM.MY20A2.CPBPLT PRDCIS.BTHVSM.MY20A2.CPBSYS PRDCRD.BTHLOD.MY20A2 PRDCRD.BTHSEQ.MY20A2.REISS.BNMLOG,A76_LIST.txt; D2606JUN.txt; MY SLA; MY_JCL_Evidence.txt,Parsed,Production,Implemented,
MY,TMYCLKA7#6,CPU_006,J7PREIS2,JCPREIS2,Matched,1,0.12,0.23,2,0.15,0.27,2,,,Standard,,,CP60129 CP603130 CP603560 CP603570 CP613890 ICEGENER IDCAMS SORT,PRDCIS.BTHLOD.MY20A2 PRDCIS.BTHSEQ.MY20A2.CPAGENT PRDCIS.BTHSEQ.MY20A2.CPIR1 PRDCIS.BTHSEQ.MY20A2.CPIR2 PRDCIS.BTHSEQ.MY20A2.CPREEMB PRDCIS.BTHSEQ.MY20A2.EMV.CPIR2A PRDCIS.BTHSEQ.MY20A2.EMV.CPREEMBA PRDCIS.BTHVSM.MY20A2.CPBCRD PRDCIS.BTHVSM.MY20A2.CPBCUS PRDCIS.BTHVSM.MY20A2.CPBPLT PRDCIS.BTHVSM.MY20A2.CPBSYS PRDCIS.BTHVSM.MY20A2.CPEMBV PRDCIS.WRKSEQ.MY20A2.EMV.CPREEMBA.DA PRDCIS.WRKSEQ.MY20A2.EMV.CPREEMBA.SORT PRDCRD.BTHCTL.MY20A2(DYNALL32) PRDCRD.BTHCTL.MY20A2(ICP00930) PRDCRD.BTHCTL.MY20A2(ICP00931) PRDCRD.BTHCTL.MY20A2(ICP00933) PRDCRD.BTHCTL.MY20A2(ICPK0050) PRDCRD.BTHCTL.MY20A2(ICPK0100) PRDCRD.BTHCTL.MY20A2(ICPK0250) PRDCRD.BTHCTL.MY20A2(RESETCC) PRDCRD.BTHLOD.MY20A2 PRDCRD.BTHPRM.MY20A2.SUP(ICP00448) PRDCRD.BTHSEQ.MY20A2.EMV.CPCTL1 PRDCRD.BTHSEQ.MY20A2.EMV.CPIR1RI PRDCRD.WRKSEQ.MY20A2.EMV.CPAGENT.SORT PRDCSS.BTHLOD.MY20A2 PSEA.ONLVSM.CPEMBV,A76_LIST.txt; D2606JUN.txt; MY SLA; MY_JCL_Evidence.txt,Parsed,Production,Implemented,
MY,TMYCLKA7#6,CPU_007,J7P0774U,JCP0774U,Matched,1,0.07,0.12,2,0.08,0.13,2,,,Standard,,,CP610510 ICEGENER IDCAMS IEFBR14 SORT,PRDCIS.BTHLOD.MY20A2 PRDCIS.BTHVSM.MY20A2.CPBCUS PRDCIS.BTHVSM.MY20A2.CPBPLT PRDCIS.BTHVSM.MY20A2.CPBSYS PRDCRD.BTHLOD.MY20A2 PRDCRD.BTHSEQ.MY20A2.EMV.CPIR1RI PRDCRD.BTHSEQ.MY20A2.SMS.CPIR1RI PRDCRD.TMPSEQ.MY20A2.SMS.REISSUE PRDCRD.WRKSEQ.MY20A2.SMS.CPIR1.REISSUE PRDCRD.WRKSEQ.MY20A2.SMS.CPIR1RI,A76_LIST.txt; D2606JUN.txt; MY SLA; MY_JCL_Evidence.txt,Parsed,Production,Implemented,
MY,TMYCLKA7#6,CPU_008,J7P1045U,JCP1045U,Matched,1,2.84,2.97,2,1.9,2.02,2,,,Standard,,,CPDVMAR IDCAMS IEFBR14 SORT,PRDCIS.BTHSEQ.MY20A2.EMV.CPREEMBA PRDCIS.BTHVSM.MY20A2.CPBCRD PRDCIS.BTHVSM.MY20A2.CPBPLT PRDCIS.BTHVSM.MY20A2.CPBSYS PRDCIS.ONLVSM.MY20A2.TNGERL PRDCRD.BTHCTL.MY20A2(DYNALL32) PRDCRD.BTHCTL.MY20A2(ICP00368) PRDCRD.BTHCTL.MY20A2(ICP00369) PRDCRD.BTHCTL.MY20A2(ICP00370) PRDCRD.BTHCTL.MY20A2(ICP00429) PRDCRD.BTHCTL.MY20A2(ICP00432) PRDCRD.BTHCTL.MY20A2(RESETCC) PRDCRD.WRKSEQ.MY20A2.CPREEMBA.TNGRENW,A76_LIST.txt; D2606JUN.txt; MY SLA; MY_JCL_Evidence.txt,Parsed,Production,Implemented,
MY,TMYCLKA7#6,CPU_009,J7PU430B,JCPU430B,Matched,1,0.03,0.07,2,0.06,0.12,2,,,Standard,,,CP60129,&ENV.HSM.ONLVSM.&VER.CPEMB &PFXS..CIA20S.CPREEMB.ALL &PFXS..CIA20S.CPSDEMB.ALL PRDCIS.BTHLOD.MY20A2 PRDCIS.BTHSEQ.MY20A2.EMV.CPREEMBA PRDCRD.BTHLOD.MY20A2 PRDCSS.BTHLOD.MY20A2,A76_LIST.txt; D2606JUN.txt; MY SLA; MY_JCL_Evidence.txt,Parsed,Production,Implemented,
MY,TMYCLKA7#6,CPU_010,J7P0776U,JCP0776U,Matched,1,0.36,0.37,2,0.37,0.37,2,,,Standard,,,CP611260 IDCAMS SORT,PRDCIS.BTHLOD.MY20A2 PRDCIS.BTHVSM.MY20A2.CPBSYS PRDCRD.BTHCTL.MY20A2(ICP00255) PRDCRD.BTHLOD.MY20A2 PRDCRD.BTHSEQ.MY20A2.SMS.SMSCACT2 PRDCRD.BTHSEQ.MY20A2.SMS.SMSCCOL2 PRDCRD.TMPSEQ.MY20A2.SMS.REISSUE PRDCRD.WRKSEQ.MY20A2.SMS.SMSCCOL2,A76_LIST.txt; D2606JUN.txt; MY SLA; MY_JCL_Evidence.txt,Parsed,Production,Implemented,
MY,TMYCLKA7#6,CPU_011,J7P375OP,JCP375OP,Matched,1,1.48,2.95,2,1.84,3.68,2,,,Standard,,,CP60129 CP610380,PRDCIS.BTHSEQ.MY20A2.EMV.CPREEMBA PRDCRD.BTHCTL.MY20A2(FCPEMBOP) PRDCRD.BTHCTL.MY20A2(ICP00929),A76_LIST.txt; D2606JUN.txt; MY SLA; MY_JCL_Evidence.txt,Parsed,Production,Implemented,
MY,TMYCLKA7#6,CPU_012,J7SDBK02,JHSDBK02,Matched,1,0.03,0.03,2,0.05,0.05,2,,,Standard,,,,PRDCIS.BTHLOD.MY20A2 PRDHSM.BTHLOD.MY20A2,A76_LIST.txt; D2606JUN.txt; MY SLA; MY_JCL_Evidence.txt,Parsed,Production,Implemented,
MY,TMYCLKA7#6,CPU_013,J7P376CL,JCP376CL,Matched,1,0,0,2,0,0,2,,,Standard,,,CP60129,PRDCIS.BTHSEQ.MY20A2.EMV.CPREEMBA PRDCRD.BTHCTL.MY20A2(FCPEMBCL),A76_LIST.txt; D2606JUN.txt; MY SLA; MY_JCL_Evidence.txt,Parsed,Production,Implemented,
MY,TMYCLKA7#6,CPU_014,J7SDRFTB,JHSDRFTB,Matched,1,0.04,0.07,2,0.05,0.08,2,,,Standard,,,CP60129 IDCAMS,PRDCIS.BTHSEQ.MY20A2.EMV.CPREEMBA PRDHSM.ONLVSM.MY20A2.HSMPMF,A76_LIST.txt; D2606JUN.txt; MY SLA; MY_JCL_Evidence.txt,Parsed,Production,Implemented,
MY,TMYCLKA7#6,CPU_015,J7P0508U,JCP0508U,Matched,1,1.69,1.82,2,1.73,1.87,2,,,Standard,,,CP60088 CP60129 CP606950 CP612140 CP612420 CP613890 CP620490 ETALK ICEGENER IDCAMS SORT,&CNTLLIB(ICP01390) &CNTLLIB(ICP01403) &CNTLLIB(ICP01407) &CNTLLIB(ICPK0100) &ENV.CIS.BTHVSM.&VER.CPBCAX &ENV.CIS.BTHVSM.&VER.CPBCUS &ENV.CIS.BTHVSM.&VER.CPBPLT &ENV.CIS.BTHVSM.&VER.CPBSYS &ENV.CRD.BTHSEQ.&VER.EMV.MC.DTS.RNW &ENV.CRD.BTHSEQ.&VER.EMV.MC.DTS.RNW.CLEAR &ENV.CRD.BTHSEQ.&VER.EMV.R.VCC.MC &ENV.CRD.BTHSEQ.&VER.EMV.R.VCC.MC.CLR &ENV.CRD.BTHSEQ.&VER.EMV.VS.DTS.RNW &ENV.CRD.BTHSEQ.&VER.EMV.VS.DTS.RNW.CLEAR &ENV.CRD.BTHSEQ.&VER.R.VCC.MC.CTL &ENV.CRD.BTHSEQ.&VER.R.VCC.MC.CTL.CLR &ENV.CRD.ONLVSM.&VER.CCTRLF &ENV.CRD.WRKSEQ.&VER.EMV.R.CPEMBV.VCC &ENV.CRD.WRKVSM.&VER.EMV.R.CPEMBV.VCC PRDCIS.BTHSEQ.MY20A2.EMV.CPREEMBA PRDCIS.BTHVSM.MY20A2.CPBCRD PRDCIS.BTHVSM.MY20A2.CPBCUS PRDCIS.BTHVSM.MY20A2.CPBPLT PRDCIS.BTHVSM.MY20A2.CPBSYS PRDCRD.BTHCTL.MY20A2(ICP00012) PRDCRD.BTHCTL.MY20A2(ICP00378) PRDCRD.BTHCTL.MY20A2(ICP00435) PRDCRD.BTHCTL.MY20A2(ICP01031) PRDCRD.BTHCTL.MY20A2(ICP01046) PRDCRD.BTHPRM.MY20A2.SUP(ICP00448),A76_LIST.txt; D2606JUN.txt; MY SLA; MY_JCL_Evidence.txt,Parsed,Production,Implemented,
MY,TMYCLKA7#6,CPU_016,J7P2174U,JCP2174U,Matched,1,0.35,0.35,2,0.35,0.35,2,,,Standard,,,CP620450 SORT,&CNTLLIB(ICP01397) &ENV.CIS.BTHVSM.&VER.CPBCUS &ENV.CIS.BTHVSM.&VER.CPBPLT &ENV.CIS.BTHVSM.&VER.CPBSYS &ENV.CRD.BTHSEQ.&VER.EMV.R.VCC.MC.CLR &ENV.CRD.BTHSEQ.&VER.SMS.VCC02 PRDCIS.BTHLOD.MY20A2 PRDCRD.BTHLOD.MY20A2,A76_LIST.txt; D2606JUN.txt; MY SLA; MY_JCL_Evidence.txt,Parsed,Production,Implemented,
MY,TMYCLKA7#6,CPU_017,J7P1694R,JCP1694R,Matched,1,1.35,1.38,2,1.38,1.42,2,,,Standard,,,CP603580 CP606980 CP606990 CP609580 CP612420 CP617840 CP617870 CP618730 ETALK ICETOOL SORT,&CNTLLIB(ICP00806) &CNTLLIB(ICP00807) &CNTLLIB(ICP01047) &CNTLLIB(ICP01207) &CNTLLIB(ICP01218) &CNTLLIB(ICPK0050) &ENV.CIS.BTHVSM.&VER.CPBCUS &ENV.CIS.BTHVSM.&VER.CPBSYS &ENV.CIS.BTHVSM.&VER.EISCC &ENV.CRD.BTHSEQ.&VER.EMV.R.DBGEMB.JCB &ENV.CRD.BTHSEQ.&VER.EMV.R.DBGEMB.MC &ENV.CRD.BTHSEQ.&VER.EMV.R.DBGEMB.VISA &ENV.CRD.BTHSEQ.&VER.EMV.R.ICCEMB.MC &ENV.CRD.BTHSEQ.&VER.EMV.R.ICCEMB.VISA &ENV.CRD.BTHSEQ.&VER.EMV.R.MC.EMBICB.DTS &ENV.CRD.BTHSEQ.&VER.EMV.R.MC.EMBICB.GMT &ENV.CRD.BTHSEQ.&VER.EMV.R.MC.EMBICBR &ENV.CRD.BTHSEQ.&VER.EMV.R.MC.EMBICC.DTS &ENV.CRD.BTHSEQ.&VER.EMV.R.MC.EMBICC.GMT &ENV.CRD.BTHSEQ.&VER.EMV.R.MC.EMBICCS &ENV.CRD.BTHSEQ.&VER.EMV.R.MC.EMBPRA &ENV.CRD.BTHSEQ.&VER.EMV.R.MC.EMBPRA.DTS &ENV.CRD.BTHSEQ.&VER.EMV.R.MC.EMBPRA.GMT &ENV.CRD.BTHSEQ.&VER.EMV.R.MC.EMBPRA.MPH &ENV.CRD.BTHSEQ.&VER.EMV.R.MC.EMBPRB.DTS &ENV.CRD.BTHSEQ.&VER.EMV.R.MC.EMBPRB.GMT &ENV.CRD.BTHSEQ.&VER.EMV.R.MC.EMBPRB.MPH &ENV.CRD.BTHSEQ.&VER.EMV.R.MC.EMBXPRA &ENV.CRD.BTHSEQ.&VER.EMV.R.VI.EMBICB.GMT &ENV.CRD.BTHSEQ.&VER.EMV.R.VI.EMBICC.GMT,A76_LIST.txt; D2606JUN.txt; MY SLA; MY_JCL_Evidence.txt,Parsed,Production,Implemented,
MY,TMYCLKA7#6,CPU_018,J7P0803U,JCP0803U,Matched,1,0.38,0.42,2,0.39,0.43,2,,,Standard,,,CP610920 IDCAMS SORT,PRDCIS.BTHLOD.MY20A2 PRDCIS.BTHVSM.MY20A2.CPBCUS PRDCIS.BTHVSM.MY20A2.CPBPLT PRDCIS.BTHVSM.MY20A2.CPBSYS PRDCRD.BTHCTL.MY20A2(ICP00284) PRDCRD.BTHCTL.MY20A2(ICP00325) PRDCRD.BTHLOD.MY20A2 PRDCRD.BTHSEQ.MY20A2.CCD.CLCCDSR PRDCRD.BTHSEQ.MY20A2.EMV.R.DBGEMB.RESULT PRDCRD.BTHSEQ.MY20A2.EMV.R.ICCEMB.RESULT PRDCRD.BTHSEQ.MY20A2.EMV.R.VMCEMB.RESULT,A76_LIST.txt; D2606JUN.txt; MY SLA; MY_JCL_Evidence.txt,Parsed,Production,Implemented,
MY,TMYCLKA7#6,CPU_019,J7P0746R,JCP0746R,Matched,1,0.42,0.45,2,0.42,0.45,2,,,Standard,,,CP60088 CP60129 CP609320 CP609330 CP612310 CP612420 ETALK ICEGENER IDCAMS PAYMATE SORT,PRDCIS.BTHLOD.MY20A2 PRDCIS.BTHSEQ.MY20A2.EMV.CPREEMBA PRDCIS.BTHVSM.MY20A2.CPBCRD PRDCIS.BTHVSM.MY20A2.CPBCUS PRDCIS.BTHVSM.MY20A2.CPBPLT PRDCIS.BTHVSM.MY20A2.CPBSYS PRDCIS.ONLVSM.MY20A2.CPPFX.PATH PRDCRD.BTHCTL.MY20A2(DYNALL32) PRDCRD.BTHCTL.MY20A2(ICP00379) PRDCRD.BTHCTL.MY20A2(ICP00392) PRDCRD.BTHLOD.MY20A2 PRDCRD.BTHSEQ.MY20A2.EMV.OUTS.CP509331 PRDCRD.BTHSEQ.MY20A2.EMV.OUTS.CP509331.CLR PRDCRD.BTHSEQ.MY20A2.EMV.OUTS.CP512311 PRDCRD.BTHSEQ.MY20A2.EMV.OUTS.CP512311.CLR PRDCRD.BTHSEQ.MY20A2.EMV.OUTS.CP512312 PRDCRD.BTHSEQ.MY20A2.EMV.OUTS.CP512312.CLR PRDCRD.ONLVSM.MY20A2.CCTRLF PRDCRD.WRKSEQ.MY20A2.EMV.OUTS.CPAGENT PRDCRD.WRKSEQ.MY20A2.EMV.OUTS.CPAGENT.SORT PRDCRD.WRKSEQ.MY20A2.EMV.OUTS.CPEMBV PRDCRD.WRKSEQ.MY20A2.EMV.OUTS.VMCEMB.JCB PRDCRD.WRKSEQ.MY20A2.EMV.OUTS.VMCEMB.MC PRDCRD.WRKSEQ.MY20A2.EMV.OUTS.VMCEMB.VISA PRDCRD.WRKVSM.MY20A2.EMV.OUTS.CPEMBV PRDCRD.WRKVSM.MY20A2.EMV.OUTS.CPEMBV1 PRDHSM.BTHSEQ.MY20A2.CPBEMB PSEA.ONLVSM.CPEMBV PSUC.ONLLIB.LOADLIB PSUC.PAYMATE.ETALK.MASTER,A76_LIST.txt; D2606JUN.txt; MY SLA; MY_JCL_Evidence.txt,Parsed,Production,Implemented,
MY,TMYCLKA7#6,CPU_020,J7P1066R,JCP1066R,Matched,1,0.39,0.4,2,0.38,0.4,2,,,Standard,,,CP60088 CP60129 CP609320 CP609330 CP612310 CP612420 ETALK ICEGENER IDCAMS PAYMATE SORT,PRDCIS.BTHLOD.MY20A2 PRDCIS.BTHSEQ.MY20A2.EMV.CPREEMBA PRDCIS.BTHVSM.MY20A2.CPBCRD PRDCIS.BTHVSM.MY20A2.CPBCUS PRDCIS.BTHVSM.MY20A2.CPBPLT PRDCIS.BTHVSM.MY20A2.CPBSYS PRDCIS.ONLVSM.MY20A2.CPPFX.PATH PRDCRD.BTHCTL.MY20A2(DYNALL32) PRDCRD.BTHCTL.MY20A2(ICP00379) PRDCRD.BTHCTL.MY20A2(ICP00442) PRDCRD.BTHLOD.MY20A2 PRDCRD.BTHSEQ.MY20A2.CP509331.CLR.JCP1066R PRDCRD.BTHSEQ.MY20A2.CP509331.J66 PRDCRD.BTHSEQ.MY20A2.CP512311.CLR.JCP1066R PRDCRD.BTHSEQ.MY20A2.CP512311.J66 PRDCRD.BTHSEQ.MY20A2.CP512312.CLR.JCP1066R PRDCRD.BTHSEQ.MY20A2.CP512312.J66 PRDCRD.ONLVSM.MY20A2.CCTRLF PRDCRD.WRKSEQ.MY20A2.CPAGENT.JCP1066R PRDCRD.WRKSEQ.MY20A2.CPAGENT.SORT.JCP1066R PRDCRD.WRKSEQ.MY20A2.CPEMBV.JCP1066R PRDCRD.WRKSEQ.MY20A2.VMCEMB.MC.JCP1066R PRDCRD.WRKSEQ.MY20A2.VMCEMB.VISA.JCP1066R PRDCRD.WRKVSM.MY20A2.CPEMBV.JCP1066R PRDHSM.BTHSEQ.MY20A2.CPBEMB PSEA.ONLVSM.CPEMBV PSUC.ONLLIB.LOADLIB PSUC.PAYMATE.CASSIS.MY.MASTER PSUC.PAYMATE.CASSIS.MY.USERS PSUC.PAYMATE.ETALK.MASTER,A76_LIST.txt; D2606JUN.txt; MY SLA; MY_JCL_Evidence.txt,Parsed,Production,Implemented,
MY,TMYCLKA7#6,CPU_021,J7P1805R,JCP1805R,Matched,1,0.53,0.65,2,0.57,0.72,2,,,Standard,,,CP60088 CP60129 CP609320 CP609330 CP612310 CP612420 ETALK ICEGENER IDCAMS SORT,&CNTLLIB(DYNALL32) &CNTLLIB(ICP00379) &CNTLLIB(ICP01048) &ENV.CIS.BTHSEQ.&VER.EMV.CPREEMBA &ENV.CIS.BTHVSM.&VER.CPBCRD &ENV.CIS.BTHVSM.&VER.CPBCUS &ENV.CIS.BTHVSM.&VER.CPBPLT &ENV.CIS.BTHVSM.&VER.CPBSYS &ENV.CIS.ONLVSM.&VER.CPPFX.PATH &ENV.CRD.BTHSEQ.&VER.CP509331.CLR.JCP1805R &ENV.CRD.BTHSEQ.&VER.CP509331.J05 &ENV.CRD.BTHSEQ.&VER.CP512311.CLR.JCP1805R &ENV.CRD.BTHSEQ.&VER.CP512311.J05 &ENV.CRD.BTHSEQ.&VER.CP512312.CLR.JCP1805R &ENV.CRD.BTHSEQ.&VER.CP512312.J05 &ENV.CRD.ONLVSM.&VER.CCTRLF &ENV.CRD.WRKSEQ.&VER.CPAGENT.JCP1805R &ENV.CRD.WRKSEQ.&VER.CPAGENT.SORT.JCP1805R &ENV.CRD.WRKSEQ.&VER.CPEMBV.JCP1805R &ENV.CRD.WRKSEQ.&VER.VMCEMB.MC.JCP1805R &ENV.CRD.WRKSEQ.&VER.VMCEMB.VS.JCP1805R &ENV.CRD.WRKVSM.&VER.CPEMBV.JCP1805R &ENV.HSM.BTHSEQ.&VER.CPBEMB PRDCRD.BTHCTL.MY20A2(DYNALL32) PSEA.ONLVSM.CPEMBV PSUC.PAYMATE.ETALK.MASTER,A76_LIST.txt; D2606JUN.txt; MY SLA; MY_JCL_Evidence.txt,Parsed,Production,Implemented,
MY,TMYCLKA7#6,CPU_022,J7P1661R,JCP1661R,Matched,1,0.35,0.35,2,0.35,0.35,2,,,Standard,,,CP60088 CP609320 CP612420 CP617630 ETALK ICEGENER IDCAMS SORT,PRDCIS.BTHLOD.MY20A2 PRDCIS.BTHVSM.MY20A2.CPBCRD PRDCIS.BTHVSM.MY20A2.CPBCUS PRDCIS.BTHVSM.MY20A2.CPBPLT PRDCIS.BTHVSM.MY20A2.CPBSYS PRDCIS.ONLVSM.MY20A2.CPPFX.PATH PRDCRD.BTHCTL.MY20A2(DYNALL32) PRDCRD.BTHCTL.MY20A2(ICP00906) PRDCRD.BTHLOD.MY20A2 PRDCRD.BTHSEQ.MY20A2.EMV.OUTS.CP517631 PRDCRD.BTHSEQ.MY20A2.EMV.OUTS.CP517631.CLR PRDCRD.ONLVSM.MY20A2.CCTRLF PRDCRD.WRKSEQ.MY20A2.EMV.OUTS.CPAGENT PRDCRD.WRKSEQ.MY20A2.EMV.OUTS.CPAGENT.SORT PRDCRD.WRKSEQ.MY20A2.EMV.OUTS.VMCEMB.KH PRDCRD.WRKVSM.MY20A2.EMV.OUTS.CPEMBV PRDHSM.BTHSEQ.MY20A2.CPBEMB PSEA.ONLVSM.CPEMBV PSUC.ONLLIB.LOADLIB PSUC.PAYMATE.ETALK.MASTER PSUC.UID.EFTP.MY.GEMALTO,A76_LIST.txt; D2606JUN.txt; MY SLA; MY_JCL_Evidence.txt,Parsed,Production,Implemented,
MY,TMYCLKA7#6,CPU_023,J7P2292R,JCP2292R,Matched,1,0.01,0.02,2,0.02,0.02,2,,,Standard,,,CP621050 CP621080 CP621100 SORT,&CNTLLIB(SORTCOPY) &ENV.CIS.BTHVSM.&VER.CPBSYS &ENV.CRD.BTHSEQ.&VER.EMV.R.VMC.CSGN.DTS &ENV.CRD.BTHSEQ.&VER.EMV.R.VMC.CSGN.DTS.OS &ENV.CRD.BTHSEQ.&VER.EMV.R.VMC.CSGN.DTS.OS.Z &ENV.CRD.BTHSEQ.&VER.EMV.R.VMC.CSGN.DTS.Z &ENV.CRD.BTHSEQ.&VER.EMV.R.VMC.CSGN.GMT &ENV.CRD.BTHSEQ.&VER.EMV.R.VMC.CSGN.GMT.OS &ENV.CRD.BTHSEQ.&VER.EMV.R.VMC.CSGN.GMT.OS.Z &ENV.CRD.BTHSEQ.&VER.EMV.R.VMC.CSGN.GMT.W &ENV.CRD.BTHSEQ.&VER.EMV.R.VMC.CSGN.GMT.W.Z &ENV.CRD.BTHSEQ.&VER.EMV.R.VMC.CSGN.GMT.WO &ENV.CRD.BTHSEQ.&VER.EMV.R.VMC.CSGN.GMT.WO.Z &ENV.CRD.BTHSEQ.&VER.EMV.R.VMC.CSGN.GMT.Z &ENV.CRD.BTHSEQ.&VER.EMV.R.VMC.CSGN.MPH &ENV.CRD.BTHSEQ.&VER.EMV.R.VMC.CSGN.MPH.OS &ENV.CRD.BTHSEQ.&VER.EMV.R.VMC.CSGN.MPH.OS.Z &ENV.CRD.BTHSEQ.&VER.EMV.R.VMC.CSGN.MPH.Z PRDCRD.BTHLOD.MY20A2,A76_LIST.txt; D2606JUN.txt; MY SLA; MY_JCL_Evidence.txt,Parsed,Production,Implemented,
MY,TMYCLKA7#6,CPU_024,J7P1757U,JCP1757U,Matched,1,1.2,1.25,32,1.21,1.37,31,,,Standard,,,CP612420 ETALK SORT,&CNTLLIB(ICPK0100) PRDCIS.BTHLOD.MY20A2 PRDCRD.BTHCTL.MY20A2(ICP01020) PRDCRD.BTHCTL.MY20A2(ICP01021) PRDCRD.BTHCTL.MY20A2(ICP01049) PRDCRD.BTHLOD.MY20A2 PRDCRD.BTHSEQ.MY20A2.EMV.MC.DTS.RCD.CLEAR PRDCRD.BTHSEQ.MY20A2.EMV.MC.DTS.RCD01 PRDCRD.BTHSEQ.MY20A2.EMV.MC.DTS.RCD02 PRDCRD.BTHSEQ.MY20A2.EMV.MC.DTS.RCD03 PRDCRD.BTHSEQ.MY20A2.EMV.MC.DTS.RCD04 PRDCRD.BTHSEQ.MY20A2.EMV.MC.DTS.RCD05 PRDCRD.BTHSEQ.MY20A2.EMV.MC.ENC01R PRDCRD.BTHSEQ.MY20A2.EMV.MC.ENC02R PRDCRD.BTHSEQ.MY20A2.EMV.MC.ENC03R PRDCRD.BTHSEQ.MY20A2.EMV.MC.ENC04R PRDCRD.BTHSEQ.MY20A2.EMV.MC.ENC05R PRDCRD.BTHSEQ.MY20A2.EMV.MC.GMLT.RCD01 PRDCRD.BTHSEQ.MY20A2.EMV.MC.GMLT.RCD02 PRDCRD.BTHSEQ.MY20A2.EMV.MC.GMLT.RCD03 PRDCRD.BTHSEQ.MY20A2.EMV.MC.GMLT.RCD04 PRDCRD.BTHSEQ.MY20A2.EMV.MC.GMLT.RCD05 PRDCRD.BTHSEQ.MY20A2.EMV.MC.MPH.RCD.CLEAR PRDCRD.BTHSEQ.MY20A2.EMV.MC.MPH.RCD01 PRDCRD.BTHSEQ.MY20A2.EMV.MC.MPH.RCD02 PRDCRD.BTHSEQ.MY20A2.EMV.MC.MPH.RCD03 PRDCRD.BTHSEQ.MY20A2.EMV.MC.MPH.RCD04 PRDCRD.BTHSEQ.MY20A2.EMV.MC.MPH.RCD05 PRDCRD.BTHSEQ.MY20A2.EMV.MC.RECRD.CLEAR PRDCRD.BTHSEQ.MY20A2.EMV.VS.DTS.RCD.CLEAR,A76_LIST.txt; D2606JUN.txt; MY SLA; MY_JCL_Evidence.txt,Parsed,Production,Implemented,
MY,TMYCLKA7#6,CPU_025,J7P1758U,JCP1758U,Matched,1,1.39,1.5,32,1.43,1.68,31,,,Standard,,,CP603580 CP606980 CP606990 CP609580 CP612420 CP617840 CP617870 ETALK ICETOOL SORT,&CNTLLIB(ICP01022) &CNTLLIB(ICP01023) &CNTLLIB(ICP01050) &CNTLLIB(ICP01207) &CNTLLIB(ICP01218) &CNTLLIB(ICPK0050) &ENV.CIS.BTHVSM.&VER.CPBCUS &ENV.CIS.BTHVSM.&VER.CPBSYS &ENV.CIS.BTHVSM.&VER.EISCC &ENV.CRD.BTHSEQ.&VER.EMV.R.DBGEMB.JCB &ENV.CRD.BTHSEQ.&VER.EMV.R.DBGEMB.MC &ENV.CRD.BTHSEQ.&VER.EMV.R.DBGEMB.VISA &ENV.CRD.BTHSEQ.&VER.EMV.R.ICCEMB.MC &ENV.CRD.BTHSEQ.&VER.EMV.R.MC.EMBICB.DTS &ENV.CRD.BTHSEQ.&VER.EMV.R.MC.EMBICB.GMT &ENV.CRD.BTHSEQ.&VER.EMV.R.MC.EMBICBR &ENV.CRD.BTHSEQ.&VER.EMV.R.MC.EMBICC.DTS &ENV.CRD.BTHSEQ.&VER.EMV.R.MC.EMBICC.GMT &ENV.CRD.BTHSEQ.&VER.EMV.R.MC.EMBICCS &ENV.CRD.BTHSEQ.&VER.EMV.R.MC.EMBPRA &ENV.CRD.BTHSEQ.&VER.EMV.R.MC.EMBPRA.DTS &ENV.CRD.BTHSEQ.&VER.EMV.R.MC.EMBPRA.GMT &ENV.CRD.BTHSEQ.&VER.EMV.R.MC.EMBPRA.MPH &ENV.CRD.BTHSEQ.&VER.EMV.R.MC.EMBPRB.DTS &ENV.CRD.BTHSEQ.&VER.EMV.R.MC.EMBPRB.GMT &ENV.CRD.BTHSEQ.&VER.EMV.R.MC.EMBPRB.MPH &ENV.CRD.BTHSEQ.&VER.EMV.R.MC.EMBXPRA &ENV.CRD.BTHSEQ.&VER.EMV.R.VI.EMBPRA &ENV.CRD.BTHSEQ.&VER.EMV.R.VI.EMBPRA.DTS &ENV.CRD.BTHSEQ.&VER.EMV.R.VI.EMBPRA.GMT,A76_LIST.txt; D2606JUN.txt; MY SLA; MY_JCL_Evidence.txt,Parsed,Production,Implemented,
MY,TMYCLKA7#6,CPU_026,J7P1754U,JCP1754U,Matched,1,0.38,0.4,32,0.39,0.43,31,,,Standard,,,CP60088 CP60129 CP609320 CP609330 CP612310 CP612420 ETALK ICEGENER IDCAMS SORT,PRDCIS.BTHLOD.MY20A2 PRDCIS.BTHSEQ.MY20A2.EMV.CPREEMBA PRDCIS.BTHVSM.MY20A2.CPBCRD PRDCIS.BTHVSM.MY20A2.CPBCUS PRDCIS.BTHVSM.MY20A2.CPBPLT PRDCIS.BTHVSM.MY20A2.CPBSYS PRDCIS.ONLVSM.MY20A2.CPPFX.PATH PRDCRD.BTHCTL.MY20A2(DYNALL32) PRDCRD.BTHCTL.MY20A2(ICP00379) PRDCRD.BTHCTL.MY20A2(ICP01018) PRDCRD.BTHLOD.MY20A2 PRDCRD.BTHSEQ.MY20A2.EMV.OUT.C509331 PRDCRD.BTHSEQ.MY20A2.EMV.OUT.C512311 PRDCRD.BTHSEQ.MY20A2.EMV.OUT.C512312 PRDCRD.BTHSEQ.MY20A2.EMV.OUTS.CP509331.CLR PRDCRD.BTHSEQ.MY20A2.EMV.OUTS.CP512311.CLR PRDCRD.BTHSEQ.MY20A2.EMV.OUTS.CP512312.CLR PRDCRD.ONLVSM.MY20A2.CCTRLF PRDCRD.WRKSEQ.MY20A2.EMV.OUTS.CPAGENT PRDCRD.WRKSEQ.MY20A2.EMV.OUTS.CPAGENT.SORT PRDCRD.WRKSEQ.MY20A2.EMV.OUTS.CPEMBV PRDCRD.WRKSEQ.MY20A2.EMV.OUTS.VMCEMB.MC PRDCRD.WRKSEQ.MY20A2.EMV.OUTS.VMCEMB.VISA PRDCRD.WRKVSM.MY20A2.EMV.OUTS.CPEMBV PRDCRD.WRKVSM.MY20A2.EMV.OUTS.CPEMBV1 PRDHSM.BTHSEQ.MY20A2.CPBEMB PSUC.ONLLIB.LOADLIB PSUC.PAYMATE.ETALK.MASTER PSUC.UID.EFTP.MY.GEMALTO,A76_LIST.txt; D2606JUN.txt; MY SLA; MY_JCL_Evidence.txt,Parsed,Production,Implemented,
MY,TMYCLKA7#6,CPU_027,J7P1755U,JCP1755U,Matched,1,0.38,0.4,32,0.38,0.42,31,-,07:00,Critical,Embossing,Daily embossing jobs suppose to complete before instant card jobs triggered.,CP60088 CP60129 CP609320 CP609330 CP612310 CP612420 ETALK ICEGENER IDCAMS SORT,PRDCIS.BTHLOD.MY20A2 PRDCIS.BTHSEQ.MY20A2.EMV.CPREEMBA PRDCIS.BTHVSM.MY20A2.CPBCRD PRDCIS.BTHVSM.MY20A2.CPBCUS PRDCIS.BTHVSM.MY20A2.CPBPLT PRDCIS.BTHVSM.MY20A2.CPBSYS PRDCIS.ONLVSM.MY20A2.CPPFX.PATH PRDCRD.BTHCTL.MY20A2(DYNALL32) PRDCRD.BTHCTL.MY20A2(ICP00379) PRDCRD.BTHCTL.MY20A2(ICP01019) PRDCRD.BTHLOD.MY20A2 PRDCRD.BTHSEQ.MY20A2.C509331.J66 PRDCRD.BTHSEQ.MY20A2.C512311.J66 PRDCRD.BTHSEQ.MY20A2.C512312.J66 PRDCRD.BTHSEQ.MY20A2.CP509331.CLR.JCP1066R PRDCRD.BTHSEQ.MY20A2.CP512311.CLR.JCP1066R PRDCRD.BTHSEQ.MY20A2.CP512312.CLR.JCP1066R PRDCRD.ONLVSM.MY20A2.CCTRLF PRDCRD.WRKSEQ.MY20A2.CPAGENT.JCP1066R PRDCRD.WRKSEQ.MY20A2.CPAGENT.SORT.JCP1066R PRDCRD.WRKSEQ.MY20A2.CPEMBV.JCP1066R PRDCRD.WRKSEQ.MY20A2.VMCEMB.MC.JCP1066R PRDCRD.WRKSEQ.MY20A2.VMCEMB.VISA.JCP1066R PRDCRD.WRKVSM.MY20A2.CPEMBV.JCP1066R PRDHSM.BTHSEQ.MY20A2.CPBEMB PSUC.ONLLIB.LOADLIB PSUC.PAYMATE.ETALK.MASTER PSUC.UID.EFTP.MY.CASSIS,A76_LIST.txt; D2606JUN.txt; MY SLA; MY_JCL_Evidence.txt,Parsed,Production,Implemented,
MY,TMYCLKA7#6,CPU_028,J7P1809R,JCP1809R,Matched,1,0.38,0.38,32,0.38,0.4,31,,,Standard,,,CP60088 CP60129 CP609320 CP609330 CP612310 CP612420 ETALK ICEGENER IDCAMS SORT,&CNTLLIB(DYNALL32) &CNTLLIB(ICP00379) &CNTLLIB(ICP01051) &ENV.CIS.BTHSEQ.&VER.EMV.CPREEMBA &ENV.CIS.BTHVSM.&VER.CPBCRD &ENV.CIS.BTHVSM.&VER.CPBCUS &ENV.CIS.BTHVSM.&VER.CPBPLT &ENV.CIS.BTHVSM.&VER.CPBSYS &ENV.CIS.ONLVSM.&VER.CPPFX.PATH &ENV.CRD.BTHSEQ.&VER.CP509331.CLR.JCP1809R &ENV.CRD.BTHSEQ.&VER.CP509331.J09 &ENV.CRD.BTHSEQ.&VER.CP512311.CLR.JCP1809R &ENV.CRD.BTHSEQ.&VER.CP512311.J09 &ENV.CRD.BTHSEQ.&VER.CP512312.CLR.JCP1809R &ENV.CRD.BTHSEQ.&VER.CP512312.J09 &ENV.CRD.ONLVSM.&VER.CCTRLF &ENV.CRD.WRKSEQ.&VER.CPAGENT.JCP1809R &ENV.CRD.WRKSEQ.&VER.CPAGENT.SORT.JCP1809R &ENV.CRD.WRKSEQ.&VER.CPEMBV.JCP1809R &ENV.CRD.WRKSEQ.&VER.VMCEMB.MC.JCP1809R &ENV.CRD.WRKSEQ.&VER.VMCEMB.VISA.JCP1809R &ENV.CRD.WRKVSM.&VER.CPEMBV.JCP1809R &ENV.HSM.BTHSEQ.&VER.CPBEMB PRDCIS.BTHLOD.MY20A2 PRDCRD.BTHLOD.MY20A2 PSUC.ONLLIB.LOADLIB PSUC.PAYMATE.ETALK.MASTER,A76_LIST.txt; D2606JUN.txt; MY SLA; MY_JCL_Evidence.txt,Parsed,Production,Implemented,
MY,TMYCLKA7#6,CPU_255,J7END6,,Dev only - not in Prod,1,,,0,,,,,,Development only,,Not implemented in production; runs in development only.,,,A76_LIST.txt; D2606JUN.txt; MY SLA; MY_JCL_Evidence.txt; user confirmation 2026-07-19,User confirmed dev-only,Development,Not implemented in production,
MY,SLA supplemental,,,JCP1939U,SLA only,,0.03,0.05,32,0.04,0.05,31,-,04:00,Critical,Intrabank DD,INTRABANK DD,CP619030 SORT,&ENV.CAQ.BTHVSM.&VER.QMMMER &ENV.CIS.BTHVSM.&VER.CPBSYS &ENV.CRD.BTHSEQ.&VER.IBGDD.CPDD.RESP.ITR &ENV.CRD.BTHSEQ.&VER.IBGDD.ITR.CPTUI &ENV.CRD.BTHSEQ.&VER.IBGDD.ITR.RESP &ENV.CRD.ONLVSM.&VER.CPDD PRDCIS.BTHVSM.MY20A2.CPBSYS PRDCRD.BTHCTL.MY20A2(ICP01173) PRDCRD.BTHCTL.MY20A2(ICP01174) PSUC.UID.MFT.MY,MY SLA; D2606JUN.txt; MY_JCL_Evidence.txt,Review,Production,SLA listed - mapping review,
MY,SLA supplemental,,,JCP0856U,SLA only,,,,0,,,,-,05:00,Critical,DMSV7,DMSv7 - send Interface files to AS400,CP611950 ICEGENER SORT,&ENV.CIS.BTHVSM.&VER.CPBSYS &ENV.CRD.BTHSEQ.&VER.DMS.DMCNTRL.FTP &ENV.CRD.BTHSEQ.&VER.DMS.I4DEBTP.FTP &ENV.CRD.BTHSEQ.&VER.DMS.I5DEBTP.FTP &ENV.CRD.BTHSEQ.&VER.DMS.LEDEBTP.FTP &ENV.CRD.BTHSEQ.&VER.DMS.LFDEBTP.FTP &ENV.CRD.BTHSEQ.&VER.DMS.LGDEBTP.FTP &ENV.CRD.BTHSEQ.&VER.DMS.LHDEBTP.FTP &ENV.CRD.BTHSEQ.&VER.DMS.RHDEBTP.BSCORE &ENV.CRD.BTHSEQ.&VER.DMS.RHDEBTP.DIALER &ENV.CRD.BTHSEQ.&VER.DMS.RHDEBTP.FTP &ENV.CRD.BTHSEQ.&VER.DMS.TKDEBTP.FTP &ENV.CRD.BTHSEQ.&VER.DMS.TLDEBTP.FTP &ENV.CRD.BTHSEQ.&VER.DMS.TMDEBTP.FTP PRDCIS.BTHLOD.MY20A2 PRDCRD.BTHCTL.MY20A2(DYNALL32) PRDCRD.BTHCTL.MY20A2(ICP00331) PRDCRD.BTHLOD.MY20A2 PRDCRD.BTHSEQ.MY20A2.DMS.DMCNTRL.FTP PRDCRD.BTHSEQ.MY20A2.DMS.RHDEBTP.BSCORE PRDCRD.BTHSEQ.MY20A2.DMS.RHDEBTP.DIALER PRDCSS.BTHLOD.MY20A2,MY SLA; D2606JUN.txt; MY_JCL_Evidence.txt,Review,Production,SLA listed - mapping review,
MY,SLA supplemental,,,JCP1650U,SLA only,,,,0,,,,,05.00AM,Critical,JURIS,JURIS PROJECT,,PRDCIS.BTHLOD.MY20A2 PRDCRD.BTHCTL.MY20A2(ICP00896) PRDCRD.BTHLOD.MY20A2 PRDCSS.BTHLOD.MY20A2,MY SLA; D2606JUN.txt; MY_JCL_Evidence.txt,Review,Production,SLA listed - mapping review,
MY,SLA supplemental,,,JCF22191,SLA only,,1.29,1.72,32,1.28,1.52,31,06.30AM,,Critical,Neo,Neo FTP job to send extracted files to production internal staging server,,,MY SLA; D2606JUN.txt; MY_JCL_Evidence.txt,Review,Production,SLA listed - mapping review,
MY,SLA supplemental,,,JCP0938U,SLA only,,,,0,,,,-,05:20,Critical,Prime Plan,Prime Plan,CP611810 CP612260 IDCAMS IEFBR14 SORT,PRDCIS.BTHLOD.MY20A2 PRDCIS.BTHVSM.MY20A2.CPBSYS PRDCIS.ONLVSM.MY20A2.CPCAPCX PRDCIS.ONLVSM.MY20A2.CPICCCX PRDCRD.BTHCTL.MY20A2(ICP00382) PRDCRD.BTHLOD.MY20A2 PRDCRD.BTHPRM.MY20A2.SUP(ICP00321) PRDCRD.BTHSEQ.MY20A2.ICP00380 PRDCRD.BTHSEQ.MY20A2.ICP00381 PRDCRD.BTHSEQ.MY20A2.PRIME.REQDLY PRDCRD.BTHSEQ.MY20A2.PRIME.REQDLY.AS400 PRDCRD.BTHSEQ.MY20A2.PRIME.RESDLY.FND PRDCRD.BTHSEQ.MY20A2.PRIME.RESDLY.NOTFND,MY SLA; D2606JUN.txt; MY_JCL_Evidence.txt,Review,Production,SLA listed - mapping review,
MY,SLA supplemental,,,JCP0595U,SLA only,,0.03,0.18,32,0.02,0.07,31,-,06:00,Critical,AutoSweep,AUTOSWEEP,CP608040 IDCAMS SORT,PRDCIS.BTHVSM.MY20A2.CPBSYS PRDCRD.BTHCTL.MY20A2(DYNALL32) PRDCRD.BTHCTL.MY20A2(ICP00169) PRDCRD.BTHCTL.MY20A2(ICP01228) PRDCRD.BTHLOD.MY20A2 PRDCRD.BTHSEQ.MY20A2.ASW.CPSW.AUTOSWEP PRDCRD.BTHSEQ.MY20A2.ASW.CPSW.AUTOSWEP.N PRDCRD.BTHSEQ.MY20A2.ASW.CPSW.KH PRDCRD.ONLVSM.MY20A2.CPSW PSUC.UID.MFT.MY,MY SLA; D2606JUN.txt; MY_JCL_Evidence.txt,Review,Production,SLA listed - mapping review,
MY,SLA supplemental,,,JCP0609U,SLA only,,0.94,1,32,0.92,0.97,31,-,06:00,Critical,BizChannel,Biz Channel - Netiks,CP608470 CP614510 FTP IDCAMS SORT,PRDCIS.BTHSEQ.MY20A2.CPSRPTT PRDCIS.BTHVSM.MY20A2.CP2AUTH PRDCIS.BTHVSM.MY20A2.CPBCUS PRDCIS.BTHVSM.MY20A2.CPBPLT PRDCIS.BTHVSM.MY20A2.CPBSYS PRDCRD.BKPBGD.MY20A2.BIZ.NETIKS.PDB(+1) PRDCRD.BTHCTL.MY20A2(ICP00170) PRDCRD.BTHCTL.MY20A2(ICP00171) PRDCRD.BTHCTL.MY20A2(ICP00882) PRDCRD.BTHCTL.MY20A2(ICP01337) PRDCRD.BTHCTL.MY20A2(ICPK3000) PRDCRD.BTHSEQ.MY20A2.BIZ.CPAUTH PRDCRD.BTHSEQ.MY20A2.BIZ.CPAUTH.SRTC1 PRDCRD.BTHSEQ.MY20A2.BIZ.CPSRPTT PRDCRD.BTHSEQ.MY20A2.BIZ.CPSRPTT.SRTC1 PRDCRD.BTHSEQ.MY20A2.BIZ.CPSRPTT.SRTC2 PRDCRD.BTHSEQ.MY20A2.BIZ.CPTXCD PRDCRD.BTHSEQ.MY20A2.BIZ.NETIKS.PDB PRDCRD.BTHSEQ.MY20A2.RTB.CPBPLT.SORT PRDCRD.BTHSEQ.MY20A2.RTB.DEALER,MY SLA; D2606JUN.txt; MY_JCL_Evidence.txt,Review,Production,SLA listed - mapping review,
MY,SLA supplemental,,,JCP0686R,SLA only,,2.14,2.48,32,1.88,1.95,31,-,06:30,Critical,CRMS,CRMS - Extract Card Info for Branch BDS usage,CP609990 ICEGENER SORT,&ENV.CIS.BTHVSM.&VER.CPBCUS &ENV.CIS.BTHVSM.&VER.CPBSYS &ENV.CRD.BTHSEQ.&VER.CRM.CLCIMBNT &ENV.CRD.BTHVSM.&VER.RDM.CUSPLT &ENV.CRD.WRKSEQ.&VER.CRM.CIMBNT PRDCIS.BTHLOD.MY20A2 PRDCRD.BTHCTL.MY20A2(ICPK0250) PRDCRD.BTHLOD.MY20A2 PRDCRD.BTHSEQ.MY20A2.CRM.CLCIMBNT PRDCRD.WRKSEQ.MY20A2.CRM.CIMBNT,MY SLA; D2606JUN.txt; MY_JCL_Evidence.txt,Review,Production,SLA listed - mapping review,
MY,SLA supplemental,,,JCPGLKH1,SLA only,,0.64,0.72,32,0.57,0.62,31,-,06:30,Critical,GFMS,GFMS Support contact details removed; use the approved support roster.,,PRDCIS.BTHLOD.MY20A2 PRDCRD.BTHLOD.MY20A2 PRDCSS.BTHLOD.MY20A2,MY SLA; D2606JUN.txt; MY_JCL_Evidence.txt,Review,Production,SLA listed - mapping review,
MY,SLA supplemental,,,JCP0353R,SLA only,,2.33,2.92,32,2.22,3.18,31,-,07:00,Critical,SMS-UPD,Daily Synchronization of handphone Update from CLK to SMSG.,CP609700 CP619640 ICETOOL SORT,&ENV.CIS.BTHVSM.&VER.CPBCUS &ENV.CIS.BTHVSM.&VER.CPBSYS &ENV.CIS.BTHVSM.&VER.CPCCPF.ALL &ENV.CRD.BTHSEQ.&VER.SMSCCD1 &ENV.CRD.BTHSEQ.&VER.SMSCCD2 &ENV.CRD.BTHSEQ.&VER.SORTED.CUSPLT &ENV.CRD.BTHVSM.&VER.RDM.CUSPLT PRDCIS.BTHLOD.MY20A2 PRDCRD.BTHCTL.MY20A2(ICP00227) PRDCRD.BTHCTL.MY20A2(ICP00241) PRDCRD.BTHCTL.MY20A2(ICP01267) PRDCRD.BTHCTL.MY20A2(ICPK0050) PRDCRD.BTHCTL.MY20A2(ICPK0100) PRDCRD.BTHLOD.MY20A2 PRDCRD.BTHSEQ.MY20A2.CPCCPFH PRDCRD.BTHSEQ.MY20A2.SMSCCD1 PRDCRD.BTHSEQ.MY20A2.SMSCCD2 PRDCRD.BTHSEQ.MY20A2.SMSCCD2.FULL PRDCRD.BTHSEQ.MY20A2.SORTED.CUSPLT,MY SLA; D2606JUN.txt; MY_JCL_Evidence.txt,Review,Production,SLA listed - mapping review,
MY,SLA supplemental,,,JCP1756U,SLA only,,0.08,0.1,32,0.08,0.15,31,-,07:00,Critical,Embossing,Daily embossing jobs suppose to complete before instant card jobs triggered.,CP60088 CP60129 CP606950 CP613890 ICEGENER IDCAMS SORT,&CNTLLIB(ICPK0100) &ENV.CIS.BTHVSM.&VER.CPBCAX &ENV.CRD.BTHSEQ.&VER.EMV.MC.DTS.RCD.CLEAR PRDCIS.BTHLOD.MY20A2 PRDCIS.BTHSEQ.MY20A2.EMV.CPREEMBA PRDCIS.BTHVSM.MY20A2.CPBCRD PRDCIS.BTHVSM.MY20A2.CPBCUS PRDCIS.BTHVSM.MY20A2.CPBPLT PRDCIS.BTHVSM.MY20A2.CPBSYS PRDCRD.BTHCTL.MY20A2(ICP00012) PRDCRD.BTHLOD.MY20A2 PRDCRD.BTHPRM.MY20A2.SUP(ICP00448) PRDCRD.BTHSEQ.MY20A2.EMV.JC.RECRD.CLEAR PRDCRD.BTHSEQ.MY20A2.EMV.MC.MPH.RCD.CLEAR PRDCRD.BTHSEQ.MY20A2.EMV.MC.RECRD.CLEAR PRDCRD.BTHSEQ.MY20A2.EMV.R.DBGEMB.JCB PRDCRD.BTHSEQ.MY20A2.EMV.R.DBGEMB.MC PRDCRD.BTHSEQ.MY20A2.EMV.R.DBGEMB.RESULT PRDCRD.BTHSEQ.MY20A2.EMV.R.DBGEMB.VISA PRDCRD.BTHSEQ.MY20A2.EMV.R.ICCEMB.MC PRDCRD.BTHSEQ.MY20A2.EMV.R.ICCEMB.RESULT PRDCRD.BTHSEQ.MY20A2.EMV.R.VMCEMB.JCB PRDCRD.BTHSEQ.MY20A2.EMV.R.VMCEMB.MC PRDCRD.BTHSEQ.MY20A2.EMV.R.VMCEMB.RESULT PRDCRD.BTHSEQ.MY20A2.EMV.R.VMCEMB.VISA PRDCRD.BTHSEQ.MY20A2.EMV.VS.DTS.RCD.CLEAR PRDCRD.BTHSEQ.MY20A2.EMV.VS.MPH.RCD.CLEAR PRDCRD.BTHSEQ.MY20A2.EMV.VS.RECRD.CLEAR PRDCRD.BTHSEQ.MY20A2.EMV.VS.TNG.RCD.CLEAR PRDCRD.WRKSEQ.MY20A2.EMV.R.CPEMBV.ICC,MY SLA; D2606JUN.txt; MY_JCL_Evidence.txt,Review,Production,SLA listed - mapping review,
MY,SLA supplemental,,,JCP0773U,SLA only,,0.37,0.38,32,0.37,0.4,31,-,07:00,Critical,SMS-ACT,SMS - Activation,ICETOOL IDCAMS,PRDCIS.BTHLOD.MY20A2 PRDCRD.BTHCTL.MY20A2(ICP00250) PRDCRD.BTHLOD.MY20A2 PRDCRD.BTHSEQ.MY20A2.SMS.SMSCACT1 PRDCRD.TMPSEQ.MY20A2.SMS.ISSUE,MY SLA; D2606JUN.txt; MY_JCL_Evidence.txt,Review,Production,SLA listed - mapping review,
MY,SLA supplemental,,,JCP0681U,SLA only,,23.13,25.4,32,23.96,26.68,31,-,08:00,Critical,BDW,BDW,CP609060 CP609830 ICEGENER IDCAMS,PRDCIS.BKPVSM.MY20A2.CPBAPX.JCPALXR PRDCIS.BTHVSM.MY20A2.AKPKV PRDCIS.BTHVSM.MY20A2.CPBASF PRDCIS.BTHVSM.MY20A2.CPBCRD PRDCIS.BTHVSM.MY20A2.CPBKYC PRDCIS.BTHVSM.MY20A2.CPBPLT PRDCIS.BTHVSM.MY20A2.CPBSYS PRDCIS.BTHVSM.MY20A2.EISCC PRDCIS.BTHVSM.MY20A2.NPLMST PRDCIS.ONLVSM.MY20A2.CPIAF PRDCIS.ONLVSM.MY20A2.CPIAP PRDCOM.BTHVSM.MY20A2.D00V.KCMACC PRDCOM.ONLVSM.MY20A2.KCMBZA PRDCRD.BTHCTL.MY20A2(ICP00191) PRDCRD.BTHCTL.MY20A2(ICP01409) PRDCRD.BTHSEQ.MY20A2.BDW.DSCLM02.CTL PRDCRD.BTHSEQ.MY20A2.BDW.DSCLM02.DAT PRDCRD.BTHSEQ.MY20A2.BDW.DSCLM04.CTL PRDCRD.BTHSEQ.MY20A2.BDW.DSCLM04.DAT PRDCRD.BTHSEQ.MY20A2.BDW.DSCLM05.CTL PRDCRD.BTHSEQ.MY20A2.BDW.DSCLM05.DAT PRDCRD.BTHVSM.MY20A2.CPBPRM PRDCRD.WRKVSM.MY20A2.BDW.CPNACC PRDEPP.ONLVSM.MY20A2.EPTRANS,MY SLA; D2606JUN.txt; MY_JCL_Evidence.txt,Review,Production,SLA listed - mapping review,
MY,SLA supplemental,,,JCP0682U,SLA only,,0.94,1.22,32,0.91,1.25,31,-,07:00,Critical,BDW,BDW,CP609071 IDCAMS,PRDCIS.BTHBGD.MY20A2.CPHST(0) PRDCIS.BTHBGD.MY20A2.CPOLST(0) PRDCIS.BTHLOD.MY20A2 PRDCIS.BTHVSM.MY20A2.CPBSYS PRDCRD.BTHCTL.MY20A2(ICP00192) PRDCRD.BTHLOD.MY20A2 PRDCRD.BTHSEQ.MY20A2.BDW.DSCLT01.CTL PRDCRD.BTHSEQ.MY20A2.BDW.DSCLT01.DAT,MY SLA; D2606JUN.txt; MY_JCL_Evidence.txt,Review,Production,SLA listed - mapping review,
MY,SLA supplemental,,,JCP0684U,SLA only,,0.69,1.17,32,0.69,1.15,31,-,07:00,Critical,BDW,BDW,CP609091 IDCAMS,PRDCIS.BTHBGD.MY20A2.CPOLST(0) PRDCIS.BTHLOD.MY20A2 PRDCIS.BTHVSM.MY20A2.CPBSYS PRDCRD.BTHCTL.MY20A2(ICP00194) PRDCRD.BTHLOD.MY20A2 PRDCRD.BTHSEQ.MY20A2.BDW.DSCLM03.CTL PRDCRD.BTHSEQ.MY20A2.BDW.DSCLM03.DAT,MY SLA; D2606JUN.txt; MY_JCL_Evidence.txt,Review,Production,SLA listed - mapping review,
MY,SLA supplemental,,,JCP1117U,SLA only,,0.64,0.73,28,0.65,0.77,27,-,07:00,Critical,BDW,BDW,CP613570 IDCAMS,&ENV.CIS.BTHVSM.&VER.CPBCRD &ENV.CIS.BTHVSM.&VER.CPBKYC &ENV.COM.BTHVSM.&VER.D10V.KCMACC &ENV.COM.BTHVSM.&VER.D10V.KCXUPL &ENV.CRD.BTHVSM.&VER.CPBPRM PRDCIS.BTHVSM.MY20A2.CPBPLT PRDCIS.BTHVSM.MY20A2.CPBSYS PRDCRD.BTHCTL.MY20A2(ICP00454) PRDCRD.BTHSEQ.MY20A2.BDW.DSCLM06.BTHLARGE PRDCRD.BTHSEQ.MY20A2.BDW.DSCLM06.CTL PRDCRD.BTHVSM.MY20A2.RDM.CUSPLT,MY SLA; D2606JUN.txt; MY_JCL_Evidence.txt,Review,Production,SLA listed - mapping review,
MY,SLA supplemental,,,JCP1117W,SLA only,,3.47,4.08,4,3.02,3.22,4,-,07:00,Critical,BDW,BDW,CP613570 IDCAMS,&ENV.CIS.BTHVSM.&VER.CPBCRD &ENV.CIS.BTHVSM.&VER.CPBKYC &ENV.COM.BTHVSM.&VER.D10V.KCMACC &ENV.COM.BTHVSM.&VER.D10V.KCXUPL &ENV.CRD.BTHVSM.&VER.CPBPRM PRDCIS.BTHVSM.MY20A2.CPBPLT PRDCIS.BTHVSM.MY20A2.CPBSYS PRDCRD.BTHCTL.MY20A2(ICP00454) PRDCRD.BTHSEQ.MY20A2.BDW.DSCLM06.CTL PRDCRD.BTHSEQ.MY20A2.BDW.DSCLM06.DAT PRDCRD.BTHVSM.MY20A2.RDM.CUSPLT,MY SLA; D2606JUN.txt; MY_JCL_Evidence.txt,Review,Production,SLA listed - mapping review,
MY,SLA supplemental,,,JCP1118U,SLA only,,0.39,0.4,32,0.39,0.4,31,-,07:00,Critical,BDW,BDW,CP613580 IDCAMS,PRDCAQ.BTHVSM.MY20A2.QMMPRF PRDCAQ.BTHVSM.MY20A2.QMPSYSR PRDCRD.BTHCTL.MY20A2(ICP00455) PRDCRD.BTHLOD.MY20A2 PRDCRD.BTHSEQ.MY20A2.BDW.DSCLQ15.CTL PRDCRD.BTHSEQ.MY20A2.BDW.DSCLQ15.DAT,MY SLA; D2606JUN.txt; MY_JCL_Evidence.txt,Review,Production,SLA listed - mapping review,
MY,SLA supplemental,,,JCP1119U,SLA only,,0.41,0.42,32,0.4,0.42,31,-,07:00,Critical,BDW,BDW,CP613590 IDCAMS,PRDCAQ.BTHVSM.MY20A2.QMMCNT PRDCAQ.BTHVSM.MY20A2.QMPSYSR PRDCRD.BTHCTL.MY20A2(ICP00456) PRDCRD.BTHLOD.MY20A2 PRDCRD.BTHSEQ.MY20A2.BDW.DSCLQ16.CTL PRDCRD.BTHSEQ.MY20A2.BDW.DSCLQ16.DAT,MY SLA; D2606JUN.txt; MY_JCL_Evidence.txt,Review,Production,SLA listed - mapping review,
MY,SLA supplemental,,,JCP1120U,SLA only,,0.74,0.77,32,0.62,0.68,31,-,07:00,Critical,BDW,BDW,CP613600 IDCAMS,PRDCAQ.BTHVSM.MY20A2.QMMBUS PRDCAQ.BTHVSM.MY20A2.QMMMER PRDCAQ.BTHVSM.MY20A2.QMPSYSR PRDCRD.BTHCTL.MY20A2(ICP00457) PRDCRD.BTHLOD.MY20A2 PRDCRD.BTHSEQ.MY20A2.BDW.DSCLQ17.CTL PRDCRD.BTHSEQ.MY20A2.BDW.DSCLQ17.DAT,MY SLA; D2606JUN.txt; MY_JCL_Evidence.txt,Review,Production,SLA listed - mapping review,
MY,SLA supplemental,,,JCP1121U,SLA only,,1.25,1.6,32,0.92,1.05,31,-,07:00,Critical,BDW,BDW,CP613610 IDCAMS,PRDCAQ.BTHVSM.MY20A2.QMMACT PRDCAQ.BTHVSM.MY20A2.QMPSYSR PRDCRD.BTHCTL.MY20A2(ICP00458) PRDCRD.BTHLOD.MY20A2 PRDCRD.BTHSEQ.MY20A2.BDW.DSCLQ18A.CTL PRDCRD.BTHSEQ.MY20A2.BDW.DSCLQ18A.DAT PRDCRD.BTHSEQ.MY20A2.BDW.DSCLQ18B.CTL PRDCRD.BTHSEQ.MY20A2.BDW.DSCLQ18B.DAT,MY SLA; D2606JUN.txt; MY_JCL_Evidence.txt,Review,Production,SLA listed - mapping review,
MY,SLA supplemental,,,JCP1354U,SLA only,,1.07,1.23,32,1.06,1.3,31,-,07:00,Critical,PPL Voucher,Plaza Premium Lounge Voucher,CP603580 CP612420 CP614520 CP614530 CP615790 ETALK ICETOOL IEFBR14 SORT,&CNTLLIB(DYNALL32) &CNTLLIB(ICP00682) &CNTLLIB(ICP00803) &CNTLLIB(ICP01602) &ENV.CIS.BTHVSM.&VER.CPBCRD &ENV.CIS.BTHVSM.&VER.CPBCUS &ENV.CIS.BTHVSM.&VER.CPBPLT &ENV.CIS.BTHVSM.&VER.CPBSYS &ENV.CIS.BTHVSM.&VER.EISCC &ENV.CIS.BTHVSM.&VER.EMV.CPEIC &ENV.CIS.ONLVSM.&VER.CPCAH &ENV.CRD.BKPSEQ.&VER.PPL.SERNO &ENV.CRD.BKPSEQ.&VER.PPL.VMCDBG.VISA &ENV.CRD.BTHSEQ.&VER.ANN.REPORT &ENV.CRD.BTHSEQ.&VER.ANNV &ENV.CRD.BTHSEQ.&VER.EMV.CUG.VISA &ENV.CRD.BTHSEQ.&VER.EMV.DBGEMB.VISA &ENV.CRD.BTHSEQ.&VER.EMV.VMCEMB.VISA &ENV.CRD.BTHSEQ.&VER.FTP.PPL.CONSIGN &ENV.CRD.BTHSEQ.&VER.FTP.PPL.CONSIGN.OS &ENV.CRD.BTHSEQ.&VER.PPL.CONSIGN &ENV.CRD.BTHSEQ.&VER.PPL.CONSIGN.OS &ENV.CRD.BTHSEQ.&VER.PPL.HDR.AS400 &ENV.CRD.BTHSEQ.&VER.PPL.SERNO &ENV.CRD.BTHSEQ.&VER.PPL.TRL.AS400 &ENV.CRD.BTHSEQ.&VER.PPL.VOUCHER &ENV.CRD.ONLVSM.&VER.CCTRLF &ENV.CRD.WRKSEQ.&VER.ANN.CONSIGN &ENV.CRD.WRKSEQ.&VER.ANN.CONSIGN.OS &ENV.CRD.WRKSEQ.&VER.ANN.VOUCHER,MY SLA; D2606JUN.txt; MY_JCL_Evidence.txt,Review,Production,SLA listed - mapping review,
MY,SLA supplemental,,,JCP1532U,SLA only,,2,2.08,32,2.03,2.18,31,-,07:15,Critical,1View,Create response files for 1View for - Customer Info Update - Monetary Transactions - IPP Creation,CP617080 CP617170 CP617750 CP618900 CP620040 ETALK ICETOOL IDCAMS SORT,&CNTLLIB(SORTCOPY) &ENV.CIS.BTHSEQ.&VER.SSTREJ.SORT &ENV.CIS.BTHSEQ.&VER.USR.SSTREJ &ENV.CRD.BTHSEQ.&VER.CPPREJE &ENV.CRD.BTHSEQ.&VER.CPPREJE.CAF &ENV.CRD.BTHSEQ.&VER.CPPSUCC &ENV.CRD.BTHSEQ.&VER.CPPSUCC.CAF &ENV.CRD.BTHSEQ.&VER.RCS.CPP.REJE &ENV.CRD.BTHSEQ.&VER.RCS.CPP.SUCC &ENV.CRD.BTHSEQ.&VER.RCS.REJE.J1532 &ENV.CRD.BTHSEQ.&VER.RCS.SUCC.J1532 PRDCIS.BTHSEQ.MY20A2.SSTREJ.SORT PRDCIS.BTHVSM.MY20A2.CPBCMA PRDCIS.BTHVSM.MY20A2.CPBPLT PRDCIS.BTHVSM.MY20A2.CPBSYS PRDCIS.BTHVSM.MY20A2.CPCCPF.ALL PRDCIS.ONLVSM.MY20A2.CPBNMPRM PRDCRD.BTHCTL.MY20A2(DYNALL32) PRDCRD.BTHCTL.MY20A2(ICP00833) PRDCRD.BTHCTL.MY20A2(ICP00850) PRDCRD.BTHCTL.MY20A2(ICP00856) PRDCRD.BTHCTL.MY20A2(ICP00927) PRDCRD.BTHCTL.MY20A2(ICP00928) PRDCRD.BTHCTL.MY20A2(ICP01133) PRDCRD.BTHCTL.MY20A2(ICP01134) PRDCRD.BTHCTL.MY20A2(ICP01351) PRDCRD.BTHCTL.MY20A2(ICP01352) PRDCRD.BTHSEQ.MY20A2.BCP1VIEW PRDCRD.BTHSEQ.MY20A2.CPP1VIEW PRDCRD.BTHSEQ.MY20A2.CPPREJE,MY SLA; D2606JUN.txt; MY_JCL_Evidence.txt,Review,Production,SLA listed - mapping review,
MY,SLA supplemental,,,JCP0680U,SLA only,,5.71,6.58,32,5.78,7,31,-,07:30,Critical,BDW,BDW,CP609050 IDCAMS SORT,PRDCIS.BTHLOD.MY20A2 PRDCIS.BTHVSM.MY20A2.CPBCUS PRDCIS.BTHVSM.MY20A2.CPBKYC PRDCIS.BTHVSM.MY20A2.CPBSYS PRDCRD.BTHCTL.MY20A2(ICP00190) PRDCRD.BTHLOD.MY20A2 PRDCRD.BTHSEQ.MY20A2.BDW.DSCLM01.CTL PRDCRD.BTHSEQ.MY20A2.BDW.DSCLM01.DAT,MY SLA; D2606JUN.txt; MY_JCL_Evidence.txt,Review,Production,SLA listed - mapping review,
MY,SLA supplemental,,,JCF2482U,SLA only,,0.72,0.72,32,0.71,0.72,31,-,07:30,Critical,BDW,BDW files - - Corporate Contact File - Additionall Corporate Information File,,&CNTLLIB(ICP01507) &CNTLLIB(ICP01508) PRDCIS.BTHLOD.MY20A2 PRDCRD.BTHLOD.MY20A2,MY SLA; D2606JUN.txt; MY_JCL_Evidence.txt,Review,Production,SLA listed - mapping review,
MY,SLA supplemental,,,JCP0775U,SLA only,,0.35,0.37,32,0.35,0.37,31,-,07:30,Critical,SMS-COL,SMS - Collection,IDCAMS SORT,PRDCIS.BTHLOD.MY20A2 PRDCRD.BTHCTL.MY20A2(ICP00254) PRDCRD.BTHLOD.MY20A2 PRDCRD.BTHSEQ.MY20A2.SMS.SMSCCOL1 PRDCRD.TMPSEQ.MY20A2.SMS.ISSUE PRDCRD.WRKSEQ.MY20A2.SMS.SMSCCOL1,MY SLA; D2606JUN.txt; MY_JCL_Evidence.txt,Review,Production,SLA listed - mapping review,
MY,SLA supplemental,,,JCP0505U,SLA only,,3.61,5.5,32,3.34,5.53,31,-,07:45,Critical,SAS,"Generate SAS seq files - CPOLS, CPHST, MERTRXN & MREBATE, CPSTMT",CP607360 CP607370 CP609490 ICEGENER SORT,&CNTLLIB(ICP00136) &CNTLLIB(ICP00137) &CNTLLIB(ICP00201) &CNTLLIB(ICPK0050) &CNTLLIB(ICPK0100) &ENV.CIS.BTHBGD.&VER.CPHST(0) &ENV.CIS.BTHVSM.&VER.CPBCRD &ENV.CIS.BTHVSM.&VER.CPBSYS &ENV.CIS.BTHVSM.&VER.CPSTMT &ENV.CIS.ONLVSM.&VER.CPOLS &ENV.CRD.BTHSEQ.&VER.MERTRXN &ENV.CRD.BTHSEQ.&VER.MREBATE &ENV.CRD.BTHSEQ.&VER.SAS.CPHST.FTP &ENV.CRD.BTHSEQ.&VER.SAS.CPOLS.FTP &ENV.CRD.BTHSEQ.&VER.SAS.CPSTMT.FTP &ENV.CRD.BTHSEQ.&VER.SAS.MERCHSAS.FTP &ENV.CRD.BTHSEQ.&VER.SAS.MREBATE.FTP &ENV.CRD.WRKSEQ.&VER.SAS.CPOLS.FTP &ENV.CRD.WRKSEQ.&VER.SAS.CPSTMT.FTP &ENV.CRD.WRKSEQ.&VER.SAS.MERTRXN PRDCRD.BTHSEQ.MY20A2.SAS.CPHST.FTP PRDCRD.BTHSEQ.MY20A2.SAS.CPOLS.FTP PRDCRD.BTHSEQ.MY20A2.SAS.CPSTMT.FTP PRDCRD.BTHSEQ.MY20A2.SAS.MERCHSAS.FTP PRDCRD.BTHSEQ.MY20A2.SAS.MREBATE.FTP PRDCRD.WRKSEQ.MY20A2.CPOLS.FTP PRDCRD.WRKSEQ.MY20A2.CPSTMT.FTP PRDCRD.WRKSEQ.MY20A2.SAS.CPOLS.FTP PRDCRD.WRKSEQ.MY20A2.SAS.CPSTMT.FTP PRDCRD.WRKSEQ.MY20A2.SAS.MERTRXN,MY SLA; D2606JUN.txt; MY_JCL_Evidence.txt,Review,Production,SLA listed - mapping review,
MY,SLA supplemental,,,JCP0506U,SLA only,,32.68,35.55,32,31.01,32.55,31,-,07:45,Critical,SAS,"Generate SAS seq files - CPCRD, CPCUS, CPPLT, CPZCMF & TNGERL",CP607490 ICEGENER IDCAMS SORT,&CNTLLIB(ICPK0050) PRDCIS.BTHLOD.MY20A2 PRDCIS.BTHSEQ.MY20A2.GLFSAHCI.SRT PRDCIS.BTHSEQ.MY20A2.SAS.GLFSAHCI.FTP PRDCIS.BTHVSM.MY20A2.CPBCRD PRDCIS.BTHVSM.MY20A2.CPBCUS PRDCIS.BTHVSM.MY20A2.CPBPLT PRDCIS.ONLVSM.MY20A2.CPADD PRDCIS.ONLVSM.MY20A2.CPCLTE PRDCIS.ONLVSM.MY20A2.CPCMA PRDCIS.ONLVSM.MY20A2.CPZCMF PRDCRD.BKPVSM.MY20A2.TNGERL.JCP0506U PRDCRD.BTHCTL.MY20A2(DYNALL32) PRDCRD.BTHCTL.MY20A2(ICP00138) PRDCRD.BTHCTL.MY20A2(ICPK0050) PRDCRD.BTHCTL.MY20A2(ICPK2000) PRDCRD.BTHCTL.MY20A2(ICPK3000) PRDCRD.BTHLOD.MY20A2 PRDCRD.BTHSEQ.MY20A2.BTHLARGE.SASCD PRDCRD.BTHSEQ.MY20A2.SAS.CPADD.FTP PRDCRD.BTHSEQ.MY20A2.SAS.CPADD.FTP.ONLLARGE PRDCRD.BTHSEQ.MY20A2.SAS.CPCLTE.FTP PRDCRD.BTHSEQ.MY20A2.SAS.CPCMA.FTP PRDCRD.BTHSEQ.MY20A2.SAS.CPCUS.FTP PRDCRD.BTHSEQ.MY20A2.SAS.CPPLT.FTP PRDCRD.BTHSEQ.MY20A2.SAS.CPZCMF.FTP PRDCRD.BTHSEQ.MY20A2.SAS.TNGERL.FTP PRDCRD.WRKSEQ.MY20A2.SAS.CPCUS.FTP PRDCRD.WRKSEQ.MY20A2.SAS.CPZCMF.FTP PRDCRD.WRKSEQ.MY20A2.SAS.TNGERL.FTP,MY SLA; D2606JUN.txt; MY_JCL_Evidence.txt,Review,Production,SLA listed - mapping review,
MY,SLA supplemental,,,JCP0507U,SLA only,,4.81,5.77,32,5.22,6.02,31,-,07:45,Critical,SAS,Generate SAS seq files - CACQ (QM*),ICEGENER IDCAMS SORT,&CNTLLIB(ICPK0050) &CNTLLIB(ICPK0100) &CNTLLIB(ICPK0250) &CNTLLIB(ICPK0500) &ENV.CAQ.BTHSEQ.&VER.MERGED.QMBTPT &ENV.CAQ.BTHVSM.&VER.QMMACT &ENV.CAQ.BTHVSM.&VER.QMMBLC &ENV.CAQ.BTHVSM.&VER.QMMBUS &ENV.CAQ.BTHVSM.&VER.QMMCNT &ENV.CAQ.BTHVSM.&VER.QMMDTTL &ENV.CAQ.BTHVSM.&VER.QMMMER &ENV.CAQ.BTHVSM.&VER.QMMPRF &ENV.CAQ.BTHVSM.&VER.QMMSTAT &ENV.CAQ.BTHVSM.&VER.QMPATI &ENV.CAQ.BTHVSM.&VER.QMPDIS &ENV.CAQ.BTHVSM.&VER.QMPPGO &ENV.CAQ.BTHVSM.&VER.QMSPTM &ENV.CAQ.BTHVSM.&VER.QMTMPT &ENV.CAQ.ONLVSM.&VER.QMPCRI &ENV.CIS.BTHVSM.&VER.CPBCRD &ENV.CRD.BTHSEQ.&VER.SAS.QMBTPT.FTP &ENV.CRD.BTHSEQ.&VER.SAS.QMMACT.FTP &ENV.CRD.BTHSEQ.&VER.SAS.QMMBLC.FTP &ENV.CRD.BTHSEQ.&VER.SAS.QMMBUS.FTP &ENV.CRD.BTHSEQ.&VER.SAS.QMMCNT.FTP &ENV.CRD.BTHSEQ.&VER.SAS.QMMDTTL.FTP &ENV.CRD.BTHSEQ.&VER.SAS.QMMHDR &ENV.CRD.BTHSEQ.&VER.SAS.QMMMER.FTP &ENV.CRD.BTHSEQ.&VER.SAS.QMMPRF.FTP &ENV.CRD.BTHSEQ.&VER.SAS.QMMSTAT.FTP,MY SLA; D2606JUN.txt; MY_JCL_Evidence.txt,Review,Production,SLA listed - mapping review,
MY,SLA supplemental,,,JCP0757U,SLA only,,,,0,,,,-,07:45,Critical,LoyaltySystem,"<Bonus Point Loyalty System> - when > SLA, LS <Last Import Date> will be previous batch late i/o today batch date",CP610000,PRDCIS.BTHLOD.MY20A2 PRDCIS.BTHVSM.MY20A2.CPBSYS PRDCLB.ONLVSM.MY20A2.LBCRD PRDCRD.BTHCTL.MY20A2(ICP00226) PRDCRD.BTHLOD.MY20A2 PRDCRD.BTHPRM.MY20A2.SUP(ICP00225) PRDCRD.BTHSEQ.MY20A2.LPS.CARDEF.FTP PRDCRD.BTHVSM.MY20A2.RDM.CUSPLT,MY SLA; D2606JUN.txt; MY_JCL_Evidence.txt,Review,Production,SLA listed - mapping review,
MY,SLA supplemental,,,JCP0969U,SLA only,,,,0,,,,-,07:45,Critical,SAS,Generate SAS seq files - LBOLS,CP610100 IEFBR14 SORT,&CNTLLIB(ICPK0050) &ENV.CIS.BTHVSM.&VER.CPBSYS &ENV.CLB.ONLVSM.&VER.LBCRD &ENV.CLB.ONLVSM.&VER.LBOLS &ENV.CRD.BTHSEQ.&VER.BTHLARGE.SASLB &ENV.CRD.BTHSEQ.&VER.SAS.LBOLS.FTP &ENV.CRD.WRKSEQ.&VER.BTHLARGE.SASLB PRDCRD.BTHCTL.MY20A2(ICP00403) PRDCRD.BTHSEQ.MY20A2.BTHLARGE.SASLB PRDCRD.BTHSEQ.MY20A2.SAS.LBOLS.FTP PRDCRD.WRKSEQ.MY20A2.BTHLARGE.SASLB,MY SLA; D2606JUN.txt; MY_JCL_Evidence.txt,Review,Production,SLA listed - mapping review,
MY,SLA supplemental,,,JCP1056U,SLA only,,11.03,14.62,40,16.81,19.78,32,,07:45,Critical,SAS,"Generate SAS seq files - CXIPM, CXVSI, EPTRANS, OADCTF, AURPT, ISSRPT, ISSCATV, ISSCCVS, BSCORE (every 15th) & NPLMST (every eom)",CP613320 CP613330 ICEGENER ICETOOL IDCAMS SORT,&CNTLLIB(ICP00139) &CNTLLIB(ICP00439) &CNTLLIB(ICPK0050) &CNTLLIB(ICPK0100) &CNTLLIB(ICPK0250) &CNTLLIB(ICPK0500) &CNTLLIB(ICPK1000) &CNTLLIB(ICPK2000) &CNTLLIB(REPRO) &ENV.CAU.BTHSEQ.&VER.AURPT &ENV.CAU.BTHSEQ.&VER.ISSRPT &ENV.CAU.ONLVSM.&VER.ISSCATV &ENV.CAU.ONLVSM.&VER.ISSCCVS &ENV.CIS.BTHVSM.&VER.CPBCRD &ENV.CIS.BTHVSM.&VER.CPBSYS &ENV.CIS.BTHVSM.&VER.NPLMST &ENV.CIS.ONLVSM.&VER.CPPIN &ENV.CRD.BTHSEQ.&VER.BTHLARGE.SASIS &ENV.CRD.BTHSEQ.&VER.DMS.BSCORE.FORMAT &ENV.CRD.BTHSEQ.&VER.SAS.AURPT.FTP &ENV.CRD.BTHSEQ.&VER.SAS.BSCORE.FTP &ENV.CRD.BTHSEQ.&VER.SAS.CPCLE.FTP &ENV.CRD.BTHSEQ.&VER.SAS.CPPIN.FTP &ENV.CRD.BTHSEQ.&VER.SAS.CXIPM.FTP &ENV.CRD.BTHSEQ.&VER.SAS.CXVSI.FTP &ENV.CRD.BTHSEQ.&VER.SAS.EPTRANS.FTP &ENV.CRD.BTHSEQ.&VER.SAS.ISSCATV.FTP &ENV.CRD.BTHSEQ.&VER.SAS.ISSRPT.FTP &ENV.CRD.BTHSEQ.&VER.SAS.NPLMST.FTP &ENV.CRD.BTHSEQ.&VER.SAS.OADCTF.FTP,MY SLA; D2606JUN.txt; MY_JCL_Evidence.txt,Review,Production,SLA listed - mapping review,
MY,SLA supplemental,,,JCP1057U,SLA only,,5.61,5.98,32,5.23,5.75,31,-,07:45,Critical,SAS,Generate SASCDM CLK control file (not applicable to SG EG),CP613310 CP613320 SORT,&CNTLLIB(ICP00440) &CNTLLIB(ICPK0050) &CNTLLIB(ICPK0100) &CNTLLIB(ICPK0250) &CNTLLIB(ICPK0500) &CNTLLIB(ICPK1000) &CNTLLIB(ICPK2000) &CNTLLIB(ICPK3000) &ENV.CAQ.BTHVSM.&VER.QMMACT &ENV.CAQ.BTHVSM.&VER.QMMBLC &ENV.CAQ.BTHVSM.&VER.QMMCNT &ENV.CAQ.BTHVSM.&VER.QMMDTTL &ENV.CAQ.BTHVSM.&VER.QMMMER &ENV.CAQ.BTHVSM.&VER.QMMPRF &ENV.CAQ.BTHVSM.&VER.QMMSTAT &ENV.CAQ.BTHVSM.&VER.QMPATI &ENV.CAQ.BTHVSM.&VER.QMPDIS &ENV.CAQ.BTHVSM.&VER.QMPPGO &ENV.CAQ.BTHVSM.&VER.QMSPTM &ENV.CAQ.BTHVSM.&VER.QMTMPT &ENV.CAU.BTHSEQ.&VER.AURPT &ENV.CAU.BTHSEQ.&VER.ISSRPT &ENV.CAU.ONLVSM.&VER.ISSCATV &ENV.CIS.BTHBGD.&VER.CPHST(0) &ENV.CIS.BTHSEQ.&VER.SAS.GLFSAHCI.FTP &ENV.CIS.BTHVSM.&VER.CPBCRD &ENV.CIS.BTHVSM.&VER.CPBCUS &ENV.CIS.BTHVSM.&VER.CPBPLT &ENV.CIS.BTHVSM.&VER.CPBSYS &ENV.CIS.BTHVSM.&VER.CPSTMT,MY SLA; D2606JUN.txt; MY_JCL_Evidence.txt,Review,Production,SLA listed - mapping review,
MY,SLA supplemental,,,JCP1058U,SLA only,,0.36,0.38,32,0.37,0.4,31,-,07:45,Critical,SAS,Generate SASCDM CLK Batch Date File (not applicable to SG EG),CP613340 IEFBR14,PRDCIS.BTHVSM.MY20A2.CPBSYS PRDCRD.BTHCTL.MY20A2(ICP00444) PRDCRD.BTHLOD.MY20A2 PRDCRD.BTHSEQ.MY20A2.SAS.CTRLB.FTP,MY SLA; D2606JUN.txt; MY_JCL_Evidence.txt,Review,Production,SLA listed - mapping review,
MY,SLA supplemental,,,JCP1230U,SLA only,,2.98,3.73,32,2.99,3.47,31,,08:45,Critical,SAS,FTP CPCRD & LBCRD,,PRDCRD.BTHCTL.MY20A2(ICP00631) PRDCRD.BTHCTL.MY20A2(ICP00632),MY SLA; D2606JUN.txt; MY_JCL_Evidence.txt,Review,Production,SLA listed - mapping review,
MY,SLA supplemental,,,JCF22801,SLA only,,0.88,0.98,32,0.89,1.12,31,,07:45,Critical,SAS,"Generate SAS seq files - CPBALC, CPABP",,PRDCRD.BTHCTL.MY20A2(ICP01454),MY SLA; D2606JUN.txt; MY_JCL_Evidence.txt,Review,Production,SLA listed - mapping review,
MY,SLA supplemental,,,JCP0531U,SLA only,,0.11,0.35,32,0.16,0.53,31,-,08:00,Critical,AutoDebit,AUTO-DEBIT,CP607830 CP607840 CP607850 ICEMAN IDCAMS SORT,PRDCIS.BTHLOD.MY20A2 PRDCIS.BTHSEQ.MY20A2.CPBACS PRDCIS.BTHVSM.MY20A2.CPBCRD PRDCIS.BTHVSM.MY20A2.CPBCUS PRDCIS.BTHVSM.MY20A2.CPBSYS PRDCRD.BTHCTL.MY20A2(ICP01175) PRDCRD.BTHLOD.MY20A2 PRDCRD.BTHSEQ.MY20A2.ADB.CCARD.SORT PRDCRD.BTHSEQ.MY20A2.ADB.IMREGDD PRDCRD.WRKSEQ.MY20A2.ADB.ADEBIT.ALLTEL PRDCRD.WRKSEQ.MY20A2.ADB.ALLTELDT PRDCRD.WRKSEQ.MY20A2.ADB.ALLTELHD PRDCRD.WRKSEQ.MY20A2.ADB.CCARD.UNSORT PRDCRD.WRKSEQ.MY20A2.ADB.CPBACSB PRDCRD.WRKSEQ.MY20A2.ADB.CPDRFL.SORTED PSUC.UID.MFT.MY,MY SLA; D2606JUN.txt; MY_JCL_Evidence.txt,Review,Production,SLA listed - mapping review,
MY,SLA supplemental,,,JCP0753U,SLA only,,4.79,5.8,32,4.52,6.12,31,-,08:00,Critical,CTCS-AIF,CTCS - AIF (Acct information file),CP609930 ICEGENER IDCAMS SORT,&CNTLLIB(ICP00235) &CNTLLIB(ICP01498) &ENV.CIS.BTHVSM.&VER.CPBSYS &ENV.CRD.BTHSEQ.&VER.CTCS.AIF.FTP &ENV.CRD.BTHSEQ.&VER.CTCS.CP0753U.CARD &ENV.CRD.BTHVSM.&VER.RDM.CUSPLT &ENV.CRD.WRKVSM.&VER.BTHLARGE.RDM.J753 &ENV.CRD.WRKVSM.&VER.CTCS.CPCCPF PRDCIS.BKPVSM.MY20A2.CPBSYS.DY2I PRDCIS.BTHVSM.MY20A2.CPCCPF.ALL PRDCRD.BTHCTL.MY20A2(ICPK0050) PRDCRD.BTHLOD.MY20A2 PRDCRD.BTHSEQ.MY20A2.CTCS.AIF.FTP PRDCRD.BTHSEQ.MY20A2.CTCS.CP0753U.CARD PRDCRD.WRKSEQ.MY20A2.CTCS.CPCCPF PRDCRD.WRKVSM.MY20A2.CTCS.CPCCPF,MY SLA; D2606JUN.txt; MY_JCL_Evidence.txt,Review,Production,SLA listed - mapping review,
MY,SLA supplemental,,,JCP0532U,SLA only,,0.82,0.82,1,0.38,0.38,1,-,08:00,Critical,HRMIS,HRMIS,CP607860 IDCAMS,PRDCIS.BTHLOD.MY20A2 PRDCIS.BTHVSM.MY20A2.CPBCRD PRDCIS.BTHVSM.MY20A2.CPBCUS PRDCIS.BTHVSM.MY20A2.CPBSYS PRDCRD.BTHCTL.MY20A2(ICP00166) PRDCRD.BTHCTL.MY20A2(ICP00529) PRDCRD.BTHLOD.MY20A2 PRDCRD.BTHSEQ.MY20A2.HRM.HRMIS.OUT PSUC.UID.MFT.MY,MY SLA; D2606JUN.txt; MY_JCL_Evidence.txt,Review,Production,SLA listed - mapping review,
MY,SLA supplemental,,,JCP0734U,SLA only,,,,0,,,,-,08:00,Critical,TIMS,TIMS,CP609640 CP609650 IDCAMS,PRDCAQ.BTHVSM.MY20A2.QMMBLC PRDCAQ.BTHVSM.MY20A2.QMMCNT PRDCAQ.BTHVSM.MY20A2.QMMMER PRDCAQ.BTHVSM.MY20A2.QMMPRF PRDCAQ.BTHVSM.MY20A2.QMPSYSR PRDCRD.BTHCTL.MY20A2(ICP00216) PRDCRD.BTHCTL.MY20A2(ICP00217) PRDCRD.BTHLOD.MY20A2 PRDCRD.BTHSEQ.MY20A2.TIM.MERCHANT.FTP PRDCRD.BTHSEQ.MY20A2.TIM.TERMINAL.FTP PRDEDC.ONLVSM.MY20A2.OADCTF,MY SLA; D2606JUN.txt; MY_JCL_Evidence.txt,Review,Production,SLA listed - mapping review,
MY,SLA supplemental,,,JCP1406U,SLA only,,,,0,,,,-,08:00,Critical,VA Card,VA Card Replacements File for Clicks,CP615940 ICETOOL SORT,&ENV.CIS.BTHVSM.&VER.CPBCUS &ENV.CIS.BTHVSM.&VER.CPBSYS &ENV.CIS.BTHVSM.&VER.CPCCPF.ALL &ENV.CRD.BTHCTL.MY20A2(ICPK0050) &ENV.CRD.BTHSEQ.&VER.CLKS.XFR.FTP &ENV.CRD.BTHVSM.&VER.RDM.CUSPLT &ENV.CRD.WRKSEQ.&VER.CLKS.CPCCPF &ENV.CRD.WRKSEQ.&VER.CLKS.CPCCPF.DELTA &ENV.CRD.WRKSEQ.&VER.CLKS.CPCCPF.MERGE PRDCIS.BTHVSM.MY20A2.CPCCPF.ALL PRDCRD.BTHCTL.MY20A2(ICP00715) PRDCRD.BTHCTL.MY20A2(ICPK0050) PRDCRD.BTHSEQ.MY20A2.CLKS.XFR.FTP PRDCRD.WRKSEQ.MY20A2.CLKS.CPCCPF PRDCRD.WRKSEQ.MY20A2.CLKS.CPCCPF.DELTA PRDCRD.WRKSEQ.MY20A2.CLKS.CPCCPF.MERGE,MY SLA; D2606JUN.txt; MY_JCL_Evidence.txt,Review,Production,SLA listed - mapping review,
MY,SLA supplemental,,,JLB1123O,SLA only,,,,0,,,,,08:00,Critical,"Online screens, interfaces","Bonus point maintenace and Inquiry (CLCB), and other intefaces that have online inquiry of these.",,PRDCRD.BTHCTL.MY20A2(CLCBOP),MY SLA; D2606JUN.txt; MY_JCL_Evidence.txt,Review,Production,SLA listed - mapping review,
MY,SLA supplemental,,,JCP1974U,SLA only,,,,0,,,,-,08:00,Critical,Clicks,EXTRACT OF CLOSED KWIK AND LAZADA ACCOUNTS FOR CLICKS,CP619330 SORT,&CNTLLIB(ICP01202) &CNTLLIB(ICP01203) &CNTLLIB(ICP01204) &CNTLLIB(ICP01205) &ENV.CIS.BKPVSM.&VER.CPBAPX.JCPALXR &ENV.CIS.BTHVSM.&VER.CPBCRD &ENV.CIS.BTHVSM.&VER.CPBCUS &ENV.CIS.BTHVSM.&VER.CPBSYS &ENV.CRD.BTHSEQ.&VER.CLKLAZ.ACCSTS &ENV.CRD.WRKSEQ.&VER.CLKLAZ.ACCSTS &ENV.CRD.WRKSEQ.&VER.CLKLAZ.CPBCRD PRDCAQ.BTHLOD.MY20A2 PRDCIS.BTHLOD.MY20A2 PRDCRD.BTHLOD.MY20A2 PRDCSS.BTHLOD.MY20A2,MY SLA; D2606JUN.txt; MY_JCL_Evidence.txt,Review,Production,SLA listed - mapping review,
MY,SLA supplemental,,,JCF22002,SLA only,,0.34,0.35,32,0.34,0.35,31,07:00,07:30,Critical,ESB,Extract PRPP Recon Cycle 2 file to ESB,,,,,,,
SORT,&CNTLLIB(ICP01424) &ENV.CRD.WRKSEQ.&VER.ICP01424,MY SLA; D2606JUN.txt; MY_JCL_Evidence.txt,Review,Production,SLA listed - mapping review,,,,,,,,,,,,,,,,,,,
MY,SLA supplemental,,,JCP0802U,SLA only,,0.39,0.48,32,0.42,0.52,31,-,08:15,Critical,CCDS,CCDS,CP604650 CP610860 IDCAMS SORT,PRDCIS.BTHLOD.MY20A2 PRDCIS.BTHVSM.MY20A2.CPBCUS PRDCIS.BTHVSM.MY20A2.CPBPLT PRDCIS.BTHVSM.MY20A2.CPBSYS PRDCRD.BTHCTL.MY20A2(ICP00284) PRDCRD.BTHCTL.MY20A2(ICP00324) PRDCRD.BTHLOD.MY20A2 PRDCRD.BTHSEQ.MY20A2.CCD.CLCCDSN PRDCRD.BTHSEQ.MY20A2.EMV.DBGEMB.RESULT PRDCRD.BTHSEQ.MY20A2.EMV.ICCEMB.RESULT PRDCRD.BTHSEQ.MY20A2.EMV.R.DBGEMB.RESULT PRDCRD.BTHSEQ.MY20A2.EMV.R.ICCEMB.RESULT PRDCRD.BTHSEQ.MY20A2.EMV.R.VMCEMB.RESULT PRDCRD.BTHSEQ.MY20A2.EMV.VMCEMB.RESULT PRDCRD.ONLVSM.MY20A2.BRANCH,MY SLA; D2606JUN.txt; MY_JCL_Evidence.txt,Review,Production,SLA listed - mapping review,
MY,SLA supplemental,,,JCP0852U,SLA only,,,,0,,,,-,09:00,Critical,DMSv7-SMS,DMSv7 - SMS,CP611480 IDCAMS SORT,PRDCIS.BTHLOD.MY20A2 PRDCIS.BTHVSM.MY20A2.CPBSYS PRDCRD.BTHCTL.MY20A2(DYNALL32) PRDCRD.BTHCTL.MY20A2(ICP00373) PRDCRD.BTHLOD.MY20A2 PRDCRD.BTHSEQ.MY20A2.DMS.SMS.INPUT.FTP PRDCRD.BTHSEQ.MY20A2.DMS.SMS.OUT.FTP PRDCRD.WRKSEQ.MY20A2.DMS.SMS.INPUT,MY SLA; D2606JUN.txt; MY_JCL_Evidence.txt,Review,Production,SLA listed - mapping review,
MY,SLA supplemental,,,JCP2100U,SLA only,,0.84,0.7,32,0.5,0.53,31,,09:00,Critical,RCS,RCS VIP FILE,SORT,&CNTLLIB(ICP01328) &CNTLLIB(ICP01329) &ENV.CIS.BTHVSM.&VER.CPBCUS &ENV.CRD.BTHSEQ.&VER.RCS.CLKVIP PRDCIS.BTHLOD.MY20A2 PRDCRD.BTHLOD.MY20A2 PRDCSS.BTHLOD.MY20A2,MY SLA; D2606JUN.txt; MY_JCL_Evidence.txt,Review,Production,SLA listed - mapping review,
MY,SLA supplemental,,,JSTJOGXU,SLA only,,0.34,0.35,32,0.34,0.35,31,,09:05,Critical,JCB,Send JCB outgoing settlement file,,,MY SLA; D2606JUN.txt; MY_JCL_Evidence.txt,Review,Production,SLA listed - mapping review,
MY,SLA supplemental,,,JSTJOG1U,SLA only,,0.35,0.35,4,0.35,0.35,4,,09:05,Critical,JCB,Send JCB outgoing merchant file,ICEGENER,PRDIMX.BTHSEQ.MY20A2.CXMEX.JCB.MERGE,MY SLA; D2606JUN.txt; MY_JCL_Evidence.txt,Review,Production,SLA listed - mapping review,
MY,SLA supplemental,,,JCP0939U,SLA only,,,,0,,,,-,10:00,Critical,OLS,One Loyalty System,IDCAMS SORT,PRDCRD.BTHCTL.MY20A2(ICP00383) PRDCRD.BTHSEQ.MY20A2.ICP00381 PRDCRD.BTHSEQ.MY20A2.PRIME.RESDLY PRDCRD.BTHSEQ.MY20A2.PRIME.RESDLY.AS400 PRDCRD.BTHSEQ.MY20A2.PRIME.RESDLY.FND,MY SLA; D2606JUN.txt; MY_JCL_Evidence.txt,Review,Production,SLA listed - mapping review,
MY,SLA supplemental,,,JFA0818U,SLA only,,,,0,,,,,10.00 AM,Critical,SAS,FTP Falcon files to SAS,,,MY SLA; D2606JUN.txt; MY_JCL_Evidence.txt,Review,Production,SLA listed - mapping review,
MY,SLA supplemental,,,JCPF6001,SLA only,,1.97,2.87,32,2.07,2.72,31,,08.30 AM,Critical,Falcon,FTP Falcon 6 Interface file with Sephamore to Staging Server (AIS20 - ACCOUNT INFORMATION SUMMARY FILE),SORT,&CNTLLIB(ICP01289) &ENV.CIS.BTHVSM.&VER.CPBSYS &ENV.CRD.BTHSEQ.&VER.ICP01289 PRDCIS.BTHLOD.MY20A2 PRDCSS.BTHLOD.MY20A2,MY SLA; D2606JUN.txt; MY_JCL_Evidence.txt,Review,Production,SLA listed - mapping review,
MY,SLA supplemental,,,JCPF6002,SLA only,,1.5,2.33,32,1.75,2.42,31,,08.30 AM,Critical,Falcon,FTP Falcon 6 Interface file with Sephamore to Staging Server (CIS20 - CUSTOMER INFORMATION SUMMARY FILE),SORT,&CNTLLIB(ICP01290) &ENV.CIS.BTHVSM.&VER.CPBSYS &ENV.CRD.BTHSEQ.&VER.ICP01290 PRDCIS.BTHLOD.MY20A2 PRDCSS.BTHLOD.MY20A2,MY SLA; D2606JUN.txt; MY_JCL_Evidence.txt,Review,Production,SLA listed - mapping review,
MY,SLA supplemental,,,JCPF6003,SLA only,,9.45,13.1,32,10.1,11.85,31,,08.30 AM,Critical,Falcon,FTP Falcon 6 Interface file with Sephamore to Staging Server (PIS12 - PLASTIC INFORMATION SUMMARY FILE),SORT,&CNTLLIB(ICP01291) &ENV.CIS.BTHVSM.&VER.CPBSYS &ENV.CRD.BTHSEQ.&VER.ICP01291 PRDCIS.BTHLOD.MY20A2 PRDCSS.BTHLOD.MY20A2,MY SLA; D2606JUN.txt; MY_JCL_Evidence.txt,Review,Production,SLA listed - mapping review,
MY,SLA supplemental,,,JCPF6004,SLA only,,0.37,0.38,32,0.37,0.4,31,,08.30 AM,Critical,Falcon,FTP Falcon 6 Interface file with Sephamore to Staging Server (NMON20 - NON-MONETARY INFORMATION),SORT,&CNTLLIB(ICP01292) &ENV.CIS.BTHVSM.&VER.CPBSYS &ENV.CRD.BTHSEQ.&VER.ICP01292 PRDCIS.BTHLOD.MY20A2 PRDCSS.BTHLOD.MY20A2,MY SLA; D2606JUN.txt; MY_JCL_Evidence.txt,Review,Production,SLA listed - mapping review,
MY,SLA supplemental,,,JCPF6005,SLA only,,1.65,2.07,32,1.64,2.02,31,,08.30 AM,Critical,Falcon,FTP Falcon 6 Interface file with Sephamore to Staging Server (CRTRAN25 - CREDIT TRANSACTIONS),IDCAMS SORT,&CNTLLIB(ICP01293) &ENV.CIS.BTHVSM.&VER.CPBSYS &ENV.CRD.BTHSEQ.&VER.ICP01293 PRDCIS.BTHLOD.MY20A2 PRDCRD.BTHCTL.MY20A2(REPROR) PRDCSS.BTHLOD.MY20A2 PRDIMX.BTHSEQ.MY20A2.MYC.CPADD.X021 PRDIMX.BTHVSM.MY20A2.CPADD.F605,MY SLA; D2606JUN.txt; MY_JCL_Evidence.txt,Review,Production,SLA listed - mapping review,
MY,SLA supplemental,,,JCPF6006,SLA only,,0.85,1.05,32,0.89,1.15,31,,08.30 AM,Critical,Falcon,FTP Falcon 6 Interface file with Sephamore to Staging Server (RBTRAN21 - PAYMENTS),SORT,&CNTLLIB(ICP01294) &ENV.CIS.BTHVSM.&VER.CPBSYS &ENV.CRD.BTHSEQ.&VER.ICP01294 PRDCIS.BTHLOD.MY20A2 PRDCSS.BTHLOD.MY20A2,MY SLA; D2606JUN.txt; MY_JCL_Evidence.txt,Review,Production,SLA listed - mapping review,
MY,SLA supplemental,,,JQMF6001,SLA only,,3.85,7.45,32,3.35,7.12,31,,08.30 AM,Critical,Falcon,FTP Falcon 6Interface files with Sephamore to Staging Server (BIS21 - MERCHANT DEMOGRAPHICS) (EXT10 - EOD TRANSACTIONS),SORT,&CNTLLIB(ICP01295) &CNTLLIB(ICP01296) &ENV.CIS.BTHVSM.&VER.CPBSYS &ENV.CRD.BTHSEQ.&VER.ICP01295 &ENV.CRD.BTHSEQ.&VER.ICP01296 PRDCAQ.BTHLOD.MY20A2 PRDCIS.BTHLOD.MY20A2 PRDCSS.BTHLOD.MY20A2,MY SLA; D2606JUN.txt; MY_JCL_Evidence.txt,Review,Production,SLA listed - mapping review,
MY,SLA supplemental,,,JQMF6002,SLA only,,1.33,1.93,32,1.12,1.25,31,,08.30 AM,Critical,Falcon,FTP Falcon 6 Interface file with Sephamore to Staging Server (DBTRAN25 - MERCHANT SETTLEMENTS),SORT,&CNTLLIB(ICP01297) &ENV.CIS.BTHVSM.&VER.CPBSYS &ENV.CRD.BTHSEQ.&VER.ICP01297 PRDCAQ.BTHLOD.MY20A2 PRDCIS.BTHLOD.MY20A2 PRDCSS.BTHLOD.MY20A2,MY SLA; D2606JUN.txt; MY_JCL_Evidence.txt,Review,Production,SLA listed - mapping review,
MY,SLA supplemental,,,JCXF6001,SLA only,,0.91,1.08,32,0.93,1.08,31,,08.30 AM,Critical,Falcon,FTP Falcon 6Interface files with Sephamore to Staging Server (EXT10CB - CHARGEBACK) (EXT10RR - RETRIEVALS),CPD000 CXF6001 CXU016 IEFBR14 SORT,&CNTLLIB(CXF6001) &CNTLLIB(DYNALL32) &CNTLLIB(F6CTL00M) &CNTLLIB(ICP01298) &CNTLLIB(ICP01299) &ENV.CIS.BTHVSM.&VER.CPBSYS &ENV.CRD.BTHSEQ.&VER.ICP01298 &ENV.CRD.BTHSEQ.&VER.ICP01299 &ENV.IMX.BTHSEQ.&VER.CXF6001.F6EX10C &ENV.IMX.BTHSEQ.&VER.CXF6001.F6EX10R &ENV.IMX.BTHSEQ.&VER.CXTFO.POST &ENV.IMX.BTHVSM.&VER.CXSYS.RPT,MY SLA; D2606JUN.txt; MY_JCL_Evidence.txt,Review,Production,SLA listed - mapping review,
MY,SLA supplemental,,,JCPN0900,SLA only,,1.42,1.55,32,1.35,1.57,36,,09:15,Critical,Embossing,,CP612140 CP612420 ETALK IEFBR14 SORT,PRDCIS.BTHVSM.MY20A2.CPBSYS PRDCRD.BTHCTL.MY20A2(ICP00374) PRDCRD.BTHCTL.MY20A2(ICP00626) PRDCRD.BTHCTL.MY20A2(ICP00978) PRDCRD.BTHCTL.MY20A2(ICP00979) PRDCRD.BTHCTL.MY20A2(ICP00985) PRDCRD.BTHCTL.MY20A2(ICP00986) PRDCRD.BTHCTL.MY20A2(ICP00991) PRDCRD.BTHSEQ.MY20A2.EMV.C509311.CLR.MRG PRDCRD.BTHSEQ.MY20A2.EMV.C509311.CLR.T&INS PRDCRD.BTHSEQ.MY20A2.EMV.C509311.CLR.T&INS2 PRDCRD.BTHSEQ.MY20A2.EMV.C509311.J861R.T&INS PRDCRD.BTHSEQ.MY20A2.EMV.C509331.CLR.MRG PRDCRD.BTHSEQ.MY20A2.EMV.C509331.CLR.T&INS PRDCRD.BTHSEQ.MY20A2.EMV.C509331.CLR.T&INS2 PRDCRD.BTHSEQ.MY20A2.EMV.C509331.J861R.T&INS PRDCRD.BTHSEQ.MY20A2.EMV.FTP.MCARD.T&INS PRDCRD.BTHSEQ.MY20A2.EMV.FTP.PETRO.T&INS PRDCRD.BTHSEQ.MY20A2.EMV.FTP.VISA.T&INS PRDCRD.BTHSEQ.MY20A2.EMV.VMC.CONSIGN.MRG PRDCRD.BTHSEQ.MY20A2.EMV.VMC.CONSIGN.T&INS PRDCRD.BTHSEQ.MY20A2.EMV.VMC.CONSIGN.T&INS2 PRDCRD.BTHSEQ.MY20A2.EMV.VMC.CONSIGNO.MRG PRDCRD.BTHSEQ.MY20A2.EMV.VMC.CONSIGNO.T&INS PRDCRD.BTHSEQ.MY20A2.EMV.VMC.CONSIGNO.T&INS2 PRDCRD.BTHSEQ.MY20A2.FTP.CONSIGN.XCOMBI.T&INS PRDCRD.BTHSEQ.MY20A2.FTP.CONSIGN.XCOMBIO.T&INS PRDCRD.BTHSEQ.MY20A2.IJC.T&INS PRDCRD.BTHSEQ.MY20A2.IMC.T&INS PRDCRD.BTHSEQ.MY20A2.INS.EMVIC.CLR.INST.T&INS,MY SLA; D2606JUN.txt; MY_JCL_Evidence.txt,Review,Production,SLA listed - mapping review,
MY,SLA supplemental,,,JCFDLY21,SLA only,,0.4,0.47,32,0.4,0.47,31,,10:30,Critical,SMS,FTP ABC SMS file(Conv) and send to SMS staging server,,&CNTLLIB(ICP01464),MY SLA; D2606JUN.txt; MY_JCL_Evidence.txt,Review,Production,SLA listed - mapping review,
MY,SLA supplemental,,,JCFSMSTR,SLA only,,0.36,0.38,32,0.35,0.38,31,,10:30,Critical,SMS,FTP ABC SMS file(Pre-term) and send to SMS staging server,,&CNTLLIB(ICP01478),MY SLA; D2606JUN.txt; MY_JCL_Evidence.txt,Review,Production,SLA listed - mapping review,
MY,SLA supplemental,,,JCFSMSOP,SLA only,,0.36,0.38,32,0.35,0.38,31,,10:30,Critical,SMS,FTP ABC SMS file(OPT-in/out) and send to SMS staging server,,&CNTLLIB(ICP01479),MY SLA; D2606JUN.txt; MY_JCL_Evidence.txt,Review,Production,SLA listed - mapping review,
MY,SLA supplemental,,,JCF13331,SLA only,,0.33,0.33,32,0.33,0.33,31,,10:30,Critical,SMS,FTP Lazada Overlimit SMS file and send to SMS staging server,,PRDCRD.BTHCTL.MY20A2(ICP01417),MY SLA; D2606JUN.txt; MY_JCL_Evidence.txt,Review,Production,SLA listed - mapping review,
MY,SLA supplemental,,,JCP1498U,SLA only,,0.1,0.15,24,0.11,0.13,23,10.00 AM,10.30 AM,Critical,GIRO-Pymt,GIRO CREDIT CARD PAYMENT (WINDOW1),CP605760 CP610820 CP614870 CP618790 ICEGENER ICETOOL IDCAMS SORT,PRDCIS.BTHVSM.MY20A2.CPBCUS PRDCIS.BTHVSM.MY20A2.CPBPLT PRDCIS.BTHVSM.MY20A2.CPBSYS PRDCRD.BKPSEQ.MY20A2.VMUP PRDCRD.BTHCTL.MY20A2(DYNALL32) PRDCRD.BTHCTL.MY20A2(ICP00283) PRDCRD.BTHCTL.MY20A2(ICP00753) PRDCRD.BTHCTL.MY20A2(ICP00758) PRDCRD.BTHCTL.MY20A2(ICP00762) PRDCRD.BTHCTL.MY20A2(ICP01236) PRDCRD.BTHCTL.MY20A2(ICP01241) PRDCRD.BTHSEQ.MY20A2.GRO.CPTUI.W1 PRDCRD.BTHSEQ.MY20A2.IBGCC.W1 PRDCRD.BTHSEQ.MY20A2.RTN.IBGCCO.W1 PRDCRD.BTHSEQ.MY20A2.VMUP PRDCRD.BTHSEQ.MY20A2.VMUP.NBPS PRDCRD.BTHVSM.MY20A2.RDM.CUSPLT PRDCRD.ONLVSM.MY20A2.BRANCH PRDCRD.ONLVSM.MY20A2.VMUP PRDCRD.WRKSEQ.MY20A2.UI.SORTED PSUC.UID.MFT.MY,MY SLA; D2606JUN.txt; MY_JCL_Evidence.txt,Review,Production,SLA listed - mapping review,
MY,SLA supplemental,,,JCP1857U,SLA only,,0.31,0.38,24,0.36,0.38,23,10:00,10:30,Critical,SIBS,Send IBGDD response file for Wave-1.,CP605760 SORT,&CNTLLIB(ICP01112) &CNTLLIB(ICP01501) &ENV.CIS.BTHVSM.&VER.CPBSYS &ENV.CRD.ONLVSM.&VER.BRANCH &ENV.CRD.WRKSEQ.&VER.IBGDD.FTP2.&WAVE. &ENV.CRD.WRKSEQ.&VER.IBGDD.GPP.FTP2.&WAVE. PSUC.UID.MFT.MY,MY SLA; D2606JUN.txt; MY_JCL_Evidence.txt,Review,Production,SLA listed - mapping review,
MY,SLA supplemental,,,JCP2020U,SLA only,,0.64,0.67,32,0.6,0.67,31,-,10.30 AM,Critical,SMS,TO GENERATE SMS NOTIFICATION ON EKYC REMINDER FOR LAZADA ACCOUNTS,CP619300 SORT,&CNTLLIB(ICP01208) &CNTLLIB(ICP01211) &CNTLLIB(ICP01212) &ENV.CIS.BTHVSM.&VER.CPBSYS &ENV.CRD.BTHSEQ.&VER.SMS.LAZRMDR &ENV.CRD.BTHVSM.&VER.RDM.CUSPLT &ENV.CRD.WRKSEQ.&VER.SMS.LAZPLT &PARMSUP(ICP01192) PRDCAQ.BTHLOD.MY20A2 PRDCIS.BTHLOD.MY20A2 PRDCRD.BTHLOD.MY20A2 PRDCSS.BTHLOD.MY20A2,MY SLA; D2606JUN.txt; MY_JCL_Evidence.txt,Review,Production,SLA listed - mapping review,
MY,SLA supplemental,,,JCF22701,SLA only,,0.52,0.78,32,0.49,0.65,31,,10:30,Critical,SMS,Generate ABC SMS file(Eligibility) and send to SMS staging server,,&CNTLLIB(ICP01463),MY SLA; D2606JUN.txt; MY_JCL_Evidence.txt,Review,Production,SLA listed - mapping review,
MY,SLA supplemental,,,JCF23302,SLA only,,0.36,0.37,32,0.36,0.37,31,-,11:00,Critical,Sterling Comm QRMS,Transfer Extracted QR Terminal Records files,SORT,&CNTLLIB(ICP01481) &ENV.CRD.WRKSEQ.&VER.ICP01481,MY SLA; D2606JUN.txt; MY_JCL_Evidence.txt,Review,Production,SLA listed - mapping review,
MY,SLA supplemental,,,JCP1705U,SLA only,,13.4,15.7,32,10.75,13,31,08.00AM,12.00PM,Critical,EIS,Extract EIS customer Info,CP614020 CP617720 ICETOOL SORT,&CNTLLIB(ICPK3000) &ENV.CIS.BTHSEQ.&VER.EIS113 &ENV.CIS.BTHSEQ.&VER.EISERR &ENV.CIS.BTHSEQ.&VER.EISERR.NEW.ORG005 &ENV.CIS.BTHSEQ.&VER.EISWKLY.FINAL &ENV.CIS.BTHSEQ.&VER.EISWKLY.FINAL.ORG5 &ENV.CIS.BTHVSM.&VER.CPBSYS &ENV.CIS.WRKSEQ.&VER.EIS.IDXSORT &ENV.CIS.WRKSEQ.&VER.EIS.IDXSORT.ORG5 &ENV.CIS.WRKSEQ.&VER.EIS113.SORTED &ENV.CIS.WRKSEQ.&VER.EIS113.SORTED.ORG005 &ENV.CIS.WRKSEQ.&VER.EISWKLY.NEW &ENV.CIS.WRKSEQ.&VER.EISWKLY.NEW.ORG5 &ENV.CRD.BTHSEQ.&VER.EISPUT.CUST &ENV.CRD.BTHSEQ.&VER.EISWCTL &ENV.CRD.BTHSEQ.&VER.EISWCTL.ORG005 &ENV.CRD.BTHSEQ.&VER.EISWKLY &ENV.CRD.BTHSEQ.&VER.EISWKLY.ORG005 PRDCIS.BTHSEQ.MY20A2.EISERR PRDCIS.BTHSEQ.MY20A2.EISERR.NEW.ORG005 PRDCIS.BTHSEQ.MY20A2.EISWKLY.FINAL PRDCIS.BTHSEQ.MY20A2.EISWKLY.FINAL.ORG5 PRDCIS.WRKSEQ.MY20A2.EIS.IDXSORT PRDCIS.WRKSEQ.MY20A2.EIS.IDXSORT.ORG5 PRDCIS.WRKSEQ.MY20A2.EIS113.SORTED PRDCIS.WRKSEQ.MY20A2.EIS113.SORTED.ORG005 PRDCIS.WRKSEQ.MY20A2.EISWKLY.NEW PRDCIS.WRKSEQ.MY20A2.EISWKLY.NEW.ORG5 PRDCRD.BTHSEQ.MY20A2.EISWCTL PRDCRD.BTHSEQ.MY20A2.EISWCTL.ORG005,MY SLA; D2606JUN.txt; MY_JCL_Evidence.txt,Review,Production,SLA listed - mapping review,
MY,SLA supplemental,,,JCP1706U,SLA only,,4.84,7.7,32,4.53,7.33,31,08.30AM,11.00AM,Critical,EIS,Extract EIS monetary transaction,ADRDSSU CP608320 CP617720 IDCAMS SORT,&ENV.CRD.BTHSEQ.&VER.EISPUT.TRAN PRDCIS.BTHVSM.MY20A2.CPBSYS PRDCIS.ONLVSM.MY20A2.CPAHF PRDCIS.ONLVSM.MY20A2.CPOLS PRDCRD.BTHSEQ.MY20A2.EISTCTL PRDCRD.BTHSEQ.MY20A2.EISTCTL.ORG005 PRDCRD.BTHSEQ.MY20A2.EISTRXN PRDCRD.BTHSEQ.MY20A2.EISTRXN.ORG005 PRDCRD.WRKSEQ.MY20A2.EIS.CPCMTF,MY SLA; D2606JUN.txt; MY_JCL_Evidence.txt,Review,Production,SLA listed - mapping review,
MY,SLA supplemental,,,JCF2483U,SLA only,,0.35,0.37,32,0.35,0.37,31,08.30AM,11.00AM,Critical,EIS,Extract EIS Corporate Contact File,SORT,&ENV.COM.BTHSEQ.&VER.CLKCONT.PUT PRDCIS.BTHLOD.MY20A2 PRDCRD.BTHLOD.MY20A2,MY SLA; D2606JUN.txt; MY_JCL_Evidence.txt,Review,Production,SLA listed - mapping review,
MY,SLA supplemental,,,JCP1416U,SLA only,,,,0,,,,-,12:00,Critical,CCMS,E-Statement,CP616010 CP616020 ICETOOL SORT,PRDCIS.BTHSEQ.MY20A2.ESTMT.RAWFILE.C11 PRDCIS.BTHSEQ.MY20A2.ESTMT.RAWFILE.C12 PRDCIS.BTHSEQ.MY20A2.ESTMT.RAWFILE.C13 PRDCIS.BTHSEQ.MY20A2.ESTMT.RAWFILE.CTL1 PRDCIS.BTHSEQ.MY20A2.ESTMT.RAWFILE.REJECT.C PRDCIS.BTHSEQ.MY20A2.STMT.RAWFILE.ACCEPT PRDCIS.BTHVSM.MY20A2.CPBCRD PRDCIS.BTHVSM.MY20A2.CPBCUS PRDCIS.BTHVSM.MY20A2.CPBSYS PRDCRD.BTHCTL.MY20A2(ICP00727) PRDCRD.BTHCTL.MY20A2(ICP00728) PRDCRD.BTHCTL.MY20A2(ICP00733) PRDCRD.BTHCTL.MY20A2(ICP00734) PRDCRD.BTHCTL.MY20A2(ICP00738) PRDCRD.BTHCTL.MY20A2(ICPK1000),MY SLA; D2606JUN.txt; MY_JCL_Evidence.txt,Review,Production,SLA listed - mapping review,
MY,SLA supplemental,,,JCP1417U,SLA only,,,,0,,,,-,12:00,Critical,CCMS,E-Statement,CP616010 CP616020 ICETOOL SORT,PRDCIS.BTHSEQ.MY20A2.ESTMT.RAWFILE.C21 PRDCIS.BTHSEQ.MY20A2.ESTMT.RAWFILE.C22 PRDCIS.BTHSEQ.MY20A2.ESTMT.RAWFILE.C23 PRDCIS.BTHSEQ.MY20A2.ESTMT.RAWFILE.CTL2 PRDCIS.BTHSEQ.MY20A2.ESTMT.RAWFILE.REJECT.I PRDCIS.BTHSEQ.MY20A2.STMT.RAWFILE.ACCEPT PRDCIS.BTHVSM.MY20A2.CPBCRD PRDCIS.BTHVSM.MY20A2.CPBCUS PRDCIS.BTHVSM.MY20A2.CPBSYS PRDCRD.BTHCTL.MY20A2(ICP00729) PRDCRD.BTHCTL.MY20A2(ICP00730) PRDCRD.BTHCTL.MY20A2(ICP00733) PRDCRD.BTHCTL.MY20A2(ICP00735) PRDCRD.BTHCTL.MY20A2(ICP00739) PRDCRD.BTHCTL.MY20A2(ICPK1000),MY SLA; D2606JUN.txt; MY_JCL_Evidence.txt,Review,Production,SLA listed - mapping review,
MY,SLA supplemental,,,JCP1418U,SLA only,,,,0,,,,-,12:00,Critical,CCMS,E-Statement,CP616010 CP616020 ICETOOL SORT,PRDCIS.BTHSEQ.MY20A2.ESTMT.RAWFILE.C31 PRDCIS.BTHSEQ.MY20A2.ESTMT.RAWFILE.C32 PRDCIS.BTHSEQ.MY20A2.ESTMT.RAWFILE.C33 PRDCIS.BTHSEQ.MY20A2.ESTMT.RAWFILE.CTL3 PRDCIS.BTHSEQ.MY20A2.ESTMT.RAWFILE.REJECT.S PRDCIS.BTHSEQ.MY20A2.STMT.RAWFILE.ACCEPT PRDCIS.BTHVSM.MY20A2.CPBCRD PRDCIS.BTHVSM.MY20A2.CPBCUS PRDCIS.BTHVSM.MY20A2.CPBSYS PRDCRD.BTHCTL.MY20A2(ICP00731) PRDCRD.BTHCTL.MY20A2(ICP00732) PRDCRD.BTHCTL.MY20A2(ICP00733) PRDCRD.BTHCTL.MY20A2(ICP00736) PRDCRD.BTHCTL.MY20A2(ICP00740) PRDCRD.BTHCTL.MY20A2(ICPK1000),MY SLA; D2606JUN.txt; MY_JCL_Evidence.txt,Review,Production,SLA listed - mapping review,
MY,SLA supplemental,,,JCP1419U,SLA only,,0.37,0.4,3,0.37,0.4,3,-,12:00,Critical,CCMS,E-Statement,CP616030 SORT,PRDCIS.BTHLOD.MY20A2 PRDCIS.BTHSEQ.MY20A2.ESTMT.RAWFILE.C40 PRDCIS.BTHSEQ.MY20A2.ESTMT.RAWFILE.CTL4 PRDCIS.BTHSEQ.MY20A2.STMT.RAWFILE6.SORTED PRDCIS.BTHVSM.MY20A2.CPBPLT PRDCIS.BTHVSM.MY20A2.CPBSYS PRDCRD.BTHCTL.MY20A2(ICP00737) PRDCRD.BTHCTL.MY20A2(ICP00741) PRDCRD.BTHLOD.MY20A2 PRDCSS.BTHLOD.MY20A2,MY SLA; D2606JUN.txt; MY_JCL_Evidence.txt,Review,Production,SLA listed - mapping review,
MY,SLA supplemental,,,JCP1256U,SLA only,,0.45,0.72,32,0.46,0.67,31,,13:00,Critical,CLK,SMS file for Bulk Upgrade and Credit Limit Update,CP617270 IDCAMS SORT,&CNTLLIB(DYNALL32) &CNTLLIB(ICP00873) &CNTLLIB(ICPK0050) &CNTLLIB(ICPK2000) &ENV.CIS.BTHVSM.&VER.CPBCUS &ENV.CIS.BTHVSM.&VER.CPBPLT &ENV.CIS.BTHVSM.&VER.CPBSYS &ENV.CIS.BTHVSM.&VER.CPCCPF.ALL &ENV.CRD.BTHSEQ.&VER.BUCLTOCP.SUCEXTR &ENV.CRD.BTHSEQ.&VER.CRLMT.CP614190 &ENV.CRD.BTHSEQ.&VER.SMS.BULKUPG &ENV.CRD.WRKSEQ.&VER.BUCLTOCP.J1256 &ENV.CRD.WRKVSM.&VER.CPCCPF.J1256 &PARMSUP(ICP00870),MY SLA; D2606JUN.txt; MY_JCL_Evidence.txt,Review,Production,SLA listed - mapping review,
MY,SLA supplemental,,,JCP1499U,SLA only,,0.11,0.15,24,0.12,0.15,23,13:00,13:30,Critical,GIRO-Pymt,GIRO CREDIT CARD PAYMENT (WINDOW2),CP605760 CP610820 CP614870 CP618790 ICEGENER ICETOOL IDCAMS SORT,PRDCIS.BTHVSM.MY20A2.CPBCUS PRDCIS.BTHVSM.MY20A2.CPBPLT PRDCIS.BTHVSM.MY20A2.CPBSYS PRDCRD.BKPSEQ.MY20A2.VMUP PRDCRD.BTHCTL.MY20A2(DYNALL32) PRDCRD.BTHCTL.MY20A2(ICP00283) PRDCRD.BTHCTL.MY20A2(ICP00754) PRDCRD.BTHCTL.MY20A2(ICP00759) PRDCRD.BTHCTL.MY20A2(ICP00763) PRDCRD.BTHCTL.MY20A2(ICP01237) PRDCRD.BTHCTL.MY20A2(ICP01242) PRDCRD.BTHSEQ.MY20A2.GRO.CPTUI.W2 PRDCRD.BTHSEQ.MY20A2.IBGCC.W2 PRDCRD.BTHSEQ.MY20A2.RTN.IBGCCO.W2 PRDCRD.BTHSEQ.MY20A2.VMUP PRDCRD.BTHSEQ.MY20A2.VMUP.NBPS PRDCRD.BTHVSM.MY20A2.RDM.CUSPLT PRDCRD.ONLVSM.MY20A2.BRANCH PRDCRD.ONLVSM.MY20A2.VMUP PRDCRD.WRKSEQ.MY20A2.UI.SORTED PSUC.UID.MFT.MY,MY SLA; D2606JUN.txt; MY_JCL_Evidence.txt,Review,Production,SLA listed - mapping review,
MY,SLA supplemental,,,JCP1866U,SLA only,,0.31,0.38,23,0.36,0.38,23,13:00,,Critical,SIBS,Send IBGDD response file for Wave-2.,CP605760 SORT,&CNTLLIB(ICP01114) &CNTLLIB(ICP01502) &ENV.CIS.BTHVSM.&VER.CPBSYS &ENV.CRD.ONLVSM.&VER.BRANCH &ENV.CRD.WRKSEQ.&VER.IBGDD.FTP2.&WAVE. &ENV.CRD.WRKSEQ.&VER.IBGDD.GPP.FTP2.&WAVE. PSUC.UID.MFT.MY,MY SLA; D2606JUN.txt; MY_JCL_Evidence.txt,Review,Production,SLA listed - mapping review,
MY,SLA supplemental,,,JCP1527U,SLA only,,0.66,0.73,32,0.63,0.65,31,,15:00,Critical,SMS,SMS Card Activation,CP616950 SORT,&ENV.CIS.BTHVSM.MY20A2.CPBSYS PRDCRD.BTHCTL.MY20A2(ICP00841) PRDCRD.BTHCTL.MY20A2(ICPK0250) PRDCRD.BTHLOD.MY20A2 PRDCRD.BTHPRM.MY20A2.SUP(ICP00815) PRDCRD.BTHPRM.MY20A2.SUP(ICP00816) PRDCRD.BTHSEQ.MY20A2.SMS PRDCRD.BTHVSM.MY20A2.RDM.CUSPLT PRDCRD.WRKSEQ.MY20A2.SORTED.SMS.CUSPLT,MY SLA; D2606JUN.txt; MY_JCL_Evidence.txt,Review,Production,SLA listed - mapping review,
MY,SLA supplemental,,,JCP1325U,SLA only,,,,0,,,,,15:00,Critical,MiRevenue,To process request file from MiRevenue & pass to AS400 to check unmatched trans.,CP615310 CP615320 CP616530 ICEGENER IDCAMS SORT,PRDCIS.BTHLOD.MY20A2 PRDCIS.BTHVSM.MY20A2.CPBCRD PRDCIS.BTHVSM.MY20A2.CPBSYS PRDCIS.ONLVSM.MY20A2.CPCAPCX PRDCIS.ONLVSM.MY20A2.CPICCCX PRDCRD.BTHCTL.MY20A2(ICP00749) PRDCRD.BTHLOD.MY20A2 PRDCRD.BTHSEQ.MY20A2.ICP00380 PRDCRD.BTHSEQ.MY20A2.ICP00381 PRDCRD.BTHSEQ.MY20A2.MIRV.REQDLY PRDCRD.BTHSEQ.MY20A2.MIRV.REQDLY.AS400 PRDCRD.BTHSEQ.MY20A2.MIRV.RESFND PSUC.ONLLIB.LOADLIB PSUC.UID.MFT.MY,MY SLA; D2606JUN.txt; MY_JCL_Evidence.txt,Review,Production,SLA listed - mapping review,
MY,SLA supplemental,,,JCP2098U,SLA only,,,,0,,,,,15:00,Critical,MiRevenue,To process request file from MiRevenue & pass to RCS to check.,CP615310 CP615320 CP616530 ICEGENER SORT,&CNTLLIB(ICP01355) &CNTLLIB(ICP01356) &CNTLLIB(ICP01357) &CNTLLIB(ICP01358) &ENV.CIS.BTHVSM.&VER.CPBCRD &ENV.CIS.BTHVSM.&VER.CPBSYS &ENV.CIS.ONLVSM.&VER.CPCAPCX &ENV.CIS.ONLVSM.&VER.CPICCCX &ENV.CRD.BTHSEQ.&VER.MIRV.FTPGET &ENV.CRD.BTHSEQ.&VER.MIRV.FTPPUT &ENV.CRD.BTHSEQ.&VER.MIRV.REQDLY &ENV.CRD.BTHSEQ.&VER.MIRV.REQDLY.RCS &ENV.CRD.BTHSEQ.&VER.MIRV.RESFND &ENV.CRD.WRKSEQ.&VER.MIRV.RESFND PRDCIS.BTHLOD.MY20A2 PRDCRD.BTHLOD.MY20A2 PRDCSS.BTHLOD.MY20A2 PSUC.ONLLIB.LOADLIB PSUC.UID.MFT.MY,MY SLA; D2606JUN.txt; MY_JCL_Evidence.txt,Review,Production,SLA listed - mapping review,
MY,SLA supplemental,,,JCPN1600,SLA only,,1.5,1.58,32,1.51,1.65,31,,16:15,Critical,Embossing,,CP612140 CP612420 ETALK IEFBR14 SORT,PRDCIS.BTHVSM.MY20A2.CPBSYS PRDCRD.BTHCTL.MY20A2(ICP00626) PRDCRD.BTHCTL.MY20A2(ICP00980) PRDCRD.BTHCTL.MY20A2(ICP00981) PRDCRD.BTHCTL.MY20A2(ICP00987) PRDCRD.BTHCTL.MY20A2(ICP00988) PRDCRD.BTHSEQ.MY20A2.EMV.C509311.CLR.T&INS PRDCRD.BTHSEQ.MY20A2.EMV.C509311.J861R.T&INS PRDCRD.BTHSEQ.MY20A2.EMV.C509331.CLR.T&INS PRDCRD.BTHSEQ.MY20A2.EMV.C509331.J861R.T&INS PRDCRD.BTHSEQ.MY20A2.EMV.FTP.MCARD.T&INS PRDCRD.BTHSEQ.MY20A2.EMV.FTP.PETRO.T&INS PRDCRD.BTHSEQ.MY20A2.EMV.FTP.VISA.T&INS PRDCRD.BTHSEQ.MY20A2.EMV.VMC.CONSIGN.T&INS PRDCRD.BTHSEQ.MY20A2.EMV.VMC.CONSIGNO.T&INS PRDCRD.BTHSEQ.MY20A2.FTP.CONSIGN.XCOMBI.T&INS PRDCRD.BTHSEQ.MY20A2.FTP.CONSIGN.XCOMBIO.T&INS PRDCRD.BTHSEQ.MY20A2.IJC.T&INS PRDCRD.BTHSEQ.MY20A2.IMC.T&INS PRDCRD.BTHSEQ.MY20A2.INS.EMVIC.CLR.INST.T&INS PRDCRD.BTHSEQ.MY20A2.INS.EMVJC.CLR.INST.T&INS PRDCRD.BTHSEQ.MY20A2.INS.EMVMC.CLR.INST.T&INS PRDCRD.BTHSEQ.MY20A2.INS.EMVVS.CLR.INST.T&INS PRDCRD.BTHSEQ.MY20A2.INS.EVVIC.CLR.INST.T&INS PRDCRD.BTHSEQ.MY20A2.IVS.T&INS PRDCRD.ONLVSM.MY20A2.CCTRLF PSUC.PAYMATE.ETALK.MASTER PSUC.UID.EFTP.MY.GEMALTO,MY SLA; D2606JUN.txt; MY_JCL_Evidence.txt,Review,Production,SLA listed - mapping review,
MY,SLA supplemental,,,JCF22001,SLA only,,0.35,0.35,32,0.35,0.35,31,15:00,16:00,Critical,ESB,Extract PRPP Recon Cycle 1 file to ESB,,,,,,,
SORT,&CNTLLIB(ICP01423) &ENV.CRD.WRKSEQ.&VER.ICP01423,MY SLA; D2606JUN.txt; MY_JCL_Evidence.txt,Review,Production,SLA listed - mapping review,,,,,,,,,,,,,,,,,,,
MY,SLA supplemental,,,JCP1400U,SLA only,,,,0,,,,,16:30,Critical,Ge-PAP,Send Credit Card stmt files to CCMS. CCMS get only 1630 hrs,,PRDCRD.BTHLOD.MY20A2 PSUC.ONLLIB.LOADLIB PSUC.UID.EFTP.MY.GEPAP,MY SLA; D2606JUN.txt; MY_JCL_Evidence.txt,Review,Production,SLA listed - mapping review,
MY,SLA supplemental,,,JCP1500U,SLA only,,0.1,0.15,24,0.1,0.12,23,16:10,16:40,Critical,GIRO-Pymt,GIRO CREDIT CARD PAYMENT (WINDOW3),CP605760 CP610820 CP614870 CP618790 ICEGENER ICETOOL IDCAMS SORT,PRDCIS.BTHVSM.MY20A2.CPBCUS PRDCIS.BTHVSM.MY20A2.CPBPLT PRDCIS.BTHVSM.MY20A2.CPBSYS PRDCRD.BKPSEQ.MY20A2.VMUP PRDCRD.BTHCTL.MY20A2(DYNALL32) PRDCRD.BTHCTL.MY20A2(ICP00283) PRDCRD.BTHCTL.MY20A2(ICP00755) PRDCRD.BTHCTL.MY20A2(ICP00760) PRDCRD.BTHCTL.MY20A2(ICP00764) PRDCRD.BTHCTL.MY20A2(ICP01238) PRDCRD.BTHCTL.MY20A2(ICP01243) PRDCRD.BTHSEQ.MY20A2.GRO.CPTUI.W3 PRDCRD.BTHSEQ.MY20A2.IBGCC.W3 PRDCRD.BTHSEQ.MY20A2.RTN.IBGCCO.W3 PRDCRD.BTHSEQ.MY20A2.VMUP PRDCRD.BTHSEQ.MY20A2.VMUP.NBPS PRDCRD.BTHVSM.MY20A2.RDM.CUSPLT PRDCRD.ONLVSM.MY20A2.BRANCH PRDCRD.ONLVSM.MY20A2.VMUP PRDCRD.WRKSEQ.MY20A2.UI.SORTED PSUC.UID.MFT.MY,MY SLA; D2606JUN.txt; MY_JCL_Evidence.txt,Review,Production,SLA listed - mapping review,
MY,SLA supplemental,,,JCP1871U,SLA only,,0.31,0.37,24,0.35,0.38,23,16:10,,Critical,SIBS,Send IBGDD response file for Wave-3.,CP605760 SORT,&CNTLLIB(ICP01116) &CNTLLIB(ICP01503) &ENV.CIS.BTHVSM.&VER.CPBSYS &ENV.CRD.ONLVSM.&VER.BRANCH &ENV.CRD.WRKSEQ.&VER.IBGDD.FTP2.&WAVE. &ENV.CRD.WRKSEQ.&VER.IBGDD.GPP.FTP2.&WAVE. PSUC.UID.MFT.MY,MY SLA; D2606JUN.txt; MY_JCL_Evidence.txt,Review,Production,SLA listed - mapping review,
MY,SLA supplemental,,,JCP1501U,SLA only,,0.09,0.13,24,0.11,0.13,23,19:20,19:50,Critical,GIRO-Pymt,GIRO CREDIT CARD PAYMENT (WINDOW4),CP605760 CP610820 CP614870 CP618790 ICEGENER ICETOOL IDCAMS SORT,PRDCIS.BTHVSM.MY20A2.CPBCUS PRDCIS.BTHVSM.MY20A2.CPBPLT PRDCIS.BTHVSM.MY20A2.CPBSYS PRDCRD.BKPSEQ.MY20A2.VMUP PRDCRD.BTHCTL.MY20A2(DYNALL32) PRDCRD.BTHCTL.MY20A2(ICP00283) PRDCRD.BTHCTL.MY20A2(ICP00756) PRDCRD.BTHCTL.MY20A2(ICP00761) PRDCRD.BTHCTL.MY20A2(ICP00765) PRDCRD.BTHCTL.MY20A2(ICP01239) PRDCRD.BTHCTL.MY20A2(ICP01244) PRDCRD.BTHSEQ.MY20A2.GRO.CPTUI.W4 PRDCRD.BTHSEQ.MY20A2.IBGCC.W4 PRDCRD.BTHSEQ.MY20A2.RTN.IBGCCO.W4 PRDCRD.BTHSEQ.MY20A2.VMUP PRDCRD.BTHSEQ.MY20A2.VMUP.NBPS PRDCRD.BTHVSM.MY20A2.RDM.CUSPLT PRDCRD.ONLVSM.MY20A2.BRANCH PRDCRD.ONLVSM.MY20A2.VMUP PRDCRD.WRKSEQ.MY20A2.UI.SORTED PSUC.UID.MFT.MY,MY SLA; D2606JUN.txt; MY_JCL_Evidence.txt,Review,Production,SLA listed - mapping review,
MY,SLA supplemental,,,JCP1876U,SLA only,,0.31,0.38,24,0.36,0.38,23,19:20,,Critical,SIBS,Send IBGDD response file for Wave-4.,CP605760 SORT,&CNTLLIB(ICP01118) &CNTLLIB(ICP01504) &ENV.CIS.BTHVSM.&VER.CPBSYS &ENV.CRD.ONLVSM.&VER.BRANCH &ENV.CRD.WRKSEQ.&VER.IBGDD.FTP2.&WAVE. &ENV.CRD.WRKSEQ.&VER.IBGDD.GPP.FTP2.&WAVE. PSUC.UID.MFT.MY,MY SLA; D2606JUN.txt; MY_JCL_Evidence.txt,Review,Production,SLA listed - mapping review,
MY,SLA supplemental,,,JCP1326U,SLA only,,,,0,,,,-,21:00,Critical,MiRevenue,To send response file to MiRevenue,CP615920 IDCAMS,PRDCIS.BTHVSM.MY20A2.CPBSYS PRDCRD.BTHCTL.MY20A2(ICP00750) PRDCRD.BTHLOD.MY20A2 PRDCRD.BTHSEQ.MY20A2.ICP00381 PRDCRD.BTHSEQ.MY20A2.MIRV.RESDLY.AS400 PRDCRD.BTHSEQ.MY20A2.MIRV.RESFND PRDCRD.BTHSEQ.MY20A2.MIRV.RESP PSUC.ONLLIB.LOADLIB PSUC.UID.MFT.MY,MY SLA; D2606JUN.txt; MY_JCL_Evidence.txt,Review,Production,SLA listed - mapping review,
MY,SLA supplemental,,,JCP2099U,SLA only,,,,0,,,,-,0.875,Critical,MiRevenue,To send response file to MiRevenue,CP615920 ICEGENER,&CNTLLIB(ICP01325) &ENV.CIS.BTHVSM.&VER.CPBSYS &ENV.CRD.BTHSEQ.&VER.MIRV.FTPPUT &ENV.CRD.BTHSEQ.&VER.MIRV.RESDLY.RCS &ENV.CRD.BTHSEQ.&VER.MIRV.RESFND &ENV.CRD.BTHSEQ.&VER.MIRV.RESP PRDCIS.BTHLOD.MY20A2 PRDCRD.BTHLOD.MY20A2 PRDCSS.BTHLOD.MY20A2 PSUC.ONLLIB.LOADLIB PSUC.UID.MFT.MY,MY SLA; D2606JUN.txt; MY_JCL_Evidence.txt,Review,Production,SLA listed - mapping review,
MY,SLA supplemental,,,JCP1543U,SLA only,,0.18,0.3,24,0.19,0.3,23,22:00,22:30,Critical,GIRO-Pymt,GIRO CREDIT CARD PAYMENT (WINDOW5),CP605760 CP610820 CP614870 CP618790 ICEGENER ICETOOL IDCAMS SORT,PRDCIS.BTHVSM.MY20A2.CPBCUS PRDCIS.BTHVSM.MY20A2.CPBPLT PRDCIS.BTHVSM.MY20A2.CPBSYS PRDCRD.BKPSEQ.MY20A2.VMUP PRDCRD.BTHCTL.MY20A2(DYNALL32) PRDCRD.BTHCTL.MY20A2(ICP00283) PRDCRD.BTHCTL.MY20A2(ICP00842) PRDCRD.BTHCTL.MY20A2(ICP00843) PRDCRD.BTHCTL.MY20A2(ICP00844) PRDCRD.BTHCTL.MY20A2(ICP01240) PRDCRD.BTHCTL.MY20A2(ICP01245) PRDCRD.BTHSEQ.MY20A2.GRO.CPTUI.W5 PRDCRD.BTHSEQ.MY20A2.IBGCC.W5 PRDCRD.BTHSEQ.MY20A2.RTN.IBGCCO.W5 PRDCRD.BTHSEQ.MY20A2.VMUP PRDCRD.BTHSEQ.MY20A2.VMUP.NBPS PRDCRD.BTHVSM.MY20A2.RDM.CUSPLT PRDCRD.ONLVSM.MY20A2.BRANCH PRDCRD.ONLVSM.MY20A2.VMUP PRDCRD.WRKSEQ.MY20A2.UI.SORTED PSUC.UID.MFT.MY,MY SLA; D2606JUN.txt; MY_JCL_Evidence.txt,Review,Production,SLA listed - mapping review,
MY,SLA supplemental,,,JCP1881U,SLA only,,0.31,0.38,24,0.36,0.38,23,22:00,,Critical,SIBS,Send IBGDD response file for Wave-5.,CP605760 SORT,&CNTLLIB(ICP01120) &CNTLLIB(ICP01505) &ENV.CIS.BTHVSM.&VER.CPBSYS &ENV.CRD.ONLVSM.&VER.BRANCH &ENV.CRD.WRKSEQ.&VER.IBGDD.FTP2.&WAVE. &ENV.CRD.WRKSEQ.&VER.IBGDD.GPP.FTP2.&WAVE. PSUC.UID.MFT.MY,MY SLA; D2606JUN.txt; MY_JCL_Evidence.txt,Review,Production,SLA listed - mapping review,
MY,SLA supplemental,,,JCP0850U,SLA only,,0.75,0.75,1,0.74,0.78,2,-,00:00,Critical,Bscore,Get BScore file from Risk Department,CP611460 CP611490 CP618110 ICEGENER IDCAMS IEFBR14 SORT,PRDCIS.BTHVSM.MY20A2.CPBCUS PRDCIS.BTHVSM.MY20A2.CPBSYS PRDCRD.BTHCTL.MY20A2(DYNALL32) PRDCRD.BTHCTL.MY20A2(ICP00326) PRDCRD.BTHCTL.MY20A2(ICP00333) PRDCRD.BTHLOD.MY20A2 PRDCRD.BTHSEQ.MY20A2.DMS.BSCORE.FORMAT PRDCRD.BTHSEQ.MY20A2.DMS.BSCORE.INPUT.CTL PRDCRD.BTHSEQ.MY20A2.DMS.BSCORE.INPUT.FTP PRDCRD.BTHSEQ.MY20A2.DMS.RHDEBTP.BSCORE PRDCRD.BTHVSM.MY20A2.DMS.BSCORE,MY SLA; D2606JUN.txt; MY_JCL_Evidence.txt,Review,Production,SLA listed - mapping review,
MY,SLA supplemental,,,JCP2151U,SLA only,,,,0,,,,-,23:30,Critical,AS400,Get BNM Justifcation log file from AS400,CP620240 ICEGENER IDCAMS,PRDCIS.BTHVSM.MY20A2.CPBSYS PRDCRD.BTHCTL.MY20A2(ICP01398) PRDCRD.BTHLOD.MY20A2 PRDCRD.BTHSEQ.MY20A2.AS400.BNMLOG,MY SLA; D2606JUN.txt; MY_JCL_Evidence.txt,Review,Production,SLA listed - mapping review,
MY,SLA supplemental,,,JCP2152U,SLA only,,0.36,0.37,32,0.36,0.37,31,-,22:45,Critical,1VIEW,Get BNM Justifcation log file from RCS,CP620240 ETALK ICEGENER IDCAMS SORT,PRDCIS.BTHLOD.MY20A2 PRDCIS.BTHVSM.MY20A2.CPBSYS PRDCRD.BTHCTL.MY20A2(ICP01372) PRDCRD.BTHCTL.MY20A2(ICP01373) PRDCRD.BTHLOD.MY20A2 PRDCRD.BTHSEQ.MY20A2.BNR1VIEW.BNMLOG PRDCRD.BTHSEQ.MY20A2.BNR1VIEW.BNMLOG.IN PSUC.ONLLIB.LOADLIB PSUC.PAYMATE.ETALK.MASTER,MY SLA; D2606JUN.txt; MY_JCL_Evidence.txt,Review,Production,SLA listed - mapping review,
MY,SLA supplemental,,,JCP2153U,SLA only,,0.37,0.42,32,0.37,0.38,31,-,23:30,Critical,RCS,Get BNM Justifcation log file from RCS,CP620240 ICEGENER IDCAMS,PRDCIS.BTHVSM.MY20A2.CPBSYS PRDCRD.BTHCTL.MY20A2(ICP01399) PRDCRD.BTHLOD.MY20A2 PRDCRD.BTHSEQ.MY20A2.RCS.BNMLOG,MY SLA; D2606JUN.txt; MY_JCL_Evidence.txt,Review,Production,SLA listed - mapping review,
MY,SLA supplemental,,,JFA0818U,SLA only,,,,0,,,,,10.00 AM,Critical,SAS,FTP Falcon files to SAS,,,MY SLA; D2606JUN.txt; MY_JCL_Evidence.txt,Review,Production,SLA listed - mapping review,
MY,SLA supplemental,,,JCP2142U,SLA only,,,,0,,,,,,Critical,AB initio,,AUU000 AUU001 CP620270 IDCAMS SORT,&ENV.CAU.BKPVSM.&VER.ISSLOGA.EOD.AFTER &ENV.CAU.BKPVSM.&VER.ISSLOGB.EOD.AFTER &ENV.CIS.BTHVSM.&VER.CPBCRD &ENV.CIS.BTHVSM.&VER.CPBCUS &ENV.CIS.BTHVSM.&VER.CPBPLT &ENV.CIS.BTHVSM.&VER.CPBSYS &ENV.CRD.BTHSEQ.&VER.RECON.RTCM PRDCAU.BTHLOD.MY20A2 PRDCAU.ONLVSM.MY20A2.AUSYS PRDCAU.ONLVSM.MY20A2.ISSPAR PRDCIS.BTHLOD.MY20A2 PRDCIS.BTHVSM.MY20A2.CPBSYS PRDCRD.BTHCTL.MY20A2(AUU001C) PRDCRD.BTHCTL.MY20A2(ICP01400) PRDCRD.BTHCTL.MY20A2(ICP01401) PRDCRD.BTHLOD.MY20A2 PRDCSS.BTHLOD.MY20A2 PSUC.ONLLIB.LOADLIB PSUC.UID.EFTP.MY.ABINITIO,MY SLA; D2606JUN.txt; MY_JCL_Evidence.txt,Review,Production,SLA listed - mapping review,
MY,SLA supplemental,,,JCP2068U,SLA only,,1.6,1.6,1,1.83,1.83,1,,,Critical,IFRS9,,CP619470 CP619490 CP619880 IDCAMS SORT,&ENV.CIS.BTHBGD.&VER.CPHST(0) &ENV.CRD.BTHSEQ.&VER.IFRS9.CPHST.CTL &ENV.CRD.BTHSEQ.&VER.IFRS9.CPHST.DAT &ENV.CRD.BTHSEQ.&VER.IFRS9.CPOLS.CTL &ENV.CRD.BTHSEQ.&VER.IFRS9.CPOLS.DAT &ENV.CRD.BTHSEQ.&VER.IFRS9.EPTRN.CTL &ENV.CRD.BTHSEQ.&VER.IFRS9.EPTRN.DAT &ENV.CRD.BTHSEQ.&VER.IFRS9.FTP1 &ENV.CRD.WRKSEQ.&VER.CPOLS.SORT PRDCIS.BTHVSM.MY20A2.CPBSYS PRDCIS.ONLVSM.MY20A2.CPOLS PRDCRD.BTHCTL.MY20A2(ICP01280) PRDCRD.BTHCTL.MY20A2(ICPK1000) PRDCRD.WRKSEQ.MY20A2.CPOLS.SORT PRDCRD.WRKSEQ.MY20A2.CPOLS.SORT.PARM PRDEPP.ONLVSM.MY20A2.EPTRANS,MY SLA; D2606JUN.txt; MY_JCL_Evidence.txt,Review,Production,SLA listed - mapping review,
MY,SLA supplemental,,,JCP2073U,SLA only,,67.32,70.33,2,68.92,68.92,1,04.00PM,,Critical,IFRS9,,CP619470 CP619480 CP619490 CP619500 CP619510 CP619520 CP619880 IDCAMS SORT,&ENV.CIS.BTHVSM.&VER.CPBCRD &ENV.CIS.BTHVSM.&VER.CPBKYC &ENV.CIS.BTHVSM.&VER.EISCC &ENV.CRD.BTHSEQ.&VER.IFRS9.CPCUS.MTH.CTL &ENV.CRD.BTHSEQ.&VER.IFRS9.CPCUS.MTH.DAT &ENV.CRD.BTHSEQ.&VER.IFRS9.CPHST.MTH.CTL &ENV.CRD.BTHSEQ.&VER.IFRS9.CPHST.MTH.DAT &ENV.CRD.BTHSEQ.&VER.IFRS9.CPOLS.MTH.CTL &ENV.CRD.BTHSEQ.&VER.IFRS9.CPOLS.MTH.DAT &ENV.CRD.BTHSEQ.&VER.IFRS9.CPPLT.MTH.CTL &ENV.CRD.BTHSEQ.&VER.IFRS9.CPPLT.MTH.DAT &ENV.CRD.BTHSEQ.&VER.IFRS9.CPPLT.TEMP &ENV.CRD.BTHSEQ.&VER.IFRS9.EPTRN.MTH.CTL &ENV.CRD.BTHSEQ.&VER.IFRS9.EPTRN.MTH.DAT &ENV.CRD.BTHSEQ.&VER.IFRS9.FTP2 &ENV.CRD.BTHSEQ.&VER.IFRS9.NPLMST.MTH.CTL &ENV.CRD.BTHSEQ.&VER.IFRS9.NPLMST.MTH.DAT &ENV.CRD.BTHVSM.&VER.CPBPRM PRDCIS.BTHBGD.MY20A2.CPHST(0) PRDCIS.BTHSEQ.MY20A2.AKPKMON PRDCIS.BTHVSM.MY20A2.AKPKV PRDCIS.BTHVSM.MY20A2.CPBASF PRDCIS.BTHVSM.MY20A2.CPBCRD PRDCIS.BTHVSM.MY20A2.CPBCRDS.BTHLARGE PRDCIS.BTHVSM.MY20A2.CPBCUS PRDCIS.BTHVSM.MY20A2.CPBKYC PRDCIS.BTHVSM.MY20A2.CPBPLT PRDCIS.BTHVSM.MY20A2.CPBSYS PRDCIS.BTHVSM.MY20A2.NPLMST PRDCIS.ONLVSM.MY20A2.CPOLS,MY SLA; D2606JUN.txt; MY_JCL_Evidence.txt,Review,Production,SLA listed - mapping review,
MY,SLA supplemental,,,JCP2167U,SLA only,,0.35,0.35,32,0.35,0.35,31,06.30PM,,Critical,RCS,RCS VIRTUAL CREDIT CARD AND MASS CARD REPLACEMENT,SORT,&CNTLLIB(ICP01393) &ENV.CIS.BTHSEQ.&VER.BULKVCC.BKVCCOF &ENV.CIS.BTHSEQ.&VER.INTFSEL &ENV.CIS.BTHSEQ.&VER.UVCMCR.MERGE,MY SLA; D2606JUN.txt; MY_JCL_Evidence.txt,Review,Production,SLA listed - mapping review,
MY,SLA supplemental,,,JCP1354U,SLA only,,1.07,1.23,32,1.06,1.3,31,07.00AM,,Critical,AS400,AS400 PPL VOUCHER,CP603580 CP612420 CP614520 CP614530 CP615790 ETALK ICETOOL IEFBR14 SORT,&CNTLLIB(DYNALL32) &CNTLLIB(ICP00682) &CNTLLIB(ICP00803) &CNTLLIB(ICP01602) &ENV.CIS.BTHVSM.&VER.CPBCRD &ENV.CIS.BTHVSM.&VER.CPBCUS &ENV.CIS.BTHVSM.&VER.CPBPLT &ENV.CIS.BTHVSM.&VER.CPBSYS &ENV.CIS.BTHVSM.&VER.EISCC &ENV.CIS.BTHVSM.&VER.EMV.CPEIC &ENV.CIS.ONLVSM.&VER.CPCAH &ENV.CRD.BKPSEQ.&VER.PPL.SERNO &ENV.CRD.BKPSEQ.&VER.PPL.VMCDBG.VISA &ENV.CRD.BTHSEQ.&VER.ANN.REPORT &ENV.CRD.BTHSEQ.&VER.ANNV &ENV.CRD.BTHSEQ.&VER.EMV.CUG.VISA &ENV.CRD.BTHSEQ.&VER.EMV.DBGEMB.VISA &ENV.CRD.BTHSEQ.&VER.EMV.VMCEMB.VISA &ENV.CRD.BTHSEQ.&VER.FTP.PPL.CONSIGN &ENV.CRD.BTHSEQ.&VER.FTP.PPL.CONSIGN.OS &ENV.CRD.BTHSEQ.&VER.PPL.CONSIGN &ENV.CRD.BTHSEQ.&VER.PPL.CONSIGN.OS &ENV.CRD.BTHSEQ.&VER.PPL.HDR.AS400 &ENV.CRD.BTHSEQ.&VER.PPL.SERNO &ENV.CRD.BTHSEQ.&VER.PPL.TRL.AS400 &ENV.CRD.BTHSEQ.&VER.PPL.VOUCHER &ENV.CRD.ONLVSM.&VER.CCTRLF &ENV.CRD.WRKSEQ.&VER.ANN.CONSIGN &ENV.CRD.WRKSEQ.&VER.ANN.CONSIGN.OS &ENV.CRD.WRKSEQ.&VER.ANN.VOUCHER,MY SLA; D2606JUN.txt; MY_JCL_Evidence.txt,Review,Production,SLA listed - mapping review,
MY,SLA supplemental,,,JCFKSIB1,SLA only,,0.39,0.45,32,0.38,0.43,31,08.00AM,,Critical,SIBS,Put auto-debit Request file,SORT,&CNTLLIB(ICP01544) &ENV.CIS.BTHSEQ.&VER.FTP.KHREQ &ENV.CIS.BTHVSM.&VER.CPBSYS,MY SLA; D2606JUN.txt; MY_JCL_Evidence.txt,Review,Production,SLA listed - mapping review,
MY,SLA supplemental,,,JCFKSIB2,SLA only,,0.02,0.02,32,0.02,0.02,31,05.00PM,,Critical,SIBS,Retrieve auto-debit Response file,ICEGENER IDCAMS SORT,&CNTLLIB(ICP01545) &ENV.CIS.BTHSEQ.&VER.FTP.KHRESP &ENV.CIS.BTHSEQ.&VER.SIBSGBP &ENV.CIS.BTHSEQ.&VER.SIBSGBPR &ENV.CIS.BTHVSM.&VER.CPBSYS &ENV.CIS.TMPSEQ.&VER.HEADER &ENV.CIS.TMPSEQ.&VER.HEADER.COMP,MY SLA; D2606JUN.txt; MY_JCL_Evidence.txt,Review,Production,SLA listed - mapping review,
MY,SLA supplemental,,,JCP2441U,SLA only,,0.46,0.5,32,0.46,0.52,31,-,23:00,Critical,Accord,Retrieve Accord RPP QR Matched Inward Acquiring Settlement file,ICEGENER ICETOOL SORT,&CNTLLIB(ICP01529) &CNTLLIB(ICP01530) &CNTLLIB(ICP01531) &CNTLLIB(ICP01564) &CNTLLIB(ICP01565) &CNTLLIB(ICP01566) &ENV.CAQ.BTHVSM.&VER.QMPSYS &ENV.CRD.BTHSEQ.&VER.ICP01529 &ENV.CRD.BTHSEQ.&VER.QRACQ.SETTL &ENV.CRD.WRKSEQ.&VER.ICP01529,MY SLA; D2606JUN.txt; MY_JCL_Evidence.txt,Review,Production,SLA listed - mapping review,
MY,SLA supplemental,,,JCP2431U,SLA only,,0.43,0.5,33,0.41,0.43,32,-,23:00,Critical,Accord,Retrieve Accord RPP QR Matched Inward Issuing Settlement file,ICEGENER ICETOOL SORT,&CNTLLIB(ICP01528) &CNTLLIB(ICP01530) &CNTLLIB(ICP01531) &CNTLLIB(ICP01564) &CNTLLIB(ICP01565) &CNTLLIB(ICP01566) &CNTLLIB(ICP01610) &ENV.CAQ.BTHVSM.&VER.QMPSYS &ENV.CRD.BTHSEQ.&VER.ICP01528 &ENV.CRD.BTHSEQ.&VER.QRISS.SETTL &ENV.CRD.WRKSEQ.&VER.ICP01528,MY SLA; D2606JUN.txt; MY_JCL_Evidence.txt,Review,Production,SLA listed - mapping review,
MY,SLA supplemental,,,JCP2451U,SLA only,,0.41,0.47,33,0.4,0.45,31,-,23:00,Critical,Accord,Retrieve Accord RPP QR Matched On-us Settlement file,ICEGENER SORT,&CNTLLIB(ICP01537) &ENV.CRD.BTHSEQ.&VER.ICP01537 &ENV.CRD.BTHSEQ.&VER.QRONUS.SETTL &ENV.CRD.WRKSEQ.&VER.ICP01537,MY SLA; D2606JUN.txt; MY_JCL_Evidence.txt,Review,Production,SLA listed - mapping review,
MY,SLA supplemental,,,JCF24101,SLA only,,0.34,0.35,32,0.34,0.35,31,-,15:40,Critical,Accord,Put RPP QR Outward Transaction Recon file - Cycle 1,SORT,&CNTLLIB(ICP01526) &ENV.CRD.WRKSEQ.&VER.ICP01526,MY SLA; D2606JUN.txt; MY_JCL_Evidence.txt,Review,Production,SLA listed - mapping review,
MY,SLA supplemental,,,JCF24201,SLA only,,0.34,0.35,32,0.33,0.35,31,-,07:20,Critical,Accord,Put RPP QR Outward Transaction Recon file - Cycle 2,SORT,&CNTLLIB(ICP01527) &ENV.CRD.WRKSEQ.&VER.ICP01527,MY SLA; D2606JUN.txt; MY_JCL_Evidence.txt,Review,Production,SLA listed - mapping review,
MY,SLA supplemental,,,JCF24001,SLA only,,0.34,0.35,32,0.34,0.35,31,-,08:30,Critical,Accord,Put RPP QR On-us Transaction Recon file,SORT,&CNTLLIB(ICP01525) &ENV.CRD.WRKSEQ.&VER.ICP01525,MY SLA; D2606JUN.txt; MY_JCL_Evidence.txt,Review,Production,SLA listed - mapping review,
MY,SLA supplemental,,,JCF12321,SLA only,,0.04,0.07,32,0.05,0.12,31,-,07:30,Critical,CCIF,Put DSCLM01 file (Delta),,PRDCRD.BTHCTL.MY20A2(ICP01576) PSUC.UID.MFT.MY,MY SLA; D2606JUN.txt; MY_JCL_Evidence.txt,Review,Production,SLA listed - mapping review,
MY,SLA supplemental,,,JCF12322,SLA only,,1.28,2.07,32,1.3,1.85,31,-,07:30,Critical,CCIF,Put DSCLM02 file (Full),,PRDCRD.BTHCTL.MY20A2(ICP01577) PSUC.UID.MFT.MY,MY SLA; D2606JUN.txt; MY_JCL_Evidence.txt,Review,Production,SLA listed - mapping review,
MY,SLA supplemental,,,JCF12323,SLA only,,1.9,2.12,4,2.17,3.23,4,-,07:30,Critical,CCIF,Put DSCLM06 file (Full),,PRDCRD.BTHCTL.MY20A2(ICP01578) PSUC.UID.MFT.MY,MY SLA; D2606JUN.txt; MY_JCL_Evidence.txt,Review,Production,SLA listed - mapping review,
MY,SLA supplemental,,,JCF12324,SLA only,,0.04,0.1,28,0.05,0.08,27,-,07:30,Critical,CCIF,Put DSCLM06 file (Delta),,PRDCRD.BTHCTL.MY20A2(ICP01578) PSUC.UID.MFT.MY,MY SLA; D2606JUN.txt; MY_JCL_Evidence.txt,Review,Production,SLA listed - mapping review,
MY,SLA supplemental,,,JCF12325,SLA only,,0.06,0.18,32,0.06,0.15,31,-,07:30,Critical,CCIF,Put DSCLM07 file (Delta),,PRDCRD.BTHCTL.MY20A2(ICP01579) PSUC.UID.MFT.MY,MY SLA; D2606JUN.txt; MY_JCL_Evidence.txt,Review,Production,SLA listed - mapping review,
MY,SLA supplemental,,,JCF26151,SLA only,,0.35,0.37,32,0.35,0.37,31,-,08:00,Critical,CAF,Put Terminal and Merchant files into CAF staging server,,PRDCRD.BTHCTL.MY20A2(ICP01589) PSUC.UID.CAF.MY,MY SLA; D2606JUN.txt; MY_JCL_Evidence.txt,Review,Production,SLA listed - mapping review,
MY,SLA supplemental,,,JCP2470U,SLA only,,0.73,0.8,32,0.72,0.78,31,12:00,12:30,Critical,MER-ALLTEL,MERCHANT CREDITING - ALLTEL (DIRECT CREDITING),ICETOOL IDCAMS SORT,&CNTLLIB(DYNALL32) &CNTLLIB(ICPK0500) PRDCAQ.BTHSEQ.MY20A2.CQD810.CQMPMTD PRDCAQ.BTHSEQ.MY20A2.CQD810.CQMPMTJ PRDCAQ.ONLVSM.MY20A2.CQMMAS PRDCRD.BTHSEQ.MY20A2.CBR.DIRC.PYMT PRDCRD.BTHSEQ.MY20A2.CLT.DIRC.PYMT PRDCRD.BTHSEQ.MY20A2.ITM.ALLADJ.FINAL PRDCRD.BTHSEQ.MY20A2.ITM.ALLADJ.SPACE PRDCRD.BTHSEQ.MY20A2.ITM.ALLTEL PRDCRD.BTHSEQ.MY20A2.ITM.ALLTEL.FINAL PRDCRD.BTHSEQ.MY20A2.ITM.ALLTEL.SPACE PRDCRD.BTHSEQ.MY20A2.J2470U.CQMPMTD.MERGE PRDCRD.BTHSEQ.MY20A2.J2470U.CQMPMTJ.MERGE PRDCRD.BTHSEQ.MY20A2.MCR.ALLADJ PRDCRD.BTHSEQ.MY20A2.MCR.ALLTEL PRDCRD.BTHSEQ.MY20A2.NONKEYM.CQMPMTD PRDCRD.BTHSEQ.MY20A2.NONKEYM.CQMPMTJ PRDCRD.BTHSEQ.MY20A2.UCL.DIRC.PYMT PRDCRD.WRKSEQ.MY20A2.DTL.MRGADJ PRDCRD.WRKSEQ.MY20A2.DTL.MRGTEL PRDCRD.WRKSEQ.MY20A2.HDR.ALLADJ PRDCRD.WRKSEQ.MY20A2.HDR.ALLTEL PRDCRD.WRKSEQ.MY20A2.NONKEYM.CQMPMTD PRDCRD.WRKSEQ.MY20A2.NONKEYM.CQMPMTJ PRDCRD.WRKSEQ.MY20A2.OUT.ALLADJ PRDCRD.WRKSEQ.MY20A2.OUT.ALLTEL PRDCRD.WRKSEQ.MY20A2.OUT.NEGBAL.CQMPMTD PRDCRD.WRKSEQ.MY20A2.OUT.NEGBAL.CQMPMTJ PRDCRD.WRKSEQ.MY20A2.OUT.NONITM.CQMPMTJ,MY SLA; D2606JUN.txt; MY_JCL_Evidence.txt,Review,Production,SLA listed - mapping review,
MY,SLA supplemental,,,JCF24701,SLA only,,0.02,0.03,32,0.02,0.02,31,12:00,12:30,Critical,MER-ALLTEL,MERCHANT CREDITING - ALLTEL (DIRECT CREDITING),SORT,&CNTLLIB(ICP01535) &ENV.CIS.BTHVSM.&VER.CPBSYS &ENV.CRD.BTHSEQ.&VER.ICP01535 PSUC.UID.MFT.MY,MY SLA; D2606JUN.txt; MY_JCL_Evidence.txt,Review,Production,SLA listed - mapping review,
MY,SLA supplemental,,,JCP1876U,SLA only,,0.31,0.38,24,0.36,0.38,23,23:00,23:30,Critical,AB initio,Retrieve FPP Conversion File,CP605760 SORT,&CNTLLIB(ICP01118) &CNTLLIB(ICP01504) &ENV.CIS.BTHVSM.&VER.CPBSYS &ENV.CRD.ONLVSM.&VER.BRANCH &ENV.CRD.WRKSEQ.&VER.IBGDD.FTP2.&WAVE. &ENV.CRD.WRKSEQ.&VER.IBGDD.GPP.FTP2.&WAVE. PSUC.UID.MFT.MY,MY SLA; D2606JUN.txt; MY_JCL_Evidence.txt,Review,Production,SLA listed - mapping review,
MY,SLA supplemental,,,JCF28031,SLA only,,0.37,0.38,32,0.37,0.37,31,-,07:00,Critical,BDW,BDW,,PRDCRD.BTHCTL.MY20A2(ICP01633),MY SLA; D2606JUN.txt; MY_JCL_Evidence.txt,Review,Production,SLA listed - mapping review,
MY,SLA supplemental,,,JCF28361,SLA only,,0.91,1.77,32,0.54,0.63,31,-,11.00AM,Critical,EIS,"Extract CLK EIS files - ISSLOG and MILOG file Notes: these files mainly used by Cardlink GT to do investigation, not used by other BU.",SORT,&ENV.CRD.BTHSEQ.&VER.CLKEIS.PUT.CF28361,MY SLA; D2606JUN.txt; MY_JCL_Evidence.txt,Review,Production,SLA listed - mapping review,
MY,SLA supplemental,,,JCF28362,SLA only,,1.78,2.53,32,1.54,2.18,31,-,11.00AM,Critical,EIS,"Extract CLK EIS files - CPADD file Notes: these files mainly used by Cardlink GT to do investigation, not used by other BU.",SORT,&ENV.CRD.BTHSEQ.&VER.CLKEIS.PUT.CF28362,MY SLA; D2606JUN.txt; MY_JCL_Evidence.txt,Review,Production,SLA listed - mapping review,
MY,SLA supplemental,,,JCF28363,SLA only,,2.07,2.52,32,2.21,2.9,31,-,11.00AM,Critical,EIS,"Extract CLK EIS files - CPKYC and QR related files Notes: these files mainly used by Cardlink GT to do investigation, not used by other BU.",SORT,&ENV.CRD.BTHSEQ.&VER.CLKEIS.PUT.CF28363,MY SLA; D2606JUN.txt; MY_JCL_Evidence.txt,Review,Production,SLA listed - mapping review,
MY,SLA supplemental,,,JCF28052,SLA only,,0.43,0.45,32,0.43,0.45,31,,08:10,Critical,BPM Comet,"Encrypt Generated Daily reports from ITD220,CXRM012,CXRV010 the FTP to BPM Comet via Paymate",ETALK,&CNTLLIB(ICP01635) &ENV.CRD.BTHSEQ.&VER.BPM.CXRM0111.MC.ENC &ENV.CRD.BTHSEQ.&VER.BPM.CXRM0111.OCM &ENV.CRD.BTHSEQ.&VER.BPM.CXRM0111.OCM.ENC &ENV.CRD.BTHSEQ.&VER.BPM.CXRM012 &ENV.CRD.BTHSEQ.&VER.BPM.CXRV0101.TVSI &ENV.CRD.BTHSEQ.&VER.BPM.CXRV0101.TVSI.ENC &ENV.CRD.BTHSEQ.&VER.BPM.CXRV0101.VSD &ENV.CRD.BTHSEQ.&VER.BPM.CXRV0101.VSD.ENC &ENV.CRD.BTHSEQ.&VER.BPM.CXRV0101.XVRT &ENV.CRD.BTHSEQ.&VER.BPM.CXRV0101.XVRT.ENC &ENV.CRD.BTHSEQ.&VER.BPM.ITD220.MC &ENV.CRD.BTHSEQ.&VER.BPM.ITD220.MC.ENC &ENV.CRD.BTHSEQ.&VER.BPM.ITD220.VI &ENV.CRD.BTHSEQ.&VER.BPM.ITD220.VI.ENC PSUC.PAYMATE.ETALK.MASTER PSUC.UID.COMET.MY,MY SLA; D2606JUN.txt; MY_JCL_Evidence.txt,Review,Production,SLA listed - mapping review,
MY,SLA supplemental,,,JCF28053,SLA only,,0.38,0.4,32,0.38,0.4,31,,08:10,Critical,BPM Comet,Encrypt Generated response/return files from Chargeback status update jobs then FTP to BPM Comet via Paymate,ETALK,&CNTLLIB(ICP01636) &ENV.CRD.BTHSEQ.&VER.CH.RP.ENC &ENV.CRD.BTHSEQ.&VER.DEP.RP.ENC &ENV.CRD.BTHSEQ.&VER.MER.RP.ENC &ENV.CRD.BTHSEQ.&VER.MID804.COMET.RETURN &ENV.CRD.BTHSEQ.&VER.MID806.COMET.RETURN &ENV.CRD.BTHSEQ.&VER.MID808.COMET.RETURN PSUC.PAYMATE.ETALK.MASTER PSUC.UID.COMET.MY,MY SLA; D2606JUN.txt; MY_JCL_Evidence.txt,Review,Production,SLA listed - mapping review,
MY,SLA supplemental,,,JCF28341,SLA only,,0.96,1.02,32,0.88,0.93,31,,11:00,Critical,NGB,To generate & FTP the following files to NGB : • BDW.DSCLM06.NGB (Card & account details) • BDW.DSCLT01.NGB (Transaction History),,,,,,,
CP622050 IDCAMS SORT,&CNTLLIB(ICP01657) &CNTLLIB(ICP01658) &CNTLLIB(ICPK2000) &ENV.CIS.BTHVSM.&VER.CPBCRD &ENV.CIS.BTHVSM.&VER.CPBCUS &ENV.CIS.BTHVSM.&VER.CPBKYC &ENV.CIS.BTHVSM.&VER.CPBSYS &ENV.COM.BTHVSM.&VER.D10V.KCMACC &ENV.COM.BTHVSM.&VER.D10V.KCXUPL &ENV.CRD.BTHSEQ.&VER.BDW.DSCLM06.NGB &ENV.CRD.BTHSEQ.&VER.BDW.DSCLT01.NGB PRDCIS.BTHVSM.MY20A2.CPBCRD PRDCIS.BTHVSM.MY20A2.CPBPLT PRDCIS.BTHVSM.MY20A2.CPBSYS PRDCOM.BTHVSM.MY20A2.D00V.KCMACC PRDCOM.ONLVSM.MY20A2.KCMBIZ PRDCOM.ONLVSM.MY20A2.KCMBZA PRDCRD.BTHCTL.MY20A2(ICP01658) PRDCRD.BTHSEQ.MY20A2.BDW.DSCLT01.DAT PRDCRD.BTHVSM.MY20A2.RDM.CUSPLT PRDCRD.WRKSEQ.MY20A2.BDW.DSCLM06.NGB PRDCRD.WRKSEQ.MY20A2.BDW.DSCLT01.NGB PSUC.UID.EFTP.MY.NGB,MY SLA; D2606JUN.txt; MY_JCL_Evidence.txt,Review,Production,SLA listed - mapping review,,,,,,,,,,,,,,,,,,,
MY,SLA supplemental,,,JCF28551,SLA only,,0.39,0.45,32,0.38,0.4,31,,23:00,Critical,SAS,To receive maintenance file from SAS,IEFBR14 SORT,&ENV.CIS.BTHVSM.&VER.CPBSYS &ENV.CRD.BTHSEQ.&VER.ABC.RESETOPT &ENV.CRD.BTHSEQ.&VER.ABC.RESETOPT.FTP,MY SLA; D2606JUN.txt; MY_JCL_Evidence.txt,Review,Production,SLA listed - mapping review,
SG,TSGCLKH9,CPU_001,S9START,,Dev only - not in Prod,1,,,0,,,0,,,Standard,,,,,H96_LIST.txt; D2512DEC.txt; D2606JUN.txt; SG SLA; SG_JCL_Evidence.txt; user confirmation 2026-07-19,User confirmed dev-only,Development,Not implemented in production; runs in development only.,
SG,TSGCLKH9,CPU_002,S9P1239U,SCP1239U,Matched,10,0.28,0.35,32,0.29,0.35,31,,,Standard,,,IDCAMS,PRDCAU.BKPVSM.SG20H2.AULOG1.EOD.BF PRDCAU.BKPVSM.SG20H2.AULOG2.EOD.BF PRDCAU.BKPVSM.SG20H2.AULOG3.EOD.BF PRDCAU.BKPVSM.SG20H2.AUSYS.EOD.BF PRDCAU.BKPVSM.SG20H2.AUSYS.ISSEODBF PRDCAU.BKPVSM.SG20H2.ISSLOGA.EOD.BF PRDCAU.BKPVSM.SG20H2.ISSLOGB.EOD.BF PRDCAU.BTHLOD.SG20H2 PRDCSS.BTHLOD.SG20H2,H96_LIST.txt; D2512DEC.txt; D2606JUN.txt; SG SLA; SG_JCL_Evidence.txt,Parsed,Production,Implemented,
SG,TSGCLKH9,CPU_003,S9ISM#1,SAISM#1,Ambiguous - review,10,0,0,32,0,0,31,,,Standard,,,,&CNTLLIB(MID500B) PRDCAU.BTHLOD.SG20H2 PRDCSS.BTHLOD.SG20H2 PRDMBI.BTHLOD.SG20H2,H96_LIST.txt; D2512DEC.txt; D2606JUN.txt; SG SLA; SG_JCL_Evidence.txt,Review,Production,Implemented,
SG,TSGCLKH9,CPU_004,S9XVERCL,SCXVERCL,Matched,10,0.07,0.1,32,0.07,0.1,31,,,Standard,,,IDCAMS,PRDCRD.BTHCTL.SG20H2(FCCXCL) PRDIMX.BTHVSM.SG20H2.CXICN PRDIMX.BTHVSM.SG20H2.CXIFS.MCI PRDIMX.BTHVSM.SG20H2.CXIFS.MDI PRDIMX.BTHVSM.SG20H2.CXIFS.SPI PRDIMX.BTHVSM.SG20H2.CXKPS PRDIMX.ONLVSM.SG20H2.CXASO PRDIMX.ONLVSM.SG20H2.CXAUT PRDIMX.ONLVSM.SG20H2.CXERR PRDIMX.ONLVSM.SG20H2.CXH01 PRDIMX.ONLVSM.SG20H2.CXH02 PRDIMX.ONLVSM.SG20H2.CXH03 PRDIMX.ONLVSM.SG20H2.CXH04 PRDIMX.ONLVSM.SG20H2.CXH05 PRDIMX.ONLVSM.SG20H2.CXHSK PRDIMX.ONLVSM.SG20H2.CXHSX PRDIMX.ONLVSM.SG20H2.CXHXA01 PRDIMX.ONLVSM.SG20H2.CXHXA02 PRDIMX.ONLVSM.SG20H2.CXHXA03 PRDIMX.ONLVSM.SG20H2.CXHXA04 PRDIMX.ONLVSM.SG20H2.CXHXP01 PRDIMX.ONLVSM.SG20H2.CXHXP02 PRDIMX.ONLVSM.SG20H2.CXHXP03 PRDIMX.ONLVSM.SG20H2.CXHXP04 PRDIMX.ONLVSM.SG20H2.CXIRO PRDIMX.ONLVSM.SG20H2.CXLCB PRDIMX.ONLVSM.SG20H2.CXMEM PRDIMX.ONLVSM.SG20H2.CXPRT PRDIMX.ONLVSM.SG20H2.CXPRT1 PRDIMX.ONLVSM.SG20H2.CXRTE,H96_LIST.txt; D2512DEC.txt; D2606JUN.txt; SG SLA; SG_JCL_Evidence.txt,Parsed,Production,Implemented,
SG,TSGCLKH9,CPU_005,S9XBCKUP,SCXBCKUP,Matched,1,0.05,0.08,32,0.06,0.08,31,,,Standard,,,IDCAMS SORT,PRDCRD.BTHCTL.SG20H2(CXRESET) PRDCRD.BTHCTL.SG20H2(CXSYSRDF) PRDCRD.BTHCTL.SG20H2(CXSYSRDL) PRDIMX.BKPBGD.SG20H2.CXABS(+1) PRDIMX.BKPBGD.SG20H2.CXAUD(+1) PRDIMX.BKPBGD.SG20H2.CXAUT(+1) PRDIMX.BKPBGD.SG20H2.CXCCR(+1) PRDIMX.BKPBGD.SG20H2.CXIFS.MCI(+1) PRDIMX.BKPBGD.SG20H2.CXIFS.MDI(+1) PRDIMX.BKPBGD.SG20H2.CXIFS.SPI(+1) PRDIMX.BKPBGD.SG20H2.CXIFS.VSI(+1) PRDIMX.BKPBGD.SG20H2.CXIRO.BKUP(+1) PRDIMX.BKPBGD.SG20H2.CXKPS(+1) PRDIMX.BKPBGD.SG20H2.CXMRO(+1) PRDIMX.BKPBGD.SG20H2.CXRTE(+1) PRDIMX.BKPBGD.SG20H2.CXTCO.BKUP(+1) PRDIMX.BKPBGD.SG20H2.CXTFE.BKUP(+1) PRDIMX.BTHBGD.SG20H2.CXMRO(0) PRDIMX.BTHVSM.SG20H2.CXABS PRDIMX.BTHVSM.SG20H2.CXCCR PRDIMX.BTHVSM.SG20H2.CXIFS.MCI PRDIMX.BTHVSM.SG20H2.CXIFS.MDI PRDIMX.BTHVSM.SG20H2.CXIFS.SPI PRDIMX.BTHVSM.SG20H2.CXIFS.VSI PRDIMX.BTHVSM.SG20H2.CXKPS PRDIMX.BTHVSM.SG20H2.CXSYS.RPT PRDIMX.ONLVSM.SG20H2.CXAUD PRDIMX.ONLVSM.SG20H2.CXAUT PRDIMX.ONLVSM.SG20H2.CXIRO PRDIMX.ONLVSM.SG20H2.CXRTE,H96_LIST.txt; D2512DEC.txt; D2606JUN.txt; SG SLA; SG_JCL_Evidence.txt,Parsed,Production,Implemented,
SG,TSGCLKH9,CPU_006,S9XCLMCI,SCXCLMCI,Matched,1,0.19,0.28,32,0.24,0.32,31,,,Standard,,,CXCM010 CXU016 ICEGENER IDCAMS IEBGENER IEFBR14 SORT,&CNTLLIB(CXADNCDF) &CNTLLIB(CXADNCDL) &CNTLLIB(CXCM010) &CNTLLIB(CXRESET) &CNTLLIB(DYNALL32) &CNTLLIB(REPROCX) &ENV.IMX.BKPBGD.&VER.CXIFS.MCI.T5G2(+1) &ENV.IMX.BTHSEQ.&VER.CXCCW.MCI &ENV.IMX.BTHSEQ.&VER.CXIPM &ENV.IMX.BTHSEQ.&VER.CXTFO.MCI &ENV.IMX.BTHSEQ.&VER.CXTFO.MCI.NQR &ENV.IMX.BTHSEQ.&VER.CXTFO.MCI.NRT &ENV.IMX.BTHSEQ.&VER.CXTFO.MCI.QR &ENV.IMX.BTHVSM.&VER.CXADN.MCI &ENV.IMX.BTHVSM.&VER.CXIFS.MCI &ENV.IMX.BTHVSM.&VER.CXKPS &ENV.IMX.BTHVSM.&VER.CXTFE.MCI &ENV.IMX.ONLVSM.&VER.CXASO &ENV.IMX.ONLVSM.&VER.CXH01 &ENV.IMX.ONLVSM.&VER.CXH02 &ENV.IMX.ONLVSM.&VER.CXH03 &ENV.IMX.ONLVSM.&VER.CXH04 &ENV.IMX.ONLVSM.&VER.CXH05 &ENV.IMX.ONLVSM.&VER.CXHSK &ENV.IMX.ONLVSM.&VER.CXHSX &ENV.IMX.ONLVSM.&VER.CXHSX1 &ENV.IMX.ONLVSM.&VER.CXHXA01 &ENV.IMX.ONLVSM.&VER.CXHXA02 &ENV.IMX.ONLVSM.&VER.CXHXA03 &ENV.IMX.ONLVSM.&VER.CXHXA04,H96_LIST.txt; D2512DEC.txt; D2606JUN.txt; SG SLA; SG_JCL_Evidence.txt,Parsed,Production,Implemented,
SG,TSGCLKH9,CPU_007,S9XCLVSI,SCXCLVSI,Matched,10,0.06,0.1,32,0.09,0.17,31,,,Standard,,,CXCV010 CXU016 ICEGENER IDCAMS IEFBR14,PRDBS3.BTHSEQ.SG20H2.VISA.CTFI PRDBS3.BTHSEQ.SG20H2.VISA.CTFIB PRDCIS.BTHVSM.SG20H2.CPBSYS PRDCIS.ONLVSM.SG20H2.CPPFX.PATH PRDCRD.BTHCTL.SG20H2(CXADNVDF) PRDCRD.BTHCTL.SG20H2(CXADNVDL) PRDCRD.BTHCTL.SG20H2(CXCV010) PRDCRD.BTHCTL.SG20H2(CXRESET) PRDCRD.BTHCTL.SG20H2(REPROCX) PRDIMX.BTHSEQ.SG20H2.CXBWF.VISA PRDIMX.BTHSEQ.SG20H2.CXCCW.VSI PRDIMX.BTHSEQ.SG20H2.CXTFO.VSI PRDIMX.BTHSEQ.SG20H2.CXVSI PRDIMX.BTHVSM.SG20H2.CXADN.VSI PRDIMX.BTHVSM.SG20H2.CXIFS.VSI PRDIMX.BTHVSM.SG20H2.CXKPS PRDIMX.ONLVSM.SG20H2.CXASO PRDIMX.ONLVSM.SG20H2.CXSYS,H96_LIST.txt; D2512DEC.txt; D2606JUN.txt; SG SLA; SG_JCL_Evidence.txt,Parsed,Production,Implemented,
SG,TSGCLKH9,CPU_008,S9XLEXCR,SCXLEXCR,Matched,10,0,0,32,0,0.05,31,,,Standard,,,CXCC050 CXU016 SORT,PRDCRD.BTHCTL.SG20H2(CXCC050) PRDCRD.BTHCTL.SG20H2(DYNALL32) PRDIMX.BTHLOD.SG20H2 PRDIMX.BTHSEQ.SG20H2.CXCCW.MCI PRDIMX.BTHSEQ.SG20H2.CXCCW.VSI PRDIMX.BTHVSM.SG20H2.CXCCR PRDIMX.ONLVSM.SG20H2.CXSYS,H96_LIST.txt; D2512DEC.txt; D2606JUN.txt; SG SLA; SG_JCL_Evidence.txt,Parsed,Production,Implemented,
SG,TSGCLKH9,CPU_009,S9XLEXRT,SCXLEXRT,Matched,10,0.02,0.03,32,0.02,0.03,31,,,Standard,,,CXCC060 CXRC040 CXU016 IDCAMS IEFBR14 SORT,PRDCRD.BTHCTL.SG20H2(CXCC060) PRDCRD.BTHCTL.SG20H2(CXRC040) PRDCRD.BTHCTL.SG20H2(CXRESET) PRDCRD.BTHCTL.SG20H2(CXRTEDF) PRDCRD.BTHCTL.SG20H2(CXRTEDL) PRDCRD.BTHCTL.SG20H2(DYNALL32) PRDCRD.BTHCTL.SG20H2(REPROCX) PRDIMX.BTHLOD.SG20H2 PRDIMX.BTHSEQ.SG20H2.CXRTE PRDIMX.BTHVSM.SG20H2.CXCCR PRDIMX.ONLVSM.SG20H2.CXRTE PRDIMX.ONLVSM.SG20H2.CXSYS,H96_LIST.txt; D2512DEC.txt; D2606JUN.txt; SG SLA; SG_JCL_Evidence.txt,Parsed,Production,Implemented,
SG,TSGCLKH9,CPU_010,S9P476CL,SEP476CL,Matched,10,0.01,0.03,32,0.01,0.02,31,,,Standard,,,,PRDCRD.BTHCTL.SG20H2(CEPPCL),H96_LIST.txt; D2512DEC.txt; D2606JUN.txt; SG SLA; SG_JCL_Evidence.txt,Parsed,Production,Implemented,
SG,TSGCLKH9,CPU_011,S9PDY2BK,SEPDY2BK,Matched,10,0.01,0.03,32,0.01,0.03,31,,,Standard,,,,,H96_LIST.txt; D2512DEC.txt; D2606JUN.txt; SG SLA; SG_JCL_Evidence.txt,Parsed,Production,Implemented,
SG,TSGCLKH9,CPU_012,S9PDLY02,SEPDLY02,Matched,10,1.81,3.33,32,2.45,3.2,31,,,Standard,,,,PRDCAU.BTHLOD.SG20H2 PRDCIS.BTHLOD.SG20H2 PRDCSS.BTHLOD.SG20H2 PRDEPP.BTHLOD.SG20H2,H96_LIST.txt; D2512DEC.txt; D2606JUN.txt; SG SLA; SG_JCL_Evidence.txt,Parsed,Production,Implemented,
SG,TSGCLKH9,CPU_013,S9PSM#1,SQPSM#1,Matched,10,0.01,0.02,32,0.01,0.02,31,,,Standard,,,,,H96_LIST.txt; D2512DEC.txt; D2606JUN.txt; SG SLA; SG_JCL_Evidence.txt,Parsed,Production,Implemented,
SG,TSGCLKH9,CPU_014,S9MDY01,SQMDY01,Matched,10,0.58,0.9,32,0.47,0.83,31,,,Standard,,,,&ENV.CRD.BTHBGD.&VER.CAF.SNGQTOCP(0) &ENV.CRD.BTHBGD.&VER.RCS.SNGQTOCP(0) &ENV.EPP.BTHSEQ.&VER.AMUI &ENV.MBI.BTHSEQ.&VER.MIUIAMA,H96_LIST.txt; D2512DEC.txt; D2606JUN.txt; SG SLA; SG_JCL_Evidence.txt,Parsed,Production,Implemented,
SG,TSGCLKH9,CPU_015,S9IEOD,SAIEOD,Matched,10,0.1,0.13,32,0.11,0.17,31,,,Standard,,,,PRDCAU.BTHLOD.SG20H2 PRDCSS.BTHLOD.SG20H2,H96_LIST.txt; D2512DEC.txt; D2606JUN.txt; SG SLA; SG_JCL_Evidence.txt,Parsed,Production,Implemented,
SG,TSGCLKH9,CPU_016,S9IBKEOD,SAIBKEOD,Matched,10,0.4,0.55,32,0.48,0.63,31,,,Standard,,,IDCAMS,PRDCAU.BKPVSM.SG20H2.AUSYS.ISSEODAF PRDCAU.BKPVSM.SG20H2.ISSCATV.EOD PRDCAU.BKPVSM.SG20H2.ISSCCVS.EOD PRDCAU.BKPVSM.SG20H2.ISSCTYV.EOD PRDCAU.BKPVSM.SG20H2.ISSFRD.EOD PRDCAU.BKPVSM.SG20H2.ISSLOGA.EOD.AF PRDCAU.BKPVSM.SG20H2.ISSLOGB.EOD.AF PRDCAU.BKPVSM.SG20H2.ISSPAR.EOD PRDCAU.BKPVSM.SG20H2.ISSRPCS.EOD PRDCAU.BKPVSM.SG20H2.ISSSPCL.EOD PRDCAU.BKPVSM.SG20H2.ISSSTLA.EOD.AF PRDCAU.BKPVSM.SG20H2.ISSSTLB.EOD.AF PRDCAU.BKPVSM.SG20H2.ISSSTV.EOD PRDCAU.BKPVSM.SG20H2.ISSVTP.EOD PRDCAU.BKPVSM.SG20H2.ISSWMSG.EOD,H96_LIST.txt; D2512DEC.txt; D2606JUN.txt; SG SLA; SG_JCL_Evidence.txt,Parsed,Production,Implemented,
SG,TSGCLKH9,CPU_017,S9USM#1,SAUSM#1,Matched,10,0.18,0.2,32,0.19,0.2,31,,,Standard,,,,&CNTLLIB(AUD500A),H96_LIST.txt; D2512DEC.txt; D2606JUN.txt; SG SLA; SG_JCL_Evidence.txt,Parsed,Production,Implemented,
SG,TSGCLKH9,CPU_018,S9IEOD2,SAIEOD2,Matched,10,8.96,12.28,32,7.79,11.42,31,,,Standard,,,,,H96_LIST.txt; D2512DEC.txt; D2606JUN.txt; SG SLA; SG_JCL_Evidence.txt,Parsed,Production,Implemented,
SG,TSGCLKH9,CPU_019,S9ISPCLJ,SAISPCLJ,Matched,10,5.72,9,32,5.37,8.85,31,,,Standard,,,,&CNTLLIB(AUU001D) &CNTLLIB(AUU651A) &CNTLLIB(AUU651B) &ENV.CAU.BTHBGD.&VER.ISSSPCL(0) PRDCAU.BTHLOD.SG20H2 PRDCIS.BTHLOD.SG20H2 PRDCSS.BTHLOD.SG20H2,H96_LIST.txt; D2512DEC.txt; D2606JUN.txt; SG SLA; SG_JCL_Evidence.txt,Parsed,Production,Implemented,
SG,TSGCLKH9,CPU_020,S9UBKEOD,SAUBKEOD,Matched,10,0.11,0.17,32,0.13,0.15,31,,,Standard,,,IDCAMS,PRDCAU.BKPVSM.SG20H2.AULOG1.EOD PRDCAU.BKPVSM.SG20H2.AULOG2.EOD PRDCAU.BKPVSM.SG20H2.AULOG3.EOD PRDCAU.BKPVSM.SG20H2.AUSYS.EOD,H96_LIST.txt; D2512DEC.txt; D2606JUN.txt; SG SLA; SG_JCL_Evidence.txt,Parsed,Production,Implemented,
SG,TSGCLKH9,CPU_021,S9UEOD,SAUEOD,Matched,10,0.18,0.35,32,0.23,0.5,31,,,Standard,,,,PRDCAU.BTHLOD.SG20H2 PRDCSS.BTHLOD.SG20H2,H96_LIST.txt; D2512DEC.txt; D2606JUN.txt; SG SLA; SG_JCL_Evidence.txt,Parsed,Production,Implemented,
SG,TSGCLKH9,CPU_022,S9UEOD2,SAUEOD2,Matched,10,0.11,0.17,32,0.08,0.17,31,,,Standard,,,,,H96_LIST.txt; D2512DEC.txt; D2606JUN.txt; SG SLA; SG_JCL_Evidence.txt,Parsed,Production,Implemented,
SG,TSGCLKH9,CPU_023,S9P0052U,SCP0052U,User mapped,10,,,0,,,0,,,Standard,,,IDCAMS IEFBR14 SP612550,PRDCIS.BTHVSM.SG20H2.CPBSYS PRDCIS.ONLVSM.SG20H2.CPTCD PRDCRD.BTHSEQ.SG20H2.SIB.GIRO.UI PRDCRD.BTHVSM.SG20H2.EGIRO,H96_LIST.txt; D2512DEC.txt; D2606JUN.txt; SG SLA; SG_JCL_Evidence.txt; user mapping 2026-07-19; D2512DEC.txt; D2606JUN.txt; SG_JCL_Evidence.txt,User confirmed mapping,Production,Implemented,
SG,TSGCLKH9,CPU_024,S9P0001U,SCP0001U,Matched,10,0.42,0.52,42,0.4,0.47,42,,,Standard,,,ETALK IDCAMS IEFBR14 SORT SP603800 SP604200 SP606320,PRDCIS.BTHVSM.SG20H2.CPBSYS PRDCIS.ONLVSM.SG20H2.CPTCD PRDCRD.BTHCTL.SG20H2(ICP00011) PRDCRD.BTHSEQ.SG20H2.SIB.PAY.CLR PRDCRD.BTHSEQ.SG20H2.SIB.PAY.INPUT PRDCRD.BTHSEQ.SG20H2.SIB.PAY.UI PRDCRD.WRKSEQ.SG20H2.SIB.PAY.SORT PSUC.PAYMATE.ETALK.MASTER,H96_LIST.txt; D2512DEC.txt; D2606JUN.txt; SG SLA; SG_JCL_Evidence.txt,Parsed,Production,Implemented,
SG,TSGCLKH9,CPU_025,S9P0002U,SCP0002U,Matched,10,0.41,0.57,32,0.39,0.47,32,,,Standard,,,ETALK IEFBR14 SORT SP604100 SP604200,PRDCIS.BTHVSM.SG20H2.CPBSYS PRDCIS.ONLVSM.SG20H2.CPTCD PRDCRD.BTHCTL.SG20H2(ICP00012) PRDCRD.BTHSEQ.SG20H2.SIB.CHQRT.CLR PRDCRD.BTHSEQ.SG20H2.SIB.CHQRT.IN PRDCRD.BTHSEQ.SG20H2.SIB.CHQRT.UI PRDCRD.WRKSEQ.SG20H2.SIB.CHQRT.SORT PSUC.PAYMATE.ETALK.MASTER,H96_LIST.txt; D2512DEC.txt; D2606JUN.txt; SG SLA; SG_JCL_Evidence.txt,Parsed,Production,Implemented,
SG,TSGCLKH9,CPU_026,S9P0003U,SCP0003U,Matched,10,0.41,0.5,32,0.38,0.42,31,,,Standard,,,ETALK IEFBR14 SORT SP604000 SP604200,PRDCIS.BTHVSM.SG20H2.CPBSYS PRDCIS.ONLVSM.SG20H2.CPTCD PRDCRD.BTHCTL.SG20H2(ICP00013) PRDCRD.BTHSEQ.SG20H2.SIB.RFND.CLR PRDCRD.BTHSEQ.SG20H2.SIB.RFND.IN PRDCRD.BTHSEQ.SG20H2.SIB.RFND.UI PRDCRD.WRKSEQ.SG20H2.SIB.RFND.SORT PSUC.PAYMATE.ETALK.MASTER,H96_LIST.txt; D2512DEC.txt; D2606JUN.txt; SG SLA; SG_JCL_Evidence.txt,Parsed,Production,Implemented,
SG,TSGCLKH9,CPU_027,S9P0004R,SCP0004R,Matched,10,0.37,0.45,32,0.36,0.38,31,,,Standard,,,ETALK IEFBR14 SORT SP603900 SP604200,PRDCIS.BTHVSM.SG20H2.CPBSYS PRDCRD.BTHCTL.SG20H2(ICP00014) PRDCRD.BTHLOD.SG20H2 PRDCRD.BTHSEQ.SG20H2.SIB.CHQF.CLR PRDCRD.BTHSEQ.SG20H2.SIB.CHQF.IN PSUC.ONLLIB.LOADLIB PSUC.PAYMATE.ETALK.MASTER,H96_LIST.txt; D2512DEC.txt; D2606JUN.txt; SG SLA; SG_JCL_Evidence.txt,Parsed,Production,Implemented,
SG,TSGCLKH9,CPU_028,S9P0041R,SCP0041R,Matched,10,0.38,0.42,34,0.38,0.42,31,,,Standard,,,ETALK IEFBR14 SORT SP604200 SP606330,PRDCIS.BTHVSM.SG20H2.CPBSYS PRDCRD.BTHCTL.SG20H2(ICP00033) PRDCRD.BTHLOD.SG20H2 PRDCRD.BTHSEQ.SG20H2.SIB.ADRJCT.IN PRDCRD.BTHSEQ.SG20H2.SIB.RJCT.CLR PRDCRD.BTHSEQ.SG20H2.SIB.RJCT.SORT PSUC.ONLLIB.LOADLIB PSUC.PAYMATE.ETALK.MASTER,H96_LIST.txt; D2512DEC.txt; D2606JUN.txt; SG SLA; SG_JCL_Evidence.txt,Parsed,Production,Implemented,
SG,TSGCLKH9,CPU_029,S9PUCPQ,SCPUCPQ,Matched,10,0.39,0.62,32,0.3,0.47,31,,,Standard,,,,,H96_LIST.txt; D2512DEC.txt; D2606JUN.txt; SG SLA; SG_JCL_Evidence.txt,Parsed,Production,Implemented,
SG,TSGCLKH9,CPU_030,S9IDHST,SAIDHST,Matched,10,6.26,9.97,32,5.18,8.03,31,,,Standard,,,,,H96_LIST.txt; D2512DEC.txt; D2606JUN.txt; SG SLA; SG_JCL_Evidence.txt,Parsed,Production,Implemented,
SG,TSGCLKH9,CPU_034,S9UDHST,SAUDHST,Matched,10,5.84,8.23,32,4.58,7.35,31,,,Standard,,,,,H96_LIST.txt; D2512DEC.txt; D2606JUN.txt; SG SLA; SG_JCL_Evidence.txt,Parsed,Production,Implemented,
SG,TSGCLKH9,CPU_037,S9P0086U,SCP0086U,Matched,10,0.02,0.08,32,0.01,0.02,31,,,Standard,,,SORT SP601000,PRDCRD.BTHCTL.SG20H2(ICP00060) PRDCRD.BTHSEQ.SG20H2.ICP00041,H96_LIST.txt; D2512DEC.txt; D2606JUN.txt; SG SLA; SG_JCL_Evidence.txt,Parsed,Production,Implemented,
SG,TSGCLKH9,CPU_038,S9PDY2D,SCPDY2D,Matched,10,0.84,0.9,32,0.67,0.8,31,,,Standard,,,,PRDCIS.BTHLOD.SG20H2 PRDCSS.BTHLOD.SG20H2,H96_LIST.txt; D2512DEC.txt; D2606JUN.txt; SG SLA; SG_JCL_Evidence.txt,Parsed,Production,Implemented,
SG,TSGCLKH9,CPU_039,S9PDY2E,SCPDY2E,Matched,10,0.06,0.15,32,0.05,0.08,31,,,Standard,,,,PRDCIS.BTHLOD.SG20H2 PRDCSS.BTHLOD.SG20H2,H96_LIST.txt; D2512DEC.txt; D2606JUN.txt; SG SLA; SG_JCL_Evidence.txt,Parsed,Production,Implemented,
SG,TSGCLKH9,CPU_040,S9PDY2F,SCPDY2F,Matched,10,0.22,0.28,32,0.23,0.3,31,,,Standard,,,,,H96_LIST.txt; D2512DEC.txt; D2606JUN.txt; SG SLA; SG_JCL_Evidence.txt,Parsed,Production,Implemented,
SG,TSGCLKH9,CPU_041,S9PDY2G,SCPDY2G,Matched,10,0.35,0.4,32,0.32,0.38,31,,,Standard,,,,PRDCIS.BTHLOD.SG20H2 PRDCSS.BTHLOD.SG20H2,H96_LIST.txt; D2512DEC.txt; D2606JUN.txt; SG SLA; SG_JCL_Evidence.txt,Parsed,Production,Implemented,
SG,TSGCLKH9,CPU_042,S9PDY2H,SCPDY2H,Matched,10,0.07,0.17,32,0.05,0.1,31,,,Standard,,,,PRDCIS.BTHLOD.SG20H2 PRDCSS.BTHLOD.SG20H2,H96_LIST.txt; D2512DEC.txt; D2606JUN.txt; SG SLA; SG_JCL_Evidence.txt,Parsed,Production,Implemented,
SG,TSGCLKH9,CPU_043,S9PDY2I,SCPDY2I,Matched,10,0,0.02,32,0.01,0.02,31,,,Standard,,,,PRDCIS.BTHLOD.SG20H2 PRDCSS.BTHLOD.SG20H2,H96_LIST.txt; D2512DEC.txt; D2606JUN.txt; SG SLA; SG_JCL_Evidence.txt,Parsed,Production,Implemented,
SG,TSGCLKH9,CPU_044,S9P0770U,SCP0770U,Matched,10,0.05,0.07,32,0.06,0.07,31,,,Standard,,,IDCAMS IEFBR14 SORT SP606360 SP612980,PRDCIS.BTHLOD.SG20H2 PRDCIS.BTHVSM.SG20H2.CPBCRD PRDCIS.BTHVSM.SG20H2.CPBPLT PRDCIS.BTHVSM.SG20H2.CPBSYS PRDCRD.BTHCTL.SG20H2(ICP00244) PRDCRD.BTHCTL.SG20H2(ICP00245) PRDCRD.BTHLOD.SG20H2 PRDCRD.BTHSEQ.SG20H2.IMSCC.ACTV.UI PRDCRD.BTHSEQ.SG20H2.SMS.ACTV.UI PRDCRD.ONLVSM.SG20H2.VMJRNL PRDCRD.WRKSEQ.SG20H2.VMJRNL.IMSCC.SORT PRDCRD.WRKSEQ.SG20H2.VMJRNL.SORT,H96_LIST.txt; D2512DEC.txt; D2606JUN.txt; SG SLA; SG_JCL_Evidence.txt,Parsed,Production,Implemented,
SG,TSGCLKH9,CPU_045,S9P0008U,SCP0008U,Matched,10,0,0,32,0,0,31,,,Standard,,,IEFBR14 SP600110,PRDCIS.BTHLOD.SG20H2 PRDCIS.BTHVSM.SG20H2.CPBCRD PRDCIS.BTHVSM.SG20H2.CPBCUS PRDCIS.BTHVSM.SG20H2.CPBSYS PRDCRD.BTHLOD.SG20H2 PRDCRD.BTHSEQ.SG20H2.SMS.UNSUB.IN PRDCRD.BTHSEQ.SG20H2.SMS.UNSUB.RJCT PRDCRD.BTHSEQ.SG20H2.SMS.UNSUB.UI,H96_LIST.txt; D2512DEC.txt; D2606JUN.txt; SG SLA; SG_JCL_Evidence.txt,Parsed,Production,Implemented,
SG,TSGCLKH9,CPU_046,S9P337CL,SCP337CL,Matched,10,0.02,0.05,32,0.02,0.03,31,,,Standard,,,,PRDCRD.BTHCTL.SG20H2(FOCCL),H96_LIST.txt; D2512DEC.txt; D2606JUN.txt; SG SLA; SG_JCL_Evidence.txt,Parsed,Production,Implemented,
SG,TSGCLKH9,CPU_047,S9C003UD,SOC003UD,Matched,10,0,0,32,0,0,31,,,Standard,,,ICEGENER IDCAMS,PRDOLC.BKPVSM.SG20H2.OCSYS PRDOLC.ONLVSM.SG20H2.OCSYS,H96_LIST.txt; D2512DEC.txt; D2606JUN.txt; SG SLA; SG_JCL_Evidence.txt,Parsed,Production,Implemented,
SG,TSGCLKH9,CPU_048,S9C001B1,SOC001B1,Matched,10,0.85,0.98,32,0.84,0.92,31,,,Standard,,,,PRDCIS.BTHLOD.SG20H2 PRDCSS.BTHLOD.SG20H2 PRDOLC.BTHLOD.SG20H2,H96_LIST.txt; D2512DEC.txt; D2606JUN.txt; SG SLA; SG_JCL_Evidence.txt,Parsed,Production,Implemented,
SG,TSGCLKH9,CPU_049,S9C001B2,SOC001B2,Matched,10,0.19,0.25,32,0.22,0.28,31,,,Standard,,,,PRDCIS.BTHLOD.SG20H2 PRDCSS.BTHLOD.SG20H2 PRDOLC.BTHLOD.SG20H2,H96_LIST.txt; D2512DEC.txt; D2606JUN.txt; SG SLA; SG_JCL_Evidence.txt,Parsed,Production,Implemented,
SG,TSGCLKH9,CPU_050,S9C001B5,SOC001B5,Matched,10,0,0,32,0,0.02,31,,,Standard,,,,PRDCIS.BTHLOD.SG20H2 PRDCSS.BTHLOD.SG20H2 PRDOLC.BTHLOD.SG20H2,H96_LIST.txt; D2512DEC.txt; D2606JUN.txt; SG SLA; SG_JCL_Evidence.txt,Parsed,Production,Implemented,
SG,TSGCLKH9,CPU_051,S9PPCCT,SCPPCCT,Matched,10,0.23,0.25,32,0.23,0.25,31,,,Standard,,,,&CNTLLIB(CPU920CT),H96_LIST.txt; D2512DEC.txt; D2606JUN.txt; SG SLA; SG_JCL_Evidence.txt,Parsed,Production,Implemented,
SG,TSGCLKH9,CPU_052,S9PU909,SCPU909,Matched,10,0.92,1.25,32,0.86,1.57,31,,,Standard,,,,,H96_LIST.txt; D2512DEC.txt; D2606JUN.txt; SG SLA; SG_JCL_Evidence.txt,Parsed,Production,Implemented,
SG,TSGCLKH9,CPU_053,S9PUHST,SCPUHST,Matched,10,0.28,0,32,0.17,0,31,,,Standard,,,,PRDCIS.BTHLOD.SG20H2 PRDCSS.BTHLOD.SG20H2,H96_LIST.txt; D2512DEC.txt; D2606JUN.txt; SG SLA; SG_JCL_Evidence.txt,Parsed,Production,Implemented,
SG,TSGCLKH9,CPU_054,S9MDY02,SQMDY02,Matched,10,0.23,0.32,32,0.21,0.37,31,,,Standard,,,,PRDCAQ.BTHLOD.SG20H2 PRDCIS.BTHLOD.SG20H2 PRDCSS.BTHLOD.SG20H2,H96_LIST.txt; D2512DEC.txt; D2606JUN.txt; SG SLA; SG_JCL_Evidence.txt,Parsed,Production,Implemented,
SG,TSGCLKH9,CPU_055,S9MDY03,SQMDY03,Matched,10,0.11,0.15,32,0.1,0.18,31,,,Standard,,,,PRDCAQ.BTHLOD.SG20H2 PRDCSS.BTHLOD.SG20H2,H96_LIST.txt; D2512DEC.txt; D2606JUN.txt; SG SLA; SG_JCL_Evidence.txt,Parsed,Production,Implemented,
SG,TSGCLKH9,CPU_056,S9MBMER,SQMBMER,Matched,10,0.06,0.1,32,0.05,0.08,31,,,Standard,,,,&ENV.CAQ.ONLVSM.&VER.QMMBUS &ENV.CAQ.ONLVSM.&VER.QMMCNT &ENV.CAQ.ONLVSM.&VER.QMMMER &ENV.CAQ.ONLVSM.&VER.QMMPRF &ENV.CAQ.ONLVSM.&VER.QMPORG &ENV.CAQ.ONLVSM.&VER.QMPSYS PRDCAQ.BTHLOD.SG20H2 PRDCSS.BTHLOD.SG20H2,H96_LIST.txt; D2512DEC.txt; D2606JUN.txt; SG SLA; SG_JCL_Evidence.txt,Parsed,Production,Implemented,
SG,TSGCLKH9,CPU_057,S9UQMIT,SAUQMIT,Matched,10,0,0.02,32,0,0.02,31,,,Standard,,,,PRDCAU.BTHLOD.SG20H2 PRDCSS.BTHLOD.SG20H2,H96_LIST.txt; D2512DEC.txt; D2606JUN.txt; SG SLA; SG_JCL_Evidence.txt,Parsed,Production,Implemented,
SG,TSGCLKH9,CPU_058,S9USM#3,SAUSM#3,Matched,10,0.02,0.03,32,0.02,0.03,31,,,Standard,,,,&CNTLLIB(AUD500C),H96_LIST.txt; D2512DEC.txt; D2606JUN.txt; SG SLA; SG_JCL_Evidence.txt,Parsed,Production,Implemented,
SG,TSGCLKH9,CPU_059,S9UAFHJC,SAUAFHJC,Matched,10,0.04,0.07,32,0.05,0.1,31,,,Standard,,,,PRDCAU.BTHLOD.SG20H2 PRDCSS.BTHLOD.SG20H2,H96_LIST.txt; D2512DEC.txt; D2606JUN.txt; SG SLA; SG_JCL_Evidence.txt,Parsed,Production,Implemented,
SG,TSGCLKH9,CPU_060,S9PDY1,SCPDY1,Matched,10,0.17,0.28,32,0.17,0.32,31,,,Standard,,,,&ENV.CAU.BTHSEQ.&VER.CPTUI.PE &ENV.CAU.BTHSEQ.&VER.CPTUIM.PE &ENV.CIS.BTHSEQ.&VER.CIMBUIPT.PE &ENV.CIS.BTHSEQ.&VER.CPMNT.CMPI205.PE &ENV.CIS.BTHSEQ.&VER.CPTUI.DCPLOAN.PE &ENV.CIS.BTHSEQ.&VER.CPTUI.SMS.OTP.PE &ENV.CIS.BTHSEQ.&VER.FPLT.UI.PE &ENV.CRD.BTHSEQ.&VER.AXS.PYMT.PE &ENV.CRD.BTHSEQ.&VER.BSCORE.UI.PE &ENV.CRD.BTHSEQ.&VER.CAF.SNGMTOCP.PE &ENV.CRD.BTHSEQ.&VER.CAF.SNGVTOCP.PE &ENV.CRD.BTHSEQ.&VER.CEI.MRG.UI.PE &ENV.CRD.BTHSEQ.&VER.CPTUI.COMET.PE &ENV.CRD.BTHSEQ.&VER.CSHLTE.CPTUIM.PE &ENV.CRD.BTHSEQ.&VER.CUST.DLTA.UI.PE &ENV.CRD.BTHSEQ.&VER.CUST.PRVT.UI.PE &ENV.CRD.BTHSEQ.&VER.G3.INGIRO.UI.PE &ENV.CRD.BTHSEQ.&VER.G3.OUTGIRO.UI.PE &ENV.CRD.BTHSEQ.&VER.IMSCC.ACTV.UI.PE &ENV.CRD.BTHSEQ.&VER.RCS.SNGMTOCP.PE &ENV.CRD.BTHSEQ.&VER.RCS.SNGVTOCP.PE &ENV.CRD.BTHSEQ.&VER.REBATE.SG#1 &ENV.CRD.BTHSEQ.&VER.REBATE.SG#2 &ENV.CRD.BTHSEQ.&VER.SIB.CHQRT.PE &ENV.CRD.BTHSEQ.&VER.SIB.GIRO.UI.PE &ENV.CRD.BTHSEQ.&VER.SIB.PAY.UI.PE &ENV.CRD.BTHSEQ.&VER.SIB.RFND.UI.PE &ENV.CRD.BTHSEQ.&VER.SMS.ACTV.UI.PE &ENV.CRD.BTHSEQ.&VER.SMS.UNSUB.PE &ENV.EPP.BTHSEQ.&VER.EPTUI.PE,H96_LIST.txt; D2512DEC.txt; D2606JUN.txt; SG SLA; SG_JCL_Evidence.txt,Parsed,Production,Implemented,
SG,TSGCLKH9,CPU_061,S9XCIPAM,SCXCIPAM,Matched,10,0.06,0.07,32,0.05,0.08,31,,,Standard,,,CXCI021 CXCI041 CXRC000 CXU016 ICEGENER IDCAMS IEFBR14 SORT,!INDEXS!.CX20S.CXMRO.CUT1 !INDEXS!.CX20S.CXMRO.CUT2 !INDEXS!.CX20S.CXMRO.CUT3 !INDEXS!.CX20S.CXMRO.CUT4 !INDEXS!.CX20S.CXMRO.CUT5 PRDCAQ.BTHSEQ.SG20H2.QMETUI PRDCAQ.ONLVSM.SG20H2.QMMCNT PRDCAQ.ONLVSM.SG20H2.QMMMAP PRDCAQ.ONLVSM.SG20H2.QMMMAP.PATH PRDCAQ.ONLVSM.SG20H2.QMMMER PRDCAQ.ONLVSM.SG20H2.QMMPRF PRDCAQ.ONLVSM.SG20H2.QMPORG PRDCIS.BTHLOD.SG20H2 PRDCIS.BTHVSM.SG20H2.CPBSYS PRDCIS.BTHVSM.SG20H2.CPRTB PRDCIS.ONLVSM.SG20H2.CPPFX.PATH PRDCIS.ONLVSM.SG20H2.CPTCD PRDCRD.BTHCTL.SG20H2(CXAMPDF) PRDCRD.BTHCTL.SG20H2(CXAMPDL) PRDCRD.BTHCTL.SG20H2(CXCI021) PRDCRD.BTHCTL.SG20H2(CXCI041) PRDCRD.BTHCTL.SG20H2(CXRC000) PRDCRD.BTHCTL.SG20H2(DYNALL32) PRDCRD.BTHCTL.SG20H2(ICPK1000) PRDCRD.BTHCTL.SG20H2(REPROCX) PRDCRD.BTHCTL.SG20H2(RESETCC) PRDCSS.BTHLOD.SG20H2 PRDCSS.ONLVSM.SG20H2.CSCPES PRDIMX.BTHBGD.SG20H2.CXMRO(+1) PRDIMX.BTHBGD.SG20H2.CXMRO(0),H96_LIST.txt; D2512DEC.txt; D2606JUN.txt; SG SLA; SG_JCL_Evidence.txt,Parsed,Production,Implemented,
SG,TSGCLKH9,CPU_062,S9XRTSMD,SCXRTSMD,Matched,10,0.03,0.05,32,0.03,0.05,31,,,Standard,,,CXRC000 CXU016,PRDCRD.BTHCTL.SG20H2(CXRC000) PRDCRD.BTHCTL.SG20H2(DYNALL32) PRDIMX.BTHLOD.SG20H2 PRDIMX.BTHSEQ.SG20H2.CXMID PRDIMX.BTHVSM.SG20H2.CXSYS.RPT,H96_LIST.txt; D2512DEC.txt; D2606JUN.txt; SG SLA; SG_JCL_Evidence.txt,Parsed,Production,Implemented,
SG,TSGCLKH9,CPU_063,S9XCLMDI,SCXCLMDI,Matched,10,0.07,0.12,32,0.06,0.1,31,,,Standard,,,CXCC020 CXU016 IDCAMS IEBGENER IEFBR14 SORT,&CNTLLIB(CXRESET) &CNTLLIB(CXTFEMDF) &CNTLLIB(CXTFEMDL) &CNTLLIB(ICPK1000) &ENV.CSS.ONLVSM.&VER.CSCUR &ENV.CSS.ONLVSM.&VER.CSRTE PRDCRD.BTHCTL.SG20H2(CXCC020) PRDCRD.BTHCTL.SG20H2(CXUPRM) PRDCRD.BTHCTL.SG20H2(DYNALL32) PRDCRD.BTHCTL.SG20H2(REPROCX) PRDIMX.BTHSEQ.SG20H2.CXIRC.PARM PRDIMX.BTHSEQ.SG20H2.CXMID PRDIMX.BTHSEQ.SG20H2.CXPRM PRDIMX.BTHSEQ.SG20H2.CXTFO.MDI PRDIMX.BTHVSM.SG20H2.CXABS PRDIMX.BTHVSM.SG20H2.CXACQ PRDIMX.BTHVSM.SG20H2.CXIFS.MDI PRDIMX.BTHVSM.SG20H2.CXISS PRDIMX.BTHVSM.SG20H2.CXTFE.MDI PRDIMX.ONLVSM.SG20H2.CXH01 PRDIMX.ONLVSM.SG20H2.CXH02 PRDIMX.ONLVSM.SG20H2.CXH03 PRDIMX.ONLVSM.SG20H2.CXH04 PRDIMX.ONLVSM.SG20H2.CXH05 PRDIMX.ONLVSM.SG20H2.CXH06 PRDIMX.ONLVSM.SG20H2.CXH07 PRDIMX.ONLVSM.SG20H2.CXH08 PRDIMX.ONLVSM.SG20H2.CXH09 PRDIMX.ONLVSM.SG20H2.CXH10 PRDIMX.ONLVSM.SG20H2.CXHSE01,H96_LIST.txt; D2512DEC.txt; D2606JUN.txt; SG SLA; SG_JCL_Evidence.txt,Parsed,Production,Implemented,
SG,TSGCLKH9,CPU_064,S9XCLOLI,SCXCLOLI,Matched,10,0.05,0.08,32,0.05,0.08,31,,,Standard,,,CXCC010 CXU016 IDCAMS IEBGENER IEFBR14 SORT,&CNTLLIB(ICPK1000) &ENV.CSS.ONLVSM.&VER.CSCUR &ENV.CSS.ONLVSM.&VER.CSRTE PRDCIS.BTHVSM.SG20H2.CPBSYS PRDCIS.ONLVSM.SG20H2.CPPFX.PATH PRDCRD.BTHCTL.SG20H2(CXCC010) PRDCRD.BTHCTL.SG20H2(CXUPRM) PRDCRD.BTHCTL.SG20H2(DYNALL32) PRDCRD.BTHCTL.SG20H2(REPROCX) PRDIMX.BTHSEQ.SG20H2.CXIRC.PARM PRDIMX.BTHSEQ.SG20H2.CXPRM PRDIMX.BTHSEQ.SG20H2.CXREJ PRDIMX.BTHSEQ.SG20H2.CXTFO.OLI.DEL PRDIMX.BTHSEQ.SG20H2.CXTFO.OLI.OUTG PRDIMX.BTHSEQ.SG20H2.CXTFO.OLI.POST PRDIMX.BTHSEQ.SG20H2.CXTR1 PRDIMX.BTHVSM.SG20H2.CXABS PRDIMX.BTHVSM.SG20H2.CXACQ PRDIMX.BTHVSM.SG20H2.CXISS PRDIMX.ONLVSM.SG20H2.CXLCB PRDIMX.ONLVSM.SG20H2.CXREJ PRDIMX.ONLVSM.SG20H2.CXRTE PRDIMX.ONLVSM.SG20H2.CXSYS PRDIMX.ONLVSM.SG20H2.CXTR1,H96_LIST.txt; D2512DEC.txt; D2606JUN.txt; SG SLA; SG_JCL_Evidence.txt,Parsed,Production,Implemented,
SG,TSGCLKH9,CPU_065,S9XCLSPI,SCXCLSPI,Matched,10,0.06,0.1,32,0.06,0.08,31,,,Standard,,,CXCI030 CXU016 ICETOOL IDCAMS IEBGENER IEFBR14 SORT,&CNTLLIB(ICPK2000) &ENV.CSS.ONLVSM.&VER.CSCUR &ENV.CSS.ONLVSM.&VER.CSRTE PRDCAQ.ONLVSM.SG20H2.QMMMER PRDCAQ.ONLVSM.SG20H2.QMPORG PRDCIS.BTHSEQ.SG20H2.CPLCH1 PRDCIS.BTHVSM.SG20H2.CPBSYS PRDCIS.BTHVSM.SG20H2.CPRTB PRDCIS.ONLVSM.SG20H2.CPPFX.PATH PRDCRD.BTHCTL.SG20H2(CXCI030) PRDCRD.BTHCTL.SG20H2(CXRESET) PRDCRD.BTHCTL.SG20H2(CXTFEODF) PRDCRD.BTHCTL.SG20H2(CXTFEODL) PRDCRD.BTHCTL.SG20H2(CXUPRM) PRDCRD.BTHCTL.SG20H2(REPROCX) PRDIMX.BTHSEQ.SG20H2.CXIRC.PARM PRDIMX.BTHSEQ.SG20H2.CXPRM PRDIMX.BTHSEQ.SG20H2.CXTFO.SPI PRDIMX.BTHVSM.SG20H2.CXABS PRDIMX.BTHVSM.SG20H2.CXACQ PRDIMX.BTHVSM.SG20H2.CXIFS.SPI PRDIMX.BTHVSM.SG20H2.CXISS PRDIMX.BTHVSM.SG20H2.CXKPS PRDIMX.BTHVSM.SG20H2.CXTFE.CBS PRDIMX.BTHVSM.SG20H2.CXTFE.DCF PRDIMX.BTHVSM.SG20H2.CXTFE.MDI PRDIMX.BTHVSM.SG20H2.CXTFE.MDI.CUT1 PRDIMX.BTHVSM.SG20H2.CXTFE.MDI.CUT2 PRDIMX.BTHVSM.SG20H2.CXTFE.MDI.CUT3 PRDIMX.BTHVSM.SG20H2.CXTFE.MDI.CUT4,H96_LIST.txt; D2512DEC.txt; D2606JUN.txt; SG SLA; SG_JCL_Evidence.txt,Parsed,Production,Implemented,
SG,TSGCLKH9,CPU_066,S9XCLXRT,SCXCLXRT,Matched,10,0,0,32,0,0,31,,,Standard,,,IEFBR14 SORT,PRDCRD.BTHCTL.SG20H2(DYNALL32) PRDIMX.BTHSEQ.SG20H2.CXTFI.CXX PRDIMX.BTHSEQ.SG20H2.CXTFI.IFS PRDIMX.BTHSEQ.SG20H2.CXTFI.MCX PRDIMX.BTHSEQ.SG20H2.CXTFI.MXX PRDIMX.BTHSEQ.SG20H2.CXTFI.PLX PRDIMX.BTHSEQ.SG20H2.CXTFI.VSX PRDIMX.BTHSEQ.SG20H2.CXTFO.MDI PRDIMX.BTHSEQ.SG20H2.CXTFO.OLI.OUTG PRDIMX.BTHSEQ.SG20H2.CXTFO.SPI,H96_LIST.txt; D2512DEC.txt; D2606JUN.txt; SG SLA; SG_JCL_Evidence.txt,Parsed,Production,Implemented,
SG,TSGCLKH9,CPU_067,S9XCLMCO,SCXCLMCO,Matched,10,0.02,0.03,32,0.02,0.03,31,,,Standard,,,CXCM040 CXU016 IDCAMS IEFBR14 SORT,PRDCRD.BTHCTL.SG20H2(CXCM040) PRDCRD.BTHCTL.SG20H2(DYNALL32) PRDCRD.BTHCTL.SG20H2(REPROCX) PRDIMX.BTHSEQ.SG20H2.CXIPMO PRDIMX.BTHSEQ.SG20H2.CXIPMO.OUT PRDIMX.BTHSEQ.SG20H2.CXTFI.MCX PRDIMX.BTHSEQ.SG20H2.CXTFO.MCO PRDIMX.BTHVSM.SG20H2.CXABS PRDIMX.BTHVSM.SG20H2.CXTFE.OUTG PRDIMX.ONLVSM.SG20H2.CXSYS,H96_LIST.txt; D2512DEC.txt; D2606JUN.txt; SG SLA; SG_JCL_Evidence.txt,Parsed,Production,Implemented,
SG,TSGCLKH9,CPU_068,S9XCLVSO,SCXCLVSO,Matched,10,0.02,0.03,32,0.02,0.03,31,,,Standard,,,CXCV030 CXU016 IEFBR14,PRDCRD.BTHCTL.SG20H2(CXCV030Y) PRDIMX.BTHSEQ.SG20H2.CXTFI.VSX PRDIMX.BTHSEQ.SG20H2.CXTFO.VSO PRDIMX.BTHSEQ.SG20H2.CXVSO PRDIMX.BTHVSM.SG20H2.CXADN.CBS PRDIMX.BTHVSM.SG20H2.CXHADN PRDIMX.BTHVSM.SG20H2.CXTFE.OUTG PRDIMX.ONLVSM.SG20H2.CXSYS,H96_LIST.txt; D2512DEC.txt; D2606JUN.txt; SG SLA; SG_JCL_Evidence.txt,Parsed,Production,Implemented,
SG,TSGCLKH9,CPU_069,S9XCLVSP,SCXCLVSP,Matched,10,0.02,0.02,32,0.01,0.02,31,,,Standard,,,CXCV040 CXU016 IEFBR14,PRDCRD.BTHCTL.SG20H2(CXCV040) PRDIMX.BTHLOD.SG20H2 PRDIMX.BTHSEQ.SG20H2.CXVO01 PRDIMX.BTHSEQ.SG20H2.CXVO02 PRDIMX.BTHSEQ.SG20H2.CXVO03 PRDIMX.BTHSEQ.SG20H2.CXVO04 PRDIMX.BTHSEQ.SG20H2.CXVO05 PRDIMX.BTHSEQ.SG20H2.CXVO06 PRDIMX.BTHSEQ.SG20H2.CXVO07 PRDIMX.BTHSEQ.SG20H2.CXVO08 PRDIMX.BTHSEQ.SG20H2.CXVO09 PRDIMX.BTHSEQ.SG20H2.CXVO10 PRDIMX.BTHSEQ.SG20H2.CXVSO PRDIMX.ONLVSM.SG20H2.CXSYS,H96_LIST.txt; D2512DEC.txt; D2606JUN.txt; SG SLA; SG_JCL_Evidence.txt,Parsed,Production,Implemented,
SG,TSGCLKH9,CPU_070,S9XCLMCC,SCXCLMCC,Matched,10,0.04,0.05,32,0.03,0.05,31,,,Standard,,,CXCM050 CXU016 IDCAMS IEFBR14 SORT,PRDCRD.BTHCTL.SG20H2(CXCM050) PRDCRD.BTHCTL.SG20H2(DYNALL32) PRDCRD.BTHCTL.SG20H2(REPROCX) PRDIMX.BTHSEQ.SG20H2.CXIPMC PRDIMX.BTHSEQ.SG20H2.CXIPMC.OUT PRDIMX.BTHSEQ.SG20H2.CXTFI.MCC PRDIMX.BTHSEQ.SG20H2.CXTFO.MCO PRDIMX.BTHVSM.SG20H2.CXABS PRDIMX.BTHVSM.SG20H2.CXTFE.OUTG PRDIMX.ONLVSM.SG20H2.CXSYS,H96_LIST.txt; D2512DEC.txt; D2606JUN.txt; SG SLA; SG_JCL_Evidence.txt,Parsed,Production,Implemented,
SG,TSGCLKH9,CPU_071,S9XCPOST,SCXCPOST,Matched,10,0.41,0.6,32,0.34,0.48,31,,,Standard,,,CXCI051 CXPC010 CXU016 ICEGENER IDCAMS IEBGENER IEFBR14 SORT VCPDR40 VCPDT40,!INDEXI!.!SYSTEM!.PARM(CXUMCT) &CNTLLIB(CXAMPDF) &CNTLLIB(CXAMPDL) &CNTLLIB(CXDLYDF) &CNTLLIB(CXDLYDL) &CNTLLIB(CXPC010) &CNTLLIB(CXRESET) &CNTLLIB(DYNALL32) &CNTLLIB(REPROCX) &CNTLLIB(SPAFTBAI) &CNTLLIB(SPAFTMER) &ENV.CAQ.ONLVSM.&VER.QMMMAP &ENV.CAQ.ONLVSM.&VER.QMMMAP.PATH &ENV.CAQ.ONLVSM.&VER.QMMMER &ENV.CAQ.ONLVSM.&VER.QMPORG &ENV.CIS.BTHVSM.&VER.CPBSYS &ENV.CIS.BTHVSM.&VER.CPRTB &ENV.CIS.ONLVSM.&VER.CPPFX.PATH &ENV.CSS.ONLVSM.&VER.CSCUR &ENV.CSS.ONLVSM.&VER.CSMCC &ENV.CSS.ONLVSM.&VER.CSRTE &ENV.IMX.BTHSEQ.&VER.CXAMR.POST &ENV.IMX.BTHSEQ.&VER.CXAMTR &ENV.IMX.BTHSEQ.&VER.CXBWF &ENV.IMX.BTHSEQ.&VER.CXBWF.POST &ENV.IMX.BTHSEQ.&VER.CXBWF.VISA &ENV.IMX.BTHSEQ.&VER.CXCHA &ENV.IMX.BTHSEQ.&VER.CXCHA.ORI &ENV.IMX.BTHSEQ.&VER.CXCHA.SORTED &ENV.IMX.BTHSEQ.&VER.CXCHA.TEMP,H96_LIST.txt; D2512DEC.txt; D2606JUN.txt; SG SLA; SG_JCL_Evidence.txt,Parsed,Production,Implemented,
SG,TSGCLKH9,CPU_072,S9PDY2A,SCPDY2A,Matched,10,0.16,0.23,32,0.14,0.25,31,,,Standard,,,,PRDCIS.BTHLOD.SG20H2 PRDCSS.BTHLOD.SG20H2,H96_LIST.txt; D2512DEC.txt; D2606JUN.txt; SG SLA; SG_JCL_Evidence.txt,Parsed,Production,Implemented,
SG,TSGCLKH9,CPU_073,S9PDY2B,SCPDY2B,Matched,10,0.05,0.07,32,0.05,0.08,31,,,Standard,,,,,H96_LIST.txt; D2512DEC.txt; D2606JUN.txt; SG SLA; SG_JCL_Evidence.txt,Parsed,Production,Implemented,
SG,TSGCLKH9,CPU_074,S9PDY2C,SCPDY2C,Matched,10,0.04,0.05,32,0.04,0.07,31,,,Standard,,,,,H96_LIST.txt; D2512DEC.txt; D2606JUN.txt; SG SLA; SG_JCL_Evidence.txt,Parsed,Production,Implemented,
SG,TSGCLKH9,CPU_075,S9S1216C,SCS1216C,Matched,10,0,0.02,32,0,0.02,31,,,Standard,,,,PRDCRD.BTHCTL.SG20H2(CSLGCL),H96_LIST.txt; D2512DEC.txt; D2606JUN.txt; SG SLA; SG_JCL_Evidence.txt,Parsed,Production,Implemented,
SG,TSGCLKH9,CPU_076,S9P0230U,SCP0230U,Matched,10,0.08,0.12,32,0.09,0.22,31,,,Standard,,,CSD110 CSU110 IDCAMS SORT SP606090 SP606110,&CNTLLIB(CSDFLOG) &CNTLLIB(CSDLLOG) &CNTLLIB(RESETCC) PRDCIS.BTHVSM.SG20H2.CPBSYS PRDCSS.BKPVSM.SG20H2.CCSEC PRDCSS.BKPVSM.SG20H2.CSCLOG PRDCSS.ONLVSM.SG20H2.CCSEC PRDCSS.ONLVSM.SG20H2.CSCLOG,H96_LIST.txt; D2512DEC.txt; D2606JUN.txt; SG SLA; SG_JCL_Evidence.txt,Parsed,Production,Implemented,
SG,TSGCLKH9,CPU_077,S9S1216O,SCS1216O,Matched,10,0,0,32,0,0,31,,,Standard,,,,PRDCRD.BTHCTL.SG20H2(CSLGOP),H96_LIST.txt; D2512DEC.txt; D2606JUN.txt; SG SLA; SG_JCL_Evidence.txt,Parsed,Production,Implemented,
SG,TSGCLKH9,CPU_078,S9SU210J,SCSU210J,Matched,10,0,0,32,0,0,31,,,Standard,,,,,H96_LIST.txt; D2512DEC.txt; D2606JUN.txt; SG SLA; SG_JCL_Evidence.txt,Parsed,Production,Implemented,
SG,TSGCLKH9,CPU_079,S9SAUDBK,SCSAUDBK,Matched,10,0.04,0.05,32,0.05,0.08,31,,,Standard,,,,PRDCIS.BTHLOD.SG20H2 PRDCSS.BTHLOD.SG20H2,H96_LIST.txt; D2512DEC.txt; D2606JUN.txt; SG SLA; SG_JCL_Evidence.txt,Parsed,Production,Implemented,
SG,TSGCLKH9,CPU_080,S9SU900B,SCSU900B,Matched,10,0,0,32,0,0,31,,,Standard,,,,PRDCIS.BTHLOD.SG20H2 PRDCSS.BTHLOD.SG20H2,H96_LIST.txt; D2512DEC.txt; D2606JUN.txt; SG SLA; SG_JCL_Evidence.txt,Parsed,Production,Implemented,
SG,TSGCLKH9,CPU_081,S9SU900A,SCSU900A,Matched,10,0,0,32,0,0,31,,,Standard,,,,PRDCIS.BTHLOD.SG20H2 PRDCSS.BTHLOD.SG20H2,H96_LIST.txt; D2512DEC.txt; D2606JUN.txt; SG SLA; SG_JCL_Evidence.txt,Parsed,Production,Implemented,
SG,TSGCLKH9,CPU_082,S9XCLGL2,SCXCLGL2,Matched,10,0.29,0.57,32,0.24,0.33,31,,,Standard,,,CPCNVCUR CXPI051 CXRI010 CXU016 IEFBR14 SORT,PRDCIS.BTHVSM.SG20H2.CPBSYS PRDCIS.ONLVSM.SG20H2.CPPFX.PATH PRDCRD.BTHCTL.SG20H2(CXCI021C) PRDCRD.BTHCTL.SG20H2(CXPI051) PRDCRD.BTHCTL.SG20H2(CXRI010) PRDCRD.BTHCTL.SG20H2(DYNALL32) PRDCSS.ONLVSM.SG20H2.CSCTY PRDCSS.ONLVSM.SG20H2.CSCUR PRDIMX.BTHSEQ.SG20H2.CXMID PRDIMX.BTHSEQ.SG20H2.CXNGL PRDIMX.BTHSEQ.SG20H2.CXNGL.CNV PRDIMX.BTHSEQ.SG20H2.CXNGLD PRDIMX.BTHSEQ.SG20H2.CXTFO.OLI.DEL PRDIMX.BTHSEQ.SG20H2.CXTFO.POST PRDIMX.BTHSEQ.SG20H2.CXTFO.POSTD PRDIMX.ONLVSM.SG20H2.CXRTE PRDIMX.ONLVSM.SG20H2.CXSYS,H96_LIST.txt; D2512DEC.txt; D2606JUN.txt; SG SLA; SG_JCL_Evidence.txt,Parsed,Production,Implemented,
SG,TSGCLKH9,CPU_083,S9XMNETR,SCXMNETR,Matched,10,0.02,0.03,32,0.02,0.03,31,,,Standard,,,CXGLP001 IEFBR14 SORT,PRDIMX.BTHLOD.SG20H2 PRDIMX.BTHSEQ.SG20H2.CEXNGL.MCSETL PRDIMX.BTHSEQ.SG20H2.CXNGL PRDIMX.BTHSEQ.SG20H2.CXNGL.MC.SORT1 PRDIMX.BTHSEQ.SG20H2.CXNGL.MC.SORT2 PRDIMX.BTHSEQ.SG20H2.CXNGL.MCSETL PRDIMX.ONLVSM.SG20H2.CXSYS,H96_LIST.txt; D2512DEC.txt; D2606JUN.txt; SG SLA; SG_JCL_Evidence.txt,Parsed,Production,Implemented,
SG,TSGCLKH9,CPU_084,S9XVNETR,SCXVNETR,Matched,10,0.02,0.03,32,0.02,0.03,31,,,Standard,,,CXGLP002 IEFBR14 SORT,PRDIMX.BTHLOD.SG20H2 PRDIMX.BTHSEQ.SG20H2.CEXNGL.VSSETL PRDIMX.BTHSEQ.SG20H2.CXNGL PRDIMX.BTHSEQ.SG20H2.CXNGL.VISA.SORT1 PRDIMX.BTHSEQ.SG20H2.CXNGL.VISA.SORT2 PRDIMX.BTHSEQ.SG20H2.CXNGL.VSSETL PRDIMX.ONLVSM.SG20H2.CXSYS,H96_LIST.txt; D2512DEC.txt; D2606JUN.txt; SG SLA; SG_JCL_Evidence.txt,Parsed,Production,Implemented,
SG,TSGCLKH9,CPU_085,S9XRTVSI,SCXRTVSI,Matched,10,0.11,0.22,32,0.11,0.18,31,,,Standard,,,CXRV010 CXU016,PRDBS3.BTHSEQ.SG20H2.VISA.CTFI PRDCRD.BTHCTL.SG20H2(CXRV010I) PRDCRD.BTHCTL.SG20H2(DYNALL32) PRDCRD.BTHSEQ.SG20H2.COMET.CXRVS1 PRDIMX.BTHSEQ.SG20H2.CXVSI PRDIMX.BTHVSM.SG20H2.CXSYS.RPT,H96_LIST.txt; D2512DEC.txt; D2606JUN.txt; SG SLA; SG_JCL_Evidence.txt,Parsed,Production,Implemented,
SG,TSGCLKH9,CPU_086,S9XRTVSO,SCXRTVSO,Matched,10,0.07,0.15,32,0.07,0.13,31,,,Standard,,,CXRV010 CXU016,PRDCRD.BTHCTL.SG20H2(CXRV010O) PRDCRD.BTHCTL.SG20H2(DYNALL32) PRDIMX.BTHLOD.SG20H2 PRDIMX.BTHSEQ.SG20H2.CXVSO PRDIMX.BTHVSM.SG20H2.CXSYS.RPT,H96_LIST.txt; D2512DEC.txt; D2606JUN.txt; SG SLA; SG_JCL_Evidence.txt,Parsed,Production,Implemented,
SG,TSGCLKH9,CPU_087,S9XRTVSC,SCXRTVSC,Matched,10,0.07,0.13,32,0.06,0.08,31,,,Standard,,,CXRV010 CXU016,PRDCRD.BTHCTL.SG20H2(CXRV010C) PRDCRD.BTHCTL.SG20H2(DYNALL32) PRDIMX.BTHLOD.SG20H2 PRDIMX.BTHSEQ.SG20H2.CXVSC PRDIMX.BTHSEQ.SG20H2.CXVSO PRDIMX.BTHVSM.SG20H2.CXSYS.RPT,H96_LIST.txt; D2512DEC.txt; D2606JUN.txt; SG SLA; SG_JCL_Evidence.txt,Parsed,Production,Implemented,
SG,TSGCLKH9,CPU_088,S9XRTXSV,SCXRTXSV,Matched,1,0.1,0.15,32,0.09,0.13,31,,,Standard,,,CXRV020 CXU016 CXU026 IEFBR14,PRDCRD.BTHCTL.SG20H2(CXRV020) PRDCRD.BTHCTL.SG20H2(DYNALL32) PRDIMX.BTHLOD.SG20H2 PRDIMX.BTHSEQ.SG20H2.CXSTR.VS PRDIMX.BTHSEQ.SG20H2.CXVSO PRDIMX.BTHVSM.SG20H2.CXSYS.RPT,H96_LIST.txt; D2512DEC.txt; D2606JUN.txt; SG SLA; SG_JCL_Evidence.txt,Parsed,Production,Implemented,
SG,TSGCLKH9,CPU_089,S9PDY2,SCPDY2,Matched,10,0.77,1.48,32,0.62,0.92,31,,,Standard,,,,,H96_LIST.txt; D2512DEC.txt; D2606JUN.txt; SG SLA; SG_JCL_Evidence.txt,Parsed,Production,Implemented,
SG,TSGCLKH9,CPU_091,S9T1061C,SIT1061C,Matched,10,0,0,32,0,0,31,,,Standard,,,SP601000,PRDCRD.BTHCTL.SG20H2(CDMCL),H96_LIST.txt; D2512DEC.txt; D2606JUN.txt; SG SLA; SG_JCL_Evidence.txt,Parsed,Production,Implemented,
SG,TSGCLKH9,CPU_092,S9TDAILY,SITDAILY,Matched,10,1.01,1.32,32,0.85,0.95,31,,,Standard,,,,&ENV.IMX.BTHSEQ.&VER.CXITP,H96_LIST.txt; D2512DEC.txt; D2606JUN.txt; SG SLA; SG_JCL_Evidence.txt,Parsed,Production,Implemented,
SG,TSGCLKH9,CPU_093,S9T1062O,SIT1062O,Matched,10,0.02,0.02,32,0.02,0.02,31,,,Standard,,,SP601000,PRDCRD.BTHCTL.SG20H2(CDMOP),H96_LIST.txt; D2512DEC.txt; D2606JUN.txt; SG SLA; SG_JCL_Evidence.txt,Parsed,Production,Implemented,
SG,TSGCLKH9,CPU_094,S9MDY04,SQMDY04,Matched,10,0.03,0.05,32,0.03,0.08,31,,,Standard,,,,PRDCAQ.BTHLOD.SG20H2 PRDCSS.BTHLOD.SG20H2,H96_LIST.txt; D2512DEC.txt; D2606JUN.txt; SG SLA; SG_JCL_Evidence.txt,Parsed,Production,Implemented,
SG,TSGCLKH9,CPU_095,S9MDY05,SQMDY05,Matched,10,1.43,2.28,32,1.38,2.15,31,,,Standard,,,,PRDCAQ.BTHLOD.SG20H2 PRDCSS.BTHLOD.SG20H2,H96_LIST.txt; D2512DEC.txt; D2606JUN.txt; SG SLA; SG_JCL_Evidence.txt,Parsed,Production,Implemented,
SG,TSGCLKH9,CPU_096,S9MDY06,SQMDY06,Matched,10,0.08,0.12,32,0.09,0.13,31,,,Standard,,,,PRDCAQ.BTHLOD.SG20H2 PRDCSS.BTHLOD.SG20H2,H96_LIST.txt; D2512DEC.txt; D2606JUN.txt; SG SLA; SG_JCL_Evidence.txt,Parsed,Production,Implemented,
SG,TSGCLKH9,CPU_097,S9MDY07,SQMDY07,Matched,10,0.25,0.38,32,0.24,0.35,31,,,Standard,,,,PRDCAQ.BTHLOD.SG20H2 PRDCSS.BTHLOD.SG20H2,H96_LIST.txt; D2512DEC.txt; D2606JUN.txt; SG SLA; SG_JCL_Evidence.txt,Parsed,Production,Implemented,
SG,TSGCLKH9,CPU_098,S9MMSTFB,SQMMSTFB,Matched,10,0.01,0.02,32,0.01,0.02,31,,,Standard,,,,PRDCAQ.BTHLOD.SG20H2,H96_LIST.txt; D2512DEC.txt; D2606JUN.txt; SG SLA; SG_JCL_Evidence.txt,Parsed,Production,Implemented,
SG,TSGCLKH9,CPU_099,S9MBTHF,SQMBTHF,Matched,10,0.66,0.87,32,0.61,0.8,31,,,Standard,,,,PRDCAQ.BTHLOD.SG20H2 PRDCSS.BTHLOD.SG20H2,H96_LIST.txt; D2512DEC.txt; D2606JUN.txt; SG SLA; SG_JCL_Evidence.txt,Parsed,Production,Implemented,
SG,TSGCLKH9,CPU_100,S9MBMSF,SQMBMSF,Matched,10,0.02,0.03,32,0.02,0.03,31,,,Standard,,,,PRDCAQ.BTHLOD.SG20H2 PRDCSS.BTHLOD.SG20H2,H96_LIST.txt; D2512DEC.txt; D2606JUN.txt; SG SLA; SG_JCL_Evidence.txt,Parsed,Production,Implemented,
SG,TSGCLKH9,CPU_101,S9MBQRF,SQMBQRF,Matched,10,0.2,0.27,32,0.19,0.27,31,,,Standard,,,,,H96_LIST.txt; D2512DEC.txt; D2606JUN.txt; SG SLA; SG_JCL_Evidence.txt,Parsed,Production,Implemented,
SG,TSGCLKH9,CPU_102,S9MDYGL,SQMDYGL,Matched,10,0.19,0.27,32,0.18,0.25,31,,,Standard,,,,PRDCAQ.BTHLOD.SG20H2 PRDCIS.BTHLOD.SG20H2 PRDCSS.BTHLOD.SG20H2 PRDIMX.BTHLOD.SG20H2,H96_LIST.txt; D2512DEC.txt; D2606JUN.txt; SG SLA; SG_JCL_Evidence.txt,Parsed,Production,Implemented,
SG,TSGCLKH9,CPU_103,S9MRP01B,SQMRP01B,Matched,10,0.03,0.05,32,0.04,0.05,31,,,Standard,,,,PRDCAQ.BTHLOD.SG20H2 PRDCSS.BTHLOD.SG20H2,H96_LIST.txt; D2512DEC.txt; D2606JUN.txt; SG SLA; SG_JCL_Evidence.txt,Parsed,Production,Implemented,
SG,TSGCLKH9,CPU_104,S9MDY08A,SQMDY08A,Matched,10,0.04,0.07,32,0.05,0.08,31,,,Standard,,,,PRDCAQ.BTHLOD.SG20H2 PRDCSS.BTHLOD.SG20H2,H96_LIST.txt; D2512DEC.txt; D2606JUN.txt; SG SLA; SG_JCL_Evidence.txt,Parsed,Production,Implemented,
SG,TSGCLKH9,CPU_105,S9MDY08B,SQMDY08B,Matched,10,0.28,0.38,32,0.29,0.48,31,,,Standard,,,,PRDCAQ.BTHLOD.SG20H2 PRDCSS.BTHLOD.SG20H2,H96_LIST.txt; D2512DEC.txt; D2606JUN.txt; SG SLA; SG_JCL_Evidence.txt,Parsed,Production,Implemented,
SG,TSGCLKH9,CPU_106,S9MDY09,SQMDY09,Matched,10,0.14,0.22,32,0.13,0.22,31,,,Standard,,,,PRDCAQ.BTHLOD.SG20H2 PRDCSS.BTHLOD.SG20H2,H96_LIST.txt; D2512DEC.txt; D2606JUN.txt; SG SLA; SG_JCL_Evidence.txt,Parsed,Production,Implemented,
SG,TSGCLKH9,CPU_107,S9MDY10,SQMDY10,Matched,10,0.15,0.22,32,0.14,0.22,31,,,Standard,,,,PRDCAQ.BTHLOD.SG20H2 PRDCSS.BTHLOD.SG20H2,H96_LIST.txt; D2512DEC.txt; D2606JUN.txt; SG SLA; SG_JCL_Evidence.txt,Parsed,Production,Implemented,
SG,TSGCLKH9,CPU_108,S9MDY11A,SQMDY11A,Matched,10,0.47,1.15,33,0.45,0.63,31,,,Standard,,,,,H96_LIST.txt; D2512DEC.txt; D2606JUN.txt; SG SLA; SG_JCL_Evidence.txt,Parsed,Production,Implemented,
SG,TSGCLKH9,CPU_109,S9MDY11B,SQMDY11B,Matched,10,0.1,0.13,32,0.1,0.12,31,,,Standard,,,,,H96_LIST.txt; D2512DEC.txt; D2606JUN.txt; SG SLA; SG_JCL_Evidence.txt,Parsed,Production,Implemented,
SG,TSGCLKH9,CPU_110,S9PSM#2,SQPSM#2,Matched,10,0,0,32,0,0.02,31,,,Standard,,,,,H96_LIST.txt; D2512DEC.txt; D2606JUN.txt; SG SLA; SG_JCL_Evidence.txt,Parsed,Production,Implemented,
SG,TSGCLKH9,CPU_111,S9MRP02,SQMRP02,Matched,10,0.15,0.2,32,0.15,0.27,31,,,Standard,,,,PRDCAQ.BTHLOD.SG20H2 PRDCSS.BTHLOD.SG20H2,H96_LIST.txt; D2512DEC.txt; D2606JUN.txt; SG SLA; SG_JCL_Evidence.txt,Parsed,Production,Implemented,
SG,TSGCLKH9,CPU_112,S9MRP03,SQMRP03,Matched,10,0.11,0.15,32,0.11,0.17,31,,,Standard,,,,PRDCAQ.BTHLOD.SG20H2 PRDCSS.BTHLOD.SG20H2,H96_LIST.txt; D2512DEC.txt; D2606JUN.txt; SG SLA; SG_JCL_Evidence.txt,Parsed,Production,Implemented,
SG,TSGCLKH9,CPU_113,S9MRP01A,SQMRP01A,Matched,10,0.21,0.27,32,0.2,0.33,31,,,Standard,,,,PRDCAQ.BTHLOD.SG20H2 PRDCSS.BTHLOD.SG20H2,H96_LIST.txt; D2512DEC.txt; D2606JUN.txt; SG SLA; SG_JCL_Evidence.txt,Parsed,Production,Implemented,
SG,TSGCLKH9,CPU_114,S9MRP05A,SQMRP05A,Matched,10,0.12,0.17,32,0.12,0.18,31,,,Standard,,,,PRDCAQ.BTHLOD.SG20H2 PRDCSS.BTHLOD.SG20H2,H96_LIST.txt; D2512DEC.txt; D2606JUN.txt; SG SLA; SG_JCL_Evidence.txt,Parsed,Production,Implemented,
SG,TSGCLKH9,CPU_115,S9MRP05B,SQMRP05B,Matched,10,0.09,0.13,32,0.09,0.13,31,,,Standard,,,,PRDCAQ.BTHLOD.SG20H2 PRDCSS.BTHLOD.SG20H2,H96_LIST.txt; D2512DEC.txt; D2606JUN.txt; SG SLA; SG_JCL_Evidence.txt,Parsed,Production,Implemented,
SG,TSGCLKH9,CPU_116,S9MRP06,SQMRP06,Matched,10,0.04,0.05,32,0.04,0.05,31,,,Standard,,,,PRDCAQ.BTHLOD.SG20H2 PRDCSS.BTHLOD.SG20H2,H96_LIST.txt; D2512DEC.txt; D2606JUN.txt; SG SLA; SG_JCL_Evidence.txt,Parsed,Production,Implemented,
SG,TSGCLKH9,CPU_117,S9MRP04,SQMRP04,Matched,10,0.03,0.05,32,0.03,0.05,31,,,Standard,,,,PRDCAQ.BTHLOD.SG20H2 PRDCSS.BTHLOD.SG20H2,H96_LIST.txt; D2512DEC.txt; D2606JUN.txt; SG SLA; SG_JCL_Evidence.txt,Parsed,Production,Implemented,
SG,TSGCLKH9,CPU_118,S9MRP07,SQMRP07,Matched,10,0.03,0.03,32,0.03,0.05,31,,,Standard,,,,PRDCAQ.BTHLOD.SG20H2 PRDCSS.BTHLOD.SG20H2,H96_LIST.txt; D2512DEC.txt; D2606JUN.txt; SG SLA; SG_JCL_Evidence.txt,Parsed,Production,Implemented,
SG,TSGCLKH9,CPU_119,S9MRP08,SQMRP08,Matched,10,0.1,0.13,32,0.1,0.15,31,,,Standard,,,,PRDCAQ.BTHLOD.SG20H2 PRDCSS.BTHLOD.SG20H2,H96_LIST.txt; D2512DEC.txt; D2606JUN.txt; SG SLA; SG_JCL_Evidence.txt,Parsed,Production,Implemented,
SG,TSGCLKH9,CPU_120,S9MRP99,SQMRP99,Matched,10,0.08,0.12,32,0.09,0.13,31,,,Standard,,,,,H96_LIST.txt; D2512DEC.txt; D2606JUN.txt; SG SLA; SG_JCL_Evidence.txt,Parsed,Production,Implemented,
SG,TSGCLKH9,CPU_121,S9XRTMCI,SCXRTMCI,Matched,10,0.18,0.33,32,0.15,0.23,31,,,Standard,,,CXRM010 CXU016 IDCAMS,PRDCRD.BTHCTL.SG20H2(CXRM010I) PRDCRD.BTHCTL.SG20H2(REPROCX) PRDIMX.BTHLOD.SG20H2 PRDIMX.BTHSEQ.SG20H2.CXIPM PRDIMX.BTHVSM.SG20H2.CXSYS.RPT,H96_LIST.txt; D2512DEC.txt; D2606JUN.txt; SG SLA; SG_JCL_Evidence.txt,Parsed,Production,Implemented,
SG,TSGCLKH9,CPU_122,S9XRTSUM,SCXRTSUM,Matched,10,0.08,0.12,32,0.07,0.12,31,,,Standard,,,CXRC020 CXU016,PRDCRD.BTHCTL.SG20H2(CXRC020) PRDCRD.BTHCTL.SG20H2(DYNALL32) PRDIMX.BTHLOD.SG20H2 PRDIMX.BTHSEQ.SG20H2.CXTFO.POST PRDIMX.BTHVSM.SG20H2.CXSYS.RPT,H96_LIST.txt; D2512DEC.txt; D2606JUN.txt; SG SLA; SG_JCL_Evidence.txt,Parsed,Production,Implemented,
SG,TSGCLKH9,CPU_123,S9XRTACQ,SCXRTACQ,Matched,10,0.07,0.1,32,0.07,0.15,31,,,Standard,,,CXRC030 CXU016,PRDCRD.BTHCTL.SG20H2(CXRC030) PRDCRD.BTHCTL.SG20H2(DYNALL32) PRDIMX.BTHLOD.SG20H2 PRDIMX.BTHSEQ.SG20H2.CXTFO.POST PRDIMX.BTHVSM.SG20H2.CXSYS.RPT,H96_LIST.txt; D2512DEC.txt; D2606JUN.txt; SG SLA; SG_JCL_Evidence.txt,Parsed,Production,Implemented,
SG,TSGCLKH9,CPU_124,S9XRTMCO,SCXRTMCO,Matched,10,0.01,0.03,32,0.02,0.07,31,,,Standard,,,CXRM010 CXU016,PRDCRD.BTHCTL.SG20H2(CXRM010O) PRDIMX.BTHLOD.SG20H2 PRDIMX.BTHSEQ.SG20H2.CXIPMO PRDIMX.BTHVSM.SG20H2.CXSYS.RPT,H96_LIST.txt; D2512DEC.txt; D2606JUN.txt; SG SLA; SG_JCL_Evidence.txt,Parsed,Production,Implemented,
SG,TSGCLKH9,CPU_125,S9XRTACV,SCXRTACV,Matched,10,0.03,0.05,32,0.03,0.07,31,,,Standard,,,CXRC050 CXU016 SORT,PRDCRD.BTHCTL.SG20H2(CXRC050) PRDCRD.BTHCTL.SG20H2(DYNALL32) PRDIMX.BTHLOD.SG20H2 PRDIMX.BTHSEQ.SG20H2.CXTFO.POST PRDIMX.BTHVSM.SG20H2.CXSYS.RPT,H96_LIST.txt; D2512DEC.txt; D2606JUN.txt; SG SLA; SG_JCL_Evidence.txt,Parsed,Production,Implemented,
SG,TSGCLKH9,CPU_126,S9XRTMCC,SCXRTMCC,Matched,10,0.02,0.03,32,0.01,0.03,31,,,Standard,,,CXRM010 CXU016,PRDCRD.BTHCTL.SG20H2(CXRM010C) PRDIMX.BTHLOD.SG20H2 PRDIMX.BTHSEQ.SG20H2.CXIPMC PRDIMX.BTHSEQ.SG20H2.CXIPMO PRDIMX.BTHVSM.SG20H2.CXSYS.RPT,H96_LIST.txt; D2512DEC.txt; D2606JUN.txt; SG SLA; SG_JCL_Evidence.txt,Parsed,Production,Implemented,
SG,TSGCLKH9,CPU_127,S9XRTXSM,SCXRTXSM,Matched,1,0.08,0.13,32,0.09,0.17,31,,,Standard,,,CXRM020 CXU016 CXU025 IEFBR14,PRDCRD.BTHCTL.SG20H2(CXRM020) PRDCRD.BTHCTL.SG20H2(DYNALL32) PRDIMX.BTHLOD.SG20H2 PRDIMX.BTHSEQ.SG20H2.CXIPMO PRDIMX.BTHSEQ.SG20H2.CXSTR.MC PRDIMX.BTHVSM.SG20H2.CXSYS.RPT,H96_LIST.txt; D2512DEC.txt; D2606JUN.txt; SG SLA; SG_JCL_Evidence.txt,Parsed,Production,Implemented,
SG,TSGCLKH9,CPU_128,S9XRTLST,SCXRTLST,Matched,10,0.07,0.12,32,0.07,0.12,31,,,Standard,,,CXRC060 CXU016,PRDCRD.BTHCTL.SG20H2(CXRC060) PRDIMX.BTHLOD.SG20H2 PRDIMX.BTHSEQ.SG20H2.CXTFO.POST PRDIMX.BTHVSM.SG20H2.CXSYS.RPT,H96_LIST.txt; D2512DEC.txt; D2606JUN.txt; SG SLA; SG_JCL_Evidence.txt,Parsed,Production,Implemented,
SG,TSGCLKH9,CPU_129,S9XHSBKP,SCXHSBKP,Matched,10,0.85,1.37,32,0.6,1.1,31,,,Standard,,,CXU016 CXU017 IDCAMS,PRDCRD.BTHCTL.SG20H2(CXUHSTH) PRDIMX.BKPBGD.SG20H2.CXH01(+1) PRDIMX.BKPBGD.SG20H2.CXH02(+1) PRDIMX.BKPBGD.SG20H2.CXH03(+1) PRDIMX.BKPBGD.SG20H2.CXH04(+1) PRDIMX.BKPBGD.SG20H2.CXHADN(+1) PRDIMX.BKPBGD.SG20H2.CXHSE01(+1) PRDIMX.BKPBGD.SG20H2.CXHSE02(+1) PRDIMX.BKPBGD.SG20H2.CXHSE03(+1) PRDIMX.BKPBGD.SG20H2.CXHSE04(+1) PRDIMX.BKPBGD.SG20H2.CXHSK(+1) PRDIMX.BKPBGD.SG20H2.CXHSX(+1) PRDIMX.BKPBGD.SG20H2.CXHXA01(+1) PRDIMX.BKPBGD.SG20H2.CXHXA02(+1) PRDIMX.BKPBGD.SG20H2.CXHXA03(+1) PRDIMX.BKPBGD.SG20H2.CXHXA04(+1) PRDIMX.BKPBGD.SG20H2.CXHXP01(+1) PRDIMX.BKPBGD.SG20H2.CXHXP02(+1) PRDIMX.BKPBGD.SG20H2.CXHXP03(+1) PRDIMX.BKPBGD.SG20H2.CXHXP04(+1) PRDIMX.BKPBGD.SG20H2.CXMEM(+1) PRDIMX.BKPBGD.SG20H2.CXTFE.BKUP(+1) PRDIMX.BTHVSM.SG20H2.CXHADN PRDIMX.ONLVSM.SG20H2.CXH01 PRDIMX.ONLVSM.SG20H2.CXH02 PRDIMX.ONLVSM.SG20H2.CXH03 PRDIMX.ONLVSM.SG20H2.CXH04 PRDIMX.ONLVSM.SG20H2.CXHSE01 PRDIMX.ONLVSM.SG20H2.CXHSE02 PRDIMX.ONLVSM.SG20H2.CXHSE03,H96_LIST.txt; D2512DEC.txt; D2606JUN.txt; SG SLA; SG_JCL_Evidence.txt,Parsed,Production,Implemented,
SG,TSGCLKH9,CPU_130,S9XHSBEG,SCXHSBEG,Matched,10,0.05,0.1,32,0.04,0.07,31,,,Standard,,,IDCAMS IEFBR14,PRDIMX.BTHSEQ.SG20H2.CXHADNS PRDIMX.BTHSEQ.SG20H2.CXHSKS PRDIMX.BTHSEQ.SG20H2.CXHSXS PRDIMX.BTHSEQ.SG20H2.CXHXA01S PRDIMX.BTHSEQ.SG20H2.CXHXA02S PRDIMX.BTHSEQ.SG20H2.CXHXA03S PRDIMX.BTHSEQ.SG20H2.CXHXA04S PRDIMX.BTHSEQ.SG20H2.CXHXA05S PRDIMX.BTHSEQ.SG20H2.CXHXP01S PRDIMX.BTHSEQ.SG20H2.CXHXP02S PRDIMX.BTHSEQ.SG20H2.CXHXP03S PRDIMX.BTHSEQ.SG20H2.CXHXP04S PRDIMX.BTHSEQ.SG20H2.CXHXP05S PRDIMX.BTHSEQ.SG20H2.CXMEMS PRDIMX.BTHSEQ.SG20H2.CXTFES PRDIMX.BTHVSM.SG20H2.CXHADN PRDIMX.ONLVSM.SG20H2.CXHSK PRDIMX.ONLVSM.SG20H2.CXHSX PRDIMX.ONLVSM.SG20H2.CXMEM PRDIMX.ONLVSM.SG20H2.CXTFE,H96_LIST.txt; D2512DEC.txt; D2606JUN.txt; SG SLA; SG_JCL_Evidence.txt,Parsed,Production,Implemented,
SG,TSGCLKH9,CPU_131,S9XHSUPD,SCXHSUPD,Matched,10,0.66,1.15,32,0.46,0.77,31,,,Standard,,,CXHC060 CXU016 CXU017 CXU027 IDCAMS IEFBR14 SORT,PRDCRD.BTHCTL.SG20H2(CXHADNDF) PRDCRD.BTHCTL.SG20H2(CXHADNDL) PRDCRD.BTHCTL.SG20H2(CXHC060) PRDCRD.BTHCTL.SG20H2(CXHSXADF) PRDCRD.BTHCTL.SG20H2(CXHSXADL) PRDCRD.BTHCTL.SG20H2(CXHSXNDF) PRDCRD.BTHCTL.SG20H2(CXHSXNDL) PRDCRD.BTHCTL.SG20H2(CXMEMDF) PRDCRD.BTHCTL.SG20H2(CXMEMDL) PRDCRD.BTHCTL.SG20H2(CXRESET) PRDCRD.BTHCTL.SG20H2(CXTFEDF) PRDCRD.BTHCTL.SG20H2(CXTFEDL) PRDCRD.BTHCTL.SG20H2(CXUHSTH) PRDCRD.BTHCTL.SG20H2(CXUHSTU) PRDCRD.BTHCTL.SG20H2(CXXA01DF) PRDCRD.BTHCTL.SG20H2(CXXA01DL) PRDCRD.BTHCTL.SG20H2(CXXA02DF) PRDCRD.BTHCTL.SG20H2(CXXA02DL) PRDCRD.BTHCTL.SG20H2(CXXA03DF) PRDCRD.BTHCTL.SG20H2(CXXA03DL) PRDCRD.BTHCTL.SG20H2(CXXA04DF) PRDCRD.BTHCTL.SG20H2(CXXA04DL) PRDCRD.BTHCTL.SG20H2(CXXA05DF) PRDCRD.BTHCTL.SG20H2(CXXA05DL) PRDCRD.BTHCTL.SG20H2(CXXP01DF) PRDCRD.BTHCTL.SG20H2(CXXP01DL) PRDCRD.BTHCTL.SG20H2(CXXP02DF) PRDCRD.BTHCTL.SG20H2(CXXP02DL) PRDCRD.BTHCTL.SG20H2(CXXP03DF) PRDCRD.BTHCTL.SG20H2(CXXP03DL),H96_LIST.txt; D2512DEC.txt; D2606JUN.txt; SG SLA; SG_JCL_Evidence.txt,Parsed,Production,Implemented,
SG,TSGCLKH9,CPU_132,S9XHKBKP,SCXHKBKP,Matched,10,0.05,0.08,32,0.04,0.05,31,,,Standard,,,IDCAMS,PRDIMX.BKPBGD.SG20H2.CXCCR(+1) PRDIMX.BKPBGD.SG20H2.CXHADN(+1) PRDIMX.BKPBGD.SG20H2.CXIFS.JCI(+1) PRDIMX.BKPBGD.SG20H2.CXIFS.MCI(+1) PRDIMX.BKPBGD.SG20H2.CXIFS.MDI(+1) PRDIMX.BKPBGD.SG20H2.CXIFS.SPI(+1) PRDIMX.BKPBGD.SG20H2.CXIFS.VSI(+1) PRDIMX.BKPBGD.SG20H2.CXSYS(+1) PRDIMX.BTHVSM.SG20H2.CXCCR PRDIMX.BTHVSM.SG20H2.CXHADN PRDIMX.BTHVSM.SG20H2.CXIFS.JCI PRDIMX.BTHVSM.SG20H2.CXIFS.MCI PRDIMX.BTHVSM.SG20H2.CXIFS.MDI PRDIMX.BTHVSM.SG20H2.CXIFS.SPI PRDIMX.BTHVSM.SG20H2.CXIFS.VSI PRDIMX.ONLVSM.SG20H2.CXSYS,H96_LIST.txt; D2512DEC.txt; D2606JUN.txt; SG SLA; SG_JCL_Evidence.txt,Parsed,Production,Implemented,
SG,TSGCLKH9,CPU_133,S9XHKADN,SCXHKADN,Matched,10,0.07,0.1,32,0.04,0.07,31,,,Standard,,,ICEGENER IDCAMS IEFBR14 SORT,PRDCRD.BTHCTL.SG20H2(CXHADNDF) PRDCRD.BTHCTL.SG20H2(CXHADNDL) PRDCRD.BTHCTL.SG20H2(CXRESET) PRDCRD.BTHCTL.SG20H2(DYNALL32) PRDCRD.BTHCTL.SG20H2(REPROCX) PRDIMX.BKPBGD.SG20H2.CXHADN(0) PRDIMX.BTHSEQ.SG20H2.CXADNS.MCI PRDIMX.BTHSEQ.SG20H2.CXHADN PRDIMX.BTHVSM.SG20H2.CXADN.MCI PRDIMX.BTHVSM.SG20H2.CXHADN,H96_LIST.txt; D2512DEC.txt; D2606JUN.txt; SG SLA; SG_JCL_Evidence.txt,Parsed,Production,Implemented,
SG,TSGCLKH9,CPU_134,S9XHKEEP,SCXHKEEP,Matched,10,0.17,0.27,32,0.14,0.22,31,,,Standard,,,CXHC010 CXU016 ICEGENER IDCAMS SORT,PRDCRD.BTHCTL.SG20H2(CXHC010) PRDCRD.BTHCTL.SG20H2(CXIFSDF) PRDCRD.BTHCTL.SG20H2(CXIFSDL) PRDCRD.BTHCTL.SG20H2(CXIFSNDF) PRDCRD.BTHCTL.SG20H2(CXIFSNDL) PRDCRD.BTHCTL.SG20H2(CXRESET) PRDCRD.BTHCTL.SG20H2(DYNALL32) PRDCRD.BTHCTL.SG20H2(REPROCX) PRDIMX.BTHSEQ.SG20H2.CXPOST.IFS PRDIMX.BTHVSM.SG20H2.CXIFS PRDIMX.BTHVSM.SG20H2.CXIFS.MCI PRDIMX.BTHVSM.SG20H2.CXIFS.MDI PRDIMX.BTHVSM.SG20H2.CXIFS.SPI PRDIMX.BTHVSM.SG20H2.CXIFS.VSI PRDIMX.ONLVSM.SG20H2.CXSYS,H96_LIST.txt; D2512DEC.txt; D2606JUN.txt; SG SLA; SG_JCL_Evidence.txt,Parsed,Production,Implemented,
SG,TSGCLKH9,CPU_135,S9XRADTL,SCXRADTL,Matched,10,0.01,0.03,32,0.01,0.02,31,,,Standard,,,CXRC010 CXU016 ICEGENER IDCAMS IEFBR14,PRDCRD.BTHCTL.SG20H2(CXAUDDF) PRDCRD.BTHCTL.SG20H2(CXAUDDL) PRDCRD.BTHCTL.SG20H2(CXRC010) PRDCRD.BTHCTL.SG20H2(REPROCX) PRDIMX.BTHLOD.SG20H2 PRDIMX.BTHSEQ.SG20H2.CXAUD PRDIMX.ONLVSM.SG20H2.CXAUD PRDIMX.ONLVSM.SG20H2.CXSYS,H96_LIST.txt; D2512DEC.txt; D2606JUN.txt; SG SLA; SG_JCL_Evidence.txt,Parsed,Production,Implemented,
SG,TSGCLKH9,CPU_136,S9XRAUTL,SCXRAUTL,Matched,10,0.02,0.03,32,0.01,0.03,31,,,Standard,,,CXRC070 CXU016 ICEGENER IDCAMS IEFBR14 SORT,PRDCRD.BTHCTL.SG20H2(CXAUTDF) PRDCRD.BTHCTL.SG20H2(CXAUTDL) PRDCRD.BTHCTL.SG20H2(CXRC070) PRDCRD.BTHCTL.SG20H2(CXRESET) PRDCRD.BTHCTL.SG20H2(REPROCX) PRDIMX.BTHLOD.SG20H2 PRDIMX.BTHSEQ.SG20H2.CXAUT PRDIMX.BTHSEQ.SG20H2.CXAUT.SORT PRDIMX.ONLVSM.SG20H2.CXAUT PRDIMX.ONLVSM.SG20H2.CXSYS,H96_LIST.txt; D2512DEC.txt; D2606JUN.txt; SG SLA; SG_JCL_Evidence.txt,Parsed,Production,Implemented,
SG,TSGCLKH9,CPU_137,S9XHKCCR,SCXHKCCR,Matched,10,0.02,0.03,32,0.01,0.02,31,,,Standard,,,CXHC080 CXU016 IDCAMS,PRDCRD.BTHCTL.SG20H2(CXCCRDF) PRDCRD.BTHCTL.SG20H2(CXCCRDL) PRDCRD.BTHCTL.SG20H2(CXHC080) PRDCRD.BTHCTL.SG20H2(CXRESET) PRDCRD.BTHCTL.SG20H2(REPROCX) PRDIMX.BTHLOD.SG20H2 PRDIMX.BTHVSM.SG20H2.CXCCR PRDIMX.ONLVSM.SG20H2.CXSYS,H96_LIST.txt; D2512DEC.txt; D2606JUN.txt; SG SLA; SG_JCL_Evidence.txt,Parsed,Production,Implemented,
SG,TSGCLKH9,CPU_138,S9PDY3BK,SEPDY3BK,Matched,10,0.02,0.03,32,0.02,0.05,31,,,Standard,,,,,H96_LIST.txt; D2512DEC.txt; D2606JUN.txt; SG SLA; SG_JCL_Evidence.txt,Parsed,Production,Implemented,
SG,TSGCLKH9,CPU_139,S9PDLY03,SEPDLY03,Matched,10,0.36,0.57,32,0.35,0.55,31,,,Standard,,,,PRDCIS.BTHLOD.SG20H2 PRDCSS.BTHLOD.SG20H2 PRDEPP.BTHLOD.SG20H2,H96_LIST.txt; D2512DEC.txt; D2606JUN.txt; SG SLA; SG_JCL_Evidence.txt,Parsed,Production,Implemented,
SG,TSGCLKH9,CPU_140,S9PDY4BK,SEPDY4BK,Matched,10,0,0,32,0,0,31,,,Standard,,,,,H96_LIST.txt; D2512DEC.txt; D2606JUN.txt; SG SLA; SG_JCL_Evidence.txt,Parsed,Production,Implemented,
SG,TSGCLKH9,CPU_141,S9PDLY04,SEPDLY04,Matched,10,0.06,0.08,32,0.06,0.12,31,,,Standard,,,,PRDCIS.BTHLOD.SG20H2 PRDCSS.BTHLOD.SG20H2 PRDEPP.BTHLOD.SG20H2,H96_LIST.txt; D2512DEC.txt; D2606JUN.txt; SG SLA; SG_JCL_Evidence.txt,Parsed,Production,Implemented,
SG,TSGCLKH9,CPU_142,S9P476OP,SEP476OP,Matched,10,0,0.02,32,0,0,31,,,Standard,,,,PRDCRD.BTHCTL.SG20H2(CEPPOP),H96_LIST.txt; D2512DEC.txt; D2606JUN.txt; SG SLA; SG_JCL_Evidence.txt,Parsed,Production,Implemented,
SG,TSGCLKH9,CPU_144,S9PDY5A,SCPDY5A,Matched,10,0.44,0.55,32,0.39,0.52,31,,,Standard,,,,PRDCIS.BTHLOD.SG20H2 PRDCSS.BTHLOD.SG20H2,H96_LIST.txt; D2512DEC.txt; D2606JUN.txt; SG SLA; SG_JCL_Evidence.txt,Parsed,Production,Implemented,
SG,TSGCLKH9,CPU_145,S9PDY5B,SCPDY5B,Matched,10,0,0.02,32,0.01,0.02,31,,,Standard,,,,PRDCIS.BTHLOD.SG20H2 PRDCSS.BTHLOD.SG20H2,H96_LIST.txt; D2512DEC.txt; D2606JUN.txt; SG SLA; SG_JCL_Evidence.txt,Parsed,Production,Implemented,
SG,TSGCLKH9,CPU_146,S9PDY5C,SCPDY5C,Matched,10,0.22,0.32,32,0.25,0.38,31,,,Standard,,,,PRDCIS.BTHLOD.SG20H2 PRDCSS.BTHLOD.SG20H2,H96_LIST.txt; D2512DEC.txt; D2606JUN.txt; SG SLA; SG_JCL_Evidence.txt,Parsed,Production,Implemented,
SG,TSGCLKH9,CPU_147,S9PDY5D,SCPDY5D,Matched,10,0.17,0.23,32,0.15,0.2,31,,,Standard,,,,PRDCIS.BTHLOD.SG20H2 PRDCSS.BTHLOD.SG20H2,H96_LIST.txt; D2512DEC.txt; D2606JUN.txt; SG SLA; SG_JCL_Evidence.txt,Parsed,Production,Implemented,
SG,TSGCLKH9,CPU_148,S9PDY5E,SCPDY5E,Matched,10,0.01,0.02,32,0.01,0.03,31,,,Standard,,,,PRDCIS.BTHLOD.SG20H2 PRDCSS.BTHLOD.SG20H2,H96_LIST.txt; D2512DEC.txt; D2606JUN.txt; SG SLA; SG_JCL_Evidence.txt,Parsed,Production,Implemented,
SG,TSGCLKH9,CPU_149,S9PDY5F,SCPDY5F,Matched,10,0.04,0.07,32,0.03,0.05,31,,,Standard,,,,PRDCIS.BTHLOD.SG20H2 PRDCSS.BTHLOD.SG20H2,H96_LIST.txt; D2512DEC.txt; D2606JUN.txt; SG SLA; SG_JCL_Evidence.txt,Parsed,Production,Implemented,
SG,TSGCLKH9,CPU_150,S9PDY6,SCPDY6,Matched,10,0.05,0.08,32,0.05,0.07,31,,,Standard,,,,PRDCIS.BTHLOD.SG20H2 PRDCSS.BTHLOD.SG20H2,H96_LIST.txt; D2512DEC.txt; D2606JUN.txt; SG SLA; SG_JCL_Evidence.txt,Parsed,Production,Implemented,
SG,TSGCLKH9,CPU_151,S9PISSUE,SCPISSUE,Matched,10,0.67,1.43,32,0.7,1.3,31,,,Standard,,,,PRDCIS.BTHLOD.SG20H2 PRDCRD.BTHLOD.SG20H2 PRDCSS.BTHLOD.SG20H2,H96_LIST.txt; D2512DEC.txt; D2606JUN.txt; SG SLA; SG_JCL_Evidence.txt,Parsed,Production,Implemented,
SG,TSGCLKH9,CPU_152,S9PDC110,SCPDC110,Matched,10,0.03,0.05,32,0.03,0.07,31,,,Standard,,,,PRDCIS.BTHLOD.SG20H2 PRDCSS.BTHLOD.SG20H2,H96_LIST.txt; D2512DEC.txt; D2606JUN.txt; SG SLA; SG_JCL_Evidence.txt,Parsed,Production,Implemented,
SG,TSGCLKH9,CPU_153,S9PUC501,SCPUC501,Matched,10,0.02,0.05,32,0.03,0.05,31,,,Standard,,,,PRDCIS.BTHLOD.SG20H2 PRDCSS.BTHLOD.SG20H2,H96_LIST.txt; D2512DEC.txt; D2606JUN.txt; SG SLA; SG_JCL_Evidence.txt,Parsed,Production,Implemented,
SG,TSGCLKH9,CPU_154,S9PU683,SCPU683,Matched,10,0.59,0.83,32,0.56,0.8,31,,,Standard,,,,PRDCIS.BTHLOD.SG20H2 PRDCSS.BTHLOD.SG20H2,H96_LIST.txt; D2512DEC.txt; D2606JUN.txt; SG SLA; SG_JCL_Evidence.txt,Parsed,Production,Implemented,
SG,TSGCLKH9,CPU_155,S9PUC500,SCPUC500,Matched,10,0.02,0.02,1,0.02,0.02,1,,,Standard,,,,&CNTLLIB(ICP00417) PRDCIS.BTHLOD.SG20H2 PRDCSS.BTHLOD.SG20H2,H96_LIST.txt; D2512DEC.txt; D2606JUN.txt; SG SLA; SG_JCL_Evidence.txt,Parsed,Production,Implemented,
SG,TSGCLKH9,CPU_156,S9PU687,SCPU687,Matched,10,0.03,0.07,32,0.04,0.08,31,,,Standard,,,,PRDCIS.BTHLOD.SG20H2 PRDCSS.BTHLOD.SG20H2,H96_LIST.txt; D2512DEC.txt; D2606JUN.txt; SG SLA; SG_JCL_Evidence.txt,Parsed,Production,Implemented,
SG,TSGCLKH9,CPU_157,S9PDY7C,SCPDY7C,Matched,10,2.03,2.6,32,1.87,2.67,31,,,Standard,,,,PRDCIS.BTHLOD.SG20H2 PRDCSS.BTHLOD.SG20H2,H96_LIST.txt; D2512DEC.txt; D2606JUN.txt; SG SLA; SG_JCL_Evidence.txt,Parsed,Production,Implemented,
SG,TSGCLKH9,CPU_158,S9CDLY,SOCDLY,Matched,10,4.49,6.15,32,4.79,6.82,31,,,Standard,,,,&ENV.OLC.BTHBGD.&VER.OCOLRTT(+1) DUMMY PRDCIS.BTHLOD.SG20H2 PRDCSS.BTHLOD.SG20H2 PRDOLC.BTHLOD.SG20H2,H96_LIST.txt; D2512DEC.txt; D2606JUN.txt; SG SLA; SG_JCL_Evidence.txt,Parsed,Production,Implemented,
SG,TSGCLKH9,CPU_159,S9C001B3,SOC001B3,Matched,10,1.16,1.45,32,1.09,1.55,31,,,Standard,,,,PRDCIS.BTHLOD.SG20H2 PRDCSS.BTHLOD.SG20H2 PRDOLC.BTHLOD.SG20H2,H96_LIST.txt; D2512DEC.txt; D2606JUN.txt; SG SLA; SG_JCL_Evidence.txt,Parsed,Production,Implemented,
SG,TSGCLKH9,CPU_160,S9C001B4,SOC001B4,Matched,10,0.18,0.35,32,0.19,0.45,31,,,Standard,,,,PRDCIS.BTHLOD.SG20H2 PRDCSS.BTHLOD.SG20H2 PRDOLC.BTHLOD.SG20H2,H96_LIST.txt; D2512DEC.txt; D2606JUN.txt; SG SLA; SG_JCL_Evidence.txt,Parsed,Production,Implemented,
SG,TSGCLKH9,CPU_161,S9CDLY2,SOCDLY2,Matched,10,1.14,1.45,32,1.06,1.52,31,,,Standard,,,,PRDCIS.BTHLOD.SG20H2 PRDCSS.BTHLOD.SG20H2 PRDOLC.BTHLOD.SG20H2,H96_LIST.txt; D2512DEC.txt; D2606JUN.txt; SG SLA; SG_JCL_Evidence.txt,Parsed,Production,Implemented,
SG,TSGCLKH9,CPU_162,S9P337OP,SCP337OP,Matched,10,0.03,0.03,32,0.03,0.03,31,,,Standard,,,,PRDCRD.BTHCTL.SG20H2(FOCOP),H96_LIST.txt; D2512DEC.txt; D2606JUN.txt; SG SLA; SG_JCL_Evidence.txt,Parsed,Production,Implemented,
SG,TSGCLKH9,CPU_163,S9B1122C,SLB1122C,Matched,10,0,0.02,32,0,0.02,31,,,Standard,,,,PRDCRD.BTHCTL.SG20H2(CLCBCL),H96_LIST.txt; D2512DEC.txt; D2606JUN.txt; SG SLA; SG_JCL_Evidence.txt,Parsed,Production,Implemented,
SG,TSGCLKH9,CPU_164,S9PDY7A,SCPDY7A,Matched,10,0.48,0.72,32,0.39,0.62,31,,,Standard,,,,PRDCIS.BTHLOD.SG20H2 PRDCSS.BTHLOD.SG20H2,H96_LIST.txt; D2512DEC.txt; D2606JUN.txt; SG SLA; SG_JCL_Evidence.txt,Parsed,Production,Implemented,
SG,TSGCLKH9,CPU_165,S9PDY7B,SCPDY7B,Matched,10,0.02,0.03,32,0.02,0.05,31,,,Standard,,,,PRDCIS.BTHLOD.SG20H2 PRDCSS.BTHLOD.SG20H2,H96_LIST.txt; D2512DEC.txt; D2606JUN.txt; SG SLA; SG_JCL_Evidence.txt,Parsed,Production,Implemented,
SG,TSGCLKH9,CPU_166,S9PDY7D,SCPDY7D,Matched,10,0.18,0.27,32,0.16,0.32,31,,,Standard,,,,PRDCIS.BTHLOD.SG20H2 PRDCSS.BTHLOD.SG20H2,H96_LIST.txt; D2512DEC.txt; D2606JUN.txt; SG SLA; SG_JCL_Evidence.txt,Parsed,Production,Implemented,
SG,TSGCLKH9,CPU_167,S9PDY7E,SCPDY7E,Matched,10,0.02,0.03,32,0.02,0.05,31,,,Standard,,,,PRDCIS.BTHLOD.SG20H2 PRDCSS.BTHLOD.SG20H2,H96_LIST.txt; D2512DEC.txt; D2606JUN.txt; SG SLA; SG_JCL_Evidence.txt,Parsed,Production,Implemented,
SG,TSGCLKH9,CPU_168,S9PDY7F,SCPDY7F,Matched,10,0.11,0.18,32,0.07,0.15,31,,,Standard,,,,PRDCIS.BTHLOD.SG20H2 PRDCSS.BTHLOD.SG20H2,H96_LIST.txt; D2512DEC.txt; D2606JUN.txt; SG SLA; SG_JCL_Evidence.txt,Parsed,Production,Implemented,
SG,TSGCLKH9,CPU_169,S9PU685,SCPU685,Matched,10,0.48,0.73,32,0.47,0.73,31,,,Standard,,,,PRDCIS.BTHLOD.SG20H2 PRDCSS.BTHLOD.SG20H2,H96_LIST.txt; D2512DEC.txt; D2606JUN.txt; SG SLA; SG_JCL_Evidence.txt,Parsed,Production,Implemented,
SG,TSGCLKH9,CPU_170,S9PU684C,SCPU684C,Matched,10,0.46,0.72,32,0.45,0.73,31,,,Standard,,,,PRDCIS.BTHLOD.SG20H2 PRDCSS.BTHLOD.SG20H2,H96_LIST.txt; D2512DEC.txt; D2606JUN.txt; SG SLA; SG_JCL_Evidence.txt,Parsed,Production,Implemented,
SG,TSGCLKH9,CPU_171,S9PU688,SCPU688,Matched,10,0.08,0.15,32,0.08,0.13,31,,,Standard,,,,PRDCIS.BTHLOD.SG20H2 PRDCSS.BTHLOD.SG20H2,H96_LIST.txt; D2512DEC.txt; D2606JUN.txt; SG SLA; SG_JCL_Evidence.txt,Parsed,Production,Implemented,
SG,TSGCLKH9,CPU_172,S9PU691,SCPU691,Matched,10,0.03,0.07,32,0.03,0.05,31,,,Standard,,,,PRDCIS.BTHLOD.SG20H2 PRDCSS.BTHLOD.SG20H2,H96_LIST.txt; D2512DEC.txt; D2606JUN.txt; SG SLA; SG_JCL_Evidence.txt,Parsed,Production,Implemented,
SG,TSGCLKH9,CPU_173,S9PU686,SCPU686,Matched,10,0.47,0.73,32,0.43,0.58,31,,,Standard,,,,PRDCIS.BTHLOD.SG20H2 PRDCSS.BTHLOD.SG20H2,H96_LIST.txt; D2512DEC.txt; D2606JUN.txt; SG SLA; SG_JCL_Evidence.txt,Parsed,Production,Implemented,
SG,TSGCLKH9,CPU_174,S9PU692,SCPU692,Matched,10,0.04,0.07,32,0.03,0.07,31,,,Standard,,,,PRDCIS.BTHLOD.SG20H2 PRDCSS.BTHLOD.SG20H2,H96_LIST.txt; D2512DEC.txt; D2606JUN.txt; SG SLA; SG_JCL_Evidence.txt,Parsed,Production,Implemented,
SG,TSGCLKH9,CPU_175,S9PU972,SCPU972,Matched,10,0.01,0.02,32,0.01,0.03,31,,,Standard,,,,PRDCIS.BTHLOD.SG20H2 PRDCSS.BTHLOD.SG20H2,H96_LIST.txt; D2512DEC.txt; D2606JUN.txt; SG SLA; SG_JCL_Evidence.txt,Parsed,Production,Implemented,
SG,TSGCLKH9,CPU_176,S9PU690,SCPU690,Matched,10,0.18,0.3,32,0.16,0.25,31,,,Standard,,,,PRDCIS.BTHLOD.SG20H2 PRDCSS.BTHLOD.SG20H2,H96_LIST.txt; D2512DEC.txt; D2606JUN.txt; SG SLA; SG_JCL_Evidence.txt,Parsed,Production,Implemented,
SG,TSGCLKH9,CPU_177,S9PUCAP,SCPUCAP,Matched,10,0.3,0.48,32,0.29,0.4,31,,,Standard,,,,PRDCIS.BTHLOD.SG20H2 PRDCSS.BTHLOD.SG20H2,H96_LIST.txt; D2512DEC.txt; D2606JUN.txt; SG SLA; SG_JCL_Evidence.txt,Parsed,Production,Implemented,
SG,TSGCLKH9,CPU_178,S9PQTR1,SCPQTR1,Matched,10,0,0,1,0.02,0.02,1,,,Standard,,,,&CNTLLIB(CPU501V) &CNTLLIB(CPU5051) PRDCIS.BTHLOD.SG20H2 PRDCSS.BTHLOD.SG20H2,H96_LIST.txt; D2512DEC.txt; D2606JUN.txt; SG SLA; SG_JCL_Evidence.txt,Parsed,Production,Implemented,
SG,TSGCLKH9,CPU_179,S9PU530,SCPU530,Matched,10,0.92,1.23,32,0.96,1.45,31,,,Standard,,,,&CNTLLIB(CPU5301) PRDCIS.BTHLOD.SG20H2 PRDCSS.BTHLOD.SG20H2,H96_LIST.txt; D2512DEC.txt; D2606JUN.txt; SG SLA; SG_JCL_Evidence.txt,Parsed,Production,Implemented,
SG,TSGCLKH9,CPU_180,S9BDLYCI,SLBDLYCI,Matched,10,1.11,2.1,32,1.1,2.1,31,,,Standard,,,,DEVCLB.BTHSEQ.SG20H1.LBUIM.CRB.CNV DEVCLB.BTHSEQ.SG20H1.LBUIMT,H96_LIST.txt; D2512DEC.txt; D2606JUN.txt; SG SLA; SG_JCL_Evidence.txt,Parsed,Production,Implemented,
SG,TSGCLKH9,CPU_181,S9BDLY01,SLBDLY01,Matched,10,1.62,1.92,32,1.56,2.25,31,,,Standard,,,,PRDCLB.BTHLOD.SG20H2,H96_LIST.txt; D2512DEC.txt; D2606JUN.txt; SG SLA; SG_JCL_Evidence.txt,Parsed,Production,Implemented,
SG,TSGCLKH9,CPU_182,S9BDY02A,SLBDY02A,Matched,10,3.81,5.58,32,3.86,5.92,31,,,Standard,,,,PRDCIS.BTHLOD.SG20H2 PRDCLB.BTHLOD.SG20H2 PRDCSS.BTHLOD.SG20H2,H96_LIST.txt; D2512DEC.txt; D2606JUN.txt; SG SLA; SG_JCL_Evidence.txt,Parsed,Production,Implemented,
SG,TSGCLKH9,CPU_183,S9BDY02B,SLBDY02B,Matched,10,8.69,11.17,32,7.3,9.62,31,,,Standard,,,,PRDCIS.BTHLOD.SG20H2 PRDCLB.BTHLOD.SG20H2 PRDCSS.BTHLOD.SG20H2,H96_LIST.txt; D2512DEC.txt; D2606JUN.txt; SG SLA; SG_JCL_Evidence.txt,Parsed,Production,Implemented,
SG,TSGCLKH9,CPU_184,S9BDY02C,SLBDY02C,Matched,10,3.45,4.67,32,3.12,4.88,31,,,Standard,,,,PRDCLB.BTHLOD.SG20H2,H96_LIST.txt; D2512DEC.txt; D2606JUN.txt; SG SLA; SG_JCL_Evidence.txt,Parsed,Production,Implemented,
SG,TSGCLKH9,CPU_185,S9BDY02D,SLBDY02D,Matched,10,0.16,0.32,32,0.15,0.23,31,,,Standard,,,,PRDCLB.BTHLOD.SG20H2 PRDCSS.BTHLOD.SG20H2,H96_LIST.txt; D2512DEC.txt; D2606JUN.txt; SG SLA; SG_JCL_Evidence.txt,Parsed,Production,Implemented,
SG,TSGCLKH9,CPU_186,S9BDLY03,SLBDLY03,Matched,10,0,0,32,0,0,31,,,Standard,,,,PRDCLB.BTHLOD.SG20H2,H96_LIST.txt; D2512DEC.txt; D2606JUN.txt; SG SLA; SG_JCL_Evidence.txt,Parsed,Production,Implemented,
SG,TSGCLKH9,CPU_187,S9BUEM94,SLBUEM94,Matched,10,0.01,0.02,32,0,0.02,31,,,Standard,,,,PRDCLB.BTHLOD.SG20H2,H96_LIST.txt; D2512DEC.txt; D2606JUN.txt; SG SLA; SG_JCL_Evidence.txt,Parsed,Production,Implemented,
SG,TSGCLKH9,CPU_188,S9BHSTSJ,SLBHSTSJ,Matched,10,0.09,0.15,32,0.07,0.1,31,,,Standard,,,,,H96_LIST.txt; D2512DEC.txt; D2606JUN.txt; SG SLA; SG_JCL_Evidence.txt,Parsed,Production,Implemented,
SG,TSGCLKH9,CPU_189,S9BDEM03,SLBDEM03,Matched,10,0.03,0.07,32,0.02,0.03,31,,,Standard,,,,PRDCLB.BTHLOD.SG20H2,H96_LIST.txt; D2512DEC.txt; D2606JUN.txt; SG SLA; SG_JCL_Evidence.txt,Parsed,Production,Implemented,
SG,TSGCLKH9,CPU_192,S9B1123O,SLB1123O,Matched,10,0.02,0.02,32,0.02,0.02,31,,,Standard,,,,PRDCRD.BTHCTL.SG20H2(CLCBOP),H96_LIST.txt; D2512DEC.txt; D2606JUN.txt; SG SLA; SG_JCL_Evidence.txt,Parsed,Production,Implemented,
SG,TSGCLKH9,CPU_193,S9XHKSYS,SCXHKSYS,Matched,10,0.01,0.02,32,0.01,0.02,31,,,Standard,,,CXCI010 CXHC020 CXU016 IDCAMS IEFBR14,PRDCAQ.ONLVSM.SG20H2.QMPSYS PRDCIS.BTHVSM.SG20H2.CPBSYS PRDCRD.BTHCTL.SG20H2(CXCI010) PRDIMX.BTHLOD.SG20H2 PRDIMX.BTHSEQ.SG20H2.CXGLP.HEADER PRDIMX.BTHVSM.SG20H2.CXABS PRDIMX.BTHVSM.SG20H2.CXKPS PRDIMX.ONLVSM.SG20H2.CXSYS,H96_LIST.txt; D2512DEC.txt; D2606JUN.txt; SG SLA; SG_JCL_Evidence.txt,Parsed,Production,Implemented,
SG,TSGCLKH9,CPU_194,S9XHKACB,SCXHKACB,Matched,10,0.02,0.03,32,0.03,0.05,31,,,Standard,,,CXHC050 CXU016 ICEGENER IDCAMS,PRDCIS.BTHSEQ.SG20H2.CPIREJ PRDCRD.BTHCTL.SG20H2(CXHC050) PRDCRD.BTHCTL.SG20H2(CXRESET) PRDCRD.BTHCTL.SG20H2(CXT1XDF) PRDCRD.BTHCTL.SG20H2(CXT1XDL) PRDCRD.BTHCTL.SG20H2(CXTR1DF) PRDCRD.BTHCTL.SG20H2(CXTR1DL) PRDCRD.BTHCTL.SG20H2(REPROCX) PRDIMX.BTHLOD.SG20H2 PRDIMX.BTHVSM.SG20H2.CXDLY PRDIMX.BTHVSM.SG20H2.CXKPS PRDIMX.ONLVSM.SG20H2.CXHSK PRDIMX.ONLVSM.SG20H2.CXSYS PRDIMX.ONLVSM.SG20H2.CXT1X PRDIMX.ONLVSM.SG20H2.CXT1X1 PRDIMX.ONLVSM.SG20H2.CXT1XA PRDIMX.ONLVSM.SG20H2.CXTR1,H96_LIST.txt; D2512DEC.txt; D2606JUN.txt; SG SLA; SG_JCL_Evidence.txt,Parsed,Production,Implemented,
SG,TSGCLKH9,CPU_195,S9XHKREJ,SCXHKREJ,Matched,10,0.1,0.13,32,0.12,0.18,31,,,Standard,,,CXCC032 CXHC040 CXU016 ICEGENER IDCAMS IEBGENER IEFBR14 SORT,!INDEXS!.CX20S.CXAMR.CUT1 !INDEXS!.CX20S.CXAMR.CUT2 !INDEXS!.CX20S.CXAMR.CUT3 !INDEXS!.CX20S.CXAMR.CUT4 !INDEXS!.CX20S.CXAMR.CUT5 PRDCRD.BTHCTL.SG20H2(CXCC032C) PRDCRD.BTHCTL.SG20H2(CXHC040) PRDCRD.BTHCTL.SG20H2(CXREJDF) PRDCRD.BTHCTL.SG20H2(CXREJDL) PRDCRD.BTHCTL.SG20H2(CXRESET) PRDCRD.BTHCTL.SG20H2(CXRJPDF) PRDCRD.BTHCTL.SG20H2(CXRJPDL) PRDCRD.BTHCTL.SG20H2(CXRJXDF) PRDCRD.BTHCTL.SG20H2(CXRJXDL) PRDCRD.BTHCTL.SG20H2(CXTFEEDF) PRDCRD.BTHCTL.SG20H2(CXTFEEDL) PRDCRD.BTHCTL.SG20H2(ICPK0500) PRDCRD.BTHCTL.SG20H2(ICPK1000) PRDCRD.BTHCTL.SG20H2(REPROCX) PRDCSS.ONLVSM.SG20H2.CSCPES PRDIMX.BTHLOD.SG20H2 PRDIMX.BTHSEQ.SG20H2.CXAMR PRDIMX.BTHSEQ.SG20H2.CXAMR.POST PRDIMX.BTHSEQ.SG20H2.CXPOST.REJ PRDIMX.BTHSEQ.SG20H2.CXREJ.NEW PRDIMX.BTHSEQ.SG20H2.CXREJ.OLD PRDIMX.BTHSEQ.SG20H2.CXTFES.REJ PRDIMX.BTHVSM.SG20H2.CXABS PRDIMX.BTHVSM.SG20H2.CXKPS PRDIMX.BTHVSM.SG20H2.CXTFE.DLY,H96_LIST.txt; D2512DEC.txt; D2606JUN.txt; SG SLA; SG_JCL_Evidence.txt,Parsed,Production,Implemented,
SG,TSGCLKH9,CPU_196,S9XCFLOP,SCXCFLOP,Matched,10,0.05,0.07,32,0.06,0.07,31,,,Standard,,,,PRDCRD.BTHCTL.SG20H2(FCCXOP),H96_LIST.txt; D2512DEC.txt; D2606JUN.txt; SG SLA; SG_JCL_Evidence.txt,Parsed,Production,Implemented,
SG,TSGCLKH9,CPU_197,S9P0007U,SCP0007U,Matched,10,0.42,0.45,32,0.41,0.45,31,,,Standard,,,IDCAMS SORT SP600040 SP600090 SP600700,PRDCIS.BTHVSM.SG20H2.CPBCRD PRDCIS.BTHVSM.SG20H2.CPBPLT PRDCIS.BTHVSM.SG20H2.CPBSYS PRDCIS.ONLVSM.SG20H2.CPTCD PRDCRD.BTHCTL.SG20H2(ICP00074) PRDCRD.BTHLOD.SG20H2 PRDCRD.BTHSEQ.SG20H2.AXS.ACCEPT.OUT PRDCRD.BTHSEQ.SG20H2.AXS.PAYMENT PRDCRD.BTHSEQ.SG20H2.AXS.PYMT.CPTUI PRDCRD.BTHSEQ.SG20H2.AXS.REJECT.OUT PSUC.UID.EFTP.SG.AXS,H96_LIST.txt; D2512DEC.txt; D2606JUN.txt; SG SLA; SG_JCL_Evidence.txt,Parsed,Production,Implemented,
SG,TSGCLKH9,CPU_198,S9PPCCN,SCPPCCN,Matched,10,0.03,0.03,32,0.03,0.03,31,,,Standard,,,,&CNTLLIB(CPU920CN),H96_LIST.txt; D2512DEC.txt; D2606JUN.txt; SG SLA; SG_JCL_Evidence.txt,Parsed,Production,Implemented,
SG,TSGCLKH9,CPU_199,S9P1219U,SCP1219U,Matched,10,0.08,0.1,32,0.09,0.12,31,,,Standard,,,IDCAMS,PRDCIS.BTHVSM.SG20H2.CPBAPX PRDCIS.BTHVSM.SG20H2.CPBCAPCX PRDCIS.BTHVSM.SG20H2.CPBCAX PRDCIS.BTHVSM.SG20H2.CPBCPX PRDCIS.BTHVSM.SG20H2.CPBICCCX PRDCIS.BTHVSM.SG20H2.CPBNAK PRDCRD.BTHCTL.SG20H2(ICP00597) PRDCRD.BTHCTL.SG20H2(ICP00598) PRDCRD.BTHCTL.SG20H2(RESETCC),H96_LIST.txt; D2512DEC.txt; D2606JUN.txt; SG SLA; SG_JCL_Evidence.txt,Parsed,Production,Implemented,
SG,TSGCLKH9,CPU_200,S9PALXR,SCPALXR,Matched,10,0,0.02,32,0.01,0.02,31,,,Standard,,,,,H96_LIST.txt; D2512DEC.txt; D2606JUN.txt; SG SLA; SG_JCL_Evidence.txt,Parsed,Production,Implemented,
SG,TSGCLKH9,CPU_201,S9PPCON,SCPPCON,Matched,10,0.04,0.05,32,0.04,0.05,31,,,Standard,,,,&CNTLLIB(CPU920ON),H96_LIST.txt; D2512DEC.txt; D2606JUN.txt; SG SLA; SG_JCL_Evidence.txt,Parsed,Production,Implemented,
SG,TSGCLKH9,CPU_202,S9PPCCF,SCPPCCF,Matched,10,0.04,0.05,32,0.04,0.05,31,,,Standard,,,,&CNTLLIB(CPU920CF),H96_LIST.txt; D2512DEC.txt; D2606JUN.txt; SG SLA; SG_JCL_Evidence.txt,Parsed,Production,Implemented,
SG,TSGCLKH9,CPU_203,S9P0096U,SCP0096U,Matched,10,0.11,0.17,32,0.1,0.15,31,,,Standard,,,IDCAMS SP606740,PRDCIS.BKPVSM.SG20H2.CPPRJ PRDCIS.BTHVSM.SG20H2.CPBCRD PRDCIS.BTHVSM.SG20H2.CPBPLT PRDCIS.BTHVSM.SG20H2.CPBSYS PRDCIS.ONLVSM.SG20H2.CPCAPCX PRDCIS.ONLVSM.SG20H2.CPPRJ,H96_LIST.txt; D2512DEC.txt; D2606JUN.txt; SG SLA; SG_JCL_Evidence.txt,Parsed,Production,Implemented,
SG,TSGCLKH9,CPU_204,S9P1218U,SCP1218U,Matched,10,0.15,0.18,32,0.16,0.2,31,,,Standard,,,IDCAMS,PRDCRD.BTHCTL.SG20H2(FOAHCL) PRDCRD.BTHCTL.SG20H2(ICP00593) PRDCRD.BTHCTL.SG20H2(ICP00594) PRDCRD.BTHCTL.SG20H2(RESETCC),H96_LIST.txt; D2512DEC.txt; D2606JUN.txt; SG SLA; SG_JCL_Evidence.txt,Parsed,Production,Implemented,
SG,TSGCLKH9,CPU_205,S9PDY12,SCPDY12,Matched,10,0.01,0.02,32,0.01,0.02,31,,,Standard,,,,,H96_LIST.txt; D2512DEC.txt; D2606JUN.txt; SG SLA; SG_JCL_Evidence.txt,Parsed,Production,Implemented,
SG,TSGCLKH9,CPU_206,S9PPCOF,SCPPCOF,Matched,10,0.05,0.05,32,0.05,0.05,31,,,Standard,,,,&CNTLLIB(CPU920OF),H96_LIST.txt; D2512DEC.txt; D2606JUN.txt; SG SLA; SG_JCL_Evidence.txt,Parsed,Production,Implemented,
SG,TSGCLKH9,CPU_207,S9PPCOT,SCPPCOT,Matched,10,0.28,0.3,32,0.27,0.28,31,,,Standard,,,,&CNTLLIB(CPU920OT),H96_LIST.txt; D2512DEC.txt; D2606JUN.txt; SG SLA; SG_JCL_Evidence.txt,Parsed,Production,Implemented,
SG,TSGCLKH9,CPU_208,S9P1220U,SCP1220U,Matched,10,0.09,0.1,32,0.09,0.13,31,,,Standard,,,IDCAMS,,H96_LIST.txt; D2512DEC.txt; D2606JUN.txt; SG SLA; SG_JCL_Evidence.txt,Parsed,Production,Implemented,
SG,TSGCLKH9,CPU_209,S9ICIAJC,SAICIAJC,Matched,10,0.04,0.07,32,0.05,0.08,31,,,Standard,,,,PRDCAU.BTHLOD.SG20H2 PRDCIS.BTHLOD.SG20H2 PRDCSS.BTHLOD.SG20H2,H96_LIST.txt; D2512DEC.txt; D2606JUN.txt; SG SLA; SG_JCL_Evidence.txt,Parsed,Production,Implemented,
SG,TSGCLKH9,CPU_210,S9ISM#3,SAISM#3,Matched,10,0.12,0.13,32,0.12,0.15,31,,,Standard,,,,&CNTLLIB(AUD600C),H96_LIST.txt; D2512DEC.txt; D2606JUN.txt; SG SLA; SG_JCL_Evidence.txt,Parsed,Production,Implemented,
SG,TSGCLKH9,CPU_211,S9IAFHJC,SAIAFHJC,Matched,10,0.06,0.08,32,0.05,0.07,31,,,Standard,,,,PRDCAU.BTHLOD.SG20H2 PRDCSS.BTHLOD.SG20H2,H96_LIST.txt; D2512DEC.txt; D2606JUN.txt; SG SLA; SG_JCL_Evidence.txt,Parsed,Production,Implemented,
SG,TSGCLKH9,CPU_212,S9P0083U,SCP0083U,Matched,10,0.36,0.38,32,0.38,0.47,31,-,07:15,Critical,,Datapost,ETALK ICETOOL IEFBR14 SP606460,PRDCIS.BTHVSM.SG20H2.CPBAPX PRDCIS.BTHVSM.SG20H2.CPBCRD PRDCIS.BTHVSM.SG20H2.CPBCUS PRDCIS.BTHVSM.SG20H2.CPBSYS PRDCRD.BTHCTL.SG20H2(ICP00083) PRDCRD.BTHSEQ.SG20H2.DATAPOST.SGLTR PRDCRD.BTHSEQ.SG20H2.LTRPOST PRDCRD.WRKSEQ.SG20H2.OCLETRQ.SORT2 PRDOLC.BTHSEQ.SG20H2.OCLETRQ PSUC.PAYMATE.DATAPOST.SG.USERS PSUC.PAYMATE.ETALK.MASTER PSUC.UID.EFTP.SG.DATAPOST,H96_LIST.txt; D2512DEC.txt; D2606JUN.txt; SG SLA; SG_JCL_Evidence.txt,Parsed,Production,Implemented,
SG,TSGCLKH9,CPU_213,S9PPCCH,SCPPCCH,Matched,10,0.05,0.07,32,0.05,0.07,31,,,Standard,,,,&CNTLLIB(CPU920CH),H96_LIST.txt; D2512DEC.txt; D2606JUN.txt; SG SLA; SG_JCL_Evidence.txt,Parsed,Production,Implemented,
SG,TSGCLKH9,CPU_214,S9PDY10,SCPDY10,Matched,10,0.16,0.27,32,0.14,0.25,31,,,Standard,,,,PRDCIS.BTHLOD.SG20H2 PRDCSS.BTHLOD.SG20H2,H96_LIST.txt; D2512DEC.txt; D2606JUN.txt; SG SLA; SG_JCL_Evidence.txt,Parsed,Production,Implemented,
SG,TSGCLKH9,CPU_216,S9PDY8,SCPDY8,Matched,10,0.39,0.52,32,0.3,0.47,31,,,Standard,,,,PRDCIS.BTHLOD.SG20H2 PRDCSS.BTHLOD.SG20H2,H96_LIST.txt; D2512DEC.txt; D2606JUN.txt; SG SLA; SG_JCL_Evidence.txt,Parsed,Production,Implemented,
SG,TSGCLKH9,CPU_217,S9PDY11A,SCPDY11A,Matched,10,1.58,2.05,32,1.15,1.67,31,,,Standard,,,,PRDCIS.BTHLOD.SG20H2 PRDCSS.BTHLOD.SG20H2,H96_LIST.txt; D2512DEC.txt; D2606JUN.txt; SG SLA; SG_JCL_Evidence.txt,Parsed,Production,Implemented,
SG,TSGCLKH9,CPU_218,S9PDY11B,SCPDY11B,Matched,10,0.16,0.23,32,0.13,0.22,31,,,Standard,,,,PRDCIS.BTHLOD.SG20H2 PRDCSS.BTHLOD.SG20H2,H96_LIST.txt; D2512DEC.txt; D2606JUN.txt; SG SLA; SG_JCL_Evidence.txt,Parsed,Production,Implemented,
SG,TSGCLKH9,CPU_219,S9PDY11C,SCPDY11C,Matched,10,0.38,0.58,32,0.33,0.57,31,,,Standard,,,,PRDCIS.BTHLOD.SG20H2 PRDCSS.BTHLOD.SG20H2,H96_LIST.txt; D2512DEC.txt; D2606JUN.txt; SG SLA; SG_JCL_Evidence.txt,Parsed,Production,Implemented,
SG,TSGCLKH9,CPU_220,S9PDY11E,SCPDY11E,Matched,10,0.93,1.22,32,0.84,1.35,31,,,Standard,,,,PRDCIS.BTHLOD.SG20H2 PRDCSS.BTHLOD.SG20H2,H96_LIST.txt; D2512DEC.txt; D2606JUN.txt; SG SLA; SG_JCL_Evidence.txt,Parsed,Production,Implemented,
SG,TSGCLKH9,CPU_221,S9PUHRN,SCPUHRN,Matched,10,0,0,32,0,0,31,,,Standard,,,,PRDCIS.BTHLOD.SG20H2 PRDCSS.BTHLOD.SG20H2,H96_LIST.txt; D2512DEC.txt; D2606JUN.txt; SG SLA; SG_JCL_Evidence.txt,Parsed,Production,Implemented,
SG,TSGCLKH9,CPU_222,S9PU81B,SCPU81B,Matched,10,0.06,0.12,32,0.06,0.1,31,,,Standard,,,,PRDCIS.BTHLOD.SG20H2 PRDCSS.BTHLOD.SG20H2,H96_LIST.txt; D2512DEC.txt; D2606JUN.txt; SG SLA; SG_JCL_Evidence.txt,Parsed,Production,Implemented,
SG,TSGCLKH9,CPU_223,S9PPCOH,SCPPCOH,Matched,10,0.06,0.08,32,0.06,0.07,31,,,Standard,,,,&CNTLLIB(CPU920OH),H96_LIST.txt; D2512DEC.txt; D2606JUN.txt; SG SLA; SG_JCL_Evidence.txt,Parsed,Production,Implemented,
SG,TSGCLKH9,CPU_224,S9P0042U,SCP0042U,Matched,10,0.38,0.43,32,0.38,0.45,31,-,8.00 AM,Critical,,SIBS,ETALK IEFBR14 SP600340,PRDCIS.BKPVSM.SG20H2.CPBAPX.JCPALXR PRDCIS.BTHSEQ.SG20H2.CPBACS PRDCIS.BTHVSM.SG20H2.CPBCRD PRDCIS.BTHVSM.SG20H2.CPBPLT PRDCIS.BTHVSM.SG20H2.CPBSYS PRDCRD.BTHCTL.SG20H2(ICP00034) PRDCRD.BTHLOD.SG20H2 PRDCRD.BTHSEQ.SG20H2.SIB.ADEBT PRDCRD.BTHSEQ.SG20H2.SIB.ADEBT.CLR PSUC.ONLLIB.LOADLIB PSUC.PAYMATE.ETALK.MASTER,H96_LIST.txt; D2512DEC.txt; D2606JUN.txt; SG SLA; SG_JCL_Evidence.txt,Parsed,Production,Implemented,
SG,TSGCLKH9,CPU_225,S9P0055R,SCP0055R,Matched,10,0.05,0.08,32,0.03,0.07,31,,,Standard,,,SORT SP606310 SP606440,PRDCAU.BTHBGD.SG20H2.ISSLOGT(0) PRDCIS.BTHVSM.SG20H2.CPBSYS PRDCRD.BTHLOD.SG20H2,H96_LIST.txt; D2512DEC.txt; D2606JUN.txt; SG SLA; SG_JCL_Evidence.txt,Parsed,Production,Implemented,
SG,TSGCLKH9,CPU_226,S9P0018R,SCP0018R,Matched,10,0.15,0.48,32,0.15,0.35,31,,,Standard,,,IEFBR14 SORT SP600190 SP606120,PRDCIS.BTHBGD.SG20H2.CPHST(0) PRDCIS.BTHLOD.SG20H2 PRDCIS.BTHVSM.SG20H2.CPBCRD PRDCIS.BTHVSM.SG20H2.CPBSYS PRDCIS.BTHVSM.SG20H2.CPSTRN PRDCRD.BTHLOD.SG20H2 PRDCRD.BTHSEQ.SG20H2.POSTED,H96_LIST.txt; D2512DEC.txt; D2606JUN.txt; SG SLA; SG_JCL_Evidence.txt,Parsed,Production,Implemented,
SG,TSGCLKH9,CPU_227,S9PSTMT1,SCPSTMT1,Matched,10,1.92,7.27,32,1.75,7.37,31,-,07:15,Critical,,Datapost,ETALK ICEGENER ICETOOL IEFBR14 SORT SP600330 SP604700 SP604800 SP604900 SP605100 SP605110 SP607330 SP612620,PRDCIS.BKPVSM.SG20H2.CPBCPX.JCPALXR PRDCIS.BTHVSM.SG20H2.CPBAPX PRDCIS.BTHVSM.SG20H2.CPBCRD PRDCIS.BTHVSM.SG20H2.CPBCUS PRDCIS.BTHVSM.SG20H2.CPBPLT PRDCIS.BTHVSM.SG20H2.CPBSYS PRDCIS.BTHVSM.SG20H2.CPBUCP PRDCIS.BTHVSM.SG20H2.CPNSTMT PRDCIS.BTHVSM.SG20H2.CPSTRN PRDCIS.ONLVSM.SG20H2.CPCPX PRDCIS.ONLVSM.SG20H2.CPPFX.PATH PRDCLB.BTHVSM.SG20H2.LBAASTM PRDCRD.BTHCTL.SG20H2(ICP00076) PRDCRD.BTHCTL.SG20H2(ICP00127) PRDCRD.BTHSEQ.SG20H2.STM.CPSTRN.AWSM PRDCRD.BTHSEQ.SG20H2.STM.CPSTRN.PSEU PRDCRD.BTHSEQ.SG20H2.STM.CPSTRN.S PRDCRD.BTHSEQ.SG20H2.STM.CPSTRN.WSCC PRDCRD.BTHSEQ.SG20H2.STM.FNL.CLR1.AD PRDCRD.BTHSEQ.SG20H2.STM.FNL.CLR1.ND PRDCRD.BTHSEQ.SG20H2.STM.FNL.CLR1A PRDCRD.BTHSEQ.SG20H2.STM.FNL.CLR1B PRDCRD.BTHSEQ.SG20H2.STM.FNL.CLR2.AD PRDCRD.BTHSEQ.SG20H2.STM.FNL.CLR2.ND PRDCRD.BTHSEQ.SG20H2.STM.FNL.CLR23AD PRDCRD.BTHSEQ.SG20H2.STM.FNL.CLR23ND PRDCRD.BTHSEQ.SG20H2.STM.FNL.CLR27AD PRDCRD.BTHSEQ.SG20H2.STM.FNL.CLR27ND PRDCRD.BTHSEQ.SG20H2.STM.FNL.CLR2A PRDCRD.BTHSEQ.SG20H2.STM.FNL.CLR2B,H96_LIST.txt; D2512DEC.txt; D2606JUN.txt; SG SLA; SG_JCL_Evidence.txt,Parsed,Production,Implemented,
SG,TSGCLKH9,CPU_228,S9P0019R,SCP0019R,Matched,10,0,0,32,0,0,31,,,Standard,,,IDCAMS SP600120,PRDCIS.BTHVSM.SG20H2.BNCPU580 PRDCIS.BTHVSM.SG20H2.CPBSYS PRDCRD.BTHLOD.SG20H2 PRDCRD.BTHVSM.SG20H2.MTD.CPU580,H96_LIST.txt; D2512DEC.txt; D2606JUN.txt; SG SLA; SG_JCL_Evidence.txt,Parsed,Production,Implemented,
SG,TSGCLKH9,CPU_229,S9P0057U,SCP0057U,User mapped,10,,,0,,,0,,,Standard,,,ETALK IDCAMS IEFBR14 SORT SP606800 SP612540,PRDCIS.BTHVSM.SG20H2.CPBAPX PRDCIS.BTHVSM.SG20H2.CPBCRD PRDCIS.BTHVSM.SG20H2.CPBCRD.OMITC5 PRDCIS.BTHVSM.SG20H2.CPBSYS PRDCIS.BTHVSM.SG20H2.CPSTMT PRDCIS.WRKSEQ.SG20H2.CPBCRD.OMITC5 PRDCRD.BTHCTL.SG20H2(ICP00037) PRDCRD.BTHCTL.SG20H2(ICP00092) PRDCRD.BTHCTL.SG20H2(ICP00099) PRDCRD.BTHCTL.SG20H2(REPRO) PRDCRD.BTHPRM.SG20H2.SUP(ICP00039) PRDCRD.BTHSEQ.SG20H2.SIB.GIRO.ENC PRDCRD.BTHSEQ.SG20H2.SIB.GIRO.OUT PRDCRD.BTHVSM.SG20H2.EGIRO PRDCRD.BTHVSM.SG20H2.IBGEXT PRDCSS.ONLVSM.SG20H2.CSHOL PSUC.PAYMATE.ETALK.MASTER,H96_LIST.txt; D2512DEC.txt; D2606JUN.txt; SG SLA; SG_JCL_Evidence.txt; user mapping 2026-07-19; D2512DEC.txt; D2606JUN.txt; SG_JCL_Evidence.txt,User confirmed mapping,Production,Implemented,
SG,TSGCLKH9,CPU_230,S9P0068U,SCP0068U,Matched,10,0.46,0.58,32,0.47,0.57,31,-,07:30,Critical,,SMS,ETALK ICETOOL IDCAMS SORT SP612600,&CNTLLIB(ICP00134) &ENV.CRD.BTHSEQ.&VER.DSE.SMSETBCL.RPT PRDCIS.BKPVSM.SG20H2.CPBCPX.JCPALXR PRDCIS.BTHSEQ.SG20H2.CPHST.CPDY3 PRDCIS.BTHVSM.SG20H2.CPBCAX PRDCIS.BTHVSM.SG20H2.CPBCRD PRDCIS.BTHVSM.SG20H2.CPBCUS PRDCIS.BTHVSM.SG20H2.CPBPLT PRDCIS.BTHVSM.SG20H2.CPBSYS PRDCIS.BTHVSM.SG20H2.CPSTRN PRDCIS.WRKSEQ.SG20H2.CPHST.SCP0068U PRDCRD.BTHCTL.SG20H2(ICP00143) PRDCRD.BTHCTL.SG20H2(ICP00258) PRDCRD.BTHPRM.SG20H2.SUP(ICP00102) PRDCRD.BTHPRM.SG20H2.SUP(ICP00104) PRDCRD.BTHPRM.SG20H2.SUP(ICP00144) PRDCRD.BTHSEQ.SG20H2.CASHLOAN.LTR PRDCRD.BTHSEQ.SG20H2.CASHLOAN.LTR.ENC PRDCRD.BTHSEQ.SG20H2.CASHLOAN.LTR.SRT PRDCRD.BTHSEQ.SG20H2.DSE.SMSETBCL PRDCRD.BTHSEQ.SG20H2.DSE.SMSETBCL.RPT PRDCRD.BTHSEQ.SG20H2.PERS.LTR PRDCRD.BTHSEQ.SG20H2.PERS.LTR.ENC PRDCRD.BTHSEQ.SG20H2.PERS.LTR.SRT PRDCRD.BTHSEQ.SG20H2.TERM.LTR PRDCRD.BTHSEQ.SG20H2.TERM.LTR.ENC PRDCRD.BTHSEQ.SG20H2.TERM.LTR.SRT PRDEPP.ONLVSM.SG20H2.EPTRANS PSUC.PAYMATE.ETALK.MASTER PSUC.UID.EFTP.SG.DATAPOST,H96_LIST.txt; D2512DEC.txt; D2606JUN.txt; SG SLA; SG_JCL_Evidence.txt,Parsed,Production,Implemented,Daily
SG,TSGCLKH9,CPU_231,S9P0109U,SCP0109U,Matched,10,1.06,1.37,32,1.11,1.35,31,,6.30AM,Critical,,G3 / SGPS,ETALK IDCAMS IEFBR14 SORT SP607010 SP607020 SP607060 SP607130,&ENV.CIS.BKPVSM.&VER.CPBCPX.JCPALXR &ENV.CIS.BTHSEQ.&VER.CPHST.CPDY3 &ENV.CIS.BTHVSM.&VER.CPBAPX &ENV.CIS.BTHVSM.&VER.CPBCAX &ENV.CIS.BTHVSM.&VER.CPBCRD &ENV.CIS.BTHVSM.&VER.CPBCUS &ENV.CIS.BTHVSM.&VER.CPBPLT &ENV.CIS.BTHVSM.&VER.CPBSYS &ENV.CIS.BTHVSM.&VER.CPSTRN &ENV.CRD.BTHSEQ.&VER.G3.OUTTL &ENV.CRD.BTHSEQ.&VER.G3.OUTTL.ENC &ENV.CRD.BTHSEQ.&VER.G3.OUTTL.PUT &ENV.CRD.BTHVSM.&VER.G3.TL.CTL &ENV.CSS.ONLVSM.&VER.CSHOL PRDCRD.BTHSEQ.SG20H2.G3.OUTTL.PUT PRDCRD.BTHSEQ.SG20H2.G3.SPCHAR.CT PSUC.PAYMATE.ETALK.MASTER,H96_LIST.txt; D2512DEC.txt; D2606JUN.txt; SG SLA; SG_JCL_Evidence.txt,Parsed,Production,Implemented,
SG,TSGCLKH9,CPU_232,S9P0005R,SCP0005R,Matched,10,4.44,8.27,32,3.71,7.27,31,,,Standard,,,ETALK IEFBR14 SP603700,PRDCIS.BTHVSM.SG20H2.CPBCRD PRDCIS.BTHVSM.SG20H2.CPBPLT PRDCIS.BTHVSM.SG20H2.CPBSYS PRDCRD.BTHCTL.SG20H2(ICP00015) PRDCRD.BTHLOD.SG20H2 PRDCRD.BTHSEQ.SG20H2.SIB.CCLIST PRDCRD.BTHSEQ.SG20H2.SIB.CCLIST.CLR PSUC.ONLLIB.LOADLIB PSUC.PAYMATE.ETALK.MASTER,H96_LIST.txt; D2512DEC.txt; D2606JUN.txt; SG SLA; SG_JCL_Evidence.txt,Parsed,Production,Implemented,
SG,TSGCLKH9,CPU_233,S9PUAB01,SCPUAB01,Matched,10,0.07,0.12,32,0.06,0.08,31,,,Standard,,,,PRDCAU.BTHLOD.SG20H2 PRDCIS.BTHLOD.SG20H2 PRDCSS.BTHLOD.SG20H2,H96_LIST.txt; D2512DEC.txt; D2606JUN.txt; SG SLA; SG_JCL_Evidence.txt,Parsed,Production,Implemented,
SG,TSGCLKH9,CPU_234,S9PUAB02,SCPUAB02,Matched,10,0.01,0.02,32,0.01,0.03,31,,,Standard,,,,PRDCIS.BTHLOD.SG20H2 PRDCSS.BTHLOD.SG20H2,H96_LIST.txt; D2512DEC.txt; D2606JUN.txt; SG SLA; SG_JCL_Evidence.txt,Parsed,Production,Implemented,
SG,TSGCLKH9,CPU_235,S9PUAB03,SCPUAB03,Matched,10,0.04,0.07,32,0.05,0.08,31,,,Standard,,,,PRDCIS.BTHLOD.SG20H2 PRDCSS.BTHLOD.SG20H2,H96_LIST.txt; D2512DEC.txt; D2606JUN.txt; SG SLA; SG_JCL_Evidence.txt,Parsed,Production,Implemented,
SG,TSGCLKH9,CPU_236,S9PUAB04,SCPUAB04,Matched,10,0.07,0.12,32,0.07,0.1,31,,,Standard,,,,PRDCIS.BTHLOD.SG20H2 PRDCSS.BTHLOD.SG20H2,H96_LIST.txt; D2512DEC.txt; D2606JUN.txt; SG SLA; SG_JCL_Evidence.txt,Parsed,Production,Implemented,
SG,TSGCLKH9,CPU_237,S9PUAB05,SCPUAB05,Matched,10,0.07,0.12,32,0.07,0.12,31,,,Standard,,,,PRDCIS.BTHLOD.SG20H2 PRDCSS.BTHLOD.SG20H2,H96_LIST.txt; D2512DEC.txt; D2606JUN.txt; SG SLA; SG_JCL_Evidence.txt,Parsed,Production,Implemented,
SG,TSGCLKH9,CPU_238,S9PUAB06,SCPUAB06,Matched,10,0,0.02,32,0,0,31,,,Standard,,,,PRDCIS.BTHLOD.SG20H2 PRDCSS.BTHLOD.SG20H2,H96_LIST.txt; D2512DEC.txt; D2606JUN.txt; SG SLA; SG_JCL_Evidence.txt,Parsed,Production,Implemented,
SG,TSGCLKH9,CPU_239,S9PUAB07,SCPUAB07,Matched,10,0.1,0.17,32,0.11,0.28,31,,,Standard,,,,PRDCIS.BTHLOD.SG20H2 PRDCSS.BTHLOD.SG20H2,H96_LIST.txt; D2512DEC.txt; D2606JUN.txt; SG SLA; SG_JCL_Evidence.txt,Parsed,Production,Implemented,
SG,TSGCLKH9,CPU_240,S9PUAB12,SCPUAB12,Matched,10,0,0,32,0,0,31,,,Standard,,,,PRDCAU.BTHLOD.SG20H2 PRDCIS.BTHLOD.SG20H2 PRDCSS.BTHLOD.SG20H2,H96_LIST.txt; D2512DEC.txt; D2606JUN.txt; SG SLA; SG_JCL_Evidence.txt,Parsed,Production,Implemented,
SG,TSGCLKH9,CPU_241,S9XCVSOR,SCXCVSOR,Matched,10,0.11,0.18,32,0.08,0.13,31,,,Standard,,,CXCC032 CXCV030 CXU016 IDCAMS IEBGENER IEFBR14 SORT,!INDEXV!.CX10V.CXHADN PRDCRD.BTHCTL.SG20H2(CXCC032R) PRDCRD.BTHCTL.SG20H2(CXCV030P) PRDCRD.BTHCTL.SG20H2(CXRESET) PRDCRD.BTHCTL.SG20H2(CXTEPVDF) PRDCRD.BTHCTL.SG20H2(CXTEPVDL) PRDCRD.BTHCTL.SG20H2(DYNALL32) PRDCRD.BTHCTL.SG20H2(ICPK1000) PRDIMX.BTHSEQ.SG20H2.CXTFES.PRT.VS PRDIMX.BTHSEQ.SG20H2.CXTFO.VSO.PRT PRDIMX.BTHSEQ.SG20H2.CXVSO.PRT PRDIMX.BTHVSM.SG20H2.CXTFE.PRT.VS PRDIMX.ONLVSM.SG20H2.CXHSE01 PRDIMX.ONLVSM.SG20H2.CXHSE02 PRDIMX.ONLVSM.SG20H2.CXHSE03 PRDIMX.ONLVSM.SG20H2.CXHSE04 PRDIMX.ONLVSM.SG20H2.CXHSE05 PRDIMX.ONLVSM.SG20H2.CXHSK PRDIMX.ONLVSM.SG20H2.CXPRT PRDIMX.ONLVSM.SG20H2.CXSYS PRDTCP.ONLVSM.SG20H2.TCPPPM,H96_LIST.txt; D2512DEC.txt; D2606JUN.txt; SG SLA; SG_JCL_Evidence.txt,Parsed,Production,Implemented,
SG,TSGCLKH9,CPU_242,S9XCMCOR,SCXCMCOR,Matched,10,0.12,0.18,32,0.1,0.13,31,,,Standard,,,CXCC032 CXCM040 CXU016 IDCAMS IEBGENER IEFBR14 SORT,PRDCRD.BTHCTL.SG20H2(CXCC032R) PRDCRD.BTHCTL.SG20H2(CXCM040P) PRDCRD.BTHCTL.SG20H2(CXRESET) PRDCRD.BTHCTL.SG20H2(CXTEPMDF) PRDCRD.BTHCTL.SG20H2(CXTEPMDL) PRDCRD.BTHCTL.SG20H2(DYNALL32) PRDCRD.BTHCTL.SG20H2(ICPK1000) PRDCRD.BTHCTL.SG20H2(REPROCX) PRDCSS.ONLVSM.SG20H2.CSCPES PRDIMX.BTHSEQ.SG20H2.CXIPMO.OUTR PRDIMX.BTHSEQ.SG20H2.CXIPMOR PRDIMX.BTHSEQ.SG20H2.CXTFES.PRT PRDIMX.BTHSEQ.SG20H2.CXTFO.MCO.PRT PRDIMX.BTHVSM.SG20H2.CXABS PRDIMX.BTHVSM.SG20H2.CXTFE.PRT.MC PRDIMX.ONLVSM.SG20H2.CXHSE01 PRDIMX.ONLVSM.SG20H2.CXHSE02 PRDIMX.ONLVSM.SG20H2.CXHSE03 PRDIMX.ONLVSM.SG20H2.CXHSE04 PRDIMX.ONLVSM.SG20H2.CXHSE05 PRDIMX.ONLVSM.SG20H2.CXHSK PRDIMX.ONLVSM.SG20H2.CXPRT PRDIMX.ONLVSM.SG20H2.CXSYS PRDTCP.ONLVSM.SG20H2.TCPPPM,H96_LIST.txt; D2512DEC.txt; D2606JUN.txt; SG SLA; SG_JCL_Evidence.txt,Parsed,Production,Implemented,
SG,TSGCLKH9,CPU_243,S9XPRBKP,SCXPRBKP,Matched,10,0,0,32,0,0,31,,,Standard,,,IDCAMS,PRDIMX.BKPBGD.SG20H2.CXPRT(+1) PRDIMX.ONLVSM.SG20H2.CXPRT,H96_LIST.txt; D2512DEC.txt; D2606JUN.txt; SG SLA; SG_JCL_Evidence.txt,Parsed,Production,Implemented,
SG,TSGCLKH9,CPU_244,S9XCLPRT,SCXCLPRT,Matched,10,0.03,0.05,32,0.02,0.03,31,,,Standard,,,IDCAMS SORT,PRDCRD.BTHCTL.SG20H2(CXPRTDF) PRDCRD.BTHCTL.SG20H2(CXPRTDL) PRDCRD.BTHCTL.SG20H2(CXRESET) PRDCRD.BTHCTL.SG20H2(DYNALL32) PRDIMX.BTHSEQ.SG20H2.CXTFO.MCO.PRT PRDIMX.BTHSEQ.SG20H2.CXTFO.MXO.PRT PRDIMX.BTHSEQ.SG20H2.CXTFO.VSO.PRT PRDIMX.ONLVSM.SG20H2.CXPRT PRDIMX.ONLVSM.SG20H2.CXPRTA,H96_LIST.txt; D2512DEC.txt; D2606JUN.txt; SG SLA; SG_JCL_Evidence.txt,Parsed,Production,Implemented,
SG,TSGCLKH9,CPU_245,S9MISM#0,SMISM#0,Matched,10,0.01,0.02,32,0,0.02,31,,,Standard,,,,&CNTLLIB(MID500A) PRDCAU.BTHLOD.SG20H2 PRDCSS.BTHLOD.SG20H2 PRDMBI.BTHLOD.SG20H2,H96_LIST.txt; D2512DEC.txt; D2606JUN.txt; SG SLA; SG_JCL_Evidence.txt,Parsed,Production,Implemented,
SG,TSGCLKH9,CPU_246,S9MISM#1,SMISM#1,Matched,10,0,0,32,0,0,31,,,Standard,,,,&CNTLLIB(MID500B) PRDCAU.BTHLOD.SG20H2 PRDCSS.BTHLOD.SG20H2 PRDMBI.BTHLOD.SG20H2,H96_LIST.txt; D2512DEC.txt; D2606JUN.txt; SG SLA; SG_JCL_Evidence.txt,Parsed,Production,Implemented,
SG,TSGCLKH9,CPU_247,S9P1422B,SCP1422B,Matched,10,6.04,9.18,32,6.64,10.93,31,,,Standard,,,IDCAMS,&CNTLLIB(REPRO5) &ENV.MBI.BTHBGD.&VER.MIHIST.BBK(+1) &ENV.MBI.BTHBGD.&VER.MILOG1.BBK(+1) &ENV.MBI.BTHBGD.&VER.MILOG2.BBK(+1) &ENV.MBI.BTHBGD.&VER.MILOG3.BBK(+1) &ENV.MBI.BTHBGD.&VER.MISYS.BBK(+1) &ENV.MBI.BTHVSM.&VER.MIHIST &ENV.MBI.ONLVSM.&VER.MILOG1 &ENV.MBI.ONLVSM.&VER.MILOG2 &ENV.MBI.ONLVSM.&VER.MILOG3 &ENV.MBI.ONLVSM.&VER.MISYS,H96_LIST.txt; D2512DEC.txt; D2606JUN.txt; SG SLA; SG_JCL_Evidence.txt,Parsed,Production,Implemented,
SG,TSGCLKH9,CPU_248,S9MIEODC,SMIEODJC,User mapped,10,4.23,6.47,32,3.85,5.6,31,,,Standard,,,,PRDCAU.BTHLOD.SG20H2 PRDCIS.BTHLOD.SG20H2 PRDCSS.BTHLOD.SG20H2 PRDMBI.BTHLOD.SG20H2,H96_LIST.txt; D2512DEC.txt; D2606JUN.txt; SG SLA; SG_JCL_Evidence.txt; user mapping 2026-07-19; D2512DEC.txt; D2606JUN.txt; SG_JCL_Evidence.txt,User confirmed mapping,Production,Implemented,
SG,TSGCLKH9,CPU_249,S9MISM#2,SMISM#2,Matched,10,0,0,32,0,0,31,,,Standard,,,,&CNTLLIB(MID500C) PRDCAU.BTHLOD.SG20H2 PRDCSS.BTHLOD.SG20H2 PRDMBI.BTHLOD.SG20H2,H96_LIST.txt; D2512DEC.txt; D2606JUN.txt; SG SLA; SG_JCL_Evidence.txt,Parsed,Production,Implemented,
SG,TSGCLKH9,CPU_250,S9P1423B,SCP1423B,Matched,10,2.04,2.87,32,2.3,4.7,31,,,Standard,,,IDCAMS,&CNTLLIB(REPRO5) &ENV.MBI.BTHBGD.&VER.MIHIST.A1BK(+1) &ENV.MBI.BTHBGD.&VER.MILOG1.A1BK(+1) &ENV.MBI.BTHBGD.&VER.MILOG2.A1BK(+1) &ENV.MBI.BTHBGD.&VER.MILOG3.A1BK(+1) &ENV.MBI.BTHBGD.&VER.MISYS.A1BK(+1) &ENV.MBI.BTHVSM.&VER.MIHIST &ENV.MBI.ONLVSM.&VER.MILOG1 &ENV.MBI.ONLVSM.&VER.MILOG2 &ENV.MBI.ONLVSM.&VER.MILOG3 &ENV.MBI.ONLVSM.&VER.MISYS,H96_LIST.txt; D2512DEC.txt; D2606JUN.txt; SG SLA; SG_JCL_Evidence.txt,Parsed,Production,Implemented,
SG,TSGCLKH9,CPU_251,S9MIAF1C,SMIAF1JC,User mapped,10,0.05,0.1,32,0.07,0.13,31,,,Standard,,,,PRDCAU.BTHLOD.SG20H2 PRDCIS.BTHLOD.SG20H2 PRDCSS.BTHLOD.SG20H2 PRDMBI.BTHLOD.SG20H2,H96_LIST.txt; D2512DEC.txt; D2606JUN.txt; SG SLA; SG_JCL_Evidence.txt; user mapping 2026-07-19; D2512DEC.txt; D2606JUN.txt; SG_JCL_Evidence.txt,User confirmed mapping,Production,Implemented,
SG,TSGCLKH9,CPU_253,S9P0016R,SCP0016R,Matched,10,0.39,0.53,32,0.33,0.5,31,,,Standard,,,ICETOOL IDCAMS IEFBR14 SORT SP601500 SP606600 SP612830 SP612840,PRDCIS.BTHSEQ.SG20H2.CRDLIM PRDCIS.BTHVSM.SG20H2.CPBPLT PRDCIS.BTHVSM.SG20H2.CPBSYS PRDCIS.BTHVSM.SG20H2.CPCCPF.ALL PRDCIS.BTHVSM.SG20H2.CPTCPF PRDCIS.BTHVSM.SG20H2.CPTCPF.ALL PRDCIS.ONLVSM.SG20H2.CPCMH PRDCRD.BTHCTL.SG20H2(DYNALL32) PRDCRD.BTHLOD.SG20H2 PRDCRD.WRKSEQ.SG20H2.CMH.FLS PRDCRD.WRKSEQ.SG20H2.CMH.X PRDCRD.WRKSEQ.SG20H2.FLS.DTL PRDCRD.WRKSEQ.SG20H2.PLT.FLS PRDCRD.WRKSEQ.SG20H2.PLT.X PRDCRD.WRKSEQ.SG20H2.X.DTL,H96_LIST.txt; D2512DEC.txt; D2606JUN.txt; SG SLA; SG_JCL_Evidence.txt,Parsed,Production,Implemented,
SG,TSGCLKH9,CPU_254,S9P0474R,SCP0474R,Matched,10,0,0,1,0,0,1,,,Standard,,,IDCAMS SORT SP600440,PRDCIS.BTHLOD.SG20H2 PRDCIS.BTHVSM.SG20H2.CPBSYS PRDCRD.BTHCTL.SG20H2(ICP00204) PRDCRD.BTHLOD.SG20H2 PRDCRD.BTHVSM.SG20H2.EMBAGE,H96_LIST.txt; D2512DEC.txt; D2606JUN.txt; SG SLA; SG_JCL_Evidence.txt,Parsed,Production,Implemented,
SG,TSGCLKH9,CPU_255,S9END,,Dev only - not in Prod,10,,,0,,,0,,,Standard,,,,,H96_LIST.txt; D2512DEC.txt; D2606JUN.txt; SG SLA; SG_JCL_Evidence.txt; user confirmation 2026-07-19,User confirmed dev-only,Development,Not implemented in production; runs in development only.,
SG,TSGCLKH9#2,CPU_001,S9START2,,Dev only - not in Prod,1,,,0,,,0,,,Standard,,,,,H96_LIST.txt; D2512DEC.txt; D2606JUN.txt; SG SLA; SG_JCL_Evidence.txt; user confirmation 2026-07-19,User confirmed dev-only,Development,Not implemented in production; runs in development only.,
SG,TSGCLKH9#2,CPU_002,S9PMGPMX,SCPMGPMX,Matched,1,0,0,32,0,0,31,,,Standard,,,,PRDCIS.BTHLOD.SG20H2 PRDCSS.BTHLOD.SG20H2,H96_LIST.txt; D2512DEC.txt; D2606JUN.txt; SG SLA; SG_JCL_Evidence.txt,Parsed,Production,Implemented,
SG,TSGCLKH9#2,CPU_003,S9PDY2K,SCPDY2K,Matched,1,0.12,0.15,32,0.12,0.13,31,,,Standard,,,,PRDCIS.BTHLOD.SG20H2 PRDCSS.BTHLOD.SG20H2,H96_LIST.txt; D2512DEC.txt; D2606JUN.txt; SG SLA; SG_JCL_Evidence.txt,Parsed,Production,Implemented,
SG,TSGCLKH9#2,CPU_004,S9PDY3AU,SCPDY3AU,Matched,1,0.16,0.62,32,0.25,0.62,31,,,Standard,,,,PRDCIS.BTHLOD.SG20H2 PRDCSS.BTHLOD.SG20H2 PRDIMX.BTHLOD.SG20H2,H96_LIST.txt; D2512DEC.txt; D2606JUN.txt; SG SLA; SG_JCL_Evidence.txt,Parsed,Production,Implemented,
SG,TSGCLKH9#2,CPU_005,S9PDY3BU,SCPDY3BU,Matched,1,0.24,0.42,32,0.21,0.33,31,,,Standard,,,,PRDCIS.BTHLOD.SG20H2 PRDCSS.BTHLOD.SG20H2 PRDIMX.BTHLOD.SG20H2,H96_LIST.txt; D2512DEC.txt; D2606JUN.txt; SG SLA; SG_JCL_Evidence.txt,Parsed,Production,Implemented,
SG,TSGCLKH9#2,CPU_006,S9PDY3C,SCPDY3C,Matched,1,0.29,0.45,32,0.27,0.45,31,,,Standard,,,,PRDCIS.BTHLOD.SG20H2 PRDCSS.BTHLOD.SG20H2 PRDIMX.BTHLOD.SG20H2,H96_LIST.txt; D2512DEC.txt; D2606JUN.txt; SG SLA; SG_JCL_Evidence.txt,Parsed,Production,Implemented,
SG,TSGCLKH9#2,CPU_007,S9PDY3DU,SCPDY3DU,Matched,1,0.25,0.5,32,0.18,0.37,31,,,Standard,,,,PRDCIS.BTHLOD.SG20H2 PRDCSS.BTHLOD.SG20H2 PRDIMX.BTHLOD.SG20H2,H96_LIST.txt; D2512DEC.txt; D2606JUN.txt; SG SLA; SG_JCL_Evidence.txt,Parsed,Production,Implemented,
SG,TSGCLKH9#2,CPU_008,S9PDY3E,SCPDY3E,Matched,1,0.08,0.12,32,0.08,0.12,31,,,Standard,,,,PRDCIS.BTHLOD.SG20H2 PRDCSS.BTHLOD.SG20H2 PRDIMX.BTHLOD.SG20H2,H96_LIST.txt; D2512DEC.txt; D2606JUN.txt; SG SLA; SG_JCL_Evidence.txt,Parsed,Production,Implemented,
SG,TSGCLKH9#2,CPU_009,S9PDY3F,SCPDY3F,Matched,1,0.02,0.03,32,0.01,0.03,31,,,Standard,,,,PRDCIS.BTHLOD.SG20H2 PRDCSS.BTHLOD.SG20H2 PRDIMX.BTHLOD.SG20H2,H96_LIST.txt; D2512DEC.txt; D2606JUN.txt; SG SLA; SG_JCL_Evidence.txt,Parsed,Production,Implemented,
SG,TSGCLKH9#2,CPU_010,S9PDY3GU,SCPDY3GU,Matched,1,0.38,0.53,32,0.31,0.58,31,,,Standard,,,,PRDCIS.BTHLOD.SG20H2 PRDCSS.BTHLOD.SG20H2 PRDIMX.BTHLOD.SG20H2,H96_LIST.txt; D2512DEC.txt; D2606JUN.txt; SG SLA; SG_JCL_Evidence.txt,Parsed,Production,Implemented,
SG,TSGCLKH9#2,CPU_011,S9PMRG01,SCPMRG01,Matched,1,0.01,0.02,32,0.01,0.02,31,,,Standard,,,,PRDCIS.BTHLOD.SG20H2 PRDCSS.BTHLOD.SG20H2,H96_LIST.txt; D2512DEC.txt; D2606JUN.txt; SG SLA; SG_JCL_Evidence.txt,Parsed,Production,Implemented,
SG,TSGCLKH9#2,CPU_012,S9PDY3HU,SCPDY3HU,Matched,1,1.7,2.33,32,1.53,2.58,31,,,Standard,,,,PRDCIS.BTHLOD.SG20H2 PRDCRD.BTHLOD.SG20H2 PRDCSS.BTHLOD.SG20H2 PRDIMX.BTHLOD.SG20H2,H96_LIST.txt; D2512DEC.txt; D2606JUN.txt; SG SLA; SG_JCL_Evidence.txt,Parsed,Production,Implemented,
SG,TSGCLKH9#2,CPU_013,S9PDY3I,SCPDY3I,Matched,1,0.39,0.55,32,0.27,0.47,31,,,Standard,,,,PRDCIS.BTHLOD.SG20H2 PRDCRD.BTHLOD.SG20H2 PRDCSS.BTHLOD.SG20H2 PRDIMX.BTHLOD.SG20H2,H96_LIST.txt; D2512DEC.txt; D2606JUN.txt; SG SLA; SG_JCL_Evidence.txt,Parsed,Production,Implemented,
SG,TSGCLKH9#2,CPU_014,S9PDY3JU,SCPDY3JU,Matched,1,0.37,0.55,32,0.35,0.48,31,,,Standard,,,,,H96_LIST.txt; D2512DEC.txt; D2606JUN.txt; SG SLA; SG_JCL_Evidence.txt,Parsed,Production,Implemented,
SG,TSGCLKH9#2,CPU_015,S9PDY3K,SCPDY3K,Matched,1,0.48,3.78,32,0.41,2.25,31,,,Standard,,,,PRDCAU.BTHLOD.SG20H2 PRDCIS.BTHLOD.SG20H2 PRDCSS.BTHLOD.SG20H2,H96_LIST.txt; D2512DEC.txt; D2606JUN.txt; SG SLA; SG_JCL_Evidence.txt,Parsed,Production,Implemented,
SG,TSGCLKH9#2,CPU_016,S9PDY5G,SCPDY5G,Matched,1,0.02,0.03,32,0.02,0.03,31,,,Standard,,,,PRDCIS.BTHLOD.SG20H2 PRDCSS.BTHLOD.SG20H2 PRDIMX.BTHLOD.SG20H2,H96_LIST.txt; D2512DEC.txt; D2606JUN.txt; SG SLA; SG_JCL_Evidence.txt,Parsed,Production,Implemented,
SG,TSGCLKH9#2,CPU_017,S9PDY7H,SCPDY7H,Matched,1,1.66,2.47,32,1.48,2.4,31,,,Standard,,,,PRDCIS.BTHLOD.SG20H2 PRDCSS.BTHLOD.SG20H2 PRDIMX.BTHLOD.SG20H2,H96_LIST.txt; D2512DEC.txt; D2606JUN.txt; SG SLA; SG_JCL_Evidence.txt,Parsed,Production,Implemented,
SG,TSGCLKH9#2,CPU_018,S9PDY12A,SCPDY12A,Matched,1,0.01,0.02,32,0.01,0.02,31,,,Standard,,,,PRDCIS.BTHLOD.SG20H2 PRDCSS.BTHLOD.SG20H2,H96_LIST.txt; D2512DEC.txt; D2606JUN.txt; SG SLA; SG_JCL_Evidence.txt,Parsed,Production,Implemented,
SG,TSGCLKH9#2,CPU_019,S9PDY12B,SCPDY12B,Matched,1,0.02,0.03,32,0.02,0.03,31,,,Standard,,,,&CNTLLIB(CPUCPCL) &CNTLLIB(CPUCPOP) PRDCIS.BTHLOD.SG20H2 PRDCSS.BTHLOD.SG20H2,H96_LIST.txt; D2512DEC.txt; D2606JUN.txt; SG SLA; SG_JCL_Evidence.txt,Parsed,Production,Implemented,
SG,TSGCLKH9#2,CPU_020,S9PDY3L,SCPDY3L,Matched,1,3.94,5.57,32,3.65,6.03,31,,,Standard,,,,PRDCIS.BTHLOD.SG20H2 PRDCSS.BTHLOD.SG20H2,H96_LIST.txt; D2512DEC.txt; D2606JUN.txt; SG SLA; SG_JCL_Evidence.txt,Parsed,Production,Implemented,
SG,TSGCLKH9#2,CPU_021,S9PDY8A,SCPDY8A,Matched,1,0,0,32,0,0,31,,,Standard,,,,PRDCIS.BTHLOD.SG20H2 PRDCSS.BTHLOD.SG20H2,H96_LIST.txt; D2512DEC.txt; D2606JUN.txt; SG SLA; SG_JCL_Evidence.txt,Parsed,Production,Implemented,
SG,TSGCLKH9#2,CPU_022,S9PDY11F,SCPDY11F,Matched,1,0.08,0.12,32,0.07,0.12,31,,,Standard,,,,PRDCIS.BTHLOD.SG20H2 PRDCSS.BTHLOD.SG20H2,H96_LIST.txt; D2512DEC.txt; D2606JUN.txt; SG SLA; SG_JCL_Evidence.txt,Parsed,Production,Implemented,
SG,TSGCLKH9#2,CPU_023,S9PUHRNM,SCPUHRNM,Matched,1,0,0,32,0,0,31,,,Standard,,,,PRDCAU.BTHLOD.SG20H2 PRDCIS.BTHLOD.SG20H2 PRDCSS.BTHLOD.SG20H2,H96_LIST.txt; D2512DEC.txt; D2606JUN.txt; SG SLA; SG_JCL_Evidence.txt,Parsed,Production,Implemented,
SG,TSGCLKH9#2,CPU_024,S9PUCBKA,SCPUCBKA,Matched,1,0.06,0.08,32,0.06,0.08,31,,,Standard,,,IDCAMS,,H96_LIST.txt; D2512DEC.txt; D2606JUN.txt; SG SLA; SG_JCL_Evidence.txt,Parsed,Production,Implemented,
SG,TSGCLKH9#2,CPU_025,S9PUCCD1,SCPUCCD1,Matched,1,0.72,1.05,32,0.75,1.23,31,,,Standard,,,,PRDCIS.BTHLOD.SG20H2,H96_LIST.txt; D2512DEC.txt; D2606JUN.txt; SG SLA; SG_JCL_Evidence.txt,Parsed,Production,Implemented,
SG,TSGCLKH9#2,CPU_026,S9PUCCD5,SCPUCCD5,Matched,1,0.02,0,32,0.05,0,31,,,Standard,,,,PRDCIS.BTHLOD.SG20H2,H96_LIST.txt; D2512DEC.txt; D2606JUN.txt; SG SLA; SG_JCL_Evidence.txt,Parsed,Production,Implemented,
SG,TSGCLKH9#2,CPU_027,S9PUCCA2,SCPUCCA2,Matched,1,0.13,0,32,0.12,0,31,,,Standard,,,,PRDCIS.BTHLOD.SG20H2,H96_LIST.txt; D2512DEC.txt; D2606JUN.txt; SG SLA; SG_JCL_Evidence.txt,Parsed,Production,Implemented,
SG,TSGCLKH9#2,CPU_028,S9PUCCD8,SCPUCCD8,Matched,1,0.06,0,32,0.02,0,31,,,Standard,,,,PRDCIS.BTHLOD.SG20H2,H96_LIST.txt; D2512DEC.txt; D2606JUN.txt; SG SLA; SG_JCL_Evidence.txt,Parsed,Production,Implemented,
SG,TSGCLKH9#2,CPU_029,S9PUCBBK,SCPUCBBK,Matched,1,0.16,0.18,32,0.18,0.22,31,,,Standard,,,IDCAMS IEFBR14,PRDCIS.BTHSEQ.SG20H2.SBBD001A PRDCIS.BTHSEQ.SG20H2.SBBD001A.B4UCCD2,H96_LIST.txt; D2512DEC.txt; D2606JUN.txt; SG SLA; SG_JCL_Evidence.txt,Parsed,Production,Implemented,
SG,TSGCLKH9#2,CPU_030,S9PUCCD9,SCPUCCD9,Matched,1,0.28,0.65,32,0.33,1.03,31,,,Standard,,,,PRDCIS.BTHLOD.SG20H2,H96_LIST.txt; D2512DEC.txt; D2606JUN.txt; SG SLA; SG_JCL_Evidence.txt,Parsed,Production,Implemented,
SG,TSGCLKH9#2,CPU_031,S9PUCCD2,SCPUCCD2,Matched,1,0.01,0.02,32,0.01,0.03,31,,,Standard,,,,PRDCIS.BTHLOD.SG20H2,H96_LIST.txt; D2512DEC.txt; D2606JUN.txt; SG SLA; SG_JCL_Evidence.txt,Parsed,Production,Implemented,
SG,TSGCLKH9#2,CPU_032,S9PUCCD3,SCPUCCD3,Matched,1,0,0,32,0,0.02,31,,,Standard,,,,PRDCIS.BTHLOD.SG20H2,H96_LIST.txt; D2512DEC.txt; D2606JUN.txt; SG SLA; SG_JCL_Evidence.txt,Parsed,Production,Implemented,
SG,TSGCLKH9#2,CPU_033,S9PUCCD4,SCPUCCD4,Matched,1,0,0.02,32,0,0.03,31,,,Standard,,,,PRDCIS.BTHLOD.SG20H2,H96_LIST.txt; D2512DEC.txt; D2606JUN.txt; SG SLA; SG_JCL_Evidence.txt,Parsed,Production,Implemented,
SG,TSGCLKH9#2,CPU_034,S9PUCCD7,SCPUCCD7,Matched,1,0.06,0.07,32,0.07,0.08,31,,,Standard,,,,PRDCIS.BTHLOD.SG20H2,H96_LIST.txt; D2512DEC.txt; D2606JUN.txt; SG SLA; SG_JCL_Evidence.txt,Parsed,Production,Implemented,
SG,TSGCLKH9#2,CPU_035,S9PUCCD6,SCPUCCD6,Matched,1,0.7,1.27,32,0.61,1.08,31,,,Standard,,,,PRDCIS.BTHLOD.SG20H2,H96_LIST.txt; D2512DEC.txt; D2606JUN.txt; SG SLA; SG_JCL_Evidence.txt,Parsed,Production,Implemented,
SG,TSGCLKH9#2,CPU_036,S9PUCD10,SCPUCD10,Matched,1,0.48,1.03,32,0.42,0.77,31,,,Standard,,,,PRDCIS.BTHLOD.SG20H2,H96_LIST.txt; D2512DEC.txt; D2606JUN.txt; SG SLA; SG_JCL_Evidence.txt,Parsed,Production,Implemented,
SG,TSGCLKH9#2,CPU_037,S9PUCBKG,SCPUCBKG,Matched,1,0.05,0.07,32,0.06,0.07,31,,,Standard,,,IDCAMS,,H96_LIST.txt; D2512DEC.txt; D2606JUN.txt; SG SLA; SG_JCL_Evidence.txt,Parsed,Production,Implemented,
SG,TSGCLKH9#2,CPU_038,S9PDSC01,SCPDSC01,Matched,1,0.1,0.67,32,0.12,0.83,31,,,Standard,,,,PRDCIS.BTHLOD.SG20H2 PRDCSS.BTHLOD.SG20H2,H96_LIST.txt; D2512DEC.txt; D2606JUN.txt; SG SLA; SG_JCL_Evidence.txt,Parsed,Production,Implemented,
SG,TSGCLKH9#2,CPU_039,S9PDSC02,SCPDSC02,Matched,1,0.03,0.05,32,0.03,0.05,31,,,Standard,,,SP601000,&CNTLLIB(CPSTRCL),H96_LIST.txt; D2512DEC.txt; D2606JUN.txt; SG SLA; SG_JCL_Evidence.txt,Parsed,Production,Implemented,
SG,TSGCLKH9#2,CPU_040,S9PDSC03,SCPDSC03,Matched,1,0.04,0.07,32,0.04,0.07,31,,,Standard,,,SP601000,&CNTLLIB(CPSTROP),H96_LIST.txt; D2512DEC.txt; D2606JUN.txt; SG SLA; SG_JCL_Evidence.txt,Parsed,Production,Implemented,
SG,TSGCLKH9#2,CPU_041,S9PSTMT2,SCPSTMT2,Matched,1,0.84,1.27,32,0.75,0.92,31,-,07:15,Critical,,Datapost,ETALK ICETOOL SORT SP604700 SP604800 SP604900 SP605100 SP607330,PRDCIS.BKPVSM.SG20H2.CPBCPX.JCPALXR PRDCIS.BTHVSM.SG20H2.CPBAPX PRDCIS.BTHVSM.SG20H2.CPBCRD PRDCIS.BTHVSM.SG20H2.CPBCUS PRDCIS.BTHVSM.SG20H2.CPBPLT PRDCIS.BTHVSM.SG20H2.CPBSYS PRDCIS.BTHVSM.SG20H2.CPBUCP PRDCIS.ONLVSM.SG20H2.CPPFX.PATH PRDCLB.BTHVSM.SG20H2.LBAASTM PRDCRD.BTHCTL.SG20H2(ICP00656) PRDCRD.BTHSEQ.SG20H2.STM.CPSTRN.PSEU PRDCRD.BTHSEQ.SG20H2.STM.FNL.CLR1.PS PRDCRD.BTHSEQ.SG20H2.STM.FNL.CLR1A.PS PRDCRD.BTHSEQ.SG20H2.STM.FNL.CLR1B.PS PRDCRD.BTHSEQ.SG20H2.STM.FNL.CLR2.PS PRDCRD.BTHSEQ.SG20H2.STM.FNL.CLR2A.PS PRDCRD.BTHSEQ.SG20H2.STM.FNL.CLR2B.PS PRDCRD.BTHSEQ.SG20H2.STM.FNL.PS.SUPP.STMT PRDCRD.BTHSEQ.SG20H2.STM.FNL1.PS.SUPP PRDCRD.BTHSEQ.SG20H2.STM.FNLO1.PS PRDCRD.BTHSEQ.SG20H2.STM.FNLO2.PS PRDCRD.BTHSEQ.SG20H2.STM.FNLS1.PS PRDCRD.BTHSEQ.SG20H2.STM.FNLS2.PS PRDCRD.BTHSEQ.SG20H2.STM.SORTG.CLR1.PS PRDCRD.BTHSEQ.SG20H2.STM.SORTG.ZC.PS PRDCRD.BTHSEQ.SG20H2.STM.SORTO.CLR2.PS PRDCRD.BTHSEQ.SG20H2.STM.SORTO.ZC.PS PRDCRD.BTHSEQ.SG20H2.STM.STMT.PS PRDCRD.BTHSEQ.SG20H2.STM.STRN.PS PRDCRD.BTHSEQ.SG20H2.STMTS2.PSEU,H96_LIST.txt; D2512DEC.txt; D2606JUN.txt; SG SLA; SG_JCL_Evidence.txt,Parsed,Production,Implemented,
SG,TSGCLKH9#2,CPU_042,S9PSTMT3,SCPSTMT3,Matched,1,1.28,3.1,32,1.19,3.67,31,-,07:15,Critical,,Datapost,ETALK ICEGENER ICETOOL IEFBR14 SORT SP607510 SP607600 SP607620 SP607700 SP607800 SP607810 SP607900 SP607910,&CNTLLIB(ICPK0500) &ENV.CLB.BTHVSM.&VER.LBAASTM &ENV.CRD.BTHSEQ.&VER.STM.FNL.CLR1AF1 &ENV.CRD.BTHSEQ.&VER.STM.FNL.CLR2AF1 &ENV.CRD.BTHVSM.&VER.LBAASUM &ENV.CRD.WRKSEQ.&VER.STMR.CPSTRN.S &ENV.CRD.WRKSEQ.&VER.STMR.CPSTRN.SA PRDCIS.BKPVSM.SG20H2.CPBCPX.JCPALXR PRDCIS.BTHSEQ.SG20H2.CPSTMTR PRDCIS.BTHSEQ.SG20H2.CPSTRNR PRDCIS.BTHVSM.SG20H2.CPBAPX PRDCIS.BTHVSM.SG20H2.CPBCRD PRDCIS.BTHVSM.SG20H2.CPBCUS PRDCIS.BTHVSM.SG20H2.CPBPLT PRDCIS.BTHVSM.SG20H2.CPBSYS PRDCIS.ONLVSM.SG20H2.CPCPX PRDCIS.ONLVSM.SG20H2.CPPFX.PATH PRDCRD.BTHCTL.SG20H2(ICP00127) PRDCRD.BTHCTL.SG20H2(ICP00658) PRDCRD.BTHSEQ.SG20H2.STM.FNL.CLR1A PRDCRD.BTHSEQ.SG20H2.STM.FNL.CLR1A.AW PRDCRD.BTHSEQ.SG20H2.STM.FNL.CLR1A.PS PRDCRD.BTHSEQ.SG20H2.STM.FNL.CLR1A.WS PRDCRD.BTHSEQ.SG20H2.STM.FNL.CLR1B PRDCRD.BTHSEQ.SG20H2.STM.FNL.CLR1B.AW PRDCRD.BTHSEQ.SG20H2.STM.FNL.CLR1B.PS PRDCRD.BTHSEQ.SG20H2.STM.FNL.CLR2A PRDCRD.BTHSEQ.SG20H2.STM.FNL.CLR2A.AW PRDCRD.BTHSEQ.SG20H2.STM.FNL.CLR2A.PS PRDCRD.BTHSEQ.SG20H2.STM.FNL.CLR2A.WS,H96_LIST.txt; D2512DEC.txt; D2606JUN.txt; SG SLA; SG_JCL_Evidence.txt,Parsed,Production,Implemented,
SG,TSGCLKH9#2,CPU_043,S9P1249U,SCP1249U,Matched,1,0.01,0.03,32,0.01,0.03,31,,,Standard,,,SP612950,&ENV.CIS.BTHBGD.SG20H2.CPHST(0) &ENV.CIS.BTHVSM.SG20H2.CPBSYS &ENV.CIS.BTHVSM.SG20H2.CPSTRN &ENV.CRD.BTHSEQ.SG20H2.POSTED PRDCRD.BTHLOD.SG20H2,H96_LIST.txt; D2512DEC.txt; D2606JUN.txt; SG SLA; SG_JCL_Evidence.txt,Parsed,Production,Implemented,
SG,TSGCLKH9#2,CPU_044,S9BD901B,SLBD901B,Matched,1,1.8,2.42,32,1.47,2.3,31,,,Standard,,,,PRDCIS.BTHLOD.SG20H2 PRDCLB.BTHLOD.SG20H2 PRDCLB.BTHSEQ.SG20H2.POSTED.CRB.CNV PRDCRD.BTHBGD.SG20H2.POSTED.CR(0) PRDCRD.BTHLOD.SG20H2 PRDCRD.BTHSEQ.SG20H2.POSTED PRDCSS.BTHLOD.SG20H2,H96_LIST.txt; D2512DEC.txt; D2606JUN.txt; SG SLA; SG_JCL_Evidence.txt,Parsed,Production,Implemented,
SG,TSGCLKH9#2,CPU_045,S9BD902B,SLBD902B,Matched,1,0,0,32,0,0,31,,,Standard,,,,PRDCIS.BTHLOD.SG20H2 PRDCLB.BTHLOD.SG20H2 PRDCSS.BTHLOD.SG20H2,H96_LIST.txt; D2512DEC.txt; D2606JUN.txt; SG SLA; SG_JCL_Evidence.txt,Parsed,Production,Implemented,
SG,TSGCLKH9#2,CPU_046,S9BD903B,SLBD903B,Matched,1,0,0.02,32,0,0.02,31,,,Standard,,,,PRDCIS.BTHLOD.SG20H2 PRDCLB.BTHLOD.SG20H2 PRDCRD.BTHLOD.SG20H2 PRDCSS.BTHLOD.SG20H2,H96_LIST.txt; D2512DEC.txt; D2606JUN.txt; SG SLA; SG_JCL_Evidence.txt,Parsed,Production,Implemented,
SG,TSGCLKH9#2,CPU_047,S9BD904B,SLBD904B,Matched,1,0,0,32,0,0,31,,,Standard,,,,PRDCIS.BTHLOD.SG20H2 PRDCLB.BTHLOD.SG20H2 PRDCSS.BTHLOD.SG20H2,H96_LIST.txt; D2512DEC.txt; D2606JUN.txt; SG SLA; SG_JCL_Evidence.txt,Parsed,Production,Implemented,
SG,TSGCLKH9#2,CPU_048,S9PUCCM1,SCPUCCM1,Matched,1,0.01,0,32,0.01,0,31,,,Standard,,,,PRDCIS.BTHLOD.SG20H2,H96_LIST.txt; D2512DEC.txt; D2606JUN.txt; SG SLA; SG_JCL_Evidence.txt,Parsed,Production,Implemented,
SG,TSGCLKH9#2,CPU_049,S9P0161U,SCP0161U,Matched,1,0,0,32,0,0,31,,,Standard,,,CPD000 CPDUCC13 SP607200,&ENV.CIS.BTHSEQ.&VER.CRDEXC.RUNNO &ENV.CIS.BTHVSM.&VER.CPBSYS PRDCIS.BTHLOD.SG20H2 PRDCRD.BTHLOD.SG20H2 PRDCRD.BTHPRM.SG20H2.SUP(UCMTHDY),H96_LIST.txt; D2512DEC.txt; D2606JUN.txt; SG SLA; SG_JCL_Evidence.txt,Parsed,Production,Implemented,
SG,TSGCLKH9#2,CPU_050,S9P0162U,SCP0162U,Matched,1,0.05,0,32,0.03,0,31,,,Standard,,,CPD000 CPDUCC13 ETALK ICETOOL SORT,&CNTLLIB(ICP00112) &CNTLLIB(ICP00165) &ENV.CIS.BKPSEQ.&VER.CRDEXC.RUNNO &ENV.CIS.BTHSEQ.&VER.CRDEXC.DTL &ENV.CIS.BTHSEQ.&VER.CRDEXC.HDR &ENV.CIS.BTHSEQ.&VER.CRDEXC.RUNNO &ENV.CIS.BTHSEQ.&VER.CRDEXC.TRL &ENV.CIS.BTHVSM.&VER.CPBCRD &ENV.CIS.BTHVSM.&VER.CPBSYS &ENV.CRD.BTHSEQ.&VER.MASUCP.EXC.FINAL &ENV.CRD.BTHSEQ.&VER.MASUCP.EXC.FINAL.EN &ENV.CRD.BTHSEQ.&VER.MASUCP.EXC.SAS &ENV.CRD.BTHSEQ.&VER.SAS.CTRLF.FTP.CRDEXC &ENV.CRD.WRKSEQ.&VER.MASUCP.EXC.HDR &ENV.CRD.WRKSEQ.&VER.MASUCP.EXC.MERGE PRDCRD.BTHPRM.SG20H2.SUP(UCMTHDY) PSUC.PAYMATE.ETALK.MASTER,H96_LIST.txt; D2512DEC.txt; D2606JUN.txt; SG SLA; SG_JCL_Evidence.txt,Parsed,Production,Implemented,
SG,TSGCLKH9#2,CPU_051,S9PUCD12,SCPUCD12,Matched,1,0.02,0,32,0.03,0,31,,,Standard,,,,PRDCIS.BTHLOD.SG20H2,H96_LIST.txt; D2512DEC.txt; D2606JUN.txt; SG SLA; SG_JCL_Evidence.txt,Parsed,Production,Implemented,
SG,TSGCLKH9#2,CPU_052,S9PUCM1K,SCPUCM1K,Matched,1,0.05,0.05,32,0.05,0.07,31,,,Standard,,,IDCAMS,,H96_LIST.txt; D2512DEC.txt; D2606JUN.txt; SG SLA; SG_JCL_Evidence.txt,Parsed,Production,Implemented,
SG,TSGCLKH9#2,CPU_053,S9PUCD11,SCPUCD11,Matched,1,1.06,1.8,32,0.9,1.65,31,,,Standard,,,,PRDCIS.BTHLOD.SG20H2,H96_LIST.txt; D2512DEC.txt; D2606JUN.txt; SG SLA; SG_JCL_Evidence.txt,Parsed,Production,Implemented,
SG,TSGCLKH9#2,CPU_054,S9P0148U,SCP0148U,Matched,1,0.73,0.78,32,0.72,0.78,31,-,07:15,Critical,,Datapost,ETALK ICETOOL SORT,&CNTLLIB(ICP00120) &ENV.CIS.BTHSEQ.&VER.RAWFIL30 &ENV.CIS.BTHSEQ.&VER.RAWFIL60 &ENV.CIS.BTHSEQ.&VER.RAWFIL90 &ENV.CIS.BTHVSM.&VER.CPBSYS &ENV.CRD.BTHSEQ.&VER.MASUCP.BTI.DTLTRL &ENV.CRD.BTHSEQ.&VER.MASUCP.BTI.MERGE &ENV.CRD.BTHSEQ.&VER.MASUCP.BTILETR &ENV.CRD.BTHSEQ.&VER.MASUCP.BTILETR.EN &ENV.CRD.BTHSEQ.&VER.MASUCP.RAWFIL30.HDR &ENV.CRD.WRKSEQ.&VER.MASUCP.RAWFIL30.DTL &ENV.CRD.WRKSEQ.&VER.MASUCP.RAWFIL60.DTL &ENV.CRD.WRKSEQ.&VER.MASUCP.RAWFIL90.DTL PRDCRD.BTHCTL.SG20H2(ICP00115) PSUC.ONLLIB.LOADLIB PSUC.PAYMATE.ETALK.MASTER PSUC.UID.EFTP.SG.DATAPOST,H96_LIST.txt; D2512DEC.txt; D2606JUN.txt; SG SLA; SG_JCL_Evidence.txt,Parsed,Production,Implemented,
SG,TSGCLKH9#2,CPU_055,S9P0160U,SCP0160U,Matched,1,0.71,0.77,32,0.72,0.77,31,-,07:15,Critical,,Datapost,ETALK ICETOOL SORT,&CNTLLIB(ICP00117) &CNTLLIB(ICP00121) &ENV.CIS.BTHSEQ.&VER.CUC30RF &ENV.CIS.BTHSEQ.&VER.CUC60RF &ENV.CIS.BTHSEQ.&VER.SUC30RF &ENV.CIS.BTHSEQ.&VER.SUC60RF &ENV.CIS.BTHVSM.&VER.CPBSYS &ENV.CRD.BTHSEQ.&VER.MASUCP.DPD.DTLTRL &ENV.CRD.BTHSEQ.&VER.MASUCP.DPD.HDR &ENV.CRD.BTHSEQ.&VER.MASUCP.DPD.MERGE &ENV.CRD.BTHSEQ.&VER.MASUCP.DPDLETR &ENV.CRD.BTHSEQ.&VER.MASUCP.DPDLETR.EN &ENV.CRD.WRKSEQ.&VER.MASUCP.CLKDPD30.DTL &ENV.CRD.WRKSEQ.&VER.MASUCP.CLKDPD60.DTL &ENV.CRD.WRKSEQ.&VER.MASUCP.SIBDPD30.DTL &ENV.CRD.WRKSEQ.&VER.MASUCP.SIBDPD60.DTL PSUC.ONLLIB.LOADLIB PSUC.PAYMATE.ETALK.MASTER PSUC.UID.EFTP.SG.DATAPOST,H96_LIST.txt; D2512DEC.txt; D2606JUN.txt; SG SLA; SG_JCL_Evidence.txt,Parsed,Production,Implemented,
SG,TSGCLKH9#2,CPU_056,S9P0166U,SCP0166U,Matched,1,0.37,0.42,32,0.37,0.4,31,,,Standard,,,ICETOOL SORT SP607240,&CNTLLIB(ICP00123) &ENV.CIS.BTHSEQ.&VER.RAWFIL30 &ENV.CIS.BTHSEQ.&VER.RAWFIL60 &ENV.CIS.BTHSEQ.&VER.RAWFIL90 &ENV.CIS.BTHVSM.&VER.CPBCUS &ENV.CIS.BTHVSM.&VER.CPBSYS &ENV.CRD.BTHPRM.&VER.SUP(UCDLY8A) &ENV.CRD.BTHSEQ.&VER.BTI.SMS &ENV.CRD.BTHSEQ.&VER.BTI.SMS.RPT &ENV.CRD.BTHSEQ.&VER.BTI.SMS.TMP PRDCIS.BTHLOD.SG20H2 PRDCRD.BTHLOD.SG20H2 PRDCSS.BTHLOD.SG20H2 PSUC.ONLLIB.LOADLIB,H96_LIST.txt; D2512DEC.txt; D2606JUN.txt; SG SLA; SG_JCL_Evidence.txt,Parsed,Production,Implemented,
SG,TSGCLKH9#2,CPU_057,S9PPEDBK,SCPPEDBK,Matched,1,0.07,0.08,32,0.07,0.1,31,,,Standard,,,IDCAMS,&CNTLLIB(CPBKPED) &CNTLLIB(CPDLPED) &CNTLLIB(RESETCC),H96_LIST.txt; D2512DEC.txt; D2606JUN.txt; SG SLA; SG_JCL_Evidence.txt,Parsed,Production,Implemented,
SG,TSGCLKH9#2,CPU_058,S9PPED3U,SCPPED3U,Matched,1,0.26,0.42,32,0.25,0.52,31,,,Standard,,,,PRDCIS.BTHLOD.SG20H2 PRDCSS.BTHLOD.SG20H2,H96_LIST.txt; D2512DEC.txt; D2606JUN.txt; SG SLA; SG_JCL_Evidence.txt,Parsed,Production,Implemented,
SG,TSGCLKH9#2,CPU_059,S9BAAB10,SLBAAB10,User mapped,1,,,0,,,0,,,Standard,,,,PRDCIS.BTHLOD.SG20H2 PRDCLB.BTHLOD.SG20H2,H96_LIST.txt; D2512DEC.txt; D2606JUN.txt; SG SLA; SG_JCL_Evidence.txt; user mapping 2026-07-19; D2512DEC.txt; D2606JUN.txt; SG_JCL_Evidence.txt,User confirmed mapping,Production,Implemented,
SG,TSGCLKH9#2,CPU_060,S9BAAB20,SLBAAB20,User mapped,1,,,0,,,0,,,Standard,,,,PRDCLB.BTHLOD.SG20H2,H96_LIST.txt; D2512DEC.txt; D2606JUN.txt; SG SLA; SG_JCL_Evidence.txt; user mapping 2026-07-19; D2512DEC.txt; D2606JUN.txt; SG_JCL_Evidence.txt,User confirmed mapping,Production,Implemented,
SG,TSGCLKH9#2,CPU_061,S9P0191U,SCP0191U,User mapped,1,,,0,,,0,,,Standard,,,ICEGENER IDCAMS SORT SP607960,&ENV.CLB.BTHSEQ.&VER.LBAASTM.SUM &ENV.CRD.BTHBGD.&VER.LBAASUM(+1) &ENV.CRD.BTHCTL.SG20H2(REPRO) &ENV.CRD.BTHSEQ.&VER.LBAASTM.SORT.TDY &ENV.CRD.BTHSEQ.&VER.LBAASUM.SORT.TDY &ENV.CRD.BTHSEQ.&VER.LBAASUM.TDY &ENV.CRD.BTHVSM.&VER.LBAASUM PRDCRD.BTHLOD.SG20H2,H96_LIST.txt; D2512DEC.txt; D2606JUN.txt; SG SLA; SG_JCL_Evidence.txt; user mapping 2026-07-19; D2512DEC.txt; D2606JUN.txt; SG_JCL_Evidence.txt,User confirmed mapping,Production,Implemented,
SG,TSGCLKH9#2,CPU_062,S9TVOE4U,SSTVOE4U,Matched,1,0.28,0.43,32,0.25,0.37,31,,,Standard,,,,&CNTLLIB(ICP00183) PRDBS3.BTHLOD.SG20H2,H96_LIST.txt; D2512DEC.txt; D2606JUN.txt; SG SLA; SG_JCL_Evidence.txt,Parsed,Production,Implemented,
SG,TSGCLKH9#2,CPU_063,S9XCVSPR,SCXCVSPR,Matched,1,0.03,0.05,32,0.03,0.07,31,,,Standard,,,CXCV010 CXU016 IEFBR14 SORT,!INDEXV!.CS10V.CSCPES !INDEXV!.CX10V.CXADN.VSRT PRDBS3.BTHSEQ.SG20H2.REJECT.TRANS PRDCAU.ONLVSM.SG20H2.AUTKN PRDCAU.ONLVSM.SG20H2.AUTKN.PATH PRDCIS.BTHVSM.SG20H2.CPBSYS PRDCIS.ONLVSM.SG20H2.CPPFX.PATH PRDCRD.BTHCTL.SG20H2(CXCV010P) PRDCRD.BTHCTL.SG20H2(ICPK1000) PRDCRD.BTHSEQ.SG20H2.CXVSI.EPREJ PRDIMX.BTHSEQ.SG20H2.CXTFO.VNR PRDIMX.BTHVSM.SG20H2.CXKPS PRDIMX.BTHVSM.SG20H2.CXTFE.VNR PRDIMX.ONLVSM.SG20H2.CXASO PRDIMX.ONLVSM.SG20H2.CXSYS PRDTCP.ONLVSM.SG20H2.TCPPPM,H96_LIST.txt; D2512DEC.txt; D2606JUN.txt; SG SLA; SG_JCL_Evidence.txt,Parsed,Production,Implemented,
SG,TSGCLKH9#2,CPU_064,S9XCLMCP,SCXCLMCP,Matched,1,0.02,0.03,32,0.03,0.07,31,,,Standard,,,CXCM010 CXU016 IDCAMS IEBGENER IEFBR14 SORT,PRDCRD.BTHCTL.SG20H2(CXCM010P) PRDCRD.BTHCTL.SG20H2(CXRESET) PRDCRD.BTHCTL.SG20H2(CXTFERDF) PRDCRD.BTHCTL.SG20H2(CXTFERDL) PRDCRD.BTHCTL.SG20H2(DYNALL32) PRDCRD.BTHCTL.SG20H2(REPROCX) PRDIMX.BTHLOD.SG20H2 PRDIMX.BTHSEQ.SG20H2.CXTFO.MNR PRDIMX.BTHVSM.SG20H2.CXKPS PRDIMX.BTHVSM.SG20H2.CXTFE.MNR PRDIMX.ONLVSM.SG20H2.CXASO PRDIMX.ONLVSM.SG20H2.CXH01 PRDIMX.ONLVSM.SG20H2.CXH02 PRDIMX.ONLVSM.SG20H2.CXH03 PRDIMX.ONLVSM.SG20H2.CXH04 PRDIMX.ONLVSM.SG20H2.CXH05 PRDIMX.ONLVSM.SG20H2.CXHSK PRDIMX.ONLVSM.SG20H2.CXHSX PRDIMX.ONLVSM.SG20H2.CXHSX1 PRDIMX.ONLVSM.SG20H2.CXHXA01 PRDIMX.ONLVSM.SG20H2.CXHXA02 PRDIMX.ONLVSM.SG20H2.CXHXA03 PRDIMX.ONLVSM.SG20H2.CXHXA04 PRDIMX.ONLVSM.SG20H2.CXHXA05 PRDIMX.ONLVSM.SG20H2.CXSYS PRDMHP.BTHSEQ.SG20H2.IP345.AR,H96_LIST.txt; D2512DEC.txt; D2606JUN.txt; SG SLA; SG_JCL_Evidence.txt,Parsed,Production,Implemented,
SG,TSGCLKH9#2,CPU_065,S9XCVSIR,SCXCVSIR,Matched,1,0,0,32,0,0,31,,,Standard,,,CXCV050 CXU016 IEFBR14,PRDBS3.BTHSEQ.SG20H2.CURCNV PRDCIS.BTHLOD.SG20H2 PRDCRD.BTHCTL.SG20H2(CXCV050) PRDCRD.BTHSEQ.SG20H2.VISRATE PRDIMX.BTHLOD.SG20H2 PRDIMX.BTHSEQ.SG20H2.CXCCW.VSI PRDIMX.ONLVSM.SG20H2.CXSYS TCPIP.SEZATCP,H96_LIST.txt; D2512DEC.txt; D2606JUN.txt; SG SLA; SG_JCL_Evidence.txt,Parsed,Production,Implemented,
SG,TSGCLKH9#2,CPU_066,S9XCLNL,SCXCLNL,Matched,1,0.12,0.18,32,0.12,0.22,31,,,Standard,,,CXCC030 CXCC032 CXU016 ICETOOL IDCAMS IEFBR14 SORT,!INDEXV!.CS10V.CSCPES &CNTLLIB(CXCC030) &CNTLLIB(CXCC032) &CNTLLIB(CXNRTDF) &CNTLLIB(CXNRTDL) &CNTLLIB(CXRESET) &CNTLLIB(ICPK1000) &CNTLLIB(REPROCX) &ENV.CAQ.ONLVSM.&VER.QMMMER &ENV.CAQ.ONLVSM.&VER.QMPORG &ENV.CIS.BTHVSM.&VER.CPBSYS &ENV.CIS.BTHVSM.&VER.CPRTB &ENV.CSS.ONLVSM.&VER.CSCPES &ENV.IMX.BTHSEQ.&VER.CXNRT &ENV.IMX.BTHSEQ.&VER.CXTFES.NRT &ENV.IMX.BTHSEQ.&VER.CXTFO.AMI.NRT &ENV.IMX.BTHSEQ.&VER.CXTFO.JCI.NRT &ENV.IMX.BTHSEQ.&VER.CXTFO.MCI.NRT &ENV.IMX.BTHSEQ.&VER.CXTFO.MCO &ENV.IMX.BTHSEQ.&VER.CXTFO.MCO.NWK &ENV.IMX.BTHSEQ.&VER.CXTFO.MNR &ENV.IMX.BTHSEQ.&VER.CXTFO.NRT &ENV.IMX.BTHSEQ.&VER.CXTFO.UAR &ENV.IMX.BTHSEQ.&VER.CXTFO.VNR &ENV.IMX.BTHSEQ.&VER.CXTFO.VNR.RT &ENV.IMX.BTHSEQ.&VER.CXTFO.VSNO &ENV.IMX.BTHSEQ.&VER.CXTFO.VSO &ENV.IMX.BTHVSM.&VER.CXISS &ENV.IMX.BTHVSM.&VER.CXTFE.MCI &ENV.IMX.BTHVSM.&VER.CXTFE.MNR,H96_LIST.txt; D2512DEC.txt; D2606JUN.txt; SG SLA; SG_JCL_Evidence.txt,Parsed,Production,Implemented,
SG,TSGCLKH9#2,CPU_068,S9XCLNRX,SCXCLNRX,Matched,1,0.03,0.05,32,0.04,0.1,31,,,Standard,,,CXCM041 CXU016 IDCAMS IEBGENER IEFBR14 SORT,&CNTLLIB(ICPK1000) &ENV.CSS.ONLVSM.&VER.CSCUR &ENV.CSS.ONLVSM.&VER.CSRTE PRDCRD.BTHCTL.SG20H2(CXCM041) PRDCRD.BTHCTL.SG20H2(CXUPRM) PRDCRD.BTHCTL.SG20H2(ICPK1000) PRDCRD.BTHCTL.SG20H2(REPROCX) PRDIMX.BTHSEQ.SG20H2.CXIRC.PARM PRDIMX.BTHSEQ.SG20H2.CXPRM PRDIMX.BTHSEQ.SG20H2.CXTFI.AMNR PRDIMX.BTHSEQ.SG20H2.CXTFI.JCNR PRDIMX.BTHSEQ.SG20H2.CXTFI.MCNR PRDIMX.BTHSEQ.SG20H2.CXTFI.UDNR PRDIMX.BTHSEQ.SG20H2.CXTFI.VSNR PRDIMX.BTHVSM.SG20H2.CXACQ PRDIMX.BTHVSM.SG20H2.CXISS PRDIMX.ONLVSM.SG20H2.CXNRT PRDIMX.ONLVSM.SG20H2.CXRTE PRDIMX.ONLVSM.SG20H2.CXSYS PRDTCP.ONLVSM.SG20H2.TCPPPM,H96_LIST.txt; D2512DEC.txt; D2606JUN.txt; SG SLA; SG_JCL_Evidence.txt,Parsed,Production,Implemented,
SG,TSGCLKH9#2,CPU_069,S9XCVSNO,SCXCVSNO,Matched,1,0.03,0.05,32,0.04,0.07,31,,,Standard,,,CXCV030 CXU016 IEFBR14 SORT,!INDEXV!.CS10V.CSCPES !INDEXV!.CX10V.CXADN.VSRT PRDCRD.BTHCTL.SG20H2(CXCV030N) PRDCRD.BTHCTL.SG20H2(ICPK1000) PRDIMX.BTHSEQ.SG20H2.CXTFI.VSNR PRDIMX.BTHSEQ.SG20H2.CXTFO.VSNO PRDIMX.BTHSEQ.SG20H2.CXTFO.VSO.NRT PRDIMX.BTHSEQ.SG20H2.CXVSON PRDIMX.BTHVSM.SG20H2.CXTFE.NRT PRDIMX.ONLVSM.SG20H2.CXSYS PRDTCP.ONLVSM.SG20H2.TCPPPM,H96_LIST.txt; D2512DEC.txt; D2606JUN.txt; SG SLA; SG_JCL_Evidence.txt,Parsed,Production,Implemented,
SG,TSGCLKH9#2,CPU_070,S9XCMCNO,SCXCMCNO,Matched,1,0.04,0.07,32,0.04,0.08,31,,,Standard,,,CXCM040 CXU016 IDCAMS IEFBR14 SORT,PRDCRD.BTHCTL.SG20H2(CXCM040N) PRDCRD.BTHCTL.SG20H2(CXNRTDF) PRDCRD.BTHCTL.SG20H2(CXNRTDL) PRDCRD.BTHCTL.SG20H2(CXRESET) PRDCRD.BTHCTL.SG20H2(DYNALL32) PRDCRD.BTHCTL.SG20H2(REPROCX) PRDIMX.BTHSEQ.SG20H2.CXIPMO.NWK PRDIMX.BTHSEQ.SG20H2.CXIPMO.OUT.NWK PRDIMX.BTHSEQ.SG20H2.CXTFI.MCNR PRDIMX.BTHSEQ.SG20H2.CXTFO.MCO.NRT PRDIMX.BTHSEQ.SG20H2.CXTFO.MCO.NWK PRDIMX.BTHVSM.SG20H2.CXABS PRDIMX.BTHVSM.SG20H2.CXTFE.NRT PRDIMX.ONLVSM.SG20H2.CXNRT PRDIMX.ONLVSM.SG20H2.CXNRTA PRDIMX.ONLVSM.SG20H2.CXSYS,H96_LIST.txt; D2512DEC.txt; D2606JUN.txt; SG SLA; SG_JCL_Evidence.txt,Parsed,Production,Implemented,
SG,TSGCLKH9#2,CPU_071,S9XCLNRL,SCXCLNRL,Matched,1,0.07,0.1,32,0.07,0.15,31,,,Standard,,,CXCC031 CXCC032 CXRC060 CXU016 IDCAMS IEBGENER IEFBR14 SORT,!INDEXS!.CX10S.CXTFO.AMOA.NRT !INDEXS!.CX10S.CXTFO.UDO.NRT !INDEXV!.CS10V.CSCPES PRDCRD.BTHCTL.SG20H2(CXADVRDF) PRDCRD.BTHCTL.SG20H2(CXADVRDL) PRDCRD.BTHCTL.SG20H2(CXADVTDF) PRDCRD.BTHCTL.SG20H2(CXADVTDL) PRDCRD.BTHCTL.SG20H2(CXCC031) PRDCRD.BTHCTL.SG20H2(CXCC032) PRDCRD.BTHCTL.SG20H2(CXNRTDF) PRDCRD.BTHCTL.SG20H2(CXNRTDL) PRDCRD.BTHCTL.SG20H2(CXRC060D) PRDCRD.BTHCTL.SG20H2(CXRESET) PRDCRD.BTHCTL.SG20H2(CXTFETDF) PRDCRD.BTHCTL.SG20H2(CXTFETDL) PRDCRD.BTHCTL.SG20H2(ICPK0500) PRDCRD.BTHCTL.SG20H2(ICPK1000) PRDCRD.BTHCTL.SG20H2(REPROCX) PRDCSS.ONLVSM.SG20H2.CSCPES PRDIMX.BTHSEQ.SG20H2.CXNRT.DEL PRDIMX.BTHSEQ.SG20H2.CXTFES.NRT PRDIMX.BTHSEQ.SG20H2.CXTFO.JCO.NRT PRDIMX.BTHSEQ.SG20H2.CXTFO.MCO.NRT PRDIMX.BTHSEQ.SG20H2.CXTFO.VSO.NRT PRDIMX.BTHVSM.SG20H2.CXADN.VSRT PRDIMX.BTHVSM.SG20H2.CXADN.VSRT.TMP PRDIMX.BTHVSM.SG20H2.CXTFE.NRT PRDIMX.ONLVSM.SG20H2.CXNRT PRDIMX.ONLVSM.SG20H2.CXNRTA PRDIMX.ONLVSM.SG20H2.CXSYS,H96_LIST.txt; D2512DEC.txt; D2606JUN.txt; SG SLA; SG_JCL_Evidence.txt,Parsed,Production,Implemented,
SG,TSGCLKH9#2,CPU_073,S9MDY02A,SQMDY02A,Matched,1,0.12,0.2,32,0.11,0.17,31,,,Standard,,,,PRDCAQ.BTHLOD.SG20H2 PRDCAU.BTHLOD.SG20H2 PRDCIS.BTHLOD.SG20H2 PRDCSS.BTHLOD.SG20H2,H96_LIST.txt; D2512DEC.txt; D2606JUN.txt; SG SLA; SG_JCL_Evidence.txt,Parsed,Production,Implemented,
SG,TSGCLKH9#2,CPU_074,S9MUMBLC,SQMUMBLC,Matched,1,0.05,0.13,32,0.04,0.07,31,,,Standard,,,,,H96_LIST.txt; D2512DEC.txt; D2606JUN.txt; SG SLA; SG_JCL_Evidence.txt,Parsed,Production,Implemented,
SG,TSGCLKH9#2,CPU_075,S9MDY08D,SQMDY08D,Matched,1,0.07,0.12,32,0.06,0.12,31,,,Standard,,,,PRDCAQ.BTHLOD.SG20H2 PRDCSS.BTHLOD.SG20H2,H96_LIST.txt; D2512DEC.txt; D2606JUN.txt; SG SLA; SG_JCL_Evidence.txt,Parsed,Production,Implemented,
SG,TSGCLKH9#2,CPU_076,S9MFMBLC,SQMFMBLC,Matched,1,0.04,0.07,32,0.03,0.07,31,,,Standard,,,,,H96_LIST.txt; D2512DEC.txt; D2606JUN.txt; SG SLA; SG_JCL_Evidence.txt,Parsed,Production,Implemented,
SG,TSGCLKH9#2,CPU_077,S9MUHSKM,SQMUHSKM,Matched,1,0.09,0.13,32,0.09,0.12,31,,,Standard,,,,,H96_LIST.txt; D2512DEC.txt; D2606JUN.txt; SG SLA; SG_JCL_Evidence.txt,Parsed,Production,Implemented,
SG,TSGCLKH9#2,CPU_078,S9MUHSKP,SQMUHSKP,Matched,1,0.12,0.2,32,0.11,0.17,31,,,Standard,,,,,H96_LIST.txt; D2512DEC.txt; D2606JUN.txt; SG SLA; SG_JCL_Evidence.txt,Parsed,Production,Implemented,
SG,TSGCLKH9#2,CPU_079,S9MR141,SQMR141,Matched,1,0.01,0.03,32,0.01,0.03,31,,,Standard,,,,,H96_LIST.txt; D2512DEC.txt; D2606JUN.txt; SG SLA; SG_JCL_Evidence.txt,Parsed,Production,Implemented,
SG,TSGCLKH9#2,CPU_080,S9UBINJC,SAUBINJC,Matched,1,0.03,0.03,32,0.02,0.03,31,,,Standard,,,,PRDCAU.BTHLOD.SG20H2 PRDCIS.BTHLOD.SG20H2 PRDCSS.BTHLOD.SG20H2,H96_LIST.txt; D2512DEC.txt; D2606JUN.txt; SG SLA; SG_JCL_Evidence.txt,Parsed,Production,Implemented,
SG,TSGCLKH9#2,CPU_081,S9USM#12,SAUSM#12,Matched,1,0.02,0.02,32,0.02,0.02,31,,,Standard,,,,&CNTLLIB(AUD500L),H96_LIST.txt; D2512DEC.txt; D2606JUN.txt; SG SLA; SG_JCL_Evidence.txt,Parsed,Production,Implemented,
SG,TSGCLKH9#2,CPU_082,S9XCLMTG,SCXCLMTG,Matched,1,0.05,0.08,32,0.08,0.15,31,,,Standard,,,CXCM012 CXU016 IDCAMS IEFBR14 SORT,PRDCRD.BTHCTL.SG20H2(CXCM012) PRDCRD.BTHCTL.SG20H2(ICPK1000) PRDCSS.ONLVSM.SG20H2.CSCPES PRDIMX.BTHSEQ.SG20H2.CXTFO.MCI.T5G2 PRDIMX.BTHSEQ.SG20H2.T5G2 PRDIMX.BTHVSM.SG20H2.CXIFS.MCI PRDIMX.BTHVSM.SG20H2.CXKPS PRDIMX.ONLVSM.SG20H2.CXASO PRDIMX.ONLVSM.SG20H2.CXH01 PRDIMX.ONLVSM.SG20H2.CXH02 PRDIMX.ONLVSM.SG20H2.CXH03 PRDIMX.ONLVSM.SG20H2.CXH04 PRDIMX.ONLVSM.SG20H2.CXH05 PRDIMX.ONLVSM.SG20H2.CXHSK PRDIMX.ONLVSM.SG20H2.CXHSX PRDIMX.ONLVSM.SG20H2.CXHSX1 PRDIMX.ONLVSM.SG20H2.CXHXA01 PRDIMX.ONLVSM.SG20H2.CXHXA02 PRDIMX.ONLVSM.SG20H2.CXHXA03 PRDIMX.ONLVSM.SG20H2.CXHXA04 PRDIMX.ONLVSM.SG20H2.CXHXA05 PRDIMX.ONLVSM.SG20H2.CXSYS PRDMHP.BTHBGD.SG20H2.T5G2.BKUP(0) PRDMHP.BTHSEQ.SG20H2.T5G2.RECOV PRDTCP.ONLVSM.SG20H2.TCPPPM,H96_LIST.txt; D2512DEC.txt; D2606JUN.txt; SG SLA; SG_JCL_Evidence.txt,Parsed,Production,Implemented,
SG,TSGCLKH9#2,CPU_083,S9XRTMTG,SCXRTMTG,Matched,1,0.03,0.05,32,0.03,0.05,31,,,Standard,,,CXRM012 CXU016,PRDCRD.BTHCTL.SG20H2(CXRM012I) PRDCRD.BTHSEQ.SG20H2.COMET.CXRMC PRDIMX.BTHSEQ.SG20H2.T5G2 PRDIMX.BTHVSM.SG20H2.CXSYS.RPT,H96_LIST.txt; D2512DEC.txt; D2606JUN.txt; SG SLA; SG_JCL_Evidence.txt,Parsed,Production,Implemented,
SG,TSGCLKH9#2,CPU_084,S9XCPADN,SCXCPADN,Matched,1,0.24,0.42,32,0.2,0.27,31,,,Standard,,,CXPI033 CXU016 IDCAMS IEBGENER IEFBR14 SORT,!INDEXV!.CX10V.CX10V.CXADN.NCI &CNTLLIB(CXADNTDF) &CNTLLIB(CXADNTDL) &CNTLLIB(CXPI033) &CNTLLIB(CXRESET) &CNTLLIB(CXUPRM) &CNTLLIB(REPROCX) &ENV.CIS.BTHVSM.&VER.CPBSYS &ENV.IMX.BTHSEQ.&VER.CXCA1 &ENV.IMX.BTHSEQ.&VER.CXCA1.SORTED &ENV.IMX.BTHSEQ.&VER.CXCA1.TC96 &ENV.IMX.BTHSEQ.&VER.CXCHA &ENV.IMX.BTHSEQ.&VER.CXCHA.SORTED &ENV.IMX.BTHSEQ.&VER.CXCHA.TC96 &ENV.IMX.BTHSEQ.&VER.CXPRM &ENV.IMX.BTHSEQ.&VER.CXTFO.POST &ENV.IMX.BTHVSM.&VER.CXADN.MCI &ENV.IMX.BTHVSM.&VER.CXADN.TMP &ENV.IMX.BTHVSM.&VER.CXHADN &ENV.IMX.ONLVSM.&VER.CXSYS,H96_LIST.txt; D2512DEC.txt; D2606JUN.txt; SG SLA; SG_JCL_Evidence.txt,Parsed,Production,Implemented,
SG,TSGCLKH9#2,CPU_085,S9XCVSRT,SCXCVSRT,Matched,1,0.05,0.08,32,0.08,0.15,31,,,Standard,,,CXCV010 CXU016 IDCAMS IEBGENER IEFBR14 SORT,!INDEXV!.CX10V.CXADN.VSRT &CNTLLIB(CXCV010R) &ENV.BS3.BTHSEQ.&VER.CXVSI.EPREJ.INC &ENV.BS3.BTHSEQ.&VER.CXVSI.EPREJ.INCB &ENV.CIS.BTHVSM.&VER.CPBSYS &ENV.CIS.ONLVSM.&VER.CPPFX.PATH &ENV.IMX.BTHSEQ.&VER.CXTFO.VNR.RT &ENV.IMX.BTHVSM.&VER.CXIFS.VSI &ENV.IMX.BTHVSM.&VER.CXKPS &ENV.IMX.BTHVSM.&VER.CXTFE.VNR &ENV.IMX.ONLVSM.&VER.CXASO &ENV.IMX.ONLVSM.&VER.CXSYS &ENV.TCP.ONLVSM.&VER.TCPPPM PRDCRD.BTHCTL.SG20H2(CXRESET) PRDCRD.BTHCTL.SG20H2(CXTFEVDF) PRDCRD.BTHCTL.SG20H2(CXTFEVDL),H96_LIST.txt; D2512DEC.txt; D2606JUN.txt; SG SLA; SG_JCL_Evidence.txt,Parsed,Production,Implemented,
SG,TSGCLKH9#2,CPU_086,S9XRXVRT,SCXRXVRT,Matched,1,0,0,32,0,0,31,,,Standard,,,CXRV010 CXU016,&CNTLLIB(CXRV010R) &ENV.BS3.BTHSEQ.&VER.CXVSI.EPREJ.INC &ENV.BS3.BTHSEQ.&VER.CXVSI.EPREJ.INCB &ENV.IMX.BTHVSM.&VER.CXSYS.RPT PRDIMX.BTHLOD.SG20H2,H96_LIST.txt; D2512DEC.txt; D2606JUN.txt; SG SLA; SG_JCL_Evidence.txt,Parsed,Production,Implemented,
SG,TSGCLKH9#2,CPU_087,S9MUHSKT,SQMUHSKT,User mapped,1,,,0,,,0,,,Standard,,,,,H96_LIST.txt; D2512DEC.txt; D2606JUN.txt; SG SLA; SG_JCL_Evidence.txt; user mapping 2026-07-19; D2512DEC.txt; D2606JUN.txt; SG_JCL_Evidence.txt,User confirmed mapping,Production,Implemented,
SG,TSGCLKH9#2,CPU_088,S9XCIRDL,SCXCIRDL,Matched,1,0.11,0.17,32,0.11,0.15,31,,,Standard,,,CXCM080 CXRM080 CXU016 IDCAMS IEFBR14 SORT,PRDCRD.BTHCTL.SG20H2(CXCC020H) PRDCRD.BTHCTL.SG20H2(CXCC020I) PRDCRD.BTHCTL.SG20H2(CXCC020M) PRDCRD.BTHCTL.SG20H2(CXCC020Q) PRDCRD.BTHCTL.SG20H2(CXCC020S) PRDCRD.BTHCTL.SG20H2(CXCC020T) PRDCRD.BTHCTL.SG20H2(CXCC020V) PRDCRD.BTHCTL.SG20H2(CXCC020X) PRDCRD.BTHCTL.SG20H2(CXCC020Z) PRDCRD.BTHCTL.SG20H2(CXCM080) PRDCRD.BTHCTL.SG20H2(CXCM080R) PRDCRD.BTHCTL.SG20H2(CXRM080) PRDCRD.BTHCTL.SG20H2(ICPK1000) PRDCRD.BTHCTL.SG20H2(REPROCX) PRDIMX.BTHSEQ.SG20H2.CXIRC.TEMP PRDIMX.BTHSEQ.SG20H2.CXIRU PRDIMX.ONLVSM.SG20H2.CXIRO PRDIMX.ONLVSM.SG20H2.CXSYS,H96_LIST.txt; D2512DEC.txt; D2606JUN.txt; SG SLA; SG_JCL_Evidence.txt,Parsed,Production,Implemented,
SG,TSGCLKH9#2,CPU_089,S9XCIRDC,SCXCIRDC,Matched,1,0.05,0.07,32,0.07,0.1,31,,,Standard,,,CXCM081 CXU016 IEFBR14,PRDCRD.BTHCTL.SG20H2(CXCM081) PRDCRD.BTHCTL.SG20H2(ICPK1000) PRDIMX.BTHSEQ.SG20H2.CXIRC.PARM PRDIMX.ONLVSM.SG20H2.CXIRO PRDIMX.ONLVSM.SG20H2.CXSYS,H96_LIST.txt; D2512DEC.txt; D2606JUN.txt; SG SLA; SG_JCL_Evidence.txt,Parsed,Production,Implemented,
SG,TSGCLKH9#2,CPU_090,S9XCTCOL,SCXCTCOL,Matched,1,0.04,0.07,32,0.04,0.07,31,,,Standard,,,CXCI050 CXU016 IDCAMS IEBGENER IEFBR14,PRDCRD.BTHCTL.SG20H2(CXCI050) PRDCRD.BTHCTL.SG20H2(CXUTCT2) PRDCRD.BTHCTL.SG20H2(REPROCX) PRDIMX.BTHSEQ.SG20H2.CXTCT.PARM PRDIMX.ONLVSM.SG20H2.CXSYS PRDIMX.ONLVSM.SG20H2.CXTCO,H96_LIST.txt; D2512DEC.txt; D2606JUN.txt; SG SLA; SG_JCL_Evidence.txt,Parsed,Production,Implemented,
SG,TSGCLKH9#2,CPU_091,S9P065WA,SCP065WA,Matched,1,0.02,0.03,32,0.02,0.05,31,,,Standard,,,IDCAMS SORT SP606160,PRDCIS.BTHSEQ.SG20H2.CPDEMB PRDCIS.BTHVSM.SG20H2.CPBSYS PRDCIS.BTHVSM.SG20H2.CPEMBV PRDCRD.BTHCTL.SG20H2(ICP00920) PRDCRD.BTHCTL.SG20H2(ICP00921) PRDCRD.BTHCTL.SG20H2(ICP00922) PRDCRD.BTHCTL.SG20H2(RESETCC) PRDCRD.ONLVSM.SG20H2.BRANCH PSEA.ONLVSM.CPEMBV,H96_LIST.txt; D2512DEC.txt; D2606JUN.txt; SG SLA; SG_JCL_Evidence.txt,Parsed,Production,Implemented,
SG,TSGCLKH9#2,CPU_092,S9P338OP,SCP338OP,Matched,1,0.07,0.15,32,0.07,0.17,31,,,Standard,,,ICEGENER IDCAMS SP600370 SP600400 SP600460 SP601000 SP606160,&ENV.HSM.ONLVSM.&VER.CPEMB PRDCIS.BTHSEQ.SG20H2.CPDEMB PRDCIS.BTHVSM.SG20H2.CPBSYS PRDCRD.BTHCTL.SG20H2(FCPEMBOP) PRDCRD.BTHCTL.SG20H2(ICP00919) PRDCRD.ONLVSM.SG20H2.BRANCH PRDHSM.BTHSEQ.SG20H2.CPBEMB PRDHSM.ONLVSM.SG20H2.HSMPMF,H96_LIST.txt; D2512DEC.txt; D2606JUN.txt; SG SLA; SG_JCL_Evidence.txt,Parsed,Production,Implemented,
SG,TSGCLKH9#2,CPU_093,S9P1468U,SCP1468U,Matched,1,0.01,0.02,32,0.01,0.02,31,,,Standard,,,SP600370 SP601000 SP606160,PRDCIS.BTHSEQ.SG20H2.CPDEMB PRDCIS.BTHVSM.SG20H2.CPBSYS PRDCRD.ONLVSM.SG20H2.BRANCH,H96_LIST.txt; D2512DEC.txt; D2606JUN.txt; SG SLA; SG_JCL_Evidence.txt,Parsed,Production,Implemented,
SG,TSGCLKH9#2,CPU_094,S9P0477U,SCP0477U,Matched,1,0.46,0.78,32,0.46,0.72,31,-,09:00,Critical,,Gemalto,ETALK ICETOOL IDCAMS SORT SP600360 SP600450 SP601200 SP601600 SP606160,PRDCIS.BTHVSM.SG20H2.CPBCUS PRDCIS.BTHVSM.SG20H2.CPBPLT PRDCIS.BTHVSM.SG20H2.CPBSYS PRDCIS.ONLVSM.SG20H2.CPPFX.PATH PRDCRD.BTHCTL.SG20H2(ICP00125) PRDCRD.BTHSEQ.SG20H2.EMV.EMB.MC.RPT PRDCRD.BTHSEQ.SG20H2.EMV.MC.CLEAR.P532357 PRDCRD.BTHSEQ.SG20H2.EMV.MC.CLEAR.P545234 PRDCRD.BTHSEQ.SG20H2.EMV.MC.CLEAR.P554939 PRDCRD.BTHSEQ.SG20H2.EMV.MC.CLEAR.P601 PRDCRD.BTHSEQ.SG20H2.EMV.MC.CLEAR.P608 PRDCRD.BTHSEQ.SG20H2.EMV.MC.CLEAR.P610 PRDCRD.BTHSEQ.SG20H2.EMV.MC.CLR.RPT PRDCRD.BTHSEQ.SG20H2.EMV.P467870 PRDCRD.BTHSEQ.SG20H2.EMV.P467871 PRDCRD.BTHSEQ.SG20H2.EMV.P532357 PRDCRD.BTHSEQ.SG20H2.EMV.P545234 PRDCRD.BTHSEQ.SG20H2.EMV.P554939 PRDCRD.BTHSEQ.SG20H2.EMV.P601 PRDCRD.BTHSEQ.SG20H2.EMV.P608 PRDCRD.BTHSEQ.SG20H2.EMV.P610 PRDCRD.BTHSEQ.SG20H2.EMV.VMCEMB.MC PRDCRD.BTHSEQ.SG20H2.EMV.VMCEMB.RSLT PRDCRD.BTHSEQ.SG20H2.EMV.VMCEMB.VISA PRDCRD.BTHSEQ.SG20H2.EMV.VS.CLEAR.P467870 PRDCRD.BTHSEQ.SG20H2.EMV.VS.CLEAR.P467871 PRDCRD.BTHSEQ.SG20H2.EMV.VS.CLR.ALL PRDCRD.ONLVSM.SG20H2.BRANCH PRDCRD.WRKVSM.SG20H2.EMV.CPEMBV1 PRDHSM.BTHSEQ.SG20H2.CPBEMB,H96_LIST.txt; D2512DEC.txt; D2606JUN.txt; SG SLA; SG_JCL_Evidence.txt,Parsed,Production,Implemented,
SG,TSGCLKH9#2,CPU_095,S9PF672U,SCPF672U,Matched,1,0.1,0.12,32,0.1,0.13,31,,,Standard,,,IDCAMS,,H96_LIST.txt; D2512DEC.txt; D2606JUN.txt; SG SLA; SG_JCL_Evidence.txt,Parsed,Production,Implemented,
SG,TSGCLKH9#2,CPU_096,S9PF6BK1,SCPF6BK1,Matched,1,0.19,0.23,32,0.18,0.23,31,,,Standard,,,ADRDSSU,PRDCRD.BTHTGD.SG20H2.FAI.DAILY.BKP1(+1),H96_LIST.txt; D2512DEC.txt; D2606JUN.txt; SG SLA; SG_JCL_Evidence.txt,Parsed,Production,Implemented,
SG,TSGCLKH9#2,CPU_097,S9PF673U,SCPF673U,Matched,1,0,0,32,0,0,31,,,Standard,,,IDCAMS,,H96_LIST.txt; D2512DEC.txt; D2606JUN.txt; SG SLA; SG_JCL_Evidence.txt,Parsed,Production,Implemented,
SG,TSGCLKH9#2,CPU_098,S9PF65CL,SCPF65CL,Matched,1,0,0,1,0,0,1,,,Standard,,,,,H96_LIST.txt; D2512DEC.txt; D2606JUN.txt; SG SLA; SG_JCL_Evidence.txt,Parsed,Production,Implemented,
SG,TSGCLKH9#2,CPU_099,S9PF66UW,SCPF66UW,Matched,1,0.13,0.13,1,0.15,0.15,1,,,Standard,,,IDCAMS SORT,FAIFSD1A FAIFSD2A FAIFSD3A FAIFSD4A PRDFAI.ONLVSM.SG63F1.&DSN PRDFAI.WRKVSM.SG63F1.&DSN..FC,H96_LIST.txt; D2512DEC.txt; D2606JUN.txt; SG SLA; SG_JCL_Evidence.txt,Parsed,Production,Implemented,
SG,TSGCLKH9#2,CPU_100,S9PF65OP,SCPF65OP,Matched,1,0,0,1,0,0,1,,,Standard,,,,,H96_LIST.txt; D2512DEC.txt; D2606JUN.txt; SG SLA; SG_JCL_Evidence.txt,Parsed,Production,Implemented,
SG,TSGCLKH9#2,CPU_101,S9IRHSJC,SAIRHSJC,Matched,1,0.07,0.1,32,0.03,0.05,31,,,Standard,,,,,H96_LIST.txt; D2512DEC.txt; D2606JUN.txt; SG SLA; SG_JCL_Evidence.txt,Parsed,Production,Implemented,
SG,TSGCLKH9#2,CPU_102,S9IHSTBK,SAIHSTBK,Matched,1,0.05,0.07,32,0.04,0.05,31,,,Standard,,,,,H96_LIST.txt; D2512DEC.txt; D2606JUN.txt; SG SLA; SG_JCL_Evidence.txt,Parsed,Production,Implemented,
SG,TSGCLKH9#2,CPU_103,S9INHMJC,SAINHMJC,Matched,1,0.04,0.07,32,0.02,0.03,31,,,Standard,,,,,H96_LIST.txt; D2512DEC.txt; D2606JUN.txt; SG SLA; SG_JCL_Evidence.txt,Parsed,Production,Implemented,
SG,TSGCLKH9#2,CPU_104,S9INHSJC,SAINHSJC,Matched,1,0.18,0.27,32,0.11,0.15,31,,,Standard,,,,,H96_LIST.txt; D2512DEC.txt; D2606JUN.txt; SG SLA; SG_JCL_Evidence.txt,Parsed,Production,Implemented,
SG,TSGCLKH9#2,CPU_105,S9URHSJC,SAURHSJC,Matched,1,0.03,0.05,32,0.04,0.05,31,,,Standard,,,,,H96_LIST.txt; D2512DEC.txt; D2606JUN.txt; SG SLA; SG_JCL_Evidence.txt,Parsed,Production,Implemented,
SG,TSGCLKH9#2,CPU_106,S9UHSTBK,SAUHSTBK,Matched,1,0.03,0.05,32,0.03,0.07,31,,,Standard,,,,,H96_LIST.txt; D2512DEC.txt; D2606JUN.txt; SG SLA; SG_JCL_Evidence.txt,Parsed,Production,Implemented,
SG,TSGCLKH9#2,CPU_107,S9UNHMJC,SAUNHMJC,Matched,1,0.02,0.05,32,0.03,0.07,31,,,Standard,,,,,H96_LIST.txt; D2512DEC.txt; D2606JUN.txt; SG SLA; SG_JCL_Evidence.txt,Parsed,Production,Implemented,
SG,TSGCLKH9#2,CPU_108,S9UNHSJC,SAUNHSJC,Matched,1,0.08,0.15,32,0.08,0.13,31,,,Standard,,,,,H96_LIST.txt; D2512DEC.txt; D2606JUN.txt; SG SLA; SG_JCL_Evidence.txt,Parsed,Production,Implemented,
SG,TSGCLKH9#2,CPU_109,S9XSFBKP,SCXSFBKP,Matched,1,0,0,32,0,0,31,,,Standard,,,IDCAMS,PRDIMX.BKPBGD.SG20H2.CXICN(+1) PRDIMX.BKPBGD.SG20H2.CXSFM(+1) PRDIMX.BKPBGD.SG20H2.CXTR2(+1) PRDIMX.BTHVSM.SG20H2.CXICN PRDIMX.ONLVSM.SG20H2.CXSFM PRDIMX.ONLVSM.SG20H2.CXTR2,H96_LIST.txt; D2512DEC.txt; D2606JUN.txt; SG SLA; SG_JCL_Evidence.txt,Parsed,Production,Implemented,
SG,TSGCLKH9#2,CPU_111,S9PU750,SCPU750,Matched,1,0.05,0.08,32,0.04,0.07,31,,,Standard,,,,,H96_LIST.txt; D2512DEC.txt; D2606JUN.txt; SG SLA; SG_JCL_Evidence.txt,Parsed,Production,Implemented,
SG,TSGCLKH9#2,CPU_112,S9PNXRF,SCPNXRF,Matched,1,0.2,0.28,32,0.2,0.33,31,,,Standard,,,,,H96_LIST.txt; D2512DEC.txt; D2606JUN.txt; SG SLA; SG_JCL_Evidence.txt,Parsed,Production,Implemented,
SG,TSGCLKH9#2,CPU_113,S9PDY2L,SCPDY2L,Matched,1,0.71,0.77,32,0.69,0.75,31,,,Standard,,,,,H96_LIST.txt; D2512DEC.txt; D2606JUN.txt; SG SLA; SG_JCL_Evidence.txt,Parsed,Production,Implemented,
SG,TSGCLKH9#2,CPU_114,S9XCFMUP,SCXCFMUP,Matched,1,0,0,32,0,0,31,,,Standard,,,CXHS010 CXU016 ICEGENER IDCAMS,PRDCRD.BTHCTL.SG20H2(CXHS010) PRDCRD.BTHCTL.SG20H2(CXTR2DF) PRDCRD.BTHCTL.SG20H2(CXTR2DL) PRDCRD.BTHCTL.SG20H2(REPROCX) PRDIMX.BTHLOD.SG20H2 PRDIMX.ONLVSM.SG20H2.CXSFM PRDIMX.ONLVSM.SG20H2.CXSYS PRDIMX.ONLVSM.SG20H2.CXTR2,H96_LIST.txt; D2512DEC.txt; D2606JUN.txt; SG SLA; SG_JCL_Evidence.txt,Parsed,Production,Implemented,
SG,TSGCLKH9#2,CPU_115,S9XCTFED,SCXCTFED,Matched,1,0.02,0.03,32,0.02,0.03,31,,,Standard,,,ICETOOL IDCAMS IEBGENER SORT,&CNTLLIB(CXRESET) &CNTLLIB(CXTFELDF) &CNTLLIB(CXTFELDL) &ENV.IMX.BTHVSM.&VER.CXTFE.DLY &ENV.IMX.BTHVSM.&VER.CXTFE.MCI &ENV.IMX.BTHVSM.&VER.CXTFE.OUTG,H96_LIST.txt; D2512DEC.txt; D2606JUN.txt; SG SLA; SG_JCL_Evidence.txt,Parsed,Production,Implemented,
SG,TSGCLKH9#2,CPU_116,S9PPCCG,SCPPCCG,Matched,1,0.06,0.1,32,0.06,0.15,31,,,Standard,,,,&CNTLLIB(CPU920CG),H96_LIST.txt; D2512DEC.txt; D2606JUN.txt; SG SLA; SG_JCL_Evidence.txt,Parsed,Production,Implemented,
SG,TSGCLKH9#2,CPU_117,S9PUABUB,SCPUABUB,Matched,1,0.03,0.07,32,0.04,0.07,31,,,Standard,,,,PRDCIS.BTHLOD.SG20H2,H96_LIST.txt; D2512DEC.txt; D2606JUN.txt; SG SLA; SG_JCL_Evidence.txt,Parsed,Production,Implemented,
SG,TSGCLKH9#2,CPU_118,S9PU866D,SCPU866D,Matched,1,0.31,0.35,32,0.31,0.5,31,,,Standard,,,,,H96_LIST.txt; D2512DEC.txt; D2606JUN.txt; SG SLA; SG_JCL_Evidence.txt,Parsed,Production,Implemented,
SG,TSGCLKH9#2,CPU_119,S9PU866B,SCPU866B,Matched,1,0.02,0.02,32,0.02,0.02,31,,,Standard,,,,PRDCIS.BTHLOD.SG20H2,H96_LIST.txt; D2512DEC.txt; D2606JUN.txt; SG SLA; SG_JCL_Evidence.txt,Parsed,Production,Implemented,
SG,TSGCLKH9#2,CPU_120,S9PPCOG,SCPPCOG,Matched,1,0.03,0.03,32,0.03,0.03,31,,,Standard,,,,&CNTLLIB(CPU920OG),H96_LIST.txt; D2512DEC.txt; D2606JUN.txt; SG SLA; SG_JCL_Evidence.txt,Parsed,Production,Implemented,
SG,TSGCLKH9#2,CPU_121,S9XCLMBU,SCXCLMBU,Matched,1,0,0,32,0,0,31,,,Standard,,,CXCM070 CXU016 IEFBR14 SORT,PRDCIS.BTHLOD.SG20H2 PRDCRD.BTHCTL.SG20H2(CXCM070) PRDCSS.BTHLOD.SG20H2 PRDIMX.BTHLOD.SG20H2 PRDIMX.BTHSEQ.SG20H2.CXCEX PRDIMX.BTHSEQ.SG20H2.CXIAU PRDIMX.ONLVSM.SG20H2.CXSYS PRDTCP.ONLVSM.SG20H2.TCPPPM,H96_LIST.txt; D2512DEC.txt; D2606JUN.txt; SG SLA; SG_JCL_Evidence.txt,Parsed,Production,Implemented,
SG,TSGCLKH9#2,CPU_122,S9XCLVAU,SCXCLVAU,Matched,1,0.04,0.05,32,0.05,0.07,31,,,Standard,,,CXCV070 CXU016 ICETOOL IEFBR14 SORT,&CNTLLIB(CXCV070) &CNTLLIB(ICPK1000) &ENV.IMX.BTHSEQ.&VER.CXCEX &ENV.IMX.BTHSEQ.&VER.CXCEX.BK.ORIG &ENV.IMX.BTHSEQ.&VER.CXCEX.OMIT.CROSS.MV &ENV.IMX.BTHSEQ.&VER.CXCEX.VAU &ENV.IMX.BTHSEQ.&VER.CXVAU &ENV.IMX.BTHVSM.&VER.CXABS &ENV.IMX.ONLVSM.&VER.CXSYS &ENV.TCP.ONLVSM.&VER.TCPPPM,H96_LIST.txt; D2512DEC.txt; D2606JUN.txt; SG SLA; SG_JCL_Evidence.txt,Parsed,Production,Implemented,
SG,TSGCLKH9#2,CPU_123,S9P1483U,SCP1483U,Matched,1,0.31,0.45,32,0.34,0.78,31,,,Standard,,,ICETOOL SORT SP604700 SP604800 SP604900 SP605100 SP607330,PRDCIS.BKPVSM.SG20H2.CPBCPX.JCPALXR PRDCIS.BTHVSM.SG20H2.CPBAPX PRDCIS.BTHVSM.SG20H2.CPBCRD PRDCIS.BTHVSM.SG20H2.CPBCUS PRDCIS.BTHVSM.SG20H2.CPBPLT PRDCIS.BTHVSM.SG20H2.CPBSYS PRDCIS.BTHVSM.SG20H2.CPBUCP PRDCIS.ONLVSM.SG20H2.CPPFX.PATH PRDCRD.BTHSEQ.SG20H2.STM.CPSTRN.AWSM PRDCRD.BTHSEQ.SG20H2.STM.FNL.AW.SUPP.STMT PRDCRD.BTHSEQ.SG20H2.STM.FNL.CLR1.AW PRDCRD.BTHSEQ.SG20H2.STM.FNL.CLR1A.AW PRDCRD.BTHSEQ.SG20H2.STM.FNL.CLR1B.AW PRDCRD.BTHSEQ.SG20H2.STM.FNL.CLR2.AW PRDCRD.BTHSEQ.SG20H2.STM.FNL.CLR2A.AW PRDCRD.BTHSEQ.SG20H2.STM.FNL.CLR2B.AW PRDCRD.BTHSEQ.SG20H2.STM.SORTG.CLR1.AW PRDCRD.BTHSEQ.SG20H2.STM.SORTG.ZC.AW PRDCRD.BTHSEQ.SG20H2.STM.SORTO.CLR2.AW PRDCRD.BTHSEQ.SG20H2.STM.SORTO.ZC.AW PRDCRD.BTHSEQ.SG20H2.STM.STMT.AW PRDCRD.BTHSEQ.SG20H2.STM.STRN.AW PRDCRD.BTHSEQ.SG20H2.STMTS2.AWSM PRDCRD.WRKSEQ.SG20H2.STM.MERGED.AW PRDCRD.WRKSEQ.SG20H2.STM.STMTZIP1.AW PRDCRD.WRKSEQ.SG20H2.STM.STMTZIP2.AW PRDCRD.WRKSEQ.SG20H2.STM.STRN.AW PRDCRD.WRKSEQ.SG20H2.STM.STRN.AWA PRDCRD.WRKSEQ.SG20H2.STM.STRN.AWB PRDCRD.WRKSEQ.SG20H2.STM.STRN.AWC,H96_LIST.txt; D2512DEC.txt; D2606JUN.txt; SG SLA; SG_JCL_Evidence.txt,Parsed,Production,Implemented,
SG,TSGCLKH9#2,CPU_124,S9P1484U,SCP1484U,Matched,1,0,0.02,32,0,0,31,,,Standard,,,ICETOOL,PRDCRD.BTHSEQ.SG20H2.STMR.AW.FNL.CLR1A PRDCRD.BTHSEQ.SG20H2.STMR.AW.FNL.CLR2A PRDCRD.BTHSEQ.SG20H2.STMR.SORTG.CLR1.AWSM PRDCRD.BTHSEQ.SG20H2.STMR.SORTO.CLR2.AWSM,H96_LIST.txt; D2512DEC.txt; D2606JUN.txt; SG SLA; SG_JCL_Evidence.txt,Parsed,Production,Implemented,
SG,TSGCLKH9#2,CPU_125,S9PSTMF1,SCFSTMF1,Matched via SLA,1,0.37,0.38,32,0.37,0.38,31,,07:15,Critical,,Datapost,ETALK,&ENV.CRD.BTHSEQ.&VER.STM.FNL.CLR1AF1 &ENV.CRD.BTHSEQ.&VER.STM.FNL.CLR2AF1 &ENV.CRD.BTHSEQ.&VER.STM.FNL.SUPP.STMTF1 &ENV.CRD.BTHSEQ.&VER.STM.FNLO1F1 &ENV.CRD.BTHSEQ.&VER.STM.FNLS1F1 &ENV.CRD.BTHSEQ.&VER.STM.SUPP.FNL1F1 PSUC.PAYMATE.ETALK.MASTER PSUC.UID.EFTP.SG.DATAPOST,H96_LIST.txt; D2512DEC.txt; D2606JUN.txt; SG SLA; SG_JCL_Evidence.txt,Parsed,Production,Implemented,Daily
SG,TSGCLKH9#2,CPU_126,S9PSTMF3,SCFSTMF3,Matched via SLA,1,0.35,0.35,32,0.35,0.35,31,,07:15,Critical,,Datapost,ETALK,&ENV.CRD.BTHSEQ.&VER.STMR.FNL.CLR1AF1 &ENV.CRD.BTHSEQ.&VER.STMR.FNL.CLR2AF1 &ENV.CRD.BTHSEQ.&VER.STMR.RPROSB.F1 &ENV.CRD.BTHSEQ.&VER.STMR.RPRSGB.F1 PSUC.PAYMATE.ETALK.MASTER PSUC.UID.EFTP.SG.DATAPOST,H96_LIST.txt; D2512DEC.txt; D2606JUN.txt; SG SLA; SG_JCL_Evidence.txt,Parsed,Production,Implemented,Daily
SG,TSGCLKH9#2,CPU_127,S9P1500U,SCP1500U,Matched,1,0.3,0.42,32,,,0,,,Standard,,,ICETOOL SORT SP604700 SP604800 SP604900 SP605100 SP607330,PRDCIS.BKPVSM.SG20H2.CPBCPX.JCPALXR PRDCIS.BTHVSM.SG20H2.CPBAPX PRDCIS.BTHVSM.SG20H2.CPBCRD PRDCIS.BTHVSM.SG20H2.CPBCUS PRDCIS.BTHVSM.SG20H2.CPBPLT PRDCIS.BTHVSM.SG20H2.CPBSYS PRDCIS.BTHVSM.SG20H2.CPBUCP PRDCIS.ONLVSM.SG20H2.CPPFX.PATH PRDCRD.BTHSEQ.SG20H2.STM.CPSTRN.WSCC PRDCRD.BTHSEQ.SG20H2.STM.FNL.CLR1.WS PRDCRD.BTHSEQ.SG20H2.STM.FNL.CLR1A.WS PRDCRD.BTHSEQ.SG20H2.STM.FNL.CLR2.WS PRDCRD.BTHSEQ.SG20H2.STM.FNL.CLR2A.WS PRDCRD.BTHSEQ.SG20H2.STM.FNL.WS.SUPP.STMT PRDCRD.BTHSEQ.SG20H2.STM.SORTG.CLR1.WS PRDCRD.BTHSEQ.SG20H2.STM.SORTG.ZC.WS PRDCRD.BTHSEQ.SG20H2.STM.SORTO.CLR2.WS PRDCRD.BTHSEQ.SG20H2.STM.SORTO.ZC.WS PRDCRD.BTHSEQ.SG20H2.STM.STMT.WS PRDCRD.BTHSEQ.SG20H2.STM.STRN.WS PRDCRD.BTHSEQ.SG20H2.STMTS2.WSCC PRDCRD.WRKSEQ.SG20H2.STM.MERGED.WS PRDCRD.WRKSEQ.SG20H2.STM.STMTZIP1.WS PRDCRD.WRKSEQ.SG20H2.STM.STMTZIP2.WS PRDCRD.WRKSEQ.SG20H2.STM.STRN.WS PRDCRD.WRKSEQ.SG20H2.STM.STRN.WSA PRDCRD.WRKSEQ.SG20H2.STM.STRN.WSB PRDCRD.WRKSEQ.SG20H2.STM.STRN.WSC PRDCRD.WRKSEQ.SG20H2.STM.ZIP1.WS PRDCRD.WRKSEQ.SG20H2.STM.ZIP1KEY.WS,H96_LIST.txt; D2512DEC.txt; D2606JUN.txt; SG SLA; SG_JCL_Evidence.txt,Parsed,Production,Implemented,
SG,TSGCLKH9#2,CPU_128,S9P1501U,SCP1501U,Matched,1,0,0.02,32,,,0,,,Standard,,,ICETOOL,PRDCRD.BTHSEQ.SG20H2.STMR.SORTG.CLR1.WSCC PRDCRD.BTHSEQ.SG20H2.STMR.SORTO.CLR2.WSCC PRDCRD.BTHSEQ.SG20H2.STMR.WS.FNL.CLR1A PRDCRD.BTHSEQ.SG20H2.STMR.WS.FNL.CLR2A,H96_LIST.txt; D2512DEC.txt; D2606JUN.txt; SG SLA; SG_JCL_Evidence.txt,Parsed,Production,Implemented,
SG,TSGCLKH9#2,CPU_189,S9XLEXLB,SCXLEXLB,Matched,1,0.24,0.33,32,0.28,0.4,31,,,Standard,,,CXCV020 CXU016 IDCAMS IEFBR14 SORT,PRDBS3.BTHSEQ.SG20H2.EP302F PRDCRD.BTHCTL.SG20H2(CXCV020) PRDCRD.BTHCTL.SG20H2(CXLCBDF) PRDCRD.BTHCTL.SG20H2(CXLCBDL) PRDCRD.BTHCTL.SG20H2(CXRESET) PRDCRD.BTHCTL.SG20H2(DYNALL32) PRDCRD.BTHCTL.SG20H2(REPROCX) PRDIMX.BTHLOD.SG20H2 PRDIMX.BTHSEQ.SG20H2.CXLCB PRDIMX.ONLVSM.SG20H2.CXLCB PRDIMX.ONLVSM.SG20H2.CXSYS,H96_LIST.txt; D2512DEC.txt; D2606JUN.txt; SG SLA; SG_JCL_Evidence.txt,Parsed,Production,Implemented,
SG,TSGCLKH9#2,CPU_190,S9TVOVXU,,Dev only - not in Prod,1,,,0,,,0,,,Standard,,,,,H96_LIST.txt; D2512DEC.txt; D2606JUN.txt; SG SLA; SG_JCL_Evidence.txt; user confirmation 2026-07-19,User confirmed dev-only,Development,Not implemented in production; runs in development only.,
SG,TSGCLKH9#2,CPU_191,S9TVOVXD,,Dev only - not in Prod,1,,,0,,,0,,,Standard,,,,,H96_LIST.txt; D2512DEC.txt; D2606JUN.txt; SG SLA; SG_JCL_Evidence.txt; user confirmation 2026-07-19,User confirmed dev-only,Development,Not implemented in production; runs in development only.,
SG,TSGCLKH9#2,CPU_192,S9TVIE4U,SSTVIE4U,Matched,1,0.49,0.63,32,0.55,0.85,31,,,Standard,,,CSM08 CSM46 SORT,&CNTLLIB(ICP00183) PRDBS3.BTHLOD.SG20H2 PRDBS3.BTHSEQ.SG20H2.CPTVI.VISA PRDBS3.BTHSEQ.SG20H2.VISA.CTFI PRDBS3.BTHSEQ.SG20H2.VISA.ITFI PRDCIS.BTHVSM.SG20H2.CPBSYS PRDCRD.BTHCTL.SG20H2(BIIDEL) PRDCRD.BTHCTL.SG20H2(DYNALL32) PRDCRD.BTHCTL.SG20H2(RSNDESC) PRDCRD.BTHLOD.MY20A2 PRDCRD.BTHPRM.MY20A2.FIN(LOADRATE) PRDCRD.BTHPRM.MY20A2.FIN(LOCALBIN) PRDCRD.BTHSEQ.MY20A2.VISRATE,H96_LIST.txt; D2512DEC.txt; D2606JUN.txt; SG SLA; SG_JCL_Evidence.txt,Parsed,Production,Implemented,
SG,TSGCLKH9#2,CPU_193,S9TVIED1,,Dev only - not in Prod,1,,,0,,,0,,,Standard,,,,,H96_LIST.txt; D2512DEC.txt; D2606JUN.txt; SG SLA; SG_JCL_Evidence.txt; user confirmation 2026-07-19,User confirmed dev-only,Development,Not implemented in production; runs in development only.,
SG,TSGCLKH9#2,CPU_194,S9TVRAWR,SSTVRAWR,Matched,1,0.2,0.27,32,0.24,0.38,31,,,Standard,,,,&CNTLLIB(ICP00183) PRDBS3.BTHBGD.SG20H2.VISA.DBRAW(+1) PRDBS3.BTHLOD.SG20H2 PRDCRD.BTHCTL.SG20H2(BIIDEL) PRDCRD.BTHLOD.MY20A2,H96_LIST.txt; D2512DEC.txt; D2606JUN.txt; SG SLA; SG_JCL_Evidence.txt,Parsed,Production,Implemented,
SG,TSGCLKH9#2,CPU_195,S9XARDBT,SCXARDBT,Matched,1,0.12,0.15,32,0.15,0.23,31,,,Standard,,,,PRDBS3.BTHLOD.SG20H2,H96_LIST.txt; D2512DEC.txt; D2606JUN.txt; SG SLA; SG_JCL_Evidence.txt,Parsed,Production,Implemented,
SG,TSGCLKH9#2,CPU_196,S9XARDBD,,Dev only - not in Prod,1,,,0,,,0,,,Standard,,,,,H96_LIST.txt; D2512DEC.txt; D2606JUN.txt; SG SLA; SG_JCL_Evidence.txt; user confirmation 2026-07-19,User confirmed dev-only,Development,Not implemented in production; runs in development only.,
SG,TSGCLKH9#2,CPU_197,S9TVIE42,SSTVIE42,Matched,1,0.19,0.22,32,0.19,0.2,31,,,Standard,,,CSM08 CSM46 IDCAMS IEFBR14 SORT,&CNTLLIB(ICP00183) PRDBS3.BTHSEQ.SG20H2.CPTVIB.VISA PRDBS3.BTHSEQ.SG20H2.VISA.CTFIB PRDBS3.BTHSEQ.SG20H2.VISA.ITFIB PRDCIS.BTHVSM.SG20H2.CPBSYS PRDCRD.BTHCTL.SG20H2(BIIDEL) PRDCRD.BTHCTL.SG20H2(DYNALL32) PRDCRD.BTHCTL.SG20H2(RSNDESC) PRDCRD.BTHPRM.MY20A2.FIN(LOADRATE) PRDCRD.BTHPRM.MY20A2.FIN(LOCALBIN) PRDCRD.BTHSEQ.MY20A2.VISRATE,H96_LIST.txt; D2512DEC.txt; D2606JUN.txt; SG SLA; SG_JCL_Evidence.txt,Parsed,Production,Implemented,
SG,TSGCLKH9#2,CPU_198,S9TVIED2,,Dev only - not in Prod,1,,,0,,,0,,,Standard,,,,,H96_LIST.txt; D2512DEC.txt; D2606JUN.txt; SG SLA; SG_JCL_Evidence.txt; user confirmation 2026-07-19,User confirmed dev-only,Development,Not implemented in production; runs in development only.,
SG,TSGCLKH9#2,CPU_199,S9P0036U,SCP0036U,Matched,1,5.3,6.6,32,5.29,6.67,31,-,07:00,Critical,,SAS,ICEGENER IDCAMS IEFBR14 SORT SP606180 SP606190 SP606200,PRDCAU.BTHSEQ.SG20H2.AURPT PRDCAU.BTHSEQ.SG20H2.ISSRPT PRDCAU.ONLVSM.SG20H2.ISSCATV PRDCAU.ONLVSM.SG20H2.ISSCCVS PRDCIS.BTHBGD.SG20H2.CPHST(0) PRDCIS.BTHVSM.SG20H2.CPBCRD PRDCIS.BTHVSM.SG20H2.CPBSYS PRDCIS.ONLVSM.SG20H2.CPOLS PRDCLB.ONLVSM.SG20H2.LBCRD PRDCRD.BTHCTL.SG20H2(ICP00020) PRDCRD.BTHCTL.SG20H2(ICP00021) PRDCRD.BTHCTL.SG20H2(ICPK1000) PRDCRD.BTHCTL.SG20H2(ICPK2000) PRDCRD.BTHSEQ.SG20H2.BTHLARGE.SASIS PRDCRD.BTHSEQ.SG20H2.SAS.AURPT.FTP PRDCRD.BTHSEQ.SG20H2.SAS.CLKHDR PRDCRD.BTHSEQ.SG20H2.SAS.CPHST.FTP PRDCRD.BTHSEQ.SG20H2.SAS.CPOLS.FTP PRDCRD.BTHSEQ.SG20H2.SAS.EPTRAN.FTP PRDCRD.BTHSEQ.SG20H2.SAS.ISSCATV.FTP PRDCRD.BTHSEQ.SG20H2.SAS.ISSRPT.FTP PRDCRD.BTHSEQ.SG20H2.SAS.LBCRD.FTP PRDCRD.WRKSEQ.SG20H2.AURPT PRDCRD.WRKSEQ.SG20H2.BTHLARGE.SASIS PRDCRD.WRKSEQ.SG20H2.ISSRPT PRDCRD.WRKSEQ.SG20H2.SAS.EPTRAN PRDCRD.WRKSEQ.SG20H2.SAS.ISSCATV.FTP PRDEPP.ONLVSM.SG20H2.EPTRANS,H96_LIST.txt; D2512DEC.txt; D2606JUN.txt; SG SLA; SG_JCL_Evidence.txt,Parsed,Production,Implemented,Daily
SG,TSGCLKH9#2,CPU_200,S9P0084U,SCP0084U,Matched,1,1.08,1.22,32,1.02,1.28,31,-,07:30,Critical,,SAS,ICETOOL IEFBR14 SORT SP612640 SP612680,PRDCAU.BTHSEQ.SG20H2.AURPT PRDCAU.BTHSEQ.SG20H2.ISSRPT PRDCAU.ONLVSM.SG20H2.ISSCATV PRDCIS.BTHBGD.SG20H2.CPHST(0) PRDCIS.BTHLOD.SG20H2 PRDCIS.BTHVSM.SG20H2.CPBCRD PRDCIS.BTHVSM.SG20H2.CPBCUS PRDCIS.BTHVSM.SG20H2.CPBPLT PRDCIS.BTHVSM.SG20H2.CPBSYS PRDCIS.BTHVSM.SG20H2.NPLMST PRDCIS.ONLVSM.SG20H2.CPZCMF PRDCLB.ONLVSM.SG20H2.LBCRD PRDCRD.BTHCTL.SG20H2(DYNALL32) PRDCRD.BTHCTL.SG20H2(ICP00059) PRDCRD.BTHLOD.SG20H2 PRDCRD.BTHSEQ.SG20H2.BTHLARGE.SASIS PRDCRD.BTHSEQ.SG20H2.BTHLARGE.SASLB PRDCRD.BTHSEQ.SG20H2.SAS.CPOLS.FTP PRDCRD.BTHSEQ.SG20H2.SAS.CTRLF.FTP PRDCRD.BTHSEQ.SG20H2.SAS.CTRLF.FTP.AACB PRDCRD.BTHSEQ.SG20H2.SAS.CTRLF.FTP.AML PRDCRD.BTHSEQ.SG20H2.SAS.CTRLF.FTP.CBS PRDCRD.BTHSEQ.SG20H2.SAS.CTRLF.FTP.CBS2 PRDCRD.BTHSEQ.SG20H2.SAS.CTRLF.FTP.ENHC PRDCRD.BTHSEQ.SG20H2.SAS.CTRLF.FTP.FND PRDCRD.BTHSEQ.SG20H2.SAS.CTRLF.FTP.MASUCP PRDCRD.BTHSEQ.SG20H2.SAS.CTRLF.FTP.MDES PRDCRD.BTHSEQ.SG20H2.SAS.CTRLF.FTP1 PRDCRD.BTHSEQ.SG20H2.SAS.EPTRAN.FTP PRDCRD.BTHSEQ.SG20H2.SAS.LBCRD.FTP,H96_LIST.txt; D2512DEC.txt; D2606JUN.txt; SG SLA; SG_JCL_Evidence.txt,Parsed,Production,Implemented,Daily
SG,TSGCLKH9#2,CPU_201,S9P1214U,SCP1214U,Matched,1,0.38,0.42,32,0.37,0.38,31,,,Standard,,,ICEGENER SP604400,PRDCRD.BTHBGD.SG20H2.RCS.SNGQTOCP(+1) PRDCRD.BTHBGD.SG20H2.RCS.SNGVTOCP(+1) PRDCRD.BTHCTL.SG20H2(ICP00666) PRDCRD.BTHSEQ.SG20H2.RCS.FAXSBTCH,H96_LIST.txt; D2512DEC.txt; D2606JUN.txt; SG SLA; SG_JCL_Evidence.txt,Parsed,Production,Implemented,
SG,TSGCLKH9#2,CPU_202,S9P1463U,SCP1463U,Matched,1,0.37,0.38,32,0.36,0.38,31,,,Standard,,,ICEGENER SP604400,PRDCRD.BTHBGD.SG20H2.CAF.SNGQTOCP(+1) PRDCRD.BTHBGD.SG20H2.CAF.SNGVTOCP(+1) PRDCRD.BTHCTL.SG20H2(ICP00917) PRDCRD.BTHSEQ.SG20H2.CAF.FAXSBTCH PSUC.UID.CAF.SG,H96_LIST.txt; D2512DEC.txt; D2606JUN.txt; SG SLA; SG_JCL_Evidence.txt,Parsed,Production,Implemented,
SG,TSGCLKH9#2,CPU_203,S9P1464U,SCP1464U,Matched,1,0.37,0.4,32,0.37,0.38,31,,,Standard,,,ICEGENER SP604500,PRDCIS.BTHVSM.SG20H2.CPBPLT PRDCRD.BTHBGD.SG20H2.CAF.SNGMTOCP(+1) PRDCRD.BTHCTL.SG20H2(ICP00918) PRDCRD.BTHSEQ.SG20H2.CAF.FAXSCHCU PSUC.UID.CAF.SG,H96_LIST.txt; D2512DEC.txt; D2606JUN.txt; SG SLA; SG_JCL_Evidence.txt,Parsed,Production,Implemented,
SG,TSGCLKH9#2,CPU_204,S9P1207U,SCP1207U,Matched,1,0.34,0.35,32,0.34,0.35,31,,,Standard,,,ICEGENER SP604500,PRDCIS.BTHVSM.SG20H2.CPBPLT PRDCRD.BTHBGD.SG20H2.RCS.SNGMTOCP(+1) PRDCRD.BTHCTL.SG20H2(ICP00660) PRDCRD.BTHLOD.SG20H2 PRDCRD.BTHSEQ.SG20H2.RCS.FAXSCHCU,H96_LIST.txt; D2512DEC.txt; D2606JUN.txt; SG SLA; SG_JCL_Evidence.txt,Parsed,Production,Implemented,
SG,TSGCLKH9#2,CPU_205,S9P1208U,SCP1208U,Matched,1,0.36,0.4,32,0.37,0.42,31,,,Standard,,,ICEGENER SP606780,PRDCIS.BTHLOD.SG20H2 PRDCIS.BTHVSM.SG20H2.CPBCUS PRDCIS.BTHVSM.SG20H2.CPBPLT PRDCIS.BTHVSM.SG20H2.CPBSYS PRDCRD.BTHCTL.SG20H2(ICP00661) PRDCRD.BTHLOD.SG20H2 PRDCRD.BTHSEQ.SG20H2.RCS.ATM.PINREQ PRDCRD.BTHSEQ.SG20H2.RCS.ATM.PINREQ.REJ PRDCRD.BTHSEQ.SG20H2.RCS.ATM.PINREQ.TOATM PRDCSS.BTHLOD.SG20H2 PSUC.ONLLIB.LOADLIB,H96_LIST.txt; D2512DEC.txt; D2606JUN.txt; SG SLA; SG_JCL_Evidence.txt,Parsed,Production,Implemented,
SG,TSGCLKH9#2,CPU_206,S9P1209U,SCP1209U,Matched,1,0.35,0.35,32,0.35,0.35,31,,,Standard,,,ICEGENER ICETOOL ISRSUPC SORT SP604200,&ENV.CRD.BTHCTL.SG20H2(ICP00663) PRDCIS.BTHLOD.SG20H2 PRDCIS.BTHVSM.SG20H2.CPBSYS PRDCRD.BTHLOD.SG20H2 PRDCRD.BTHSEQ.SG20H2.CEI.RCS PRDCRD.BTHSEQ.SG20H2.CEI.RCS.IN PRDCRD.BTHSEQ.SG20H2.CEI.RCS.SS PRDCRD.WRKSEQ.SG20H2.CEI.RCS.CNT PRDCRD.WRKSEQ.SG20H2.CEI.RCS.HDR PRDCRD.WRKSEQ.SG20H2.CEI.RCS.RPT PRDCRD.WRKSEQ.SG20H2.CEI.RCS.TRL PSUC.ONLLIB.LOADLIB,H96_LIST.txt; D2512DEC.txt; D2606JUN.txt; SG SLA; SG_JCL_Evidence.txt,Parsed,Production,Implemented,
SG,TSGCLKH9#2,CPU_207,S9F14921,SCF14921,Matched,1,0.33,0.33,32,0.33,0.33,31,,,Standard,,,ICEGENER,&CNTLLIB(ICP00662) &ENV.CRD.BTHSEQ.&VER.RCS.SCCPBF,H96_LIST.txt; D2512DEC.txt; D2606JUN.txt; SG SLA; SG_JCL_Evidence.txt,Parsed,Production,Implemented,
SG,TSGCLKH9#2,CPU_208,S9P1492U,SCP1492U,Matched,1,0.08,0.12,32,0.08,0.12,31,,,Standard,,,CPRPTCP ICETOOL IEFBR14 ISRSUPC SORT SP601000,&CNTLLIB(ICPCLCPA) &CNTLLIB(ICPOPCPA) &ENV.CIS.BTHSEQ.&VER.CPRPTP.ALL &ENV.CIS.BTHVSM.&VER.CPBCUS &ENV.CIS.BTHVSM.&VER.CPBSYS &ENV.CIS.ONLVSM.&VER.CPVSCPC &ENV.CIS.ONLVSM.&VER.CPVSCPI &ENV.CRD.BTHSEQ.&VER.CPRPTE.CP &ENV.CRD.BTHSEQ.&VER.CPRPTP.SORT.CP &ENV.CRD.BTHSEQ.&VER.CPRPTS.CP &ENV.CRD.BTHSEQ.&VER.RCS.SCCPBF &ENV.CRD.BTHSEQ.&VER.SCCPBF.SORT &ENV.CRD.WRKSEQ.&VER.SCCPBF.CNT &ENV.CRD.WRKSEQ.&VER.SCCPBF.RPT &ENV.CRD.WRKSEQ.&VER.SCCPBF.TRL &ENV.CSS.ONLVSM.&VER.CSCTY &ENV.CSS.ONLVSM.&VER.CSCTY.PATH2,H96_LIST.txt; D2512DEC.txt; D2606JUN.txt; SG SLA; SG_JCL_Evidence.txt,Parsed,Production,Implemented,
SG,TSGCLKH9#2,CPU_209,S9P1493U,SCP1493U,Matched,1,0.02,0.02,32,0.02,0.02,31,,,Standard,,,,,H96_LIST.txt; D2512DEC.txt; D2606JUN.txt; SG SLA; SG_JCL_Evidence.txt,Parsed,Production,Implemented,
SG,TSGCLKH9#2,CPU_210,S9XRTV2I,SCXRTV2I,Matched,1,0.14,0.3,32,0.11,0.17,31,,,Standard,,,CXRV010 CXU016,PRDBS3.BTHSEQ.SG20H2.VISA.CTFIB PRDCRD.BTHCTL.SG20H2(CXRV010I) PRDCRD.BTHCTL.SG20H2(DYNALL32) PRDCRD.BTHSEQ.SG20H2.COMET.CXRVS2 PRDIMX.BTHVSM.SG20H2.CXSYS.RPT,H96_LIST.txt; D2512DEC.txt; D2606JUN.txt; SG SLA; SG_JCL_Evidence.txt,Parsed,Production,Implemented,
SG,TSGCLKH9#2,CPU_211,S9P1486U,SCP1486U,Matched,1,0.01,0.02,32,0.01,0.03,31,,,Standard,,,SORT,PRDCRD.BTHSEQ.SG20H2.COMET.CXRVS PRDCRD.BTHSEQ.SG20H2.COMET.CXRVS1 PRDCRD.BTHSEQ.SG20H2.COMET.CXRVS2,H96_LIST.txt; D2512DEC.txt; D2606JUN.txt; SG SLA; SG_JCL_Evidence.txt,Parsed,Production,Implemented,
SG,TSGCLKH9#2,CPU_212,S9P1523U,SCP1523U,Matched,1,0,0,32,0,0,31,,,Standard,,,IDCAMS,,H96_LIST.txt; D2512DEC.txt; D2606JUN.txt; SG SLA; SG_JCL_Evidence.txt,Parsed,Production,Implemented,
SG,TSGCLKH9#2,CPU_215,S9P1487U,SCP1487U,Matched,1,0.44,0.47,32,0.44,0.47,31,,,Standard,,,ETALK ICEGENER ICETOOL ISRSUPC SORT SP604200,PRDCIS.BTHVSM.SG20H2.CPBSYS PRDCRD.BTHCTL.SG20H2(ICP00945) PRDCRD.BTHSEQ.SG20H2.MID803.COMET.ENC PRDCRD.BTHSEQ.SG20H2.MID803.COMET.INFILE PRDCRD.WRKSEQ.SG20H2.ADRQ.HDR PRDCRD.WRKSEQ.SG20H2.ADRQ.HDRFMT PRDCRD.WRKSEQ.SG20H2.ADRQ.REC PRDCRD.WRKSEQ.SG20H2.ADRQ.REC.CNT PRDCRD.WRKSEQ.SG20H2.ADRQ.REC.CNT.TRL PRDCRD.WRKSEQ.SG20H2.ADRQ.TRL PSUC.PAYMATE.ETALK.MASTER PSUC.UID.COMET.SG,H96_LIST.txt; D2512DEC.txt; D2606JUN.txt; SG SLA; SG_JCL_Evidence.txt,Parsed,Production,Implemented,
SG,TSGCLKH9#2,CPU_216,S9ID803,SMID803,Matched,1,0.01,0.02,32,0.01,0.02,31,,,Standard,,,,,H96_LIST.txt; D2512DEC.txt; D2606JUN.txt; SG SLA; SG_JCL_Evidence.txt,Parsed,Production,Implemented,
SG,TSGCLKH9#2,CPU_218,S9PREISA,SCPREISA,Matched,1,0,0,2,0,0,2,,,Standard,,,IDCAMS SP606920,PRDCIS.BTHLOD.SG20H2 PRDCIS.BTHVSM.SG20H2.CPBSYS PRDCRD.BTHCTL.SG20H2(CPI210VX) PRDCRD.BTHLOD.SG20H2 PRDCRD.BTHSEQ.SG20H2.EMV.CPCTL1 PRDCSS.BTHLOD.SG20H2,H96_LIST.txt; D2512DEC.txt; D2606JUN.txt; SG SLA; SG_JCL_Evidence.txt,Parsed,Production,Implemented,
SG,TSGCLKH9#2,CPU_219,S9PREISS,SCPREISS,Matched,1,0.36,0.38,2,0.33,0.33,2,,,Standard,,,,&CNTLLIB(CPD020T4) &CNTLLIB(CPI230A) &ENV.CRD.BTHSEQ.&VER.EMV.CPCTL1 PRDCAU.BTHLOD.SG20H2 PRDCIS.BTHLOD.SG20H2 PRDCSS.BTHLOD.SG20H2,H96_LIST.txt; D2512DEC.txt; D2606JUN.txt; SG SLA; SG_JCL_Evidence.txt,Parsed,Production,Implemented,
SG,TSGCLKH9#2,CPU_220,S9PREIS2,SCPREIS2,Matched,1,0.03,0.03,2,0.03,0.03,2,,,Standard,,,ICEGENER IDCAMS SORT SP600390,&ENV.CIS.BTHVSM.&VER.CPBCUS &ENV.CIS.BTHVSM.&VER.CPBSYS PRDCIS.BTHSEQ.SG20H2.CPAGENT PRDCIS.BTHSEQ.SG20H2.CPIR1 PRDCIS.BTHSEQ.SG20H2.CPREEMB PRDCIS.BTHSEQ.SG20H2.EMV.CPREEMBA PRDCIS.BTHVSM.SG20H2.CPEMBV PRDCRD.BTHCTL.SG20H2(ICP00920) PRDCRD.BTHCTL.SG20H2(ICP00921) PRDCRD.BTHCTL.SG20H2(ICP00923) PRDCRD.BTHCTL.SG20H2(ICPK0050) PRDCRD.BTHCTL.SG20H2(ICPK0250) PRDCRD.BTHCTL.SG20H2(RESETCC) PRDCRD.BTHSEQ.SG20H2.EMV.CPIR1RI PRDCRD.WRKSEQ.SG20H2.EMV.CPAGENT.SORT PSEA.ONLVSM.CPEMBV,H96_LIST.txt; D2512DEC.txt; D2606JUN.txt; SG SLA; SG_JCL_Evidence.txt,Parsed,Production,Implemented,
SG,TSGCLKH9#2,CPU_221,S9P375OP,SCP375OP,Matched,1,0.16,0.32,2,0.13,0.27,2,,,Standard,,,ICEGENER IDCAMS SP600370 SP600460 SP601000,&ENV.HSM.ONLVSM.&VER.CPEMB PRDCIS.BTHSEQ.SG20H2.EMV.CPREEMBA PRDCRD.BTHCTL.SG20H2(FCPEMBOP) PRDCRD.BTHCTL.SG20H2(ICP00919) PRDHSM.BTHSEQ.SG20H2.CPBEMB PRDHSM.ONLVSM.SG20H2.HSMPMF,H96_LIST.txt; D2512DEC.txt; D2606JUN.txt; SG SLA; SG_JCL_Evidence.txt,Parsed,Production,Implemented,
SG,TSGCLKH9#2,CPU_222,S9P1469U,SCP1469U,Matched,1,0,0,2,0,0,2,,,Standard,,,SP600370 SP601000,PRDCIS.BTHSEQ.SG20H2.EMV.CPREEMBA,H96_LIST.txt; D2512DEC.txt; D2606JUN.txt; SG SLA; SG_JCL_Evidence.txt,Parsed,Production,Implemented,
SG,TSGCLKH9#2,CPU_223,S9P0508U,SCP0508U,Matched,1,0.57,0.6,2,0.55,0.55,2,,,Standard,,,ETALK ICETOOL IDCAMS SORT SP600360 SP600450 SP601210 SP601610,&ENV.CRD.BTHSEQ.&VER.FTPEMB.DTL2 PRDCIS.BTHVSM.SG20H2.CPBCUS PRDCIS.BTHVSM.SG20H2.CPBPLT PRDCIS.BTHVSM.SG20H2.CPBSYS PRDCIS.ONLVSM.SG20H2.CPPFX.PATH PRDCRD.BTHCTL.SG20H2(ICP00105) PRDCRD.BTHSEQ.SG20H2.EMV.R.EMB.RPT PRDCRD.BTHSEQ.SG20H2.EMV.R.EMB.RPT.CLR PRDCRD.BTHSEQ.SG20H2.EMV.R.MC.CLR.P532357 PRDCRD.BTHSEQ.SG20H2.EMV.R.MC.CLR.P545234 PRDCRD.BTHSEQ.SG20H2.EMV.R.MC.CLR.P554939 PRDCRD.BTHSEQ.SG20H2.EMV.R.MC.CLR.P601 PRDCRD.BTHSEQ.SG20H2.EMV.R.MC.CLR.P608 PRDCRD.BTHSEQ.SG20H2.EMV.R.MC.CLR.P610 PRDCRD.BTHSEQ.SG20H2.EMV.R.P467870.#01 PRDCRD.BTHSEQ.SG20H2.EMV.R.P467870.#01.CLR PRDCRD.BTHSEQ.SG20H2.EMV.R.P467870.#02 PRDCRD.BTHSEQ.SG20H2.EMV.R.P467870.#02.CLR PRDCRD.BTHSEQ.SG20H2.EMV.R.P467870.#03 PRDCRD.BTHSEQ.SG20H2.EMV.R.P467870.#03.CLR PRDCRD.BTHSEQ.SG20H2.EMV.R.P467871.#01 PRDCRD.BTHSEQ.SG20H2.EMV.R.P467871.#01.CLR PRDCRD.BTHSEQ.SG20H2.EMV.R.P467871.#02.CLR PRDCRD.BTHSEQ.SG20H2.EMV.R.P532357.#01 PRDCRD.BTHSEQ.SG20H2.EMV.R.P532357.#01.CLR PRDCRD.BTHSEQ.SG20H2.EMV.R.P532357.#02.CLR PRDCRD.BTHSEQ.SG20H2.EMV.R.P545234.#01 PRDCRD.BTHSEQ.SG20H2.EMV.R.P545234.#01.CLR PRDCRD.BTHSEQ.SG20H2.EMV.R.P545234.#02.CLR PRDCRD.BTHSEQ.SG20H2.EMV.R.P554939.#01,H96_LIST.txt; D2512DEC.txt; D2606JUN.txt; SG SLA; SG_JCL_Evidence.txt,Parsed,Production,Implemented,
SG,TSGCLKH9#2,CPU_224,S9P0774U,SCP0774U,Matched,1,0.03,0.03,2,0.02,0.02,2,,,Standard,,,ICEGENER IDCAMS IEFBR14 SORT SP606950,PRDCIS.BTHLOD.SG20H2 PRDCIS.BTHVSM.SG20H2.CPBCUS PRDCIS.BTHVSM.SG20H2.CPBPLT PRDCIS.BTHVSM.SG20H2.CPBSYS PRDCRD.BTHLOD.SG20H2 PRDCRD.BTHSEQ.SG20H2.EMV.CPIR1RI PRDCRD.BTHSEQ.SG20H2.SMS.CPIR1RI PRDCRD.TMPSEQ.SG20H2.SMS.REISSUE PRDCRD.WRKSEQ.SG20H2.SMS.CPIR1.REISSUE PRDCRD.WRKSEQ.SG20H2.SMS.CPIR1RI,H96_LIST.txt; D2512DEC.txt; D2606JUN.txt; SG SLA; SG_JCL_Evidence.txt,Parsed,Production,Implemented,
SG,TSGCLKH9#2,CPU_225,S9P0776U,SCP0776U,Matched,1,0.35,0.35,2,0.35,0.35,2,,,Standard,,,IDCAMS SORT SP606940,PRDCIS.BTHLOD.SG20H2 PRDCIS.BTHVSM.SG20H2.CPBSYS PRDCRD.BTHCTL.SG20H2(ICP00255) PRDCRD.BTHLOD.SG20H2 PRDCRD.BTHSEQ.SG20H2.SMS.SMSCACT2 PRDCRD.TMPSEQ.SG20H2.SMS.REISSUE,H96_LIST.txt; D2512DEC.txt; D2606JUN.txt; SG SLA; SG_JCL_Evidence.txt,Parsed,Production,Implemented,
SG,TSGCLKH9#2,CPU_226,S9P0054R,SCP0054R,Matched,1,0.11,0.18,32,0.12,0.3,31,,,Standard,,,IDCAMS SORT SP612560 SP612570,PRDCIS.BTHSEQ.SG20H2.CPMTB PRDCIS.BTHVSM.SG20H2.CPBCAX PRDCIS.BTHVSM.SG20H2.CPBCRD PRDCIS.BTHVSM.SG20H2.CPBCUS PRDCIS.BTHVSM.SG20H2.CPBSYS PRDCRD.TMPSEQ.SG20H2.CPSMTF1.TC20,H96_LIST.txt; D2512DEC.txt; D2606JUN.txt; SG SLA; SG_JCL_Evidence.txt,Parsed,Production,Implemented,
SG,TSGCLKH9#2,CPU_227,S9P0114U,SCP0114U,Matched,1,1.13,1.28,32,1.07,1.25,31,,6.30AM,Critical,,G3 / SGPS,ETALK IDCAMS IEFBR14 SORT SP607010 SP607020 SP607040 SP607050 SP607130,PRDCIS.BTHVSM.SG20H2.CPBAPX PRDCIS.BTHVSM.SG20H2.CPBCRD PRDCIS.BTHVSM.SG20H2.CPBCUS PRDCIS.BTHVSM.SG20H2.CPBSYS PRDCIS.BTHVSM.SG20H2.CPSTMT PRDCRD.BTHCTL.SG20H2(ICP00099) PRDCRD.BTHCTL.SG20H2(ICP00109) PRDCRD.BTHCTL.SG20H2(REPRO) PRDCRD.BTHPRM.SG20H2.SUP(ICP00039) PRDCRD.BTHSEQ.SG20H2.G3.OUTGIRO PRDCRD.BTHSEQ.SG20H2.G3.OUTGIRO.ENC PRDCRD.BTHSEQ.SG20H2.G3.OUTGIRO.PUT PRDCRD.BTHSEQ.SG20H2.G3.SPCHAR.DD PRDCRD.BTHVSM.SG20H2.EGIRO PRDCRD.BTHVSM.SG20H2.G3.DD.CTL PRDCRD.BTHVSM.SG20H2.G3EXT PRDCSS.ONLVSM.SG20H2.CSHOL PSUC.PAYMATE.ETALK.MASTER,H96_LIST.txt; D2512DEC.txt; D2606JUN.txt; SG SLA; SG_JCL_Evidence.txt,Parsed,Production,Implemented,
SG,TSGCLKH9#2,CPU_228,S9P0130U,SCP0130U,Matched,1,0.72,0.93,32,0.65,0.9,31,-,07:15,Critical,,Datapost,ETALK IDCAMS SORT SP607090,PRDCIS.BTHVSM.SG20H2.CPBAPX PRDCIS.BTHVSM.SG20H2.CPBCRD PRDCIS.BTHVSM.SG20H2.CPBCUS PRDCIS.BTHVSM.SG20H2.CPBPLT PRDCIS.BTHVSM.SG20H2.CPBSYS PRDCIS.ONLVSM.SG20H2.CPPCT PRDCRD.BTHCTL.SG20H2(ICP00110) PRDCRD.BTHSEQ.SG20H2.PSEUDO.LTR PRDCRD.BTHSEQ.SG20H2.PSEUDO.LTR.ENC PSUC.PAYMATE.DATAPOST.SG.USERS PSUC.PAYMATE.ETALK.MASTER PSUC.UID.EFTP.SG.DATAPOST,H96_LIST.txt; D2512DEC.txt; D2606JUN.txt; SG SLA; SG_JCL_Evidence.txt,Parsed,Production,Implemented,
SG,TSGCLKH9#2,CPU_229,S9P1179U,SCP1179U,Matched,1,0.04,0.05,32,0.05,0.05,31,,,Standard,,,IEFBR14,PRDCIS.BKPSEQ.SG20H2.BNS150M.RECV,H96_LIST.txt; D2512DEC.txt; D2606JUN.txt; SG SLA; SG_JCL_Evidence.txt,Parsed,Production,Implemented,
SG,TSGCLKH9#2,CPU_230,S9P1180U,SCP1180U,Matched,1,0.42,0.57,32,0.4,0.68,31,,,Standard,,,IDCAMS IEFBR14 NPD005 SORT,PRDCIS.BTHLOD.SG20H2 PRDCIS.BTHSEQ.SG20H2.BNS150 PRDCIS.BTHSEQ.SG20H2.BNS150M PRDCIS.BTHSEQ.SG20H2.NPL.CLSS.CPTUI PRDCIS.BTHSEQ.SG20H2.NPL.DCLS.CPTUI PRDCIS.BTHSEQ.SG20H2.NPL.YEAR.CPTUI PRDCIS.BTHVSM.SG20H2.CPBCRD PRDCIS.WRKSEQ.SG20H2.BNS150.SORTI PRDCIS.WRKSEQ.SG20H2.BNS150.SORTO PRDCIS.WRKSEQ.SG20H2.BNS150M.SORTM PRDCRD.BTHCTL.SG20H2(DYNALL32),H96_LIST.txt; D2512DEC.txt; D2606JUN.txt; SG SLA; SG_JCL_Evidence.txt,Parsed,Production,Implemented,
SG,TSGCLKH9#2,CPU_231,S9P1182U,SCP1182U,Matched,1,0.47,0.47,1,0.28,0.28,1,,,Standard,,,IDCAMS IEFBR14 NPD002 SORT,&ENV.CIS.BTHVSM.&VER.CPBCRD &ENV.CIS.BTHVSM.&VER.CPBSYS &ENV.CIS.BTHVSM.&VER.CPSNPL &ENV.CIS.ONLVSM.&VER.CPPAM PRDCIS.BKPSEQ.SG20H2.BNS150M.NPD004 PRDCIS.BTHLOD.SG20H2 PRDCIS.BTHSEQ.SG20H2.BNS150M PRDCIS.BTHSEQ.SG20H2.NPL.CLSS.CPTUI PRDCIS.BTHSEQ.SG20H2.NPLMST.PM PRDCIS.BTHVSM.SG20H2.NPLMST PRDCRD.BTHCTL.SG20H2(DYNALL32),H96_LIST.txt; D2512DEC.txt; D2606JUN.txt; SG SLA; SG_JCL_Evidence.txt,Parsed,Production,Implemented,
SG,TSGCLKH9#2,CPU_232,S9P1183U,SCP1183U,Matched,1,0.23,0.23,1,0.18,0.18,1,,,Standard,,,IEFBR14 NPD003A,&ENV.CIS.BTHVSM.&VER.CPBAPX &ENV.CIS.BTHVSM.&VER.CPBCUS &ENV.CIS.BTHVSM.&VER.CPBSYS &ENV.CIS.BTHVSM.&VER.CPSNPL &ENV.CIS.BTHVSM.&VER.NPLMST PRDCIS.BTHSEQ.SG20H2.EXTNPL PRDCIS.BTHSEQ.SG20H2.NEWNPL PRDCIS.BTHSEQ.SG20H2.NPL.DCLS.CPTUI,H96_LIST.txt; D2512DEC.txt; D2606JUN.txt; SG SLA; SG_JCL_Evidence.txt,Parsed,Production,Implemented,
SG,TSGCLKH9#2,CPU_233,S9PPED1M,SCPPED1M,Matched,1,0.38,0.38,1,0.38,0.38,1,,,Standard,,,,PRDCIS.BTHLOD.SG20H2 PRDCSS.BTHLOD.SG20H2 PSUC.ONLLIB.LOADLIB,H96_LIST.txt; D2512DEC.txt; D2606JUN.txt; SG SLA; SG_JCL_Evidence.txt,Parsed,Production,Implemented,
SG,TSGCLKH9#2,CPU_234,S9XNRBK1,SCXNRBK1,Matched,1,0,0,32,0,0,31,,,Standard,,,IDCAMS,PRDIMX.BKPBGD.SG20H2.CXADN.VSRT(+1) PRDIMX.BKPBGD.SG20H2.CXNRT(+1) PRDIMX.BKPBGD.SG20H2.CXTFE.NRT(+1) PRDIMX.BTHVSM.SG20H2.CXADN.VSRT PRDIMX.BTHVSM.SG20H2.CXTFE.NRT PRDIMX.ONLVSM.SG20H2.CXNRT,H96_LIST.txt; D2512DEC.txt; D2606JUN.txt; SG SLA; SG_JCL_Evidence.txt,Parsed,Production,Implemented,
SG,TSGCLKH9#2,CPU_235,S9XNRBK2,SCXNRBK2,Matched,1,0,0,32,0,0,31,,,Standard,,,IDCAMS,PRDIMX.BKPBGD.SG20H2.CXNRT(+1) PRDIMX.BKPBGD.SG20H2.CXTFE.NRT(+1) PRDIMX.BTHVSM.SG20H2.CXTFE.NRT PRDIMX.ONLVSM.SG20H2.CXNRT,H96_LIST.txt; D2512DEC.txt; D2606JUN.txt; SG SLA; SG_JCL_Evidence.txt,Parsed,Production,Implemented,
SG,TSGCLKH9#2,CPU_236,S9P1467U,SCP1467U,Matched,1,0.13,0.2,32,0.13,0.22,31,,,Standard,,,ICETOOL IDCAMS SORT,PRDCIS.BTHSEQ.SG20H2.CPRPTT PRDCIS.BTHVSM.SG20H2.CPBSYS PRDCIS.ONLVSM.SG20H2.CPTCD PRDCRD.BTHBGD.SG20H2.RPT17.PRTXDLY(+1) PRDCRD.BTHBGD.SG20H2.RPT17.PRTXDLY(0) PRDCRD.BTHBGD.SG20H2.RPT55.PRTXDLY(+1) PRDCRD.BTHBGD.SG20H2.RPT55.PRTXDLY(0) PRDCRD.BTHSEQ.SG20H2.CPRPTT.TC55TXN PRDCRD.BTHSEQ.SG20H2.RPT17 PRDCRD.BTHSEQ.SG20H2.RPT55 PRDCRD.BTHVSM.SG20H2.TC17TXN PRDCRD.BTHVSM.SG20H2.TC55TXN PRDCRD.WRKSEQ.SG20H2.CPRPTT.DESC PRDCRD.WRKSEQ.SG20H2.CPRPTT.DESCDTL PRDCRD.WRKSEQ.SG20H2.CPRPTT.DESCZRO PRDCRD.WRKSEQ.SG20H2.CPRPTT.DTLORG PRDCRD.WRKSEQ.SG20H2.CPRPTT.TC17TXN PRDCRD.WRKSEQ.SG20H2.CPRPTT.TDY PRDCRD.WRKSEQ.SG20H2.CPRPTT.ZROORG PRDCRD.WRKSEQ.SG20H2.DATA.TEMP PRDCRD.WRKSEQ.SG20H2.DATA.TEMP.ZRO PRDCRD.WRKSEQ.SG20H2.DATE.TEMP PRDCRD.WRKSEQ.SG20H2.DATE.TEMP3 PRDCRD.WRKSEQ.SG20H2.DATE.TEMP4 PRDCRD.WRKSEQ.SG20H2.DATE.TEMP5 PRDCRD.WRKSEQ.SG20H2.FCPTCD PRDCRD.WRKSEQ.SG20H2.TC17MNT PRDCRD.WRKSEQ.SG20H2.TC17MNT2 PRDCRD.WRKSEQ.SG20H2.TC17RPT PRDCRD.WRKSEQ.SG20H2.TC17RPT2,H96_LIST.txt; D2512DEC.txt; D2606JUN.txt; SG SLA; SG_JCL_Evidence.txt,Parsed,Production,Implemented,
SG,TSGCLKH9#2,CPU_237,S9PU516,SCPU516,Matched,1,0.77,0.85,32,0.79,1.08,31,,,Standard,,,,PRDCIS.BTHLOD.SG20H2 PRDCSS.BTHLOD.SG20H2,H96_LIST.txt; D2512DEC.txt; D2606JUN.txt; SG SLA; SG_JCL_Evidence.txt,Parsed,Production,Implemented,
SG,TSGCLKH9#2,CPU_238,S9PU518,SCPU518,Matched,1,0.04,0.05,32,0.02,0.03,31,,,Standard,,,,PRDCIS.BTHLOD.SG20H2 PRDCSS.BTHLOD.SG20H2,H96_LIST.txt; D2512DEC.txt; D2606JUN.txt; SG SLA; SG_JCL_Evidence.txt,Parsed,Production,Implemented,
SG,TSGCLKH9#2,CPU_239,S9ID804,SMID804,Matched,1,0.05,0.08,32,0.06,0.12,31,,,Standard,,,,,H96_LIST.txt; D2512DEC.txt; D2606JUN.txt; SG SLA; SG_JCL_Evidence.txt,Parsed,Production,Implemented,
SG,TSGCLKH9#2,CPU_240,S9PU230,SCPU230,Matched,1,0.19,0.25,32,0.17,0.22,31,,,Standard,,,,PRDCIS.BTHLOD.SG20H2 PRDCSS.BTHLOD.SG20H2 PRDIMX.BTHLOD.SG20H2,H96_LIST.txt; D2512DEC.txt; D2606JUN.txt; SG SLA; SG_JCL_Evidence.txt,Parsed,Production,Implemented,
SG,TSGCLKH9#2,CPU_241,S9PGL009,SCPGL009,Matched,1,1.49,2,32,1.38,2.35,31,,,Standard,,,,PRDCIS.BTHLOD.SG20H2 PRDCSS.BTHLOD.SG20H2,H96_LIST.txt; D2512DEC.txt; D2606JUN.txt; SG SLA; SG_JCL_Evidence.txt,Parsed,Production,Implemented,
SG,TSGCLKH9#2,CPU_242,S9PGL002,SCPGL002,Matched,1,0.08,0.12,31,0.08,0.12,30,,,Standard,,,,PRDCIS.BTHLOD.SG20H2 PRDCSS.BTHLOD.SG20H2,H96_LIST.txt; D2512DEC.txt; D2606JUN.txt; SG SLA; SG_JCL_Evidence.txt,Parsed,Production,Implemented,
SG,TSGCLKH9#2,CPU_243,S9PGL001,SCPGL001,Matched,1,0.48,0.57,32,0.47,0.53,31,-,6.30AM,Critical,,GFMS,,PRDCIS.BTHLOD.SG20H2 PRDCRD.BTHLOD.SG20H2 PRDCSS.BTHLOD.SG20H2,H96_LIST.txt; D2512DEC.txt; D2606JUN.txt; SG SLA; SG_JCL_Evidence.txt,Parsed,Production,Implemented,
SG,TSGCLKH9#2,CPU_244,S9PGL008,SCPGL008,Matched,1,0.04,0.07,32,0.03,0.05,31,,,Standard,,,,PRDCIS.BTHLOD.SG20H2 PRDCSS.BTHLOD.SG20H2,H96_LIST.txt; D2512DEC.txt; D2606JUN.txt; SG SLA; SG_JCL_Evidence.txt,Parsed,Production,Implemented,
SG,TSGCLKH9#2,CPU_245,S9PGL004,SCPGL004,Matched,1,0.79,0.95,32,0.69,0.83,31,-,6.30AM,Critical,,GFMS,,PRDCIS.BTHLOD.SG20H2 PRDCRD.BTHLOD.SG20H2 PRDCSS.BTHLOD.SG20H2,H96_LIST.txt; D2512DEC.txt; D2606JUN.txt; SG SLA; SG_JCL_Evidence.txt,Parsed,Production,Implemented,
SG,TSGCLKH9#2,CPU_246,S9UVAUJ1,SAUVAUJ1,Matched,1,0,0,32,0,0,31,,,Standard,,,,,H96_LIST.txt; D2512DEC.txt; D2606JUN.txt; SG SLA; SG_JCL_Evidence.txt,Parsed,Production,Implemented,
SG,TSGCLKH9#2,CPU_247,S9UVAUJC,SAUVAUJC,Matched,1,0,0,32,0,0,31,,,Standard,,,,,H96_LIST.txt; D2512DEC.txt; D2606JUN.txt; SG SLA; SG_JCL_Evidence.txt,Parsed,Production,Implemented,
SG,TSGCLKH9#2,CPU_248,S9UVAUJ2,SAUVAUJ2,Matched,1,0.06,0.07,32,0.07,0.08,31,,,Standard,,,,,H96_LIST.txt; D2512DEC.txt; D2606JUN.txt; SG SLA; SG_JCL_Evidence.txt,Parsed,Production,Implemented,
SG,TSGCLKH9#2,CPU_251,S9PDY5BK,SEPDY5BK,Matched,1,0.14,0.18,32,0.13,0.23,31,,,Standard,,,ADRDSSU,,H96_LIST.txt; D2512DEC.txt; D2606JUN.txt; SG SLA; SG_JCL_Evidence.txt,Parsed,Production,Implemented,
SG,TSGCLKH9#2,CPU_252,S9P0105U,SCP0105U,Matched,1,0.06,0.08,32,0.06,0.08,31,,,Standard,,,IDCAMS SORT SP606900,&CNTLLIB(REPRO) PRDCAQ.ONLVSM.SG20H2.QMMMER PRDCIS.BTHLOD.SG20H2 PRDCIS.BTHVSM.SG20H2.CPBPLT PRDCIS.BTHVSM.SG20H2.CPBSYS PRDCRD.BTHLOD.SG20H2 PRDCRD.BTHPRM.SG20H2.SUP(ICP00102) PRDCRD.BTHPRM.SG20H2.SUP(ICP00104) PRDCRD.BTHPRM.SG20H2.SUP(ICP00144) PRDCRD.BTHSEQ.SG20H2.EPTRANS PRDCRD.BTHSEQ.SG20H2.POSTED PRDCRD.BTHSEQ.SG20H2.RCS.FAXSBTCH PRDCRD.WRKSEQ.SG20H2.FAXSBTCH.SORT PRDCRD.WRKSEQ.SG20H2.POSTED.CASHLITE PRDEPP.BTHSEQ.SG20H2.EPTRANS.SCP0105U PRDEPP.ONLVSM.SG20H2.EPITYPE PRDEPP.ONLVSM.SG20H2.EPTRANS,H96_LIST.txt; D2512DEC.txt; D2606JUN.txt; SG SLA; SG_JCL_Evidence.txt,Parsed,Production,Implemented,
SG,TSGCLKH9#2,CPU_253,S9P0006U,SCP0006U,Matched,1,0.17,0.25,32,0.16,0.23,31,,,Standard,,,IDCAMS IEFBR14 SORT SP601000,PRDCAU.ONLVSM.SG20H2.OASSMS PRDCAU.WRKSEQ.SG20H2.OASSMS PRDCRD.BTHCTL.SG20H2(OASSMSDF) PRDCRD.BTHCTL.SG20H2(OASSMSDL) PRDCRD.ONLVSM.SG20H2.OASSMSCB PRDCRD.WRKSEQ.SG20H2.OASSMSCB,H96_LIST.txt; D2512DEC.txt; D2606JUN.txt; SG SLA; SG_JCL_Evidence.txt,Parsed,Production,Implemented,
SG,TSGCLKH9#2,CPU_254,S9P0087U,SCP0087U,Matched,1,0,0,32,0,0,31,,,Standard,,,SP601000,PRDCRD.BTHCTL.SG20H2(ICP00089),H96_LIST.txt; D2512DEC.txt; D2606JUN.txt; SG SLA; SG_JCL_Evidence.txt,Parsed,Production,Implemented,
SG,TSGCLKH9#2,CPU_255,S9END2,,Dev only - not in Prod,1,,,0,,,0,,,Standard,,,,,H96_LIST.txt; D2512DEC.txt; D2606JUN.txt; SG SLA; SG_JCL_Evidence.txt; user confirmation 2026-07-19,User confirmed dev-only,Development,Not implemented in production; runs in development only.,
SG,SG SLA supplemental,,,SCF12361,SLA only,,0.49,0.55,32,0.47,0.52,31,-,05:00,Critical,,NEO,,,SG SLA; D2512DEC.txt; D2606JUN.txt; SG_JCL_Evidence.txt,Review,Production,SLA listed - OPC mapping review,Daily
SG,SG SLA supplemental,,,SCP0118U,SLA only,,0.37,0.38,32,0.36,0.37,31,,6.30AM,Critical,,G3 / SGPS,ETALK IEFBR14 SORT,&ENV.CRD.BTHSEQ.&VER.G3.INGIRO.PUT &ENV.CRD.BTHSEQ.&VER.G3.INGIRO.RSP &ENV.CRD.BTHSEQ.&VER.G3.INGIRO.RSP.ENC PRDCIS.BTHLOD.SG20H2 PRDCRD.BTHLOD.SG20H2 PSUC.ONLLIB.LOADLIB PSUC.PAYMATE.ETALK.MASTER,SG SLA; D2512DEC.txt; D2606JUN.txt; SG_JCL_Evidence.txt,Review,Production,SLA listed - OPC mapping review,
SG,SG SLA supplemental,,,SCP0037U,SLA only,,1.56,1.93,32,1.53,1.88,31,-,07:00,Critical,,SAS,IEFBR14 SORT SP606210,PCMP.PMNVSM.SG10.CPBCRA PRDCIS.BTHLOD.SG20H2 PRDCIS.BTHVSM.SG20H2.CPBCRD PRDCIS.BTHVSM.SG20H2.CPBCUS PRDCIS.BTHVSM.SG20H2.CPBPLT PRDCRD.BTHCTL.SG20H2(ICP00026) PRDCRD.BTHLOD.SG20H2 PRDCRD.BTHSEQ.SG20H2.SAS.CLKHDR PRDCRD.BTHSEQ.SG20H2.SAS.CPCRD.FTP PRDCRD.BTHSEQ.SG20H2.SAS.CPCUS.FTP PRDCRD.BTHSEQ.SG20H2.SAS.CPPLT.FTP,SG SLA; D2512DEC.txt; D2606JUN.txt; SG_JCL_Evidence.txt,Review,Production,SLA listed - OPC mapping review,Daily
SG,SG SLA supplemental,,,SCP0075U,SLA only,,3.14,4.5,32,2.89,4.32,31,-,07:00,Critical,,SAS,IDCAMS IEFBR14 SORT,PRDCIS.BTHVSM.SG20H2.CPBCRD PRDCRD.BTHCTL.SG20H2(ICP00058) PRDCRD.BTHSEQ.SG20H2.SAS.OCCMST.FTP PRDCRD.BTHSEQ.SG20H2.SAS.OCSUPI.FTP PRDCRD.WRKSEQ.SG20H2.OCCMST PRDCRD.WRKSEQ.SG20H2.OCSUPI PRDOLC.ONLVSM.SG20H2.OCCMST PRDOLC.ONLVSM.SG20H2.OCSUPI,SG SLA; D2512DEC.txt; D2606JUN.txt; SG_JCL_Evidence.txt,Review,Production,SLA listed - OPC mapping review,Daily
SG,SG SLA supplemental,,,SCP1230U,SLA only,,1.33,1.72,32,1.14,1.35,31,-,07:00,Critical,,SAS,ICETOOL IDCAMS IEFBR14 SORT,PRDCIS.BTHVSM.SG20H2.CPBCMA PRDCIS.BTHVSM.SG20H2.CPBCRD PRDCIS.BTHVSM.SG20H2.CPBSYS PRDCRD.BTHCTL.SG20H2(ICP00408) PRDCRD.BTHSEQ.SG20H2.SAS.CPBCMA.FTP PRDCRD.BTHSEQ.SG20H2.SAS.CTRLF.FTP.ENHC PRDCRD.BTHSEQ.SG20H2.SAS.CXTFO.FTP PRDCRD.BTHSEQ.SG20H2.SAS.OCCDLY.FTP PRDCRD.BTHSEQ.SG20H2.SAS.OCCMST.FTP PRDCRD.WRKSEQ.SG20H2.SAS.OCCDLY PRDIMX.BTHSEQ.SG20H2.CXTFO.POST,SG SLA; D2512DEC.txt; D2606JUN.txt; SG_JCL_Evidence.txt,Review,Production,SLA listed - OPC mapping review,Daily
SG,SG SLA supplemental,,,SCP0165U,SLA only,,0.45,0.53,32,0.44,0.52,31,-,07:15,Critical,,Datapost,ETALK SORT SP607210 SP607220 SP607230,&CNTLLIB(ICP00122) &ENV.CIS.BKPVSM.&VER.CPBAPX.JCPALXR &ENV.CIS.BTHSEQ.&VER.CPSRPTT &ENV.CIS.BTHVSM.&VER.CPBCMA &ENV.CIS.BTHVSM.&VER.CPBCRD &ENV.CIS.BTHVSM.&VER.CPBCUS &ENV.CIS.BTHVSM.&VER.CPBPLT &ENV.CIS.BTHVSM.&VER.CPBSYS &ENV.CIS.BTHVSM.&VER.CPCCPF.ALL &ENV.CRD.BTHSEQ.&VER.CPCCPF.S &ENV.CRD.BTHSEQ.&VER.CPP.RPTDTL &ENV.CRD.BTHSEQ.&VER.CPP.RPTDTL.S &ENV.CRD.BTHSEQ.&VER.CPP.RPTDTL.SL &ENV.CRD.BTHSEQ.&VER.CPSRPTT.S &ENV.CRD.BTHSEQ.&VER.INSLTR &ENV.CRD.BTHSEQ.&VER.INSLTR.ENC PRDCIS.BTHLOD.SG20H2 PRDCRD.BTHLOD.SG20H2 PRDCSS.BTHLOD.SG20H2 PSUC.ONLLIB.LOADLIB PSUC.PAYMATE.ETALK.MASTER PSUC.UID.EFTP.SG.DATAPOST,SG SLA; D2512DEC.txt; D2606JUN.txt; SG_JCL_Evidence.txt,Review,Production,SLA listed - OPC mapping review,
SG,SG SLA supplemental,,,SCP1217U,SLA only,,0.35,0.37,32,0.35,0.38,31,-,07:15,Critical,,Datapost,ETALK ICETOOL SORT SP608820,&CNTLLIB(ICP00591) &ENV.CIS.BTHVSM.&VER.CPBCUS &ENV.CIS.BTHVSM.&VER.CPBSYS &ENV.CIS.BTHVSM.&VER.CPCCPF.ALL &ENV.CIS.WRKSEQ.&VER.CPCCPF.PHONECHG &ENV.CRD.BTHSEQ.&VER.PHONECHG &ENV.CRD.BTHSEQ.&VER.PHONECHG.CLR &ENV.CRD.BTHSEQ.&VER.PHONECHG.EN PRDCIS.BTHLOD.SG20H2 PRDCRD.BTHLOD.SG20H2 PRDCSS.BTHLOD.SG20H2 PSUC.ONLLIB.LOADLIB PSUC.PAYMATE.ETALK.MASTER PSUC.UID.EFTP.SG.DATAPOST,SG SLA; D2512DEC.txt; D2606JUN.txt; SG_JCL_Evidence.txt,Review,Production,SLA listed - OPC mapping review,
SG,SG SLA supplemental,,,SCP0038U,SLA only,,0.75,0.75,1,0.53,0.53,1,-,07:30,Critical,,SAS,IDCAMS IEFBR14 SORT,PRDCIS.BTHVSM.SG20H2.CPBCRD PRDCIS.BTHVSM.SG20H2.NPLMST PRDCIS.ONLVSM.SG20H2.CPZCMF PRDCRD.BTHCTL.SG20H2(ICP00027) PRDCRD.BTHLOD.SG20H2 PRDCRD.BTHSEQ.SG20H2.SAS.CLKHDR PRDCRD.BTHSEQ.SG20H2.SAS.CPZCMF.FTP PRDCRD.BTHSEQ.SG20H2.SAS.NPLMST.FTP,SG SLA; D2512DEC.txt; D2606JUN.txt; SG_JCL_Evidence.txt,Review,Production,SLA listed - OPC mapping review,Daily
SG,SG SLA supplemental,,,SCF01291,SLA only,,0.4,0.5,32,0.39,0.45,31,-,7.30 AM,Critical,,SIBS,,&CNTLLIB(ICP00734) PRDCIS.BTHLOD.SG20H2 PRDCRD.BTHLOD.SG20H2 PRDCSS.BTHLOD.SG20H2 PSUC.ONLLIB.LOADLIB,SG SLA; D2512DEC.txt; D2606JUN.txt; SG_JCL_Evidence.txt,Review,Production,SLA listed - OPC mapping review,
SG,SG SLA supplemental,,,SCP0184U,SLA only,,4.08,6.17,32,3.68,5.5,31,-,7.30 AM,Critical,,SIBS,ETALK SORT SP607320,&CNTLLIB(ICP00145) &ENV.CIS.BTHVSM.&VER.CPBCRD &ENV.CIS.BTHVSM.&VER.CPBCUS &ENV.CIS.BTHVSM.&VER.CPBSYS &ENV.CRD.BTHSEQ.&VER.SGSCCW &ENV.CRD.BTHSEQ.&VER.SGSCCW.ENC &ENV.CRD.BTHSEQ.&VER.SGSCCW.SORT PRDCIS.BTHLOD.SG20H2 PRDCRD.BTHLOD.SG20H2 PSUC.ONLLIB.LOADLIB PSUC.PAYMATE.ETALK.MASTER,SG SLA; D2512DEC.txt; D2606JUN.txt; SG_JCL_Evidence.txt,Review,Production,SLA listed - OPC mapping review,
SG,SG SLA supplemental,,,SCF1208A,SLA only,,0.42,0.45,32,0.42,0.47,31,-,08:00,Critical,,ATM,ETALK SORT,PRDCRD.BTHCTL.SG20H2(ICP00097) PRDCRD.BTHSEQ.SG20H2.ATM.PINREQ.FNL PRDCRD.BTHSEQ.SG20H2.ATM.PINREQ.TOATM.EN PRDCRD.BTHSEQ.SG20H2.CAF.ATM.PINREQ.TOATM PRDCRD.BTHSEQ.SG20H2.RCS.ATM.PINREQ.TOATM PRDCRD.WRKSEQ.SG20H2.PINREQ.DTL PRDCRD.WRKSEQ.SG20H2.PINREQ.HDR PRDCRD.WRKSEQ.SG20H2.PINREQ.TRL PSUC.PAYMATE.ETALK.MASTER,SG SLA; D2512DEC.txt; D2606JUN.txt; SG_JCL_Evidence.txt,Review,Production,SLA listed - OPC mapping review,
SG,SG SLA supplemental,,,SCP0047F,SLA only,,0.35,0.35,32,0.34,0.35,31,-,09:00,Critical,,Compass,,PRDCRD.BTHCTL.SG20H2(ICP00584),SG SLA; D2512DEC.txt; D2606JUN.txt; SG_JCL_Evidence.txt,Review,Production,SLA listed - OPC mapping review,Daily
SG,SG SLA supplemental,,,SCP0050F,SLA only,,0.37,0.37,4,0.37,0.37,4,-,09:00,Critical,,Compass,,&CNTLLIB(ICP00079) &CNTLLIB(ICP00136),SG SLA; D2512DEC.txt; D2606JUN.txt; SG_JCL_Evidence.txt,Review,Production,SLA listed - OPC mapping review,Sunday Batch
SG,SG SLA supplemental,,,SCP0168U,SLA only,,0.36,0.38,32,0.36,0.37,31,-,9.00 AM,Critical,,SIBS,ETALK IEFBR14 SORT SP607420,&CNTLLIB(ICPK0050) &ENV.CIS.BTHSEQ.&VER.CPCCPF.TEMP &ENV.CIS.BTHVSM.&VER.CPBCRD &ENV.CIS.BTHVSM.&VER.CPBCUS &ENV.CIS.BTHVSM.&VER.CPBSYS &ENV.CIS.BTHVSM.&VER.CPCCPF.ALL &ENV.CRD.BTHSEQ.&VER.SGCLICKS &ENV.CRD.BTHSEQ.&VER.SGCLICKS.ENC PRDCIS.BTHLOD.SG20H2 PRDCRD.BTHCTL.SG20H2(ICP00409) PRDCRD.BTHLOD.SG20H2 PSUC.ONLLIB.LOADLIB PSUC.PAYMATE.ETALK.MASTER,SG SLA; D2512DEC.txt; D2606JUN.txt; SG_JCL_Evidence.txt,Review,Production,SLA listed - OPC mapping review,
SG,SG SLA supplemental,,,SCP1247U,SLA only,,0.46,0.53,32,0.45,0.55,31,-,09:00,Critical,,SMS,SORT SP606760,PRDCIS.BTHLOD.SG20H2 PRDCIS.BTHVSM.SG20H2.CPBCUS PRDCIS.BTHVSM.SG20H2.CPBPLT PRDCIS.BTHVSM.SG20H2.CPBSYS PRDCIS.WRKSEQ.SG20H2.CPBPLT.MAGSORT PRDCRD.BTHCTL.SG20H2(ICP00657) PRDCRD.BTHLOD.SG20H2 PRDCRD.BTHSEQ.SG20H2.SMS.ERR PRDCRD.BTHSEQ.SG20H2.SMS.MAG,SG SLA; D2512DEC.txt; D2606JUN.txt; SG_JCL_Evidence.txt,Review,Production,SLA listed - OPC mapping review,Daily
SG,SG SLA supplemental,,,SCF12981,SLA only,,,,0,,,0,-,9.00AM,Critical,,E-mail Gateway,,&ENV.CRD.BTHCTL.SG20H2(ICP00671) PRDCRD.BTHLOD.SG20H2 PSUC.ONLLIB.LOADLIB PSUC.UID.STERCOM.SG,SG SLA; D2512DEC.txt; D2606JUN.txt; SG_JCL_Evidence.txt,Review,Production,SLA listed - OPC mapping review,
SG,SG SLA supplemental,,,SFA0818U,SLA only,,,,0,,,0,Decom 2019-0515,10.00 AM,Critical,,SAS,,,SG SLA; D2512DEC.txt; D2606JUN.txt; SG_JCL_Evidence.txt,Review,Production,SLA listed - OPC mapping review,Daily
SG,SG SLA supplemental,,,SCPF6FTP,SLA only,,2.11,2.13,32,2.11,2.13,31,,10:00,Critical,,Falcon,SORT,&CNTLLIB(ICP00166) &CNTLLIB(ICP00167) &CNTLLIB(ICP00168) &CNTLLIB(ICP00169) &CNTLLIB(ICP00170) &CNTLLIB(ICP00171) &ENV.CIS.BTHVSM.&VER.CPBSYS &ENV.CRD.BTHSEQ.&VER.F6DMYFIL &ENV.CRD.BTHSEQ.&VER.ICP00166 &ENV.CRD.BTHSEQ.&VER.ICP00167 &ENV.CRD.BTHSEQ.&VER.ICP00168 &ENV.CRD.BTHSEQ.&VER.ICP00169 &ENV.CRD.BTHSEQ.&VER.ICP00170 &ENV.CRD.BTHSEQ.&VER.ICP00171 PSUC.ONLLIB.LOADLIB,SG SLA; D2512DEC.txt; D2606JUN.txt; SG_JCL_Evidence.txt,Review,Production,SLA listed - OPC mapping review,Daily
SG,SG SLA supplemental,,,SCP1289U,SLA only,,0.54,0.65,32,0.53,0.65,31,-,11:00,Critical,,SMS,ICETOOL SP612890,PRDCIS.BKPVSM.SG20H2.CPBCAX.JCPALXR PRDCIS.BTHLOD.SG20H2 PRDCIS.BTHVSM.SG20H2.CPBCRD PRDCIS.BTHVSM.SG20H2.CPBCUS PRDCIS.BTHVSM.SG20H2.CPBSYS PRDCRD.BTHCTL.SG20H2(ICP00095) PRDCRD.BTHLOD.SG20H2 PRDCRD.BTHSEQ.SG20H2.SMS.BIRTHDAY PRDCRD.WRKSEQ.SG20H2.SMS.BDXTRCT PRDCRD.WRKSEQ.SG20H2.SMS.BDXTRCT2,SG SLA; D2512DEC.txt; D2606JUN.txt; SG_JCL_Evidence.txt,Review,Production,SLA listed - OPC mapping review,Daily
SG,SG SLA supplemental,,,SCF12271,SLA only,,0.55,0.55,1,0.57,0.57,1,-,12:00,Critical,,IFRS9,,PRDCRD.BTHSEQ.SG20H2.IFRS9.ICP00585,SG SLA; D2512DEC.txt; D2606JUN.txt; SG_JCL_Evidence.txt,Review,Production,SLA listed - OPC mapping review,Month-end batch
SG,SG SLA supplemental,,,SCF12281,SLA only,,0.37,0.37,1,0.37,0.37,1,-,12:00,Critical,,IFRS9,,PRDCRD.BTHSEQ.SG20H2.IFRS9.ICP00586,SG SLA; D2512DEC.txt; D2606JUN.txt; SG_JCL_Evidence.txt,Review,Production,SLA listed - OPC mapping review,15th batch
SG,SG SLA supplemental,,,SCP1243U,SLA only,,0.43,0.43,1,0.43,0.43,1,-,12:00 PM (Month-end batch),Critical,,DQ,SORT SP607440,&CNTLLIB(ICP00406) &ENV.CIS.BTHVSM.&VER.CPBCUS &ENV.CIS.BTHVSM.&VER.CPBSYS &ENV.CRD.BTHSEQ.&VER.DQCUST &ENV.CRD.BTHSEQ.&VER.ICP00406 PRDCIS.BTHLOD.SG20H2 PRDCRD.BTHLOD.SG20H2 PSUC.ONLLIB.LOADLIB,SG SLA; D2512DEC.txt; D2606JUN.txt; SG_JCL_Evidence.txt,Review,Production,SLA listed - OPC mapping review,
SG,SG SLA supplemental,,,SCP0178U,SLA only,,,,0,,,0,-,18:15,Critical,,AS400 WF,ETALK ICEGENER,&CNTLLIB(ICP00139) &CNTLLIB(ICP00140) &ENV.CRD.BTHSEQ.&VER.DSE.FRAUD.ALERT &ENV.CRD.BTHSEQ.&VER.DSE.FRAUD.ALERT.CLR PSUC.ONLLIB.LOADLIB PSUC.PAYMATE.ETALK.MASTER,SG SLA; D2512DEC.txt; D2606JUN.txt; SG_JCL_Evidence.txt,Review,Production,SLA listed - OPC mapping review,Daily
SG,SG SLA supplemental,,,SCF14732,SLA only,,0.35,0.37,4,0.36,0.37,4,-,10:00,Critical,,Gemalto,,PRDCRD.BTHSEQ.SG20H2.FTPRC.EMB,SG SLA; D2512DEC.txt; D2606JUN.txt; SG_JCL_Evidence.txt,Review,Production,SLA listed - OPC mapping review,
SG,SG SLA supplemental,,,SCF14831,SLA only,,0.37,0.42,32,0.38,0.42,31,-,10:00,Critical,,Datapost,ETALK,&CNTLLIB(ICP00936) PRDCRD.BTHSEQ.SG20H2.STM.FNL.AW.SUPP.STMT PRDCRD.BTHSEQ.SG20H2.STM.FNL.CLR1A.AW PRDCRD.BTHSEQ.SG20H2.STM.FNL.CLR1B.AW PRDCRD.BTHSEQ.SG20H2.STM.FNL.CLR2A.AW PRDCRD.BTHSEQ.SG20H2.STM.FNL.CLR2B.AW PRDCRD.BTHSEQ.SG20H2.STMAW.FNL1.SUPP.EN PRDCRD.BTHSEQ.SG20H2.STMAW.FNLO1.EN PRDCRD.BTHSEQ.SG20H2.STMAW.FNLO2.EN PRDCRD.BTHSEQ.SG20H2.STMAW.FNLS1.EN PRDCRD.BTHSEQ.SG20H2.STMAW.FNLS2.EN PSUC.PAYMATE.ETALK.MASTER PSUC.UID.EFTP.SG.DATAPOST,SG SLA; D2512DEC.txt; D2606JUN.txt; SG_JCL_Evidence.txt,Review,Production,SLA listed - OPC mapping review,
SG,SG SLA supplemental,,,SCF14841,SLA only,,0.35,0.35,32,0.35,0.37,31,-,10:00,Critical,,Datapost,ETALK,&CNTLLIB(ICP00937) PRDCRD.BTHSEQ.SG20H2.STMR.AW.FNL.CLR1A PRDCRD.BTHSEQ.SG20H2.STMR.AW.FNL.CLR1A.EN PRDCRD.BTHSEQ.SG20H2.STMR.AW.FNL.CLR2A PRDCRD.BTHSEQ.SG20H2.STMR.AW.FNL.CLR2A.EN PSUC.PAYMATE.ETALK.MASTER PSUC.UID.EFTP.SG.DATAPOST,SG SLA; D2512DEC.txt; D2606JUN.txt; SG_JCL_Evidence.txt,Review,Production,SLA listed - OPC mapping review,
SG,SG SLA supplemental,,,SCF14854,SLA only,,0.41,0.43,32,0.41,0.43,31,,10:00,Critical,,BPM Comet,ETALK,PRDCRD.BTHCTL.SG20H2(ICP00944) PRDCRD.BTHSEQ.SG20H2.COMET.CXRMC PRDCRD.BTHSEQ.SG20H2.COMET.CXRMC.ENC PRDCRD.BTHSEQ.SG20H2.COMET.CXRVS PRDCRD.BTHSEQ.SG20H2.COMET.CXRVS.ENC PRDCRD.BTHSEQ.SG20H2.COMET.ITD220.MC PRDCRD.BTHSEQ.SG20H2.COMET.ITD220.MC.ENC PRDCRD.BTHSEQ.SG20H2.COMET.ITD220.VS PRDCRD.BTHSEQ.SG20H2.COMET.ITD220.VS.ENC PRDCRD.BTHSEQ.SG20H2.MID804.RETURN PRDCRD.BTHSEQ.SG20H2.MID804.RETURN.ENC PSUC.PAYMATE.ETALK.MASTER PSUC.UID.COMET.SG,SG SLA; D2512DEC.txt; D2606JUN.txt; SG_JCL_Evidence.txt,Review,Production,SLA listed - OPC mapping review,Daily
SG,SG SLA supplemental,,,SCF12161,SLA only,,0.75,0.75,1,0.75,0.75,1,,08:15,Critical,,OBDA/IMDP,,&ENV.CRD.BTHSEQ.&VER.OBDA PSUC.UID.OBDA.SG,SG SLA; D2512DEC.txt; D2606JUN.txt; SG_JCL_Evidence.txt,Review,Production,SLA listed - OPC mapping review,Month-end batch
SG,SG SLA supplemental,,,SCFEPWH,SLA only,,0.37,0.38,32,0.37,0.4,31,,07:00,Critical,,SAS,,,SG SLA; D2512DEC.txt; D2606JUN.txt; SG_JCL_Evidence.txt,Review,Production,SLA listed - OPC mapping review,Daily
SG,SG SLA supplemental,,,SCP1499U,SLA only,,0.59,0.77,32,0.47,0.57,25,,07:00,Critical,,Clicks,ETALK ICEGENER ICETOOL IDCAMS ISRSUPC SORT SP604200,&CNTLLIB(ICP00607) &CNTLLIB(REPRO) &ENV.CIS.BTHVSM.&VER.CPBSYS &ENV.CRD.BTHSEQ.&VER.CLICKS.INFO &ENV.CRD.BTHSEQ.&VER.CLICKS.INFO.BKP &ENV.CRD.BTHSEQ.&VER.CLICKS.USER.ENC &ENV.CRD.WRKSEQ.&VER.CLCK.HDR &ENV.CRD.WRKSEQ.&VER.CLCK.HDRFMT &ENV.CRD.WRKSEQ.&VER.CLCK.REC &ENV.CRD.WRKSEQ.&VER.CLCK.REC.CNT &ENV.CRD.WRKSEQ.&VER.CLCK.REC.CNT.TRL &ENV.CRD.WRKSEQ.&VER.CLCK.TRL PRDCRD.WRKSEQ.SG20H2.CLCK.REC.CNT PRDCRD.WRKSEQ.SG20H2.CLCK.REC.CNT.TRL PSUC.PAYMATE.ETALK.MASTER,SG SLA; D2512DEC.txt; D2606JUN.txt; SG_JCL_Evidence.txt,Review,Production,SLA listed - OPC mapping review,Daily
SG,SG SLA supplemental,,,SCF14981,SLA only,,0.39,0.43,32,0.39,0.47,24,,07:00,Critical,,Clicks,ETALK IEFBR14,&CNTLLIB(ICP00605) &ENV.CAU.BTHSEQ.&VER.AUCLICKS.APPLE &ENV.CAU.BTHSEQ.&VER.AUCLICKS.NT &ENV.CIS.BTHSEQ.&VER.CPWLT01 &ENV.CRD.BTHSEQ.&VER.CLICKS.NEWCC.ENC &ENV.CRD.BTHSEQ.&VER.CLICKS.NOTXN.ENC &ENV.CRD.BTHSEQ.&VER.CLICKS.PROVSTS.ENC PSUC.PAYMATE.ETALK.MASTER,SG SLA; D2512DEC.txt; D2606JUN.txt; SG_JCL_Evidence.txt,Review,Production,SLA listed - OPC mapping review,Daily
SG,SG SLA supplemental,,,SCF14982,SLA only,,0.36,0.4,32,0.36,0.37,24,,07:00,Critical,,SMS,,&CNTLLIB(ICP00606),SG SLA; D2512DEC.txt; D2606JUN.txt; SG_JCL_Evidence.txt,Review,Production,SLA listed - OPC mapping review,Daily
SG,SG SLA supplemental,,,SCF15001,SLA only,,0.39,0.43,32,,,0,,10:00,Critical,,Datapost,ETALK,&CNTLLIB(ICP00949) PRDCRD.BTHSEQ.SG20H2.STM.FNL.CLR1A.WS PRDCRD.BTHSEQ.SG20H2.STM.FNL.CLR2A.WS PRDCRD.BTHSEQ.SG20H2.STM.FNL.WS.SUPP.STMT PRDCRD.BTHSEQ.SG20H2.STMR.WS.FNL.CLR1A PRDCRD.BTHSEQ.SG20H2.STMR.WS.FNL.CLR1A.EN PRDCRD.BTHSEQ.SG20H2.STMR.WS.FNL.CLR2A PRDCRD.BTHSEQ.SG20H2.STMR.WS.FNL.CLR2A.EN PRDCRD.BTHSEQ.SG20H2.STMWS.FNL.SUPP.EN PRDCRD.BTHSEQ.SG20H2.STMWS.FNLOS.EN PRDCRD.BTHSEQ.SG20H2.STMWS.FNLSG.EN PSUC.PAYMATE.ETALK.MASTER PSUC.UID.EFTP.SG.DATAPOST,SG SLA; D2512DEC.txt; D2606JUN.txt; SG_JCL_Evidence.txt,Review,Production,SLA listed - OPC mapping review,Daily
