Region,Application/Plan,Dependency ID,Predecessor A7 Job,Successor A7 Job,Predecessor Prod Match,Successor Prod Match,Dependency Type,Condition,Dataset Trigger,Lag (min),Critical Path,Source Reference,Validation Status
MY,TMYCLKA7,DEP-00001,J7ADBKRP,J7AEM#7,JOADBKRP,JOAEM#7,Internal OPC dependency,Completion / ALWAYS,,0,Review,A76_LIST.txt,Parsed
MY,TMYCLKA7,DEP-00002,J7ADCEO2,J7UQMIT,JOADCEO2,JAUQMIT,Internal OPC dependency,Completion / ALWAYS,,0,Review,A76_LIST.txt,Parsed
MY,TMYCLKA7,DEP-00003,J7ADCEOD,J7AEM#6,JOADCEOD,JOAEM#6,Internal OPC dependency,Completion / ALWAYS,,0,Review,A76_LIST.txt,Parsed
MY,TMYCLKA7,DEP-00004,J7ADCEOD,J7AEO,JOADCEOD,JOAEO,Internal OPC dependency,Completion / ALWAYS,,0,Review,A76_LIST.txt,Parsed
MY,TMYCLKA7,DEP-00005,J7ADCEOD,J7MDY02,JOADCEOD,JQMDY02,Internal OPC dependency,Completion / ALWAYS,,0,Review,A76_LIST.txt,Parsed
MY,TMYCLKA7,DEP-00006,J7ADCEOD,J7PDLY02,JOADCEOD,JEPDLY02,Internal OPC dependency,Completion / ALWAYS,,0,Review,A76_LIST.txt,Parsed
MY,TMYCLKA7,DEP-00007,J7ADCEOD,J7PPCCT,JOADCEOD,JCPPCCT,Internal OPC dependency,Completion / ALWAYS,,0,Review,A76_LIST.txt,Parsed
MY,TMYCLKA7,DEP-00008,J7ADCEOD,J7PU909,JOADCEOD,JCPU909,Internal OPC dependency,Completion / ALWAYS,,0,Review,A76_LIST.txt,Parsed
MY,TMYCLKA7,DEP-00009,J7AEC,J7ADCEO2,JOAEC,JOADCEO2,Internal OPC dependency,Completion / ALWAYS,,0,Review,A76_LIST.txt,Parsed
MY,TMYCLKA7,DEP-00010,J7AEM#1,J7ADCEOD,JOAEM#1,JOADCEOD,Internal OPC dependency,Completion / ALWAYS,,0,Review,A76_LIST.txt,Parsed
MY,TMYCLKA7,DEP-00011,J7AEM#3,J7ADBKRP,JOAEM#3,JOADBKRP,Internal OPC dependency,Completion / ALWAYS,,0,Review,A76_LIST.txt,Parsed
MY,TMYCLKA7,DEP-00012,J7AEM#6,J7ADCRNP,JOAEM#6,JOADCRNP,Internal OPC dependency,Completion / ALWAYS,,0,Review,A76_LIST.txt,Parsed
MY,TMYCLKA7,DEP-00013,J7IAFHJC,J7PDY3L2,JAIAFHJC,JCPDY3L2,Internal OPC dependency,Completion / ALWAYS,,0,Review,A76_LIST.txt,Parsed
MY,TMYCLKA7,DEP-00014,J7IAFHJC,J7PDY8,JAIAFHJC,JCPDY8,Internal OPC dependency,Completion / ALWAYS,,0,Review,A76_LIST.txt,Parsed
MY,TMYCLKA7,DEP-00015,J7ICIAJC,J7P1616B,JAICIAJC,JCP1616B,Internal OPC dependency,Completion / ALWAYS,,0,Review,A76_LIST.txt,Parsed
MY,TMYCLKA7,DEP-00016,J7ID801,J7XCIPAM,JMID801,JCXCIPAM,Cross-application ALWAYS,Completion / ALWAYS,,0,Review,A76_LIST.txt,Parsed
MY,TMYCLKA7,DEP-00017,J7IKCJC,J7PPCOT,JAIKCJC,JCPPCOT,Cross-application ALWAYS,Completion / ALWAYS,,0,Review,A76_LIST.txt,Parsed
MY,TMYCLKA7,DEP-00018,J7IRHSJC,J7IAFHJC,JAIRHSJC,JAIAFHJC,Cross-application ALWAYS,Completion / ALWAYS,,0,Review,A76_LIST.txt,Parsed
MY,TMYCLKA7,DEP-00019,J7ISM#1,J7IEOD2,JAISM#1,JAIEOD2,Internal OPC dependency,Completion / ALWAYS,,0,Review,A76_LIST.txt,Parsed
MY,TMYCLKA7,DEP-00020,J7ISM#1,J7UBKEOD,JAISM#1,JAUBKEOD,Internal OPC dependency,Completion / ALWAYS,,0,Review,A76_LIST.txt,Parsed
MY,TMYCLKA7,DEP-00021,J7ISM#3,J7P1293U,JAISM#3,JCP1293U,Internal OPC dependency,Completion / ALWAYS,,0,Review,A76_LIST.txt,Parsed
MY,TMYCLKA7,DEP-00022,J7ISM#3,J7PPCCH,JAISM#3,JCPPCCH,Internal OPC dependency,Completion / ALWAYS,,0,Review,A76_LIST.txt,Parsed
MY,TMYCLKA7,DEP-00023,J7MBMSF,J7QDY720,JQMBMSF,JCQDY720,Internal OPC dependency,Completion / ALWAYS,,0,Review,A76_LIST.txt,Parsed
MY,TMYCLKA7,DEP-00024,J7MBTHF,J7MDY08B,JQMBTHF,JQMDY08B,Internal OPC dependency,Completion / ALWAYS,,0,Review,A76_LIST.txt,Parsed
MY,TMYCLKA7,DEP-00025,J7MBTHF,J7MDY10,JQMBTHF,JQMDY10,Internal OPC dependency,Completion / ALWAYS,,0,Review,A76_LIST.txt,Parsed
MY,TMYCLKA7,DEP-00026,J7MDY01,J7P1240U,JQMDY01,JCP1240U,Internal OPC dependency,Completion / ALWAYS,,0,Review,A76_LIST.txt,Parsed
MY,TMYCLKA7,DEP-00027,J7MDY01,J7XRTSMD,JQMDY01,JCXRTSMD,Internal OPC dependency,Completion / ALWAYS,,0,Review,A76_LIST.txt,Parsed
MY,TMYCLKA7,DEP-00028,J7MDY02,J7PDY2A,JQMDY02,JCPDY2A,Internal OPC dependency,Completion / ALWAYS,,0,Review,A76_LIST.txt,Parsed
MY,TMYCLKA7,DEP-00029,J7MDY04,J7MDY06,JQMDY04,JQMDY06,Internal OPC dependency,Completion / ALWAYS,,0,Review,A76_LIST.txt,Parsed
MY,TMYCLKA7,DEP-00030,J7MDY05,J7MDY07,JQMDY05,JQMDY07,Internal OPC dependency,Completion / ALWAYS,,0,Review,A76_LIST.txt,Parsed
MY,TMYCLKA7,DEP-00031,J7MDY06,J7P1221A,JQMDY06,JCP1221A,Internal OPC dependency,Completion / ALWAYS,,0,Review,A76_LIST.txt,Parsed
MY,TMYCLKA7,DEP-00032,J7MDY07,J7MBTHF,JQMDY07,JQMBTHF,Internal OPC dependency,Completion / ALWAYS,,0,Review,A76_LIST.txt,Parsed
MY,TMYCLKA7,DEP-00033,J7MDY07,J7P2072U,JQMDY07,JCP2072U,Internal OPC dependency,Completion / ALWAYS,,0,Review,A76_LIST.txt,Parsed
MY,TMYCLKA7,DEP-00034,J7MDY08A,J7MDY09,JQMDY08A,JQMDY09,Internal OPC dependency,Completion / ALWAYS,,0,Review,A76_LIST.txt,Parsed
MY,TMYCLKA7,DEP-00035,J7MDY09,J7QDY10,JQMDY09,JCQDY10,Internal OPC dependency,Completion / ALWAYS,,0,Review,A76_LIST.txt,Parsed
MY,TMYCLKA7,DEP-00036,J7MDY10,J7MDY11A,JQMDY10,JQMDY11A,Internal OPC dependency,Completion / ALWAYS,,0,Review,A76_LIST.txt,Parsed
MY,TMYCLKA7,DEP-00037,J7MDY11A,J7MDY11B,JQMDY11A,JQMDY11B,Internal OPC dependency,Completion / ALWAYS,,0,Review,A76_LIST.txt,Parsed
MY,TMYCLKA7,DEP-00038,J7MDY11B,J7MEIEXT,JQMDY11B,JQMEIEXT,Internal OPC dependency,Completion / ALWAYS,,0,Review,A76_LIST.txt,Parsed
MY,TMYCLKA7,DEP-00039,J7MDYGL,J7QDY750,JQMDYGL,JCQDY750,Internal OPC dependency,Completion / ALWAYS,,0,Review,A76_LIST.txt,Parsed
MY,TMYCLKA7,DEP-00040,J7MISM#0,J7ISM#1,JMISM#0,JAISM#1,Internal OPC dependency,Completion / ALWAYS,,0,Review,A76_LIST.txt,Parsed
MY,TMYCLKA7,DEP-00041,J7MISM#1,J7IBKEOD,JMISM#1,JAIBKEOD,Internal OPC dependency,Completion / ALWAYS,,0,Review,A76_LIST.txt,Parsed
MY,TMYCLKA7,DEP-00042,J7MISM#1,J7MIEODC,JMISM#1,JMIEODJC,Internal OPC dependency,Completion / ALWAYS,,0,Review,A76_LIST.txt,Parsed
MY,TMYCLKA7,DEP-00043,J7MISM#2,J7MIAF1C,JMISM#2,JMIAF1JC,Internal OPC dependency,Completion / ALWAYS,,0,Review,A76_LIST.txt,Parsed
MY,TMYCLKA7,DEP-00044,J7MMSTFB,J7MBQRF,JQMMSTFB,JQMBQRF,Internal OPC dependency,Completion / ALWAYS,,0,Review,A76_LIST.txt,Parsed
MY,TMYCLKA7,DEP-00045,J7MMSTFB,J7MDY08A,JQMMSTFB,JQMDY08A,Internal OPC dependency,Completion / ALWAYS,,0,Review,A76_LIST.txt,Parsed
MY,TMYCLKA7,DEP-00046,J7MMSTFB,J7QDY740,JQMMSTFB,JCQDY740,Internal OPC dependency,Completion / ALWAYS,,0,Review,A76_LIST.txt,Parsed
MY,TMYCLKA7,DEP-00047,J7MRP02,J7END,JQMRP02,,Internal OPC dependency,Completion / ALWAYS,,0,Review,A76_LIST.txt,Parsed
MY,TMYCLKA7,DEP-00048,J7MRP02,J7MRP99,JQMRP02,JQMRP99,Internal OPC dependency,Completion / ALWAYS,,0,Review,A76_LIST.txt,Parsed
MY,TMYCLKA7,DEP-00049,J7MRP04,J7END,JQMRP04,,Internal OPC dependency,Completion / ALWAYS,,0,Review,A76_LIST.txt,Parsed
MY,TMYCLKA7,DEP-00050,J7MSHXFA,J7MDY09,JQMSHXFA,JQMDY09,Cross-application ALWAYS,Completion / ALWAYS,,0,Review,A76_LIST.txt,Parsed
MY,TMYCLKA7,DEP-00051,J7P0211U,J7P1221B,JCP0211U,JCP1221B,Internal OPC dependency,Completion / ALWAYS,,0,Review,A76_LIST.txt,Parsed
MY,TMYCLKA7,DEP-00052,J7P0871U,J7PDY5C,JCP0871U,JCPDY5C,Internal OPC dependency,Completion / ALWAYS,,0,Review,A76_LIST.txt,Parsed
MY,TMYCLKA7,DEP-00053,J7P0872U,J7PISSUE,JCP0872U,JCPISSUE,Internal OPC dependency,Completion / ALWAYS,,0,Review,A76_LIST.txt,Parsed
MY,TMYCLKA7,DEP-00054,J7P1202U,J7PDY5D,JCP1202U,JCPDY5D,Internal OPC dependency,Completion / ALWAYS,,0,Review,A76_LIST.txt,Parsed
MY,TMYCLKA7,DEP-00055,J7P1203U,J7PISSUE,JCP1203U,JCPISSUE,Internal OPC dependency,Completion / ALWAYS,,0,Review,A76_LIST.txt,Parsed
MY,TMYCLKA7,DEP-00056,J7P1220U,J7ISM#3,JCP1220U,JAISM#3,Internal OPC dependency,Completion / ALWAYS,,0,Review,A76_LIST.txt,Parsed
MY,TMYCLKA7,DEP-00057,J7P1221A,J7XHKSYS,JCP1221A,JCXHKSYS,Internal OPC dependency,Completion / ALWAYS,,0,Review,A76_LIST.txt,Parsed
MY,TMYCLKA7,DEP-00058,J7P1221B,J7QRPT01,JCP1221B,JCQRPT01,Internal OPC dependency,Completion / ALWAYS,,0,Review,A76_LIST.txt,Parsed
MY,TMYCLKA7,DEP-00059,J7P1240U,J7USM#3,JCP1240U,JAUSM#3,Internal OPC dependency,Completion / ALWAYS,,0,Review,A76_LIST.txt,Parsed
MY,TMYCLKA7,DEP-00060,J7P1274U,J7PDY10,JCP1274U,JCPDY10,Cross-application ALWAYS,Completion / ALWAYS,,0,Review,A76_LIST.txt,Parsed
MY,TMYCLKA7,DEP-00061,J7P1422B,J7MDY01,JCP1422B,JQMDY01,Internal OPC dependency,Completion / ALWAYS,,0,Review,A76_LIST.txt,Parsed
MY,TMYCLKA7,DEP-00062,J7P1423B,J7P1220U,JCP1423B,JCP1220U,Internal OPC dependency,Completion / ALWAYS,,0,Review,A76_LIST.txt,Parsed
MY,TMYCLKA7,DEP-00063,J7P1613U,J7PDC110,JCP1613U,JCPDC110,Cross-application ALWAYS,Completion / ALWAYS,,0,Review,A76_LIST.txt,Parsed
MY,TMYCLKA7,DEP-00064,J7P1616B,J7P1987U,JCP1616B,JCP1987U,Internal OPC dependency,Completion / ALWAYS,,0,Review,A76_LIST.txt,Parsed
MY,TMYCLKA7,DEP-00065,J7P1820U,J7QDY01,JCP1820U,JCQDY01,Cross-application ALWAYS,Completion / ALWAYS,,0,Review,A76_LIST.txt,Parsed
MY,TMYCLKA7,DEP-00066,J7P2670U,J7QDY01,JCP2670U,JCQDY01,Cross-application ALWAYS,Completion / ALWAYS,,0,Review,A76_LIST.txt,Parsed
MY,TMYCLKA7,DEP-00067,J7P2715U,J7F28561,JCP2715U,JCF28561,Internal OPC dependency,Completion / ALWAYS,,0,Review,A76_LIST.txt,Parsed
MY,TMYCLKA7,DEP-00068,J7P476CL,J7PSM#1,JEP476CL,JQPSM#1,Internal OPC dependency,Completion / ALWAYS,,0,Review,A76_LIST.txt,Parsed
MY,TMYCLKA7,DEP-00069,J7PA540U,J7ADBKED,JCPA540U,JOADBKED,Cross-application ALWAYS,Completion / ALWAYS,,0,Review,A76_LIST.txt,Parsed
MY,TMYCLKA7,DEP-00070,J7PALXR,J7END,JCPALXR,,Internal OPC dependency,Completion / ALWAYS,,0,Review,A76_LIST.txt,Parsed
MY,TMYCLKA7,DEP-00071,J7PALXR,J7P1293U,JCPALXR,JCP1293U,Internal OPC dependency,Completion / ALWAYS,,0,Review,A76_LIST.txt,Parsed
MY,TMYCLKA7,DEP-00072,J7PCVTIM,J7P1240U,JEPCVTIM,JCP1240U,Cross-application ALWAYS,Completion / ALWAYS,,0,Review,A76_LIST.txt,Parsed
MY,TMYCLKA7,DEP-00073,J7PD300,J7PPCOH,JNPD300,JCPPCOH,Cross-application ALWAYS,Completion / ALWAYS,,0,Review,A76_LIST.txt,Parsed
MY,TMYCLKA7,DEP-00074,J7PDC110,J7PUC500,JCPDC110,JCPUC500,Internal OPC dependency,Completion / ALWAYS,,0,Review,A76_LIST.txt,Parsed
MY,TMYCLKA7,DEP-00075,J7PDLY02,J7MDY01,JEPDLY02,JQMDY01,Internal OPC dependency,Completion / ALWAYS,,0,Review,A76_LIST.txt,Parsed
MY,TMYCLKA7,DEP-00076,J7PDLY03,J7PDLY04,JEPDLY03,JEPDLY04,Internal OPC dependency,Completion / ALWAYS,,0,Review,A76_LIST.txt,Parsed
MY,TMYCLKA7,DEP-00077,J7PDLY04,J7P476OP,JEPDLY04,JEP476OP,Internal OPC dependency,Completion / ALWAYS,,0,Review,A76_LIST.txt,Parsed
MY,TMYCLKA7,DEP-00078,J7PDSMNT,J7XCIPAM,JCPDSMNT,JCXCIPAM,Cross-application ALWAYS,Completion / ALWAYS,,0,Review,A76_LIST.txt,Parsed
MY,TMYCLKA7,DEP-00079,J7PDY1,J7PDY2,JCPDY1,JCPDY2,Internal OPC dependency,Completion / ALWAYS,,0,Review,A76_LIST.txt,Parsed
MY,TMYCLKA7,DEP-00080,J7PDY11B,J7BDWEXT,JCPDY11B,JBDWEXT,Internal OPC dependency,Completion / ALWAYS,,0,Review,A76_LIST.txt,Parsed
MY,TMYCLKA7,DEP-00081,J7PDY12,J7P1220U,JCPDY12,JCP1220U,Internal OPC dependency,Completion / ALWAYS,,0,Review,A76_LIST.txt,Parsed
MY,TMYCLKA7,DEP-00082,J7PDY12,J7P1423B,JCPDY12,JCP1423B,Internal OPC dependency,Completion / ALWAYS,,0,Review,A76_LIST.txt,Parsed
MY,TMYCLKA7,DEP-00083,J7PDY2,J7T1062O,JCPDY2,JIT1062O,Internal OPC dependency,Completion / ALWAYS,,0,Review,A76_LIST.txt,Parsed
MY,TMYCLKA7,DEP-00084,J7PDY2,J7TDAILY,JCPDY2,JITDAILY,Internal OPC dependency,Completion / ALWAYS,,0,Review,A76_LIST.txt,Parsed
MY,TMYCLKA7,DEP-00085,J7PDY2,J7XHKACB,JCPDY2,JCXHKACB,Internal OPC dependency,Completion / ALWAYS,,0,Review,A76_LIST.txt,Parsed
MY,TMYCLKA7,DEP-00086,J7PDY3BK,J7PDY4BK,JEPDY3BK,JEPDY4BK,Internal OPC dependency,Completion / ALWAYS,,0,Review,A76_LIST.txt,Parsed
MY,TMYCLKA7,DEP-00087,J7PDY3JU,J7PDC110,JCPDY3JU,JCPDC110,Cross-application ALWAYS,Completion / ALWAYS,,0,Review,A76_LIST.txt,Parsed
MY,TMYCLKA7,DEP-00088,J7PDY3JU,J7PU530,JCPDY3JU,JCPU530,Cross-application ALWAYS,Completion / ALWAYS,,0,Review,A76_LIST.txt,Parsed
MY,TMYCLKA7,DEP-00089,J7PDY3JU,J7PUAB06,JCPDY3JU,JCPUAB06,Cross-application ALWAYS,Completion / ALWAYS,,0,Review,A76_LIST.txt,Parsed
MY,TMYCLKA7,DEP-00090,J7PDY3K,J7PDY11A,JCPDY3K,JCPDY11A,Cross-application ALWAYS,Completion / ALWAYS,,0,Review,A76_LIST.txt,Parsed
MY,TMYCLKA7,DEP-00091,J7PDY3K,J7PUAB02,JCPDY3K,JCPUAB02,Cross-application ALWAYS,Completion / ALWAYS,,0,Review,A76_LIST.txt,Parsed
MY,TMYCLKA7,DEP-00092,J7PDY3L1,J7PDY3L3,JCPDY3L1,JCPDY3L3,Internal OPC dependency,Completion / ALWAYS,,0,Review,A76_LIST.txt,Parsed
MY,TMYCLKA7,DEP-00093,J7PDY3L2,J7END,JCPDY3L2,,Internal OPC dependency,Completion / ALWAYS,,0,Review,A76_LIST.txt,Parsed
MY,TMYCLKA7,DEP-00094,J7PDY4BK,J7P1240U,JEPDY4BK,JCP1240U,Internal OPC dependency,Completion / ALWAYS,,0,Review,A76_LIST.txt,Parsed
MY,TMYCLKA7,DEP-00095,J7PDY5A,J7P1027U,JCPDY5A,JCP1027U,Internal OPC dependency,Completion / ALWAYS,,0,Review,A76_LIST.txt,Parsed
MY,TMYCLKA7,DEP-00096,J7PDY5A,J7PU687,JCPDY5A,JCPU687,Internal OPC dependency,Completion / ALWAYS,,0,Review,A76_LIST.txt,Parsed
MY,TMYCLKA7,DEP-00097,J7PDY5A,J7PU688,JCPDY5A,JCPU688,Internal OPC dependency,Completion / ALWAYS,,0,Review,A76_LIST.txt,Parsed
MY,TMYCLKA7,DEP-00098,J7PDY5A,J7PU690,JCPDY5A,JCPU690,Internal OPC dependency,Completion / ALWAYS,,0,Review,A76_LIST.txt,Parsed
MY,TMYCLKA7,DEP-00099,J7PDY5A,J7PUC501,JCPDY5A,JCPUC501,Internal OPC dependency,Completion / ALWAYS,,0,Review,A76_LIST.txt,Parsed
MY,TMYCLKA7,DEP-00100,J7PDY7A,J7P1218U,JCPDY7A,JCP1218U,Internal OPC dependency,Completion / ALWAYS,,0,Review,A76_LIST.txt,Parsed
MY,TMYCLKA7,DEP-00101,J7PDY7A,J7P1219U,JCPDY7A,JCP1219U,Internal OPC dependency,Completion / ALWAYS,,0,Review,A76_LIST.txt,Parsed
MY,TMYCLKA7,DEP-00102,J7PDY7H,J7PPCON,JCPDY7H,JCPPCON,Cross-application ALWAYS,Completion / ALWAYS,,0,Review,A76_LIST.txt,Parsed
MY,TMYCLKA7,DEP-00103,J7PDY8,J7END,JCPDY8,,Internal OPC dependency,Completion / ALWAYS,,0,Review,A76_LIST.txt,Parsed
MY,TMYCLKA7,DEP-00104,J7PDYG1U,J7PPCOH,JCPDYG1U,JCPPCOH,Cross-application ALWAYS,Completion / ALWAYS,,0,Review,A76_LIST.txt,Parsed
MY,TMYCLKA7,DEP-00105,J7PISSUE,J7P1028U,JCPISSUE,JCP1028U,Internal OPC dependency,Completion / ALWAYS,,0,Review,A76_LIST.txt,Parsed
MY,TMYCLKA7,DEP-00106,J7PISSUE,J7PPCCN,JCPISSUE,JCPPCCN,Internal OPC dependency,Completion / ALWAYS,,0,Review,A76_LIST.txt,Parsed
MY,TMYCLKA7,DEP-00107,J7PISSUE,J7PUAB03,JCPISSUE,JCPUAB03,Internal OPC dependency,Completion / ALWAYS,,0,Review,A76_LIST.txt,Parsed
MY,TMYCLKA7,DEP-00108,J7PMRG01,J7PDC110,JCPMRG01,JCPDC110,Cross-application ALWAYS,Completion / ALWAYS,,0,Review,A76_LIST.txt,Parsed
MY,TMYCLKA7,DEP-00109,J7PPCCF,J7P1293U,JCPPCCF,JCP1293U,Internal OPC dependency,Completion / ALWAYS,,0,Review,A76_LIST.txt,Parsed
MY,TMYCLKA7,DEP-00110,J7PPCCF,J7PDY12,JCPPCCF,JCPDY12,Internal OPC dependency,Completion / ALWAYS,,0,Review,A76_LIST.txt,Parsed
MY,TMYCLKA7,DEP-00111,J7PPCCH,J7BKPBDW,JCPPCCH,JBKPBDW,Internal OPC dependency,Completion / ALWAYS,,0,Review,A76_LIST.txt,Parsed
MY,TMYCLKA7,DEP-00112,J7PPCCH,J7PEIEXT,JCPPCCH,JCPEIEXT,Internal OPC dependency,Completion / ALWAYS,,0,Review,A76_LIST.txt,Parsed
MY,TMYCLKA7,DEP-00113,J7PPCCH,J7PPCOH,JCPPCCH,JCPPCOH,Internal OPC dependency,Completion / ALWAYS,,0,Review,A76_LIST.txt,Parsed
MY,TMYCLKA7,DEP-00114,J7PPCCN,J7P1293U,JCPPCCN,JCP1293U,Internal OPC dependency,Completion / ALWAYS,,0,Review,A76_LIST.txt,Parsed
MY,TMYCLKA7,DEP-00115,J7PPCCN,J7PALXR,JCPPCCN,JCPALXR,Internal OPC dependency,Completion / ALWAYS,,0,Review,A76_LIST.txt,Parsed
MY,TMYCLKA7,DEP-00116,J7PPCCT,J7PDY1,JCPPCCT,JCPDY1,Internal OPC dependency,Completion / ALWAYS,,0,Review,A76_LIST.txt,Parsed
MY,TMYCLKA7,DEP-00117,J7PPCCT,J7PDY2A,JCPPCCT,JCPDY2A,Internal OPC dependency,Completion / ALWAYS,,0,Review,A76_LIST.txt,Parsed
MY,TMYCLKA7,DEP-00118,J7PPCCT,J7PUAB03,JCPPCCT,JCPUAB03,Internal OPC dependency,Completion / ALWAYS,,0,Review,A76_LIST.txt,Parsed
MY,TMYCLKA7,DEP-00119,J7PPCOF,J7ICIAJC,JCPPCOF,JAICIAJC,Internal OPC dependency,Completion / ALWAYS,,0,Review,A76_LIST.txt,Parsed
MY,TMYCLKA7,DEP-00120,J7PSM#1,J7PPCCT,JQPSM#1,JCPPCCT,Internal OPC dependency,Completion / ALWAYS,,0,Review,A76_LIST.txt,Parsed
MY,TMYCLKA7,DEP-00121,J7PSM#2,J7MRP04,JQPSM#2,JQMRP04,Internal OPC dependency,Completion / ALWAYS,,0,Review,A76_LIST.txt,Parsed
MY,TMYCLKA7,DEP-00122,J7PU683,J7PDY7C,JCPU683,JCPDY7C,Internal OPC dependency,Completion / ALWAYS,,0,Review,A76_LIST.txt,Parsed
MY,TMYCLKA7,DEP-00123,J7PU683,J7PPCCN,JCPU683,JCPPCCN,Internal OPC dependency,Completion / ALWAYS,,0,Review,A76_LIST.txt,Parsed
MY,TMYCLKA7,DEP-00124,J7PU685,J7PU692,JCPU685,JCPU692,Internal OPC dependency,Completion / ALWAYS,,0,Review,A76_LIST.txt,Parsed
MY,TMYCLKA7,DEP-00125,J7PU686,J7P1616B,JCPU686,JCP1616B,Internal OPC dependency,Completion / ALWAYS,,0,Review,A76_LIST.txt,Parsed
MY,TMYCLKA7,DEP-00126,J7PU687,J7PPCCF,JCPU687,JCPPCCF,Internal OPC dependency,Completion / ALWAYS,,0,Review,A76_LIST.txt,Parsed
MY,TMYCLKA7,DEP-00127,J7PU692,J7P1616U,JCPU692,JCP1616U,Internal OPC dependency,Completion / ALWAYS,,0,Review,A76_LIST.txt,Parsed
MY,TMYCLKA7,DEP-00128,J7PU909B,J7PDY2C,JCPU909B,JCPDY2C,Cross-application ALWAYS,Completion / ALWAYS,,0,Review,A76_LIST.txt,Parsed
MY,TMYCLKA7,DEP-00129,J7PU909C,J7PDY2,JCPU909C,JCPDY2,Cross-application ALWAYS,Completion / ALWAYS,,0,Review,A76_LIST.txt,Parsed
MY,TMYCLKA7,DEP-00130,J7PUAB01,J7PUAB04,JCPUAB01,JCPUAB04,Internal OPC dependency,Completion / ALWAYS,,0,Review,A76_LIST.txt,Parsed
MY,TMYCLKA7,DEP-00131,J7PUAB03,J7PUAB05,JCPUAB03,JCPUAB05,Internal OPC dependency,Completion / ALWAYS,,0,Review,A76_LIST.txt,Parsed
MY,TMYCLKA7,DEP-00132,J7PUAB04,J7PUAB06,JCPUAB04,JCPUAB06,Internal OPC dependency,Completion / ALWAYS,,0,Review,A76_LIST.txt,Parsed
MY,TMYCLKA7,DEP-00133,J7PUAB04,J7PUAB07,JCPUAB04,JCPUAB07,Internal OPC dependency,Completion / ALWAYS,,0,Review,A76_LIST.txt,Parsed
MY,TMYCLKA7,DEP-00134,J7PUAB06,J7PUAB12,JCPUAB06,JCPUAB12,Internal OPC dependency,Completion / ALWAYS,,0,Review,A76_LIST.txt,Parsed
MY,TMYCLKA7,DEP-00135,J7PUAB07,J7P1220U,JCPUAB07,JCP1220U,Internal OPC dependency,Completion / ALWAYS,,0,Review,A76_LIST.txt,Parsed
MY,TMYCLKA7,DEP-00136,J7PUC501,J7PDY10,JCPUC501,JCPDY10,Internal OPC dependency,Completion / ALWAYS,,0,Review,A76_LIST.txt,Parsed
MY,TMYCLKA7,DEP-00137,J7PUHST,J7MDY05,JCPUHST,JQMDY05,Internal OPC dependency,Completion / ALWAYS,,0,Review,A76_LIST.txt,Parsed
MY,TMYCLKA7,DEP-00138,J7PUHST,J7T1061C,JCPUHST,JIT1061C,Internal OPC dependency,Completion / ALWAYS,,0,Review,A76_LIST.txt,Parsed
MY,TMYCLKA7,DEP-00139,J7QDMRP5,J7P0211U,JCQDMRP5,JCP0211U,Cross-application ALWAYS,Completion / ALWAYS,,0,Review,A76_LIST.txt,Parsed
MY,TMYCLKA7,DEP-00140,J7QDY01,J7MDY03,JCQDY01,JQMDY03,Internal OPC dependency,Completion / ALWAYS,,0,Review,A76_LIST.txt,Parsed
MY,TMYCLKA7,DEP-00141,J7QDY710,J7QDY740,JCQDY710,JCQDY740,Internal OPC dependency,Completion / ALWAYS,,0,Review,A76_LIST.txt,Parsed
MY,TMYCLKA7,DEP-00142,J7QDY740,J7QDY760,JCQDY740,JCQDY760,Internal OPC dependency,Completion / ALWAYS,,0,Review,A76_LIST.txt,Parsed
MY,TMYCLKA7,DEP-00143,J7QDY750,J7MEIEXT,JCQDY750,JQMEIEXT,Internal OPC dependency,Completion / ALWAYS,,0,Review,A76_LIST.txt,Parsed
MY,TMYCLKA7,DEP-00144,J7QDY760,J7MDY08A,JCQDY760,JQMDY08A,Internal OPC dependency,Completion / ALWAYS,,0,Review,A76_LIST.txt,Parsed
MY,TMYCLKA7,DEP-00145,J7S1216C,J7S1216O,JCS1216C,JCS1216O,Internal OPC dependency,Completion / ALWAYS,,0,Review,A76_LIST.txt,Parsed
MY,TMYCLKA7,DEP-00146,J7S1216O,J7P2072U,JCS1216O,JCP2072U,Internal OPC dependency,Completion / ALWAYS,,0,Review,A76_LIST.txt,Parsed
MY,TMYCLKA7,DEP-00147,J7SD110J,J7SAUDBK,JCSD110J,JCSAUDBK,Internal OPC dependency,Completion / ALWAYS,,0,Review,A76_LIST.txt,Parsed
MY,TMYCLKA7,DEP-00148,J7SFHKC,J7PU683,JASFHKC,JCPU683,Cross-application ALWAYS,Completion / ALWAYS,,0,Review,A76_LIST.txt,Parsed
MY,TMYCLKA7,DEP-00149,J7START,J7AEC,,JOAEC,Internal OPC dependency,Completion / ALWAYS,,0,Review,A76_LIST.txt,Parsed
MY,TMYCLKA7,DEP-00150,J7START,J7END,,,Internal OPC dependency,Completion / ALWAYS,,0,Review,A76_LIST.txt,Parsed
MY,TMYCLKA7,DEP-00151,J7START,J7MDY04,,JQMDY04,Internal OPC dependency,Completion / ALWAYS,,0,Review,A76_LIST.txt,Parsed
MY,TMYCLKA7,DEP-00152,J7START,J7MISM#1,,JMISM#1,Internal OPC dependency,Completion / ALWAYS,,0,Review,A76_LIST.txt,Parsed
MY,TMYCLKA7,DEP-00153,J7START,J7P0872U,,JCP0872U,Internal OPC dependency,Completion / ALWAYS,,0,Review,A76_LIST.txt,Parsed
MY,TMYCLKA7,DEP-00154,J7START,J7P1203U,,JCP1203U,Internal OPC dependency,Completion / ALWAYS,,0,Review,A76_LIST.txt,Parsed
MY,TMYCLKA7,DEP-00155,J7START,J7PDLY03,,JEPDLY03,Internal OPC dependency,Completion / ALWAYS,,0,Review,A76_LIST.txt,Parsed
MY,TMYCLKA7,DEP-00156,J7START,J7PDY2,,JCPDY2,Internal OPC dependency,Completion / ALWAYS,,0,Review,A76_LIST.txt,Parsed
MY,TMYCLKA7,DEP-00157,J7START,J7PEIEXT,,JCPEIEXT,Internal OPC dependency,Completion / ALWAYS,,0,Review,A76_LIST.txt,Parsed
MY,TMYCLKA7,DEP-00158,J7START,J7PISSUE,,JCPISSUE,Internal OPC dependency,Completion / ALWAYS,,0,Review,A76_LIST.txt,Parsed
MY,TMYCLKA7,DEP-00159,J7START,J7XBCKUP,,JCXBCKUP,Internal OPC dependency,Completion / ALWAYS,,0,Review,A76_LIST.txt,Parsed
MY,TMYCLKA7,DEP-00160,J7UAFHJC,J7SD110J,JAUAFHJC,JCSD110J,Internal OPC dependency,Completion / ALWAYS,,0,Review,A76_LIST.txt,Parsed
MY,TMYCLKA7,DEP-00161,J7UQMIT,J7UAFHJC,JAUQMIT,JAUAFHJC,Internal OPC dependency,Completion / ALWAYS,,0,Review,A76_LIST.txt,Parsed
MY,TMYCLKA7,DEP-00162,J7USM#1,J7UEOD2,JAUSM#1,JAUEOD2,Internal OPC dependency,Completion / ALWAYS,,0,Review,A76_LIST.txt,Parsed
MY,TMYCLKA7,DEP-00163,J7USM#3,J7S1216C,JAUSM#3,JCS1216C,Internal OPC dependency,Completion / ALWAYS,,0,Review,A76_LIST.txt,Parsed
MY,TMYCLKA7,DEP-00164,J7XBCKUP,J7XCLMCI,JCXBCKUP,JCXCLMCI,Internal OPC dependency,Completion / ALWAYS,,0,Review,A76_LIST.txt,Parsed
MY,TMYCLKA7,DEP-00165,J7XCBAMP,J7XRTJIN,JCXCBAMP,JCXRTJIN,Cross-application ALWAYS,Completion / ALWAYS,,0,Review,A76_LIST.txt,Parsed
MY,TMYCLKA7,DEP-00166,J7XCIPAM,J7XCLOLI,JCXCIPAM,JCXCLOLI,Internal OPC dependency,Completion / ALWAYS,,0,Review,A76_LIST.txt,Parsed
MY,TMYCLKA7,DEP-00167,J7XCJCIN,J7XCLVSI,JCXCJCIN,JCXCLVSI,Internal OPC dependency,Completion / ALWAYS,,0,Review,A76_LIST.txt,Parsed
MY,TMYCLKA7,DEP-00168,J7XCJCNR,J7XCLPRT,JCXCJCNR,JCXCLPRT,Internal OPC dependency,Completion / ALWAYS,,0,Review,A76_LIST.txt,Parsed
MY,TMYCLKA7,DEP-00169,J7XCJCON,J7XCSPLT,JCXCJCON,JCXCSPLT,Internal OPC dependency,Completion / ALWAYS,,0,Review,A76_LIST.txt,Parsed
MY,TMYCLKA7,DEP-00170,J7XCLMCI,J7XHKSYS,JCXCLMCI,JCXHKSYS,Internal OPC dependency,Completion / ALWAYS,,0,Review,A76_LIST.txt,Parsed
MY,TMYCLKA7,DEP-00171,J7XCLMCI,J7XLEXCR,JCXCLMCI,JCXLEXCR,Internal OPC dependency,Completion / ALWAYS,,0,Review,A76_LIST.txt,Parsed
MY,TMYCLKA7,DEP-00172,J7XCLMCI,J7XLEXRT,JCXCLMCI,JCXLEXRT,Internal OPC dependency,Completion / ALWAYS,,0,Review,A76_LIST.txt,Parsed
MY,TMYCLKA7,DEP-00173,J7XCLMCO,J7XCJCON,JCXCLMCO,JCXCJCON,Internal OPC dependency,Completion / ALWAYS,,0,Review,A76_LIST.txt,Parsed
MY,TMYCLKA7,DEP-00174,J7XCLMDI,J7XCLSPI,JCXCLMDI,JCXCLSPI,Internal OPC dependency,Completion / ALWAYS,,0,Review,A76_LIST.txt,Parsed
MY,TMYCLKA7,DEP-00175,J7XCLMTG,J7XRTVSI,JCXCLMTG,JCXRTVSI,Cross-application ALWAYS,Completion / ALWAYS,,0,Review,A76_LIST.txt,Parsed
MY,TMYCLKA7,DEP-00176,J7XCLOLI,J7XCLXRT,JCXCLOLI,JCXCLXRT,Internal OPC dependency,Completion / ALWAYS,,0,Review,A76_LIST.txt,Parsed
MY,TMYCLKA7,DEP-00177,J7XCLSPI,J7XCLMCO,JCXCLSPI,JCXCLMCO,Internal OPC dependency,Completion / ALWAYS,,0,Review,A76_LIST.txt,Parsed
MY,TMYCLKA7,DEP-00178,J7XCLVSI,J7QDY01,JCXCLVSI,JCQDY01,Internal OPC dependency,Completion / ALWAYS,,0,Review,A76_LIST.txt,Parsed
MY,TMYCLKA7,DEP-00179,J7XCLVSO,J7XCPOST,JCXCLVSO,JCXCPOST,Internal OPC dependency,Completion / ALWAYS,,0,Review,A76_LIST.txt,Parsed
MY,TMYCLKA7,DEP-00180,J7XCLXRT,J7XCLMCC,JCXCLXRT,JCXCLMCC,Internal OPC dependency,Completion / ALWAYS,,0,Review,A76_LIST.txt,Parsed
MY,TMYCLKA7,DEP-00181,J7XCMCOR,J7XPRBKP,JCXCMCOR,JCXPRBKP,Internal OPC dependency,Completion / ALWAYS,,0,Review,A76_LIST.txt,Parsed
MY,TMYCLKA7,DEP-00182,J7XCPOST,J7XCPWCB,JCXCPOST,JCXCPWCB,Internal OPC dependency,Completion / ALWAYS,,0,Review,A76_LIST.txt,Parsed
MY,TMYCLKA7,DEP-00183,J7XCPOST,J7XRTMCC,JCXCPOST,JCXRTMCC,Internal OPC dependency,Completion / ALWAYS,,0,Review,A76_LIST.txt,Parsed
MY,TMYCLKA7,DEP-00184,J7XCPOST,J7XRTVSC,JCXCPOST,JCXRTVSC,Internal OPC dependency,Completion / ALWAYS,,0,Review,A76_LIST.txt,Parsed
MY,TMYCLKA7,DEP-00185,J7XCPWCB,J7XHSBKP,JCXCPWCB,JCXHSBKP,Internal OPC dependency,Completion / ALWAYS,,0,Review,A76_LIST.txt,Parsed
MY,TMYCLKA7,DEP-00186,J7XCSPLT,J7XRTPWC,JCXCSPLT,JCXRTPWC,Internal OPC dependency,Completion / ALWAYS,,0,Review,A76_LIST.txt,Parsed
MY,TMYCLKA7,DEP-00187,J7XCTCOL,J7XRTMCI,JCXCTCOL,JCXRTMCI,Cross-application ALWAYS,Completion / ALWAYS,,0,Review,A76_LIST.txt,Parsed
MY,TMYCLKA7,DEP-00188,J7XCTFED,J7XCLVSP,JCXCTFED,JCXCLVSP,Cross-application ALWAYS,Completion / ALWAYS,,0,Review,A76_LIST.txt,Parsed
MY,TMYCLKA7,DEP-00189,J7XCVSOR,J7XCJCNR,JCXCVSOR,JCXCJCNR,Internal OPC dependency,Completion / ALWAYS,,0,Review,A76_LIST.txt,Parsed
MY,TMYCLKA7,DEP-00190,J7XHKADN,J7XRADTL,JCXHKADN,JCXRADTL,Internal OPC dependency,Completion / ALWAYS,,0,Review,A76_LIST.txt,Parsed
MY,TMYCLKA7,DEP-00191,J7XHKBKP,J7XHKEEP,JCXHKBKP,JCXHKEEP,Internal OPC dependency,Completion / ALWAYS,,0,Review,A76_LIST.txt,Parsed
MY,TMYCLKA7,DEP-00192,J7XHKCCR,J7XRAUTL,JCXHKCCR,JCXRAUTL,Internal OPC dependency,Completion / ALWAYS,,0,Review,A76_LIST.txt,Parsed
MY,TMYCLKA7,DEP-00193,J7XHKSYS,J7XHKREJ,JCXHKSYS,JCXHKREJ,Internal OPC dependency,Completion / ALWAYS,,0,Review,A76_LIST.txt,Parsed
MY,TMYCLKA7,DEP-00194,J7XHSBEG,J7XHKBKP,JCXHSBEG,JCXHKBKP,Internal OPC dependency,Completion / ALWAYS,,0,Review,A76_LIST.txt,Parsed
MY,TMYCLKA7,DEP-00195,J7XHSBKP,J7XHSUPD,JCXHSBKP,JCXHSUPD,Internal OPC dependency,Completion / ALWAYS,,0,Review,A76_LIST.txt,Parsed
MY,TMYCLKA7,DEP-00196,J7XHSUPD,J7XHKADN,JCXHSUPD,JCXHKADN,Internal OPC dependency,Completion / ALWAYS,,0,Review,A76_LIST.txt,Parsed
MY,TMYCLKA7,DEP-00197,J7XRTPWC,J7XHSBEG,JCXRTPWC,JCXHSBEG,Internal OPC dependency,Completion / ALWAYS,,0,Review,A76_LIST.txt,Parsed
MY,TMYCLKA7,DEP-00198,J7XVERCL,J7XCJCIN,JCXVERCL,JCXCJCIN,Internal OPC dependency,Completion / ALWAYS,,0,Review,A76_LIST.txt,Parsed
MY,TMYCLKA7#2,DEP-00199,J7AD811B,J7ADC812,JOAD811B,JOADC812,Internal OPC dependency,Completion / ALWAYS,,0,Review,A76_LIST.txt,Parsed
MY,TMYCLKA7#2,DEP-00200,J7ADC811,J7ADC813,JOADC811,JOADC813,Internal OPC dependency,Completion / ALWAYS,,0,Review,A76_LIST.txt,Parsed
MY,TMYCLKA7#2,DEP-00201,J7P065WA,J7P338OP,JCP065WA,JCP338OP,Internal OPC dependency,Completion / ALWAYS,,0,Review,A76_LIST.txt,Parsed
MY,TMYCLKA7#2,DEP-00202,J7P0687U,J7END2,JCP0687U,,Cross-application ALWAYS,Completion / ALWAYS,,0,Review,A76_LIST.txt,Parsed
MY,TMYCLKA7#2,DEP-00203,J7P0687U,J7P1445R,JCP0687U,JCP1445R,Cross-application ALWAYS,Completion / ALWAYS,,0,Review,A76_LIST.txt,Parsed
MY,TMYCLKA7#2,DEP-00204,J7P1436U,J7P1613U,JCP1436U,JCP1613U,Internal OPC dependency,Completion / ALWAYS,,0,Review,A76_LIST.txt,Parsed
MY,TMYCLKA7#2,DEP-00205,J7P1437U,J7END2,JCP1437U,,Internal OPC dependency,Completion / ALWAYS,,0,Review,A76_LIST.txt,Parsed
MY,TMYCLKA7#2,DEP-00206,J7P1488U,J7END2,JCP1488U,,Internal OPC dependency,Completion / ALWAYS,,0,Review,A76_LIST.txt,Parsed
MY,TMYCLKA7#2,DEP-00207,J7P1488U,J7P1489U,JCP1488U,JCP1489U,Internal OPC dependency,Completion / ALWAYS,,0,Review,A76_LIST.txt,Parsed
MY,TMYCLKA7#2,DEP-00208,J7P1489U,J7END2,JCP1489U,,Internal OPC dependency,Completion / ALWAYS,,0,Review,A76_LIST.txt,Parsed
MY,TMYCLKA7#2,DEP-00209,J7P1490U,J7P1491U,JCP1490U,JCP1491U,Internal OPC dependency,Completion / ALWAYS,,0,Review,A76_LIST.txt,Parsed
MY,TMYCLKA7#2,DEP-00210,J7P1492U,J7P1493U,JCP1492U,JCP1493U,Internal OPC dependency,Completion / ALWAYS,,0,Review,A76_LIST.txt,Parsed
MY,TMYCLKA7#2,DEP-00211,J7P1848U,J7P1849U,JCP1848U,JCP1849U,Internal OPC dependency,Completion / ALWAYS,,0,Review,A76_LIST.txt,Parsed
MY,TMYCLKA7#2,DEP-00212,J7P338OP,J7P339CL,JCP338OP,JCP339CL,Internal OPC dependency,Completion / ALWAYS,,0,Review,A76_LIST.txt,Parsed
MY,TMYCLKA7#2,DEP-00213,J7P339CL,J7P0477U,JCP339CL,JCP0477U,Internal OPC dependency,Completion / ALWAYS,,0,Review,A76_LIST.txt,Parsed
MY,TMYCLKA7#2,DEP-00214,J7PDWB00,J7PDWB02,JCPDWB00,JCPDWB02,Internal OPC dependency,Completion / ALWAYS,,0,Review,A76_LIST.txt,Parsed
MY,TMYCLKA7#2,DEP-00215,J7PDWB00,J7PDWBU2,JCPDWB00,JCPDWBU2,Internal OPC dependency,Completion / ALWAYS,,0,Review,A76_LIST.txt,Parsed
MY,TMYCLKA7#2,DEP-00216,J7PDWB01,J7PDWB03,JCPDWB01,JCPDWB03,Internal OPC dependency,Completion / ALWAYS,,0,Review,A76_LIST.txt,Parsed
MY,TMYCLKA7#2,DEP-00217,J7PDWB02,J7PDWB04,JCPDWB02,JCPDWB04,Internal OPC dependency,Completion / ALWAYS,,0,Review,A76_LIST.txt,Parsed
MY,TMYCLKA7#2,DEP-00218,J7PDWB03,J7PDWBU2,JCPDWB03,JCPDWBU2,Internal OPC dependency,Completion / ALWAYS,,0,Review,A76_LIST.txt,Parsed
MY,TMYCLKA7#2,DEP-00219,J7PDWBBK,J7PDWBU1,JCPDWBBK,JCPDWBU1,Internal OPC dependency,Completion / ALWAYS,,0,Review,A76_LIST.txt,Parsed
MY,TMYCLKA7#2,DEP-00220,J7PDWBU1,J7END2,JCPDWBU1,,Internal OPC dependency,Completion / ALWAYS,,0,Review,A76_LIST.txt,Parsed
MY,TMYCLKA7#2,DEP-00221,J7PDY3JU,J7P1492U,JCPDY3JU,JCP1492U,Cross-application ALWAYS,Completion / ALWAYS,,0,Review,A76_LIST.txt,Parsed
MY,TMYCLKA7#2,DEP-00222,J7PDY8,J7P1443R,JCPDY8,JCP1443R,Cross-application ALWAYS,Completion / ALWAYS,,0,Review,A76_LIST.txt,Parsed
MY,TMYCLKA7#2,DEP-00223,J7PFPRPT,J7FFPRP1,JEPFPRPT,JCFFPRP1,Internal OPC dependency,Completion / ALWAYS,,0,Review,A76_LIST.txt,Parsed
MY,TMYCLKA7#2,DEP-00224,J7PISS2,J7PU430A,JCPISS2,JCPU430A,Internal OPC dependency,Completion / ALWAYS,,0,Review,A76_LIST.txt,Parsed
MY,TMYCLKA7#2,DEP-00225,J7PJCBIN,J7XJXCBF,JCPJCBIN,JCXJXCBF,Internal OPC dependency,Completion / ALWAYS,,0,Review,A76_LIST.txt,Parsed
MY,TMYCLKA7#2,DEP-00226,J7PU430A,J7SDBK01,JCPU430A,JHSDBK01,Internal OPC dependency,Completion / ALWAYS,,0,Review,A76_LIST.txt,Parsed
MY,TMYCLKA7#2,DEP-00227,J7QDMRP1,J7QDMRP3,JCQDMRP1,JCQDMRP3,Internal OPC dependency,Completion / ALWAYS,,0,Review,A76_LIST.txt,Parsed
MY,TMYCLKA7#2,DEP-00228,J7QDMRP2,J7QDMRP4,JCQDMRP2,JCQDMRP4,Internal OPC dependency,Completion / ALWAYS,,0,Review,A76_LIST.txt,Parsed
MY,TMYCLKA7#2,DEP-00229,J7QDMRP3,J7QDMRP5,JCQDMRP3,JCQDMRP5,Internal OPC dependency,Completion / ALWAYS,,0,Review,A76_LIST.txt,Parsed
MY,TMYCLKA7#2,DEP-00230,J7SDBK01,J7SDRFTA,JHSDBK01,JHSDRFTA,Internal OPC dependency,Completion / ALWAYS,,0,Review,A76_LIST.txt,Parsed
MY,TMYCLKA7#2,DEP-00231,J7SDRFTA,J7P1693R,JHSDRFTA,JCP1693R,Internal OPC dependency,Completion / ALWAYS,,0,Review,A76_LIST.txt,Parsed
MY,TMYCLKA7#2,DEP-00232,J7START2,J7ADC811,,JOADC811,Internal OPC dependency,Completion / ALWAYS,,0,Review,A76_LIST.txt,Parsed
MY,TMYCLKA7#2,DEP-00233,J7START2,J7END2,,,Internal OPC dependency,Completion / ALWAYS,,0,Review,A76_LIST.txt,Parsed
MY,TMYCLKA7#2,DEP-00234,J7START2,J7F26901,,JCF26901,Internal OPC dependency,Completion / ALWAYS,,0,Review,A76_LIST.txt,Parsed
MY,TMYCLKA7#2,DEP-00235,J7START2,J7P065WA,,JCP065WA,Internal OPC dependency,Completion / ALWAYS,,0,Review,A76_LIST.txt,Parsed
MY,TMYCLKA7#2,DEP-00236,J7START2,J7P1442R,,JCP1442R,Internal OPC dependency,Completion / ALWAYS,,0,Review,A76_LIST.txt,Parsed
MY,TMYCLKA7#2,DEP-00237,J7START2,J7P1488U,,JCP1488U,Internal OPC dependency,Completion / ALWAYS,,0,Review,A76_LIST.txt,Parsed
MY,TMYCLKA7#2,DEP-00238,J7START2,J7P1613B,,JCP1613B,Internal OPC dependency,Completion / ALWAYS,,0,Review,A76_LIST.txt,Parsed
MY,TMYCLKA7#2,DEP-00239,J7START2,J7P1849B,,JCP1849B,Internal OPC dependency,Completion / ALWAYS,,0,Review,A76_LIST.txt,Parsed
MY,TMYCLKA7#2,DEP-00240,J7START2,J7PDWB00,,JCPDWB00,Internal OPC dependency,Completion / ALWAYS,,0,Review,A76_LIST.txt,Parsed
MY,TMYCLKA7#2,DEP-00241,J7START2,J7PFPRPU,,JCPFPRPU,Internal OPC dependency,Completion / ALWAYS,,0,Review,A76_LIST.txt,Parsed
MY,TMYCLKA7#2,DEP-00242,J7START2,J7QDMRP2,,JCQDMRP2,Internal OPC dependency,Completion / ALWAYS,,0,Review,A76_LIST.txt,Parsed
MY,TMYCLKA7#2,DEP-00243,J7START2,J7RNXRFA,,JBRNXRFA,Internal OPC dependency,Completion / ALWAYS,,0,Review,A76_LIST.txt,Parsed
MY,TMYCLKA7#2,DEP-00244,J7START2,J7XJBBKP,,JCXJBBKP,Internal OPC dependency,Completion / ALWAYS,,0,Review,A76_LIST.txt,Parsed
MY,TMYCLKA7#2,DEP-00245,J7XJBBKP,J7XCMPUP,JCXJBBKP,JCXCMPUP,Internal OPC dependency,Completion / ALWAYS,,0,Review,A76_LIST.txt,Parsed
MY,TMYCLKA7#3,DEP-00246,J7END3,J7PF6BK1,,JCPF6BK1,Internal OPC dependency,Completion / ALWAYS,,0,Review,A76_LIST.txt,Parsed
MY,TMYCLKA7#3,DEP-00247,J7MDYGL,J7XSGPNR,JQMDYGL,JCXSGPNR,Cross-application ALWAYS,Completion / ALWAYS,,0,Review,A76_LIST.txt,Parsed
MY,TMYCLKA7#3,DEP-00248,J7P0657R,J7PF672U,JCP0657R,JCPF672U,Internal OPC dependency,Completion / ALWAYS,,0,Review,A76_LIST.txt,Parsed
MY,TMYCLKA7#3,DEP-00249,J7P1231U,J7XVSINR,JCP1231U,JCXVSINR,Internal OPC dependency,Completion / ALWAYS,,0,Review,A76_LIST.txt,Parsed
MY,TMYCLKA7#3,DEP-00250,J7P1396U,J7PGL002,JCP1396U,JCPGL002,Internal OPC dependency,Completion / ALWAYS,,0,Review,A76_LIST.txt,Parsed
MY,TMYCLKA7#3,DEP-00251,J7P38800,J7P39000,JCP38800,JCP39000,Internal OPC dependency,Completion / ALWAYS,,0,Review,A76_LIST.txt,Parsed
MY,TMYCLKA7#3,DEP-00252,J7P38800,J7PA540U,JCP38800,JCPA540U,Internal OPC dependency,Completion / ALWAYS,,0,Review,A76_LIST.txt,Parsed
MY,TMYCLKA7#3,DEP-00253,J7P38900,J7XVSONR,JCP38900,JCXVSONR,Internal OPC dependency,Completion / ALWAYS,,0,Review,A76_LIST.txt,Parsed
MY,TMYCLKA7#3,DEP-00254,J7P4720R,J7XCLGL2,JCP4720R,JCXCLGL2,Internal OPC dependency,Completion / ALWAYS,,0,Review,A76_LIST.txt,Parsed
MY,TMYCLKA7#3,DEP-00255,J7PALXR,J7PGL002,JCPALXR,JCPGL002,Cross-application ALWAYS,Completion / ALWAYS,,0,Review,A76_LIST.txt,Parsed
MY,TMYCLKA7#3,DEP-00256,J7PCPTUI,J7P38800,JCPCPTUI,JCP38800,Internal OPC dependency,Completion / ALWAYS,,0,Review,A76_LIST.txt,Parsed
MY,TMYCLKA7#3,DEP-00257,J7PCPTUI,J7PA540U,JCPCPTUI,JCPA540U,Internal OPC dependency,Completion / ALWAYS,,0,Review,A76_LIST.txt,Parsed
MY,TMYCLKA7#3,DEP-00258,J7PCTRLF,J7END3,JCPCTRLF,,Internal OPC dependency,Completion / ALWAYS,,0,Review,A76_LIST.txt,Parsed
MY,TMYCLKA7#3,DEP-00259,J7PCTRLF,J7P38900,JCPCTRLF,JCP38900,Internal OPC dependency,Completion / ALWAYS,,0,Review,A76_LIST.txt,Parsed
MY,TMYCLKA7#3,DEP-00260,J7PCTRLF,J7PBKCP1,JCPCTRLF,JCPBKCP1,Internal OPC dependency,Completion / ALWAYS,,0,Review,A76_LIST.txt,Parsed
MY,TMYCLKA7#3,DEP-00261,J7PDY2,J7PGL015,JCPDY2,JCPGL015,Cross-application ALWAYS,Completion / ALWAYS,,0,Review,A76_LIST.txt,Parsed
MY,TMYCLKA7#3,DEP-00262,J7PF65CL,J7PF65OP,JCPF65CL,JCPF65OP,Internal OPC dependency,Completion / ALWAYS,,0,Review,A76_LIST.txt,Parsed
MY,TMYCLKA7#3,DEP-00263,J7PF672U,J7PF65CL,JCPF672U,JCPF65CL,Internal OPC dependency,Completion / ALWAYS,,0,Review,A76_LIST.txt,Parsed
MY,TMYCLKA7#3,DEP-00264,J7PF6BK1,J7PF66UW,JCPF6BK1,JCPF66UW,Internal OPC dependency,Completion / ALWAYS,,0,Review,A76_LIST.txt,Parsed
MY,TMYCLKA7#3,DEP-00265,J7PGL001,J7END3,JCPGL001,,Internal OPC dependency,Completion / ALWAYS,,0,Review,A76_LIST.txt,Parsed
MY,TMYCLKA7#3,DEP-00266,J7PGL001,J7PGL006,JCPGL001,JCPGL006,Internal OPC dependency,Completion / ALWAYS,,0,Review,A76_LIST.txt,Parsed
MY,TMYCLKA7#3,DEP-00267,J7PGL002,J7PGL008,JCPGL002,JCPGL008,Internal OPC dependency,Completion / ALWAYS,,0,Review,A76_LIST.txt,Parsed
MY,TMYCLKA7#3,DEP-00268,J7PGL005,J7PGL007,JCPGL005,JCPGL007,Internal OPC dependency,Completion / ALWAYS,,0,Review,A76_LIST.txt,Parsed
MY,TMYCLKA7#3,DEP-00269,J7PGL006,J7END3,JCPGL006,,Internal OPC dependency,Completion / ALWAYS,,0,Review,A76_LIST.txt,Parsed
MY,TMYCLKA7#3,DEP-00270,J7PGL011,J7PGL013,JCPGL011,JCPGL013,Internal OPC dependency,Completion / ALWAYS,,0,Review,A76_LIST.txt,Parsed
MY,TMYCLKA7#3,DEP-00271,J7PGL012,J7PGL002,JCPGL012,JCPGL002,Internal OPC dependency,Completion / ALWAYS,,0,Review,A76_LIST.txt,Parsed
MY,TMYCLKA7#3,DEP-00272,J7PISSUE,J7XMCONR,JCPISSUE,JCXMCONR,Cross-application ALWAYS,Completion / ALWAYS,,0,Review,A76_LIST.txt,Parsed
MY,TMYCLKA7#3,DEP-00273,J7PU230,J7PGL002,JCPU230,JCPGL002,Internal OPC dependency,Completion / ALWAYS,,0,Review,A76_LIST.txt,Parsed
MY,TMYCLKA7#3,DEP-00274,J7PU230,J7PGL012,JCPU230,JCPGL012,Internal OPC dependency,Completion / ALWAYS,,0,Review,A76_LIST.txt,Parsed
MY,TMYCLKA7#3,DEP-00275,J7START3,J7END3,,,Internal OPC dependency,Completion / ALWAYS,,0,Review,A76_LIST.txt,Parsed
MY,TMYCLKA7#3,DEP-00276,J7START3,J7PCPTUI,,JCPCPTUI,Internal OPC dependency,Completion / ALWAYS,,0,Review,A76_LIST.txt,Parsed
MY,TMYCLKA7#3,DEP-00277,J7START3,J7PGL002,,JCPGL002,Internal OPC dependency,Completion / ALWAYS,,0,Review,A76_LIST.txt,Parsed
MY,TMYCLKA7#3,DEP-00278,J7START3,J7PGL011,,JCPGL011,Internal OPC dependency,Completion / ALWAYS,,0,Review,A76_LIST.txt,Parsed
MY,TMYCLKA7#3,DEP-00279,J7START3,J7PT5G2B,,JCPT5G2B,Internal OPC dependency,Completion / ALWAYS,,0,Review,A76_LIST.txt,Parsed
MY,TMYCLKA7#3,DEP-00280,J7START3,J7PU518,,JCPU518,Internal OPC dependency,Completion / ALWAYS,,0,Review,A76_LIST.txt,Parsed
MY,TMYCLKA7#3,DEP-00281,J7START3,J7XCIRDC,,JCXCIRDC,Internal OPC dependency,Completion / ALWAYS,,0,Review,A76_LIST.txt,Parsed
MY,TMYCLKA7#3,DEP-00282,J7XCLGL2,J7PGL002,JCXCLGL2,JCPGL002,Internal OPC dependency,Completion / ALWAYS,,0,Review,A76_LIST.txt,Parsed
MY,TMYCLKA7#3,DEP-00283,J7XCLGL2,J7PGL015,JCXCLGL2,JCPGL015,Internal OPC dependency,Completion / ALWAYS,,0,Review,A76_LIST.txt,Parsed
MY,TMYCLKA7#3,DEP-00284,J7XCPOST,J7XVSONR,JCXCPOST,JCXVSONR,Cross-application ALWAYS,Completion / ALWAYS,,0,Review,A76_LIST.txt,Parsed
MY,TMYCLKA7#3,DEP-00285,J7XVSINR,J7PGL001,JCXVSINR,JCPGL001,Internal OPC dependency,Completion / ALWAYS,,0,Review,A76_LIST.txt,Parsed
MY,TMYCLKA7#4,DEP-00286,J7AEM#10,J7AEM#11,JOAEM#10,JOAEM#11,Internal OPC dependency,Completion / ALWAYS,,0,Review,A76_LIST.txt,Parsed
MY,TMYCLKA7#4,DEP-00287,J7CBTCHE,J7KCDY90,JKCBTCHE,JMKCDY90,Internal OPC dependency,Completion / ALWAYS,,0,Review,A76_LIST.txt,Parsed
MY,TMYCLKA7#4,DEP-00288,J7CDY00,J7KCDY90,JKCDY00,JMKCDY90,Internal OPC dependency,Completion / ALWAYS,,0,Review,A76_LIST.txt,Parsed
MY,TMYCLKA7#4,DEP-00289,J7CDY01,J7CDY02U,JKCDY01,JKCDY02U,Internal OPC dependency,Completion / ALWAYS,,0,Review,A76_LIST.txt,Parsed
MY,TMYCLKA7#4,DEP-00290,J7CDY02,J7CDY02A,JKCDY02,JKCDY02A,Internal OPC dependency,Completion / ALWAYS,,0,Review,A76_LIST.txt,Parsed
MY,TMYCLKA7#4,DEP-00291,J7CDY02A,J7CDY03A,JKCDY02A,JKCDY03A,Internal OPC dependency,Completion / ALWAYS,,0,Review,A76_LIST.txt,Parsed
MY,TMYCLKA7#4,DEP-00292,J7CDY02A,J7CDY04A,JKCDY02A,JKCDY04A,Internal OPC dependency,Completion / ALWAYS,,0,Review,A76_LIST.txt,Parsed
MY,TMYCLKA7#4,DEP-00293,J7CDY02A,J7CDY04B,JKCDY02A,JKCDY04B,Internal OPC dependency,Completion / ALWAYS,,0,Review,A76_LIST.txt,Parsed
MY,TMYCLKA7#4,DEP-00294,J7CDY02U,J7CDY03U,JKCDY02U,JKCDY03U,Internal OPC dependency,Completion / ALWAYS,,0,Review,A76_LIST.txt,Parsed
MY,TMYCLKA7#4,DEP-00295,J7CDY03A,J7CDY05A,JKCDY03A,JKCDY05A,Internal OPC dependency,Completion / ALWAYS,,0,Review,A76_LIST.txt,Parsed
MY,TMYCLKA7#4,DEP-00296,J7CDY03C,J7CDY05B,JKCDY03C,JKCDY05B,Internal OPC dependency,Completion / ALWAYS,,0,Review,A76_LIST.txt,Parsed
MY,TMYCLKA7#4,DEP-00297,J7CDY03U,J7CDY04A,JKCDY03U,JKCDY04A,Internal OPC dependency,Completion / ALWAYS,,0,Review,A76_LIST.txt,Parsed
MY,TMYCLKA7#4,DEP-00298,J7CDY04A,J7CDY06A,JKCDY04A,JKCDY06A,Internal OPC dependency,Completion / ALWAYS,,0,Review,A76_LIST.txt,Parsed
MY,TMYCLKA7#4,DEP-00299,J7CDY04A,J7CDY07U,JKCDY04A,JKCDY07U,Internal OPC dependency,Completion / ALWAYS,,0,Review,A76_LIST.txt,Parsed
MY,TMYCLKA7#4,DEP-00300,J7CDY05A,J7CDY07A,JKCDY05A,JKCDY07A,Internal OPC dependency,Completion / ALWAYS,,0,Review,A76_LIST.txt,Parsed
MY,TMYCLKA7#4,DEP-00301,J7CDY05A,J7CDY07B,JKCDY05A,JKCDY07B,Internal OPC dependency,Completion / ALWAYS,,0,Review,A76_LIST.txt,Parsed
MY,TMYCLKA7#4,DEP-00302,J7CDY05A,J7CDY10A,JKCDY05A,JKCDY10A,Internal OPC dependency,Completion / ALWAYS,,0,Review,A76_LIST.txt,Parsed
MY,TMYCLKA7#4,DEP-00303,J7CDY05B,J7KCEXBD,JKCDY05B,JMKCEXBD,Internal OPC dependency,Completion / ALWAYS,,0,Review,A76_LIST.txt,Parsed
MY,TMYCLKA7#4,DEP-00304,J7CDY07A,J7CDY07E,JKCDY07A,JKCDY07E,Internal OPC dependency,Completion / ALWAYS,,0,Review,A76_LIST.txt,Parsed
MY,TMYCLKA7#4,DEP-00305,J7CDY07B,J7CDY08E,JKCDY07B,JKCDY08E,Internal OPC dependency,Completion / ALWAYS,,0,Review,A76_LIST.txt,Parsed
MY,TMYCLKA7#4,DEP-00306,J7CDY07B,J7CDY08F,JKCDY07B,JKCDY08F,Internal OPC dependency,Completion / ALWAYS,,0,Review,A76_LIST.txt,Parsed
MY,TMYCLKA7#4,DEP-00307,J7CDY07B,J7CDY08G,JKCDY07B,JKCDY08G,Internal OPC dependency,Completion / ALWAYS,,0,Review,A76_LIST.txt,Parsed
MY,TMYCLKA7#4,DEP-00308,J7CDY07B,J7CDY08H,JKCDY07B,JKCDY08H,Internal OPC dependency,Completion / ALWAYS,,0,Review,A76_LIST.txt,Parsed
MY,TMYCLKA7#4,DEP-00309,J7CDY07B,J7CDY08I,JKCDY07B,JKCDY08I,Internal OPC dependency,Completion / ALWAYS,,0,Review,A76_LIST.txt,Parsed
MY,TMYCLKA7#4,DEP-00310,J7CDY07B,J7XCLDFS,JKCDY07B,JCXCLDFS,Internal OPC dependency,Completion / ALWAYS,,0,Review,A76_LIST.txt,Parsed
MY,TMYCLKA7#4,DEP-00311,J7CDY07J,J7CLSEF,JKCDY07J,JKCLSEF,Internal OPC dependency,Completion / ALWAYS,,0,Review,A76_LIST.txt,Parsed
MY,TMYCLKA7#4,DEP-00312,J7CDY07J,J7IKCJC,JKCDY07J,JAIKCJC,Internal OPC dependency,Completion / ALWAYS,,0,Review,A76_LIST.txt,Parsed
MY,TMYCLKA7#4,DEP-00313,J7CDY07U,J7CDY07B,JKCDY07U,JKCDY07B,Internal OPC dependency,Completion / ALWAYS,,0,Review,A76_LIST.txt,Parsed
MY,TMYCLKA7#4,DEP-00314,J7CDY10A,J7CBTHX,JKCDY10A,JKCBTHX,Internal OPC dependency,Completion / ALWAYS,,0,Review,A76_LIST.txt,Parsed
MY,TMYCLKA7#4,DEP-00315,J7CDY10A,J7CDY11,JKCDY10A,JKCDY11,Internal OPC dependency,Completion / ALWAYS,,0,Review,A76_LIST.txt,Parsed
MY,TMYCLKA7#4,DEP-00316,J7CDY10B,J72BSTMC,JKCDY10B,JB2BSTMC,Internal OPC dependency,Completion / ALWAYS,,0,Review,A76_LIST.txt,Parsed
MY,TMYCLKA7#4,DEP-00317,J7CDY11,J7CBTHX,JKCDY11,JKCBTHX,Internal OPC dependency,Completion / ALWAYS,,0,Review,A76_LIST.txt,Parsed
MY,TMYCLKA7#4,DEP-00318,J7CLSEF,J7CPENF,JKCLSEF,JKCPENF,Internal OPC dependency,Completion / ALWAYS,,0,Review,A76_LIST.txt,Parsed
MY,TMYCLKA7#4,DEP-00319,J7CPENF,J7P1748U,JKCPENF,JCP1748U,Internal OPC dependency,Completion / ALWAYS,,0,Review,A76_LIST.txt,Parsed
MY,TMYCLKA7#4,DEP-00320,J7END4,J7ADCPA1,,JOADCPA1,Internal OPC dependency,Completion / ALWAYS,,0,Review,A76_LIST.txt,Parsed
MY,TMYCLKA7#4,DEP-00321,J7F23305,J7MQR040,JCF23305,JQMQR040,Internal OPC dependency,Completion / ALWAYS,,0,Review,A76_LIST.txt,Parsed
MY,TMYCLKA7#4,DEP-00322,J7F25571,J7PU909C,JCF25571,JCPU909C,Internal OPC dependency,Completion / ALWAYS,,0,Review,A76_LIST.txt,Parsed
MY,TMYCLKA7#4,DEP-00323,J7F25581,J7PU909C,JCF25581,JCPU909C,Internal OPC dependency,Completion / ALWAYS,,0,Review,A76_LIST.txt,Parsed
MY,TMYCLKA7#4,DEP-00324,J7F25591,J7PU909C,JCF25591,JCPU909C,Internal OPC dependency,Completion / ALWAYS,,0,Review,A76_LIST.txt,Parsed
MY,TMYCLKA7#4,DEP-00325,J7F26131,J7PU909C,JCF26131,JCPU909C,Internal OPC dependency,Completion / ALWAYS,,0,Review,A76_LIST.txt,Parsed
MY,TMYCLKA7#4,DEP-00326,J7ISM#3,J7P2156U,JAISM#3,JCP2156U,Cross-application ALWAYS,Completion / ALWAYS,,0,Review,A76_LIST.txt,Parsed
MY,TMYCLKA7#4,DEP-00327,J7KPCRP2,J7EPCRP2,JBKPCRP2,JREPCRP2,Internal OPC dependency,Completion / ALWAYS,,0,Review,A76_LIST.txt,Parsed
MY,TMYCLKA7#4,DEP-00328,J7MALLOG,J7MD200C,JWMALLOG,JWMD200C,Internal OPC dependency,Completion / ALWAYS,,0,Review,A76_LIST.txt,Parsed
MY,TMYCLKA7#4,DEP-00329,J7MD018,J7MBTHFA,JQMD018,JQMBTHFA,Internal OPC dependency,Completion / ALWAYS,,0,Review,A76_LIST.txt,Parsed
MY,TMYCLKA7#4,DEP-00330,J7MD018,J7MBTHFD,JQMD018,JQMBTHFD,Internal OPC dependency,Completion / ALWAYS,,0,Review,A76_LIST.txt,Parsed
MY,TMYCLKA7#4,DEP-00331,J7MD200B,J7MD200P,JWMD200B,JWMD200P,Internal OPC dependency,Completion / ALWAYS,,0,Review,A76_LIST.txt,Parsed
MY,TMYCLKA7#4,DEP-00332,J7MD200P,J7MD200O,JWMD200P,JWMD200O,Internal OPC dependency,Completion / ALWAYS,,0,Review,A76_LIST.txt,Parsed
MY,TMYCLKA7#4,DEP-00333,J7MDY02A,J7MDY08D,JQMDY02A,JQMDY08D,Internal OPC dependency,Completion / ALWAYS,,0,Review,A76_LIST.txt,Parsed
MY,TMYCLKA7#4,DEP-00334,J7MDY08D,J7MUHSKM,JQMDY08D,JQMUHSKM,Internal OPC dependency,Completion / ALWAYS,,0,Review,A76_LIST.txt,Parsed
MY,TMYCLKA7#4,DEP-00335,J7MHSKX1,J7YCALTJ,JQMHSKX1,JKYCALTJ,Internal OPC dependency,Completion / ALWAYS,,0,Review,A76_LIST.txt,Parsed
MY,TMYCLKA7#4,DEP-00336,J7MINLOG,J7MALLOG,JWMINLOG,JWMALLOG,Internal OPC dependency,Completion / ALWAYS,,0,Review,A76_LIST.txt,Parsed
MY,TMYCLKA7#4,DEP-00337,J7MMSTFB,J7MSHXFB,JQMMSTFB,JQMSHXFB,Cross-application ALWAYS,Completion / ALWAYS,,0,Review,A76_LIST.txt,Parsed
MY,TMYCLKA7#4,DEP-00338,J7MQR010,J7F23303,JQMQR010,JCF23303,Internal OPC dependency,Completion / ALWAYS,,0,Review,A76_LIST.txt,Parsed
MY,TMYCLKA7#4,DEP-00339,J7MQR030,J7MQR050,JQMQR030,JQMQR050,Internal OPC dependency,Completion / ALWAYS,,0,Review,A76_LIST.txt,Parsed
MY,TMYCLKA7#4,DEP-00340,J7MQR040,J7MQR060,JQMQR040,JQMQR060,Internal OPC dependency,Completion / ALWAYS,,0,Review,A76_LIST.txt,Parsed
MY,TMYCLKA7#4,DEP-00341,J7MU030J,J7XRTVFO,JQMU030J,JCXRTVFO,Internal OPC dependency,Completion / ALWAYS,,0,Review,A76_LIST.txt,Parsed
MY,TMYCLKA7#4,DEP-00342,J7MUMBLC,J7MFMBLC,JQMUMBLC,JQMFMBLC,Internal OPC dependency,Completion / ALWAYS,,0,Review,A76_LIST.txt,Parsed
MY,TMYCLKA7#4,DEP-00343,J7NMLHK,J7END4,JBNMLHK,,Internal OPC dependency,Completion / ALWAYS,,0,Review,A76_LIST.txt,Parsed
MY,TMYCLKA7#4,DEP-00344,J7P1100U,J7P1103U,JCP1100U,JCP1103U,Internal OPC dependency,Completion / ALWAYS,,0,Review,A76_LIST.txt,Parsed
MY,TMYCLKA7#4,DEP-00345,J7P1104U,J72BSTMT,JCP1104U,JB2BSTMT,Internal OPC dependency,Completion / ALWAYS,,0,Review,A76_LIST.txt,Parsed
MY,TMYCLKA7#4,DEP-00346,J7P1596U,J7MQR010,JCP1596U,JQMQR010,Internal OPC dependency,Completion / ALWAYS,,0,Review,A76_LIST.txt,Parsed
MY,TMYCLKA7#4,DEP-00347,J7P1597U,J7ADC820,JCP1597U,JOADC820,Internal OPC dependency,Completion / ALWAYS,,0,Review,A76_LIST.txt,Parsed
MY,TMYCLKA7#4,DEP-00348,J7P1832U,J7P1104U,JCP1832U,JCP1104U,Internal OPC dependency,Completion / ALWAYS,,0,Review,A76_LIST.txt,Parsed
MY,TMYCLKA7#4,DEP-00349,J7P2037U,J7P2043U,JCP2037U,JCP2043U,Internal OPC dependency,Completion / ALWAYS,,0,Review,A76_LIST.txt,Parsed
MY,TMYCLKA7#4,DEP-00350,J7P2037U,J7PSTMTI,JCP2037U,JCPSTMTI,Internal OPC dependency,Completion / ALWAYS,,0,Review,A76_LIST.txt,Parsed
MY,TMYCLKA7#4,DEP-00351,J7P2038U,J7P2044U,JCP2038U,JCP2044U,Internal OPC dependency,Completion / ALWAYS,,0,Review,A76_LIST.txt,Parsed
MY,TMYCLKA7#4,DEP-00352,J7P2108B,J7P2107U,JCP2108B,JCP2107U,Internal OPC dependency,Completion / ALWAYS,,0,Review,A76_LIST.txt,Parsed
MY,TMYCLKA7#4,DEP-00353,J7P2154U,J7P2155U,JCP2154U,JCP2155U,Internal OPC dependency,Completion / ALWAYS,,0,Review,A76_LIST.txt,Parsed
MY,TMYCLKA7#4,DEP-00354,J7P2512U,J7P2514U,JCP2512U,JCP2514U,Internal OPC dependency,Completion / ALWAYS,,0,Review,A76_LIST.txt,Parsed
MY,TMYCLKA7#4,DEP-00355,J7PCRPU1,J7PU909C,JCPCRPU1,JCPU909C,Internal OPC dependency,Completion / ALWAYS,,0,Review,A76_LIST.txt,Parsed
MY,TMYCLKA7#4,DEP-00356,J7PDY3AU,J7PDY3C,JCPDY3AU,JCPDY3C,Internal OPC dependency,Completion / ALWAYS,,0,Review,A76_LIST.txt,Parsed
MY,TMYCLKA7#4,DEP-00357,J7PDY3BU,J7PDY3C,JCPDY3BU,JCPDY3C,Internal OPC dependency,Completion / ALWAYS,,0,Review,A76_LIST.txt,Parsed
MY,TMYCLKA7#4,DEP-00358,J7PDY3BU,J7PDY3DU,JCPDY3BU,JCPDY3DU,Internal OPC dependency,Completion / ALWAYS,,0,Review,A76_LIST.txt,Parsed
MY,TMYCLKA7#4,DEP-00359,J7PDY3C,J7PDY3E,JCPDY3C,JCPDY3E,Internal OPC dependency,Completion / ALWAYS,,0,Review,A76_LIST.txt,Parsed
MY,TMYCLKA7#4,DEP-00360,J7PDY3C,J7PDY3HU,JCPDY3C,JCPDY3HU,Internal OPC dependency,Completion / ALWAYS,,0,Review,A76_LIST.txt,Parsed
MY,TMYCLKA7#4,DEP-00361,J7PDY3DU,J7PDY3GU,JCPDY3DU,JCPDY3GU,Internal OPC dependency,Completion / ALWAYS,,0,Review,A76_LIST.txt,Parsed
MY,TMYCLKA7#4,DEP-00362,J7PDY3E,J7PMRG01,JCPDY3E,JCPMRG01,Internal OPC dependency,Completion / ALWAYS,,0,Review,A76_LIST.txt,Parsed
MY,TMYCLKA7#4,DEP-00363,J7PDY3F,J7PDY3I,JCPDY3F,JCPDY3I,Internal OPC dependency,Completion / ALWAYS,,0,Review,A76_LIST.txt,Parsed
MY,TMYCLKA7#4,DEP-00364,J7PDY3GU,J7END4,JCPDY3GU,,Internal OPC dependency,Completion / ALWAYS,,0,Review,A76_LIST.txt,Parsed
MY,TMYCLKA7#4,DEP-00365,J7PDY3GU,J7PDY3HU,JCPDY3GU,JCPDY3HU,Internal OPC dependency,Completion / ALWAYS,,0,Review,A76_LIST.txt,Parsed
MY,TMYCLKA7#4,DEP-00366,J7PDY3HU,J7CDY02,JCPDY3HU,JKCDY02,Internal OPC dependency,Completion / ALWAYS,,0,Review,A76_LIST.txt,Parsed
MY,TMYCLKA7#4,DEP-00367,J7PDY3HU,J7P2108U,JCPDY3HU,JCP2108U,Internal OPC dependency,Completion / ALWAYS,,0,Review,A76_LIST.txt,Parsed
MY,TMYCLKA7#4,DEP-00368,J7PDY3HU,J7PDY3JU,JCPDY3HU,JCPDY3JU,Internal OPC dependency,Completion / ALWAYS,,0,Review,A76_LIST.txt,Parsed
MY,TMYCLKA7#4,DEP-00369,J7PDY3HU,J7PDY3K,JCPDY3HU,JCPDY3K,Internal OPC dependency,Completion / ALWAYS,,0,Review,A76_LIST.txt,Parsed
MY,TMYCLKA7#4,DEP-00370,J7PDY3HU,J7PSTPRO,JCPDY3HU,JCPSTPRO,Internal OPC dependency,Completion / ALWAYS,,0,Review,A76_LIST.txt,Parsed
MY,TMYCLKA7#4,DEP-00371,J7PDY3HU,J7PUABUB,JCPDY3HU,JCPUABUB,Internal OPC dependency,Completion / ALWAYS,,0,Review,A76_LIST.txt,Parsed
MY,TMYCLKA7#4,DEP-00372,J7PDY3HU,J7SDY3A,JCPDY3HU,JGSDY3A,Internal OPC dependency,Completion / ALWAYS,,0,Review,A76_LIST.txt,Parsed
MY,TMYCLKA7#4,DEP-00373,J7PDY3HU,J7SFHKC,JCPDY3HU,JASFHKC,Internal OPC dependency,Completion / ALWAYS,,0,Review,A76_LIST.txt,Parsed
MY,TMYCLKA7#4,DEP-00374,J7PDY3I,J7PDY3K,JCPDY3I,JCPDY3K,Internal OPC dependency,Completion / ALWAYS,,0,Review,A76_LIST.txt,Parsed
MY,TMYCLKA7#4,DEP-00375,J7PDY3JU,J7END4,JCPDY3JU,,Internal OPC dependency,Completion / ALWAYS,,0,Review,A76_LIST.txt,Parsed
MY,TMYCLKA7#4,DEP-00376,J7PDYG1U,J7END4,JCPDYG1U,,Internal OPC dependency,Completion / ALWAYS,,0,Review,A76_LIST.txt,Parsed
MY,TMYCLKA7#4,DEP-00377,J7PDYG1U,J7P2037U,JCPDYG1U,JCP2037U,Internal OPC dependency,Completion / ALWAYS,,0,Review,A76_LIST.txt,Parsed
MY,TMYCLKA7#4,DEP-00378,J7PMGPMX,J7AEM#10,JCPMGPMX,JOAEM#10,Internal OPC dependency,Completion / ALWAYS,,0,Review,A76_LIST.txt,Parsed
MY,TMYCLKA7#4,DEP-00379,J7PNXRF,J7PU866B,JCPNXRF,JCPU866B,Internal OPC dependency,Completion / ALWAYS,,0,Review,A76_LIST.txt,Parsed
MY,TMYCLKA7#4,DEP-00380,J7PPCCG,J7PU866D,JCPPCCG,JCPU866D,Internal OPC dependency,Completion / ALWAYS,,0,Review,A76_LIST.txt,Parsed
MY,TMYCLKA7#4,DEP-00381,J7PU866D,J7PPCOG,JCPU866D,JCPPCOG,Internal OPC dependency,Completion / ALWAYS,,0,Review,A76_LIST.txt,Parsed
MY,TMYCLKA7#4,DEP-00382,J7PU866D,J7UVAUJ1,JCPU866D,JAUVAUJ1,Internal OPC dependency,Completion / ALWAYS,,0,Review,A76_LIST.txt,Parsed
MY,TMYCLKA7#4,DEP-00383,J7QDY720,J7QDY727,JCQDY720,JCQDY727,Cross-application ALWAYS,Completion / ALWAYS,,0,Review,A76_LIST.txt,Parsed
MY,TMYCLKA7#4,DEP-00384,J7QDY725,J7P0459R,JCQDY725,JCP0459R,Internal OPC dependency,Completion / ALWAYS,,0,Review,A76_LIST.txt,Parsed
MY,TMYCLKA7#4,DEP-00385,J7QDY725,J7QD727H,JCQDY725,JCQD727H,Internal OPC dependency,Completion / ALWAYS,,0,Review,A76_LIST.txt,Parsed
MY,TMYCLKA7#4,DEP-00386,J7SDY2A,J7SDY4,JGSDY2A,JGSDY4,Internal OPC dependency,Completion / ALWAYS,,0,Review,A76_LIST.txt,Parsed
MY,TMYCLKA7#4,DEP-00387,J7SDY2B,J7SDY4,JGSDY2B,JGSDY4,Internal OPC dependency,Completion / ALWAYS,,0,Review,A76_LIST.txt,Parsed
MY,TMYCLKA7#4,DEP-00388,J7SDYINT,J7SDY1,JGSDYINT,JGSDY1,Internal OPC dependency,Completion / ALWAYS,,0,Review,A76_LIST.txt,Parsed
MY,TMYCLKA7#4,DEP-00389,J7START4,J7CDY00,,JKCDY00,Internal OPC dependency,Completion / ALWAYS,,0,Review,A76_LIST.txt,Parsed
MY,TMYCLKA7#4,DEP-00390,J7START4,J7END4,,,Internal OPC dependency,Completion / ALWAYS,,0,Review,A76_LIST.txt,Parsed
MY,TMYCLKA7#4,DEP-00391,J7START4,J7ID802,,JMID802,Internal OPC dependency,Completion / ALWAYS,,0,Review,A76_LIST.txt,Parsed
MY,TMYCLKA7#4,DEP-00392,J7START4,J7INHSJC,,JAINHSJC,Internal OPC dependency,Completion / ALWAYS,,0,Review,A76_LIST.txt,Parsed
MY,TMYCLKA7#4,DEP-00393,J7START4,J7MBKLOG,,JWMBKLOG,Internal OPC dependency,Completion / ALWAYS,,0,Review,A76_LIST.txt,Parsed
MY,TMYCLKA7#4,DEP-00394,J7START4,J7MHSKX1,,JQMHSKX1,Internal OPC dependency,Completion / ALWAYS,,0,Review,A76_LIST.txt,Parsed
MY,TMYCLKA7#4,DEP-00395,J7START4,J7MINLOG,,JWMINLOG,Internal OPC dependency,Completion / ALWAYS,,0,Review,A76_LIST.txt,Parsed
MY,TMYCLKA7#4,DEP-00396,J7START4,J7MQR030,,JQMQR030,Internal OPC dependency,Completion / ALWAYS,,0,Review,A76_LIST.txt,Parsed
MY,TMYCLKA7#4,DEP-00397,J7START4,J7MSHXFA,,JQMSHXFA,Internal OPC dependency,Completion / ALWAYS,,0,Review,A76_LIST.txt,Parsed
MY,TMYCLKA7#4,DEP-00398,J7START4,J7MUMBLC,,JQMUMBLC,Internal OPC dependency,Completion / ALWAYS,,0,Review,A76_LIST.txt,Parsed
MY,TMYCLKA7#4,DEP-00399,J7START4,J7NMLHK,,JBNMLHK,Internal OPC dependency,Completion / ALWAYS,,0,Review,A76_LIST.txt,Parsed
MY,TMYCLKA7#4,DEP-00400,J7START4,J7P0766R,,JCP0766R,Internal OPC dependency,Completion / ALWAYS,,0,Review,A76_LIST.txt,Parsed
MY,TMYCLKA7#4,DEP-00401,J7START4,J7P1279R,,JCP1279R,Internal OPC dependency,Completion / ALWAYS,,0,Review,A76_LIST.txt,Parsed
MY,TMYCLKA7#4,DEP-00402,J7START4,J7P1597U,,JCP1597U,Internal OPC dependency,Completion / ALWAYS,,0,Review,A76_LIST.txt,Parsed
MY,TMYCLKA7#4,DEP-00403,J7START4,J7P1748U,,JCP1748U,Internal OPC dependency,Completion / ALWAYS,,0,Review,A76_LIST.txt,Parsed
MY,TMYCLKA7#4,DEP-00404,J7START4,J7P1832U,,JCP1832U,Internal OPC dependency,Completion / ALWAYS,,0,Review,A76_LIST.txt,Parsed
MY,TMYCLKA7#4,DEP-00405,J7START4,J7P2310U,,JCP2310U,Internal OPC dependency,Completion / ALWAYS,,0,Review,A76_LIST.txt,Parsed
MY,TMYCLKA7#4,DEP-00406,J7START4,J7P2320U,,JCP2320U,Internal OPC dependency,Completion / ALWAYS,,0,Review,A76_LIST.txt,Parsed
MY,TMYCLKA7#4,DEP-00407,J7START4,J7P2513U,,JCP2513U,Internal OPC dependency,Completion / ALWAYS,,0,Review,A76_LIST.txt,Parsed
MY,TMYCLKA7#4,DEP-00408,J7START4,J7P2557U,,JCP2557U,Internal OPC dependency,Completion / ALWAYS,,0,Review,A76_LIST.txt,Parsed
MY,TMYCLKA7#4,DEP-00409,J7START4,J7P2558U,,JCP2558U,Internal OPC dependency,Completion / ALWAYS,,0,Review,A76_LIST.txt,Parsed
MY,TMYCLKA7#4,DEP-00410,J7START4,J7P2559U,,JCP2559U,Internal OPC dependency,Completion / ALWAYS,,0,Review,A76_LIST.txt,Parsed
MY,TMYCLKA7#4,DEP-00411,J7START4,J7P2613U,,JCP2613U,Internal OPC dependency,Completion / ALWAYS,,0,Review,A76_LIST.txt,Parsed
MY,TMYCLKA7#4,DEP-00412,J7START4,J7PCRP1,,JCPCRP1,Internal OPC dependency,Completion / ALWAYS,,0,Review,A76_LIST.txt,Parsed
MY,TMYCLKA7#4,DEP-00413,J7START4,J7PDY3BU,,JCPDY3BU,Internal OPC dependency,Completion / ALWAYS,,0,Review,A76_LIST.txt,Parsed
MY,TMYCLKA7#4,DEP-00414,J7START4,J7PU866D,,JCPU866D,Internal OPC dependency,Completion / ALWAYS,,0,Review,A76_LIST.txt,Parsed
MY,TMYCLKA7#4,DEP-00415,J7START4,J7RFALTJ,,JXRFALTJ,Internal OPC dependency,Completion / ALWAYS,,0,Review,A76_LIST.txt,Parsed
MY,TMYCLKA7#4,DEP-00416,J7START4,J7SDY0,,JGSDY0,Internal OPC dependency,Completion / ALWAYS,,0,Review,A76_LIST.txt,Parsed
MY,TMYCLKA7#4,DEP-00417,J7START4,J7SDY3B,,JGSDY3B,Internal OPC dependency,Completion / ALWAYS,,0,Review,A76_LIST.txt,Parsed
MY,TMYCLKA7#4,DEP-00418,J7START4,J7TVICBG,,JSTVICBG,Internal OPC dependency,Completion / ALWAYS,,0,Review,A76_LIST.txt,Parsed
MY,TMYCLKA7#4,DEP-00419,J7START4,J7UNHSJC,,JAUNHSJC,Internal OPC dependency,Completion / ALWAYS,,0,Review,A76_LIST.txt,Parsed
MY,TMYCLKA7#4,DEP-00420,J7START4,J7XCVSIM,,JCXCVSIM,Internal OPC dependency,Completion / ALWAYS,,0,Review,A76_LIST.txt,Parsed
MY,TMYCLKA7#4,DEP-00421,J7TVICBG,J7XRTCBS,JSTVICBG,JCXRTCBS,Internal OPC dependency,Completion / ALWAYS,,0,Review,A76_LIST.txt,Parsed
MY,TMYCLKA7#4,DEP-00422,J7TVICBU,J7XCLCBS,JSTVICBU,JCXCLCBS,Internal OPC dependency,Completion / ALWAYS,,0,Review,A76_LIST.txt,Parsed
MY,TMYCLKA7#4,DEP-00423,J7UVAUJ1,J7UVAUJ2,JAUVAUJ1,JAUVAUJ2,Internal OPC dependency,Completion / ALWAYS,,0,Review,A76_LIST.txt,Parsed
MY,TMYCLKA7#4,DEP-00424,J7XCLCBS,J7RPCS01,JCXCLCBS,JCRPCS01,Internal OPC dependency,Completion / ALWAYS,,0,Review,A76_LIST.txt,Parsed
MY,TMYCLKA7#4,DEP-00425,J7XCLDFI,J7P1748U,JCXCLDFI,JCP1748U,Internal OPC dependency,Completion / ALWAYS,,0,Review,A76_LIST.txt,Parsed
MY,TMYCLKA7#4,DEP-00426,J7XCLDFM,J7USM#12,JCXCLDFM,JAUSM#12,Internal OPC dependency,Completion / ALWAYS,,0,Review,A76_LIST.txt,Parsed
MY,TMYCLKA7#4,DEP-00427,J7XCLDFS,J7XCLDFM,JCXCLDFS,JCXCLDFM,Internal OPC dependency,Completion / ALWAYS,,0,Review,A76_LIST.txt,Parsed
MY,TMYCLKA7#4,DEP-00428,J7XCLVAU,J7UVAUJC,JCXCLVAU,JAUVAUJC,Internal OPC dependency,Completion / ALWAYS,,0,Review,A76_LIST.txt,Parsed
MY,TMYCLKA7#4,DEP-00429,J7XDFBKP,J7XCLDFI,JCXDFBKP,JCXCLDFI,Internal OPC dependency,Completion / ALWAYS,,0,Review,A76_LIST.txt,Parsed
MY,TMYCLKA7#4,DEP-00430,J7YCBKPJ,J7MKYCX1,JKYCBKPJ,JQMKYCX1,Internal OPC dependency,Completion / ALWAYS,,0,Review,A76_LIST.txt,Parsed
MY,TMYCLKA7#5,DEP-00431,J7H002WD,J7XCLNRX,JMH002WD,JCXCLNRX,Internal OPC dependency,Completion / ALWAYS,,0,Review,A76_LIST.txt,Parsed
MY,TMYCLKA7#5,DEP-00432,J7ICIAJC,J7P0495W,JAICIAJC,JCP0495W,Cross-application ALWAYS,Completion / ALWAYS,,0,Review,A76_LIST.txt,Parsed
MY,TMYCLKA7#5,DEP-00433,J7P0459R,J7P0495W,JCP0459R,JCP0495W,Cross-application ALWAYS,Completion / ALWAYS,,0,Review,A76_LIST.txt,Parsed
MY,TMYCLKA7#5,DEP-00434,J7P0537U,J7ENDBTH,JCP0537U,,Internal OPC dependency,Completion / ALWAYS,,0,Review,A76_LIST.txt,Parsed
MY,TMYCLKA7#5,DEP-00435,J7P0867U,J7P0869U,JCP0867U,JCP0869U,Internal OPC dependency,Completion / ALWAYS,,0,Review,A76_LIST.txt,Parsed
MY,TMYCLKA7#5,DEP-00436,J7P0868U,J7P0882U,JCP0868U,JCP0882U,Internal OPC dependency,Completion / ALWAYS,,0,Review,A76_LIST.txt,Parsed
MY,TMYCLKA7#5,DEP-00437,J7P0869U,J7P0870U,JCP0869U,JCP0870U,Internal OPC dependency,Completion / ALWAYS,,0,Review,A76_LIST.txt,Parsed
MY,TMYCLKA7#5,DEP-00438,J7P0869U,J7PVMRZS,JCP0869U,JCPVMRZS,Internal OPC dependency,Completion / ALWAYS,,0,Review,A76_LIST.txt,Parsed
MY,TMYCLKA7#5,DEP-00439,J7P0870U,J7P1031U,JCP0870U,JCP1031U,Internal OPC dependency,Completion / ALWAYS,,0,Review,A76_LIST.txt,Parsed
MY,TMYCLKA7#5,DEP-00440,J7P0870U,J7P1032U,JCP0870U,JCP1032U,Internal OPC dependency,Completion / ALWAYS,,0,Review,A76_LIST.txt,Parsed
MY,TMYCLKA7#5,DEP-00441,J7P0878U,J7P0894U,JCP0878U,JCP0894U,Internal OPC dependency,Completion / ALWAYS,,0,Review,A76_LIST.txt,Parsed
MY,TMYCLKA7#5,DEP-00442,J7P0879U,J7P0890U,JCP0879U,JCP0890U,Internal OPC dependency,Completion / ALWAYS,,0,Review,A76_LIST.txt,Parsed
MY,TMYCLKA7#5,DEP-00443,J7P0881U,J7P0889U,JCP0881U,JCP0889U,Internal OPC dependency,Completion / ALWAYS,,0,Review,A76_LIST.txt,Parsed
MY,TMYCLKA7#5,DEP-00444,J7P0883U,J7P0892U,JCP0883U,JCP0892U,Internal OPC dependency,Completion / ALWAYS,,0,Review,A76_LIST.txt,Parsed
MY,TMYCLKA7#5,DEP-00445,J7P0889U,J7P0883U,JCP0889U,JCP0883U,Internal OPC dependency,Completion / ALWAYS,,0,Review,A76_LIST.txt,Parsed
MY,TMYCLKA7#5,DEP-00446,J7P0890U,J7P0891U,JCP0890U,JCP0891U,Internal OPC dependency,Completion / ALWAYS,,0,Review,A76_LIST.txt,Parsed
MY,TMYCLKA7#5,DEP-00447,J7P0891U,J7P0878U,JCP0891U,JCP0878U,Internal OPC dependency,Completion / ALWAYS,,0,Review,A76_LIST.txt,Parsed
MY,TMYCLKA7#5,DEP-00448,J7P0892U,J7P0893U,JCP0892U,JCP0893U,Internal OPC dependency,Completion / ALWAYS,,0,Review,A76_LIST.txt,Parsed
MY,TMYCLKA7#5,DEP-00449,J7P0894U,J7END5,JCP0894U,,Internal OPC dependency,Completion / ALWAYS,,0,Review,A76_LIST.txt,Parsed
MY,TMYCLKA7#5,DEP-00450,J7P0895U,J7P0879U,JCP0895U,JCP0879U,Internal OPC dependency,Completion / ALWAYS,,0,Review,A76_LIST.txt,Parsed
MY,TMYCLKA7#5,DEP-00451,J7P0901U,J7P0868U,JCP0901U,JCP0868U,Internal OPC dependency,Completion / ALWAYS,,0,Review,A76_LIST.txt,Parsed
MY,TMYCLKA7#5,DEP-00452,J7P0989U,J7P0992U,JCP0989U,JCP0992U,Internal OPC dependency,Completion / ALWAYS,,0,Review,A76_LIST.txt,Parsed
MY,TMYCLKA7#5,DEP-00453,J7P1031U,J7P1030U,JCP1031U,JCP1030U,Internal OPC dependency,Completion / ALWAYS,,0,Review,A76_LIST.txt,Parsed
MY,TMYCLKA7#5,DEP-00454,J7P1031U,J7P1033U,JCP1031U,JCP1033U,Internal OPC dependency,Completion / ALWAYS,,0,Review,A76_LIST.txt,Parsed
MY,TMYCLKA7#5,DEP-00455,J7P1032U,J7P0895U,JCP1032U,JCP0895U,Internal OPC dependency,Completion / ALWAYS,,0,Review,A76_LIST.txt,Parsed
MY,TMYCLKA7#5,DEP-00456,J7P1033U,J7P0881U,JCP1033U,JCP0881U,Internal OPC dependency,Completion / ALWAYS,,0,Review,A76_LIST.txt,Parsed
MY,TMYCLKA7#5,DEP-00457,J7P1179U,J7P1182U,JCP1179U,JCP1182U,Internal OPC dependency,Completion / ALWAYS,,0,Review,A76_LIST.txt,Parsed
MY,TMYCLKA7#5,DEP-00458,J7P1180U,J7END5,JCP1180U,,Internal OPC dependency,Completion / ALWAYS,,0,Review,A76_LIST.txt,Parsed
MY,TMYCLKA7#5,DEP-00459,J7P1180U,J7P1183U,JCP1180U,JCP1183U,Internal OPC dependency,Completion / ALWAYS,,0,Review,A76_LIST.txt,Parsed
MY,TMYCLKA7#5,DEP-00460,J7P1182U,J7P1195U,JCP1182U,JCP1195U,Internal OPC dependency,Completion / ALWAYS,,0,Review,A76_LIST.txt,Parsed
MY,TMYCLKA7#5,DEP-00461,J7P1183U,J7P1184U,JCP1183U,JCP1184U,Internal OPC dependency,Completion / ALWAYS,,0,Review,A76_LIST.txt,Parsed
MY,TMYCLKA7#5,DEP-00462,J7P1183U,J7PD300,JCP1183U,JNPD300,Internal OPC dependency,Completion / ALWAYS,,0,Review,A76_LIST.txt,Parsed
MY,TMYCLKA7#5,DEP-00463,J7P1183U,J7PDY5AN,JCP1183U,JCPDY5AN,Internal OPC dependency,Completion / ALWAYS,,0,Review,A76_LIST.txt,Parsed
MY,TMYCLKA7#5,DEP-00464,J7P1184U,J7P1193U,JCP1184U,JCP1193U,Internal OPC dependency,Completion / ALWAYS,,0,Review,A76_LIST.txt,Parsed
MY,TMYCLKA7#5,DEP-00465,J7P1195U,J7P1889U,JCP1195U,JCP1889U,Internal OPC dependency,Completion / ALWAYS,,0,Review,A76_LIST.txt,Parsed
MY,TMYCLKA7#5,DEP-00466,J7P1344U,J7P0538U,JCP1344U,JCP0538U,Internal OPC dependency,Completion / ALWAYS,,0,Review,A76_LIST.txt,Parsed
MY,TMYCLKA7#5,DEP-00467,J7P1889U,J7P0990U,JCP1889U,JCP0990U,Internal OPC dependency,Completion / ALWAYS,,0,Review,A76_LIST.txt,Parsed
MY,TMYCLKA7#5,DEP-00468,J7P1889U,J7P1201U,JCP1889U,JCP1201U,Internal OPC dependency,Completion / ALWAYS,,0,Review,A76_LIST.txt,Parsed
MY,TMYCLKA7#5,DEP-00469,J7PD300,J7PD400U,JNPD300,JNPD400U,Internal OPC dependency,Completion / ALWAYS,,0,Review,A76_LIST.txt,Parsed
MY,TMYCLKA7#5,DEP-00470,J7PD300,J7PLRPT,JNPD300,JNPLRPT,Internal OPC dependency,Completion / ALWAYS,,0,Review,A76_LIST.txt,Parsed
MY,TMYCLKA7#5,DEP-00471,J7PD400,J7PLRPT,JNPD400,JNPLRPT,Internal OPC dependency,Completion / ALWAYS,,0,Review,A76_LIST.txt,Parsed
MY,TMYCLKA7#5,DEP-00472,J7PDY3HU,J7ENDONL,JCPDY3HU,,Cross-application ALWAYS,Completion / ALWAYS,,0,Review,A76_LIST.txt,Parsed
MY,TMYCLKA7#5,DEP-00473,J7PDY5AN,J7END5,JCPDY5AN,,Internal OPC dependency,Completion / ALWAYS,,0,Review,A76_LIST.txt,Parsed
MY,TMYCLKA7#5,DEP-00474,J7PNXRF,J7P1201U,JCPNXRF,JCP1201U,Cross-application ALWAYS,Completion / ALWAYS,,0,Review,A76_LIST.txt,Parsed
MY,TMYCLKA7#5,DEP-00475,J7PRCY3A,J7PRCYC3,JCPRCY3A,JCPRCYC3,Internal OPC dependency,Completion / ALWAYS,,0,Review,A76_LIST.txt,Parsed
MY,TMYCLKA7#5,DEP-00476,J7PRCYC,J7PRCYCF,JCPRCYC,JCPRCYCF,Internal OPC dependency,Completion / ALWAYS,,0,Review,A76_LIST.txt,Parsed
MY,TMYCLKA7#5,DEP-00477,J7PTWQ01,J7PD300,JCPTWQ01,JNPD300,Internal OPC dependency,Completion / ALWAYS,,0,Review,A76_LIST.txt,Parsed
MY,TMYCLKA7#5,DEP-00478,J7START5,J7END5,,,Internal OPC dependency,Completion / ALWAYS,,0,Review,A76_LIST.txt,Parsed
MY,TMYCLKA7#5,DEP-00479,J7START5,J7ENDBTH,,,Internal OPC dependency,Completion / ALWAYS,,0,Review,A76_LIST.txt,Parsed
MY,TMYCLKA7#5,DEP-00480,J7START5,J7MEODJC,,JOMEODJC,Internal OPC dependency,Completion / ALWAYS,,0,Review,A76_LIST.txt,Parsed
MY,TMYCLKA7#5,DEP-00481,J7START5,J7P0538U,,JCP0538U,Internal OPC dependency,Completion / ALWAYS,,0,Review,A76_LIST.txt,Parsed
MY,TMYCLKA7#5,DEP-00482,J7START5,J7P0867U,,JCP0867U,Internal OPC dependency,Completion / ALWAYS,,0,Review,A76_LIST.txt,Parsed
MY,TMYCLKA7#5,DEP-00483,J7START5,J7P1177R,,JCP1177R,Internal OPC dependency,Completion / ALWAYS,,0,Review,A76_LIST.txt,Parsed
MY,TMYCLKA7#5,DEP-00484,J7START5,J7P1180U,,JCP1180U,Internal OPC dependency,Completion / ALWAYS,,0,Review,A76_LIST.txt,Parsed
MY,TMYCLKA7#5,DEP-00485,J7START5,J7P1252U,,JCP1252U,Internal OPC dependency,Completion / ALWAYS,,0,Review,A76_LIST.txt,Parsed
MY,TMYCLKA7#5,DEP-00486,J7START5,J7P1340U,,JCP1340U,Internal OPC dependency,Completion / ALWAYS,,0,Review,A76_LIST.txt,Parsed
MY,TMYCLKA7#5,DEP-00487,J7START5,J7P1347U,,JCP1347U,Internal OPC dependency,Completion / ALWAYS,,0,Review,A76_LIST.txt,Parsed
MY,TMYCLKA7#5,DEP-00488,J7START5,J7P1957U,,JCP1957U,Internal OPC dependency,Completion / ALWAYS,,0,Review,A76_LIST.txt,Parsed
MY,TMYCLKA7#5,DEP-00489,J7START5,J7P2093U,,JCP2093U,Internal OPC dependency,Completion / ALWAYS,,0,Review,A76_LIST.txt,Parsed
MY,TMYCLKA7#5,DEP-00490,J7START5,J7PRCY3A,,JCPRCY3A,Internal OPC dependency,Completion / ALWAYS,,0,Review,A76_LIST.txt,Parsed
MY,TMYCLKA7#5,DEP-00491,J7START5,J7PTWQ02,,JCPTWQ02,Internal OPC dependency,Completion / ALWAYS,,0,Review,A76_LIST.txt,Parsed
MY,TMYCLKA7#5,DEP-00492,J7START5,J7TVIE4Q,,JSTVIE4Q,Internal OPC dependency,Completion / ALWAYS,,0,Review,A76_LIST.txt,Parsed
MY,TMYCLKA7#5,DEP-00493,J7START5,J7XCFMUP,,JCXCFMUP,Internal OPC dependency,Completion / ALWAYS,,0,Review,A76_LIST.txt,Parsed
MY,TMYCLKA7#5,DEP-00494,J7START5,J7XCLMCP,,JCXCLMCP,Internal OPC dependency,Completion / ALWAYS,,0,Review,A76_LIST.txt,Parsed
MY,TMYCLKA7#5,DEP-00495,J7START5,J7XCVSPR,,JCXCVSPR,Internal OPC dependency,Completion / ALWAYS,,0,Review,A76_LIST.txt,Parsed
MY,TMYCLKA7#5,DEP-00496,J7TVIE4K,J7P1340U,JSTVIE4K,JCP1340U,Internal OPC dependency,Completion / ALWAYS,,0,Review,A76_LIST.txt,Parsed
MY,TMYCLKA7#5,DEP-00497,J7TVIE4U,J7TVIE4K,JSTVIE4U,JSTVIE4K,Internal OPC dependency,Completion / ALWAYS,,0,Review,A76_LIST.txt,Parsed
MY,TMYCLKA7#5,DEP-00498,J7TVIEGK,J7TVIEDK,JSTVIEGK,,Internal OPC dependency,Completion / ALWAYS,,0,Review,A76_LIST.txt,Parsed
MY,TMYCLKA7#5,DEP-00499,J7TVIEGQ,J7XRTVFI,JSTVIEGQ,JCXRTVFI,Internal OPC dependency,Completion / ALWAYS,,0,Review,A76_LIST.txt,Parsed
MY,TMYCLKA7#5,DEP-00500,J7TVIEGU,J7TVIEGK,JSTVIEGU,JSTVIEGK,Internal OPC dependency,Completion / ALWAYS,,0,Review,A76_LIST.txt,Parsed
MY,TMYCLKA7#5,DEP-00501,J7TVOE4K,J7TVIE4U,JSTVOE4K,JSTVIE4U,Internal OPC dependency,Completion / ALWAYS,,0,Review,A76_LIST.txt,Parsed
MY,TMYCLKA7#5,DEP-00502,J7TVOE4U,J7TVIEGU,JSTVOE4U,JSTVIEGU,Internal OPC dependency,Completion / ALWAYS,,0,Review,A76_LIST.txt,Parsed
MY,TMYCLKA7#5,DEP-00503,J7TVOE4U,J7XCLMCP,JSTVOE4U,JCXCLMCP,Internal OPC dependency,Completion / ALWAYS,,0,Review,A76_LIST.txt,Parsed
MY,TMYCLKA7#5,DEP-00504,J7TVOE4U,J7XCVSPR,JSTVOE4U,JCXCVSPR,Internal OPC dependency,Completion / ALWAYS,,0,Review,A76_LIST.txt,Parsed
MY,TMYCLKA7#5,DEP-00505,J7XCLMCI,J7XCLNL,JCXCLMCI,JCXCLNL,Cross-application ALWAYS,Completion / ALWAYS,,0,Review,A76_LIST.txt,Parsed
MY,TMYCLKA7#5,DEP-00506,J7XCLMCP,J7XCVSNO,JCXCLMCP,JCXCVSNO,Internal OPC dependency,Completion / ALWAYS,,0,Review,A76_LIST.txt,Parsed
MY,TMYCLKA7#5,DEP-00507,J7XCLNRL,J7XCLNL,JCXCLNRL,JCXCLNL,Internal OPC dependency,Completion / ALWAYS,,0,Review,A76_LIST.txt,Parsed
MY,TMYCLKA7#5,DEP-00508,J7XCLNRX,J7XNRBK1,JCXCLNRX,JCXNRBK1,Internal OPC dependency,Completion / ALWAYS,,0,Review,A76_LIST.txt,Parsed
MY,TMYCLKA7#5,DEP-00509,J7XCLVSP,J7TVOVXU,JCXCLVSP,,Cross-application ALWAYS,Completion / ALWAYS,,0,Review,A76_LIST.txt,Parsed
MY,TMYCLKA7#5,DEP-00510,J7XCVSIR,J7P1813U,JCXCVSIR,JCP1813U,Internal OPC dependency,Completion / ALWAYS,,0,Review,A76_LIST.txt,Parsed
MY,TMYCLKA7#5,DEP-00511,J7XCVSNO,J7XCLNRL,JCXCVSNO,JCXCLNRL,Internal OPC dependency,Completion / ALWAYS,,0,Review,A76_LIST.txt,Parsed
MY,TMYCLKA7#5,DEP-00512,J7XCVSRT,J7END5,JCXCVSRT,,Internal OPC dependency,Completion / ALWAYS,,0,Review,A76_LIST.txt,Parsed
MY,TMYCLKA7#5,DEP-00513,J7XNRBK1,J7XNRBK2,JCXNRBK1,JCXNRBK2,Internal OPC dependency,Completion / ALWAYS,,0,Review,A76_LIST.txt,Parsed
MY,TMYCLKA7#5,DEP-00514,J7XSFBKP,J7XCLMCP,JCXSFBKP,JCXCLMCP,Internal OPC dependency,Completion / ALWAYS,,0,Review,A76_LIST.txt,Parsed
MY,TMYCLKA7#6,DEP-00515,J7EFCTRL,J7PREISS,JDEFCTRL,JCPREISS,Internal OPC dependency,Completion / ALWAYS,,0,Review,A76_LIST.txt,Parsed
MY,TMYCLKA7#6,DEP-00516,J7P0508U,J7END6,JCP0508U,,Internal OPC dependency,Completion / ALWAYS,,0,Review,A76_LIST.txt,Parsed
MY,TMYCLKA7#6,DEP-00517,J7P0508U,J7P2292R,JCP0508U,JCP2292R,Internal OPC dependency,Completion / ALWAYS,,0,Review,A76_LIST.txt,Parsed
MY,TMYCLKA7#6,DEP-00518,J7P0746R,J7P1805R,JCP0746R,JCP1805R,Internal OPC dependency,Completion / ALWAYS,,0,Review,A76_LIST.txt,Parsed
MY,TMYCLKA7#6,DEP-00519,J7P0774U,J7END6,JCP0774U,,Internal OPC dependency,Completion / ALWAYS,,0,Review,A76_LIST.txt,Parsed
MY,TMYCLKA7#6,DEP-00520,J7P1066R,J7END6,JCP1066R,,Internal OPC dependency,Completion / ALWAYS,,0,Review,A76_LIST.txt,Parsed
MY,TMYCLKA7#6,DEP-00521,J7P1694R,J7END6,JCP1694R,,Internal OPC dependency,Completion / ALWAYS,,0,Review,A76_LIST.txt,Parsed
MY,TMYCLKA7#6,DEP-00522,J7P1754U,J7P1809R,JCP1754U,JCP1809R,Internal OPC dependency,Completion / ALWAYS,,0,Review,A76_LIST.txt,Parsed
MY,TMYCLKA7#6,DEP-00523,J7P1755U,J7END6,JCP1755U,,Internal OPC dependency,Completion / ALWAYS,,0,Review,A76_LIST.txt,Parsed
MY,TMYCLKA7#6,DEP-00524,J7P375OP,J7P376CL,JCP375OP,JCP376CL,Internal OPC dependency,Completion / ALWAYS,,0,Review,A76_LIST.txt,Parsed
MY,TMYCLKA7#6,DEP-00525,J7P376CL,J7P0508U,JCP376CL,JCP0508U,Internal OPC dependency,Completion / ALWAYS,,0,Review,A76_LIST.txt,Parsed
MY,TMYCLKA7#6,DEP-00526,J7P376CL,J7P1066R,JCP376CL,JCP1066R,Internal OPC dependency,Completion / ALWAYS,,0,Review,A76_LIST.txt,Parsed
MY,TMYCLKA7#6,DEP-00527,J7PREIS2,J7P0776U,JCPREIS2,JCP0776U,Internal OPC dependency,Completion / ALWAYS,,0,Review,A76_LIST.txt,Parsed
MY,TMYCLKA7#6,DEP-00528,J7PREIS2,J7P375OP,JCPREIS2,JCP375OP,Internal OPC dependency,Completion / ALWAYS,,0,Review,A76_LIST.txt,Parsed
MY,TMYCLKA7#6,DEP-00529,J7PREISA,J7P2284U,JCPREISA,JCP2284U,Internal OPC dependency,Completion / ALWAYS,,0,Review,A76_LIST.txt,Parsed
MY,TMYCLKA7#6,DEP-00530,J7PREISS,J7P0774U,JCPREISS,JCP0774U,Internal OPC dependency,Completion / ALWAYS,,0,Review,A76_LIST.txt,Parsed
MY,TMYCLKA7#6,DEP-00531,J7PU430B,J7SDBK02,JCPU430B,JHSDBK02,Internal OPC dependency,Completion / ALWAYS,,0,Review,A76_LIST.txt,Parsed
MY,TMYCLKA7#6,DEP-00532,J7SDBK02,J7SDRFTB,JHSDBK02,JHSDRFTB,Internal OPC dependency,Completion / ALWAYS,,0,Review,A76_LIST.txt,Parsed
MY,TMYCLKA7#6,DEP-00533,J7SDRFTB,J7P2174U,JHSDRFTB,JCP2174U,Internal OPC dependency,Completion / ALWAYS,,0,Review,A76_LIST.txt,Parsed
MY,TMYCLKA7#6,DEP-00534,J7START6,J7END6,,,Internal OPC dependency,Completion / ALWAYS,,0,Review,A76_LIST.txt,Parsed
MY,TMYCLKA7#6,DEP-00535,J7START6,J7P1755U,,JCP1755U,Internal OPC dependency,Completion / ALWAYS,,0,Review,A76_LIST.txt,Parsed
MY,TMYCLKA7#6,DEP-00536,J7START6,J7PREISA,,JCPREISA,Internal OPC dependency,Completion / ALWAYS,,0,Review,A76_LIST.txt,Parsed
SG,TSGCLKH9,SG-DEP-00001,S9BDLY01,S9BDY02B,SLBDLY01,SLBDY02B,Internal OPC dependency,Completion / ALWAYS,,0,Review,H96_LIST.txt,Parsed
SG,TSGCLKH9,SG-DEP-00002,S9BDLY03,S9END,SLBDLY03,,Internal OPC dependency,Completion / ALWAYS,,0,Review,H96_LIST.txt,Parsed
SG,TSGCLKH9,SG-DEP-00003,S9BDLYCI,S9BDY02A,SLBDLYCI,SLBDY02A,Internal OPC dependency,Completion / ALWAYS,,0,Review,H96_LIST.txt,Parsed
SG,TSGCLKH9,SG-DEP-00004,S9BDLYCI,S9PPCON,SLBDLYCI,SCPPCON,Internal OPC dependency,Completion / ALWAYS,,0,Review,H96_LIST.txt,Parsed
SG,TSGCLKH9,SG-DEP-00005,S9BDLYCI,S9PUAB05,SLBDLYCI,SCPUAB05,Internal OPC dependency,Completion / ALWAYS,,0,Review,H96_LIST.txt,Parsed
SG,TSGCLKH9,SG-DEP-00006,S9BDY02A,S9BDY02C,SLBDY02A,SLBDY02C,Internal OPC dependency,Completion / ALWAYS,,0,Review,H96_LIST.txt,Parsed
SG,TSGCLKH9,SG-DEP-00007,S9BDY02B,S9BDY02D,SLBDY02B,SLBDY02D,Internal OPC dependency,Completion / ALWAYS,,0,Review,H96_LIST.txt,Parsed
SG,TSGCLKH9,SG-DEP-00008,S9BDY02C,S9B1123O,SLBDY02C,SLB1123O,Internal OPC dependency,Completion / ALWAYS,,0,Review,H96_LIST.txt,Parsed
SG,TSGCLKH9,SG-DEP-00009,S9BDY02C,S9BDLY03,SLBDY02C,SLBDLY03,Internal OPC dependency,Completion / ALWAYS,,0,Review,H96_LIST.txt,Parsed
SG,TSGCLKH9,SG-DEP-00010,S9BDY02D,S9B1123O,SLBDY02D,SLB1123O,Internal OPC dependency,Completion / ALWAYS,,0,Review,H96_LIST.txt,Parsed
SG,TSGCLKH9,SG-DEP-00011,S9C001B1,S9C001B3,SOC001B1,SOC001B3,Internal OPC dependency,Completion / ALWAYS,,0,Review,H96_LIST.txt,Parsed
SG,TSGCLKH9,SG-DEP-00012,S9C001B3,S9CDLY2,SOC001B3,SOCDLY2,Internal OPC dependency,Completion / ALWAYS,,0,Review,H96_LIST.txt,Parsed
SG,TSGCLKH9,SG-DEP-00013,S9C001B4,S9P337OP,SOC001B4,SCP337OP,Internal OPC dependency,Completion / ALWAYS,,0,Review,H96_LIST.txt,Parsed
SG,TSGCLKH9,SG-DEP-00014,S9CDLY,S9C001B4,SOCDLY,SOC001B4,Internal OPC dependency,Completion / ALWAYS,,0,Review,H96_LIST.txt,Parsed
SG,TSGCLKH9,SG-DEP-00015,S9CDLY2,S9END,SOCDLY2,,Internal OPC dependency,Completion / ALWAYS,,0,Review,H96_LIST.txt,Parsed
SG,TSGCLKH9,SG-DEP-00016,S9IAFHJC,S9PDY8,SAIAFHJC,SCPDY8,Internal OPC dependency,Completion / ALWAYS,,0,Review,H96_LIST.txt,Parsed
SG,TSGCLKH9,SG-DEP-00017,S9ISM#1,S9IEOD2,SAISM#1,SAIEOD2,Internal OPC dependency,Completion / ALWAYS,,0,Review,H96_LIST.txt,Parsed
SG,TSGCLKH9,SG-DEP-00018,S9ISM#1,S9UBKEOD,SAISM#1,SAUBKEOD,Internal OPC dependency,Completion / ALWAYS,,0,Review,H96_LIST.txt,Parsed
SG,TSGCLKH9,SG-DEP-00019,S9ISM#3,S9PPCCH,SAISM#3,SCPPCCH,Internal OPC dependency,Completion / ALWAYS,,0,Review,H96_LIST.txt,Parsed
SG,TSGCLKH9,SG-DEP-00020,S9MBMER,S9USM#3,SQMBMER,SAUSM#3,Internal OPC dependency,Completion / ALWAYS,,0,Review,H96_LIST.txt,Parsed
SG,TSGCLKH9,SG-DEP-00021,S9MBMSF,S9MDY08A,SQMBMSF,SQMDY08A,Internal OPC dependency,Completion / ALWAYS,,0,Review,H96_LIST.txt,Parsed
SG,TSGCLKH9,SG-DEP-00022,S9MBTHF,S9MDY08B,SQMBTHF,SQMDY08B,Internal OPC dependency,Completion / ALWAYS,,0,Review,H96_LIST.txt,Parsed
SG,TSGCLKH9,SG-DEP-00023,S9MDY01,S9UQMIT,SQMDY01,SAUQMIT,Internal OPC dependency,Completion / ALWAYS,,0,Review,H96_LIST.txt,Parsed
SG,TSGCLKH9,SG-DEP-00024,S9MDY02,S9PDY2A,SQMDY02,SCPDY2A,Internal OPC dependency,Completion / ALWAYS,,0,Review,H96_LIST.txt,Parsed
SG,TSGCLKH9,SG-DEP-00025,S9MDY03,S9PDY2,SQMDY03,SCPDY2,Internal OPC dependency,Completion / ALWAYS,,0,Review,H96_LIST.txt,Parsed
SG,TSGCLKH9,SG-DEP-00026,S9MDY04,S9MDY06,SQMDY04,SQMDY06,Internal OPC dependency,Completion / ALWAYS,,0,Review,H96_LIST.txt,Parsed
SG,TSGCLKH9,SG-DEP-00027,S9MDY05,S9MDY07,SQMDY05,SQMDY07,Internal OPC dependency,Completion / ALWAYS,,0,Review,H96_LIST.txt,Parsed
SG,TSGCLKH9,SG-DEP-00028,S9MDY06,S9MMSTFB,SQMDY06,SQMMSTFB,Internal OPC dependency,Completion / ALWAYS,,0,Review,H96_LIST.txt,Parsed
SG,TSGCLKH9,SG-DEP-00029,S9MDY07,S9MBTHF,SQMDY07,SQMBTHF,Internal OPC dependency,Completion / ALWAYS,,0,Review,H96_LIST.txt,Parsed
SG,TSGCLKH9,SG-DEP-00030,S9MDY08A,S9MDY09,SQMDY08A,SQMDY09,Internal OPC dependency,Completion / ALWAYS,,0,Review,H96_LIST.txt,Parsed
SG,TSGCLKH9,SG-DEP-00031,S9MDY08B,S9MDY10,SQMDY08B,SQMDY10,Internal OPC dependency,Completion / ALWAYS,,0,Review,H96_LIST.txt,Parsed
SG,TSGCLKH9,SG-DEP-00032,S9MDY09,S9MDY11A,SQMDY09,SQMDY11A,Internal OPC dependency,Completion / ALWAYS,,0,Review,H96_LIST.txt,Parsed
SG,TSGCLKH9,SG-DEP-00033,S9MDY10,S9MDY11B,SQMDY10,SQMDY11B,Internal OPC dependency,Completion / ALWAYS,,0,Review,H96_LIST.txt,Parsed
SG,TSGCLKH9,SG-DEP-00034,S9MDY11A,S9PSM#2,SQMDY11A,SQPSM#2,Internal OPC dependency,Completion / ALWAYS,,0,Review,H96_LIST.txt,Parsed
SG,TSGCLKH9,SG-DEP-00035,S9MDY11B,S9MRP02,SQMDY11B,SQMRP02,Internal OPC dependency,Completion / ALWAYS,,0,Review,H96_LIST.txt,Parsed
SG,TSGCLKH9,SG-DEP-00036,S9MISM#0,S9ISM#1,SMISM#0,SAISM#1,Internal OPC dependency,Completion / ALWAYS,,0,Review,H96_LIST.txt,Parsed
SG,TSGCLKH9,SG-DEP-00037,S9MISM#1,S9MIEODC,SMISM#1,SMIEODJC,Internal OPC dependency,Completion / ALWAYS,,0,Review,H96_LIST.txt,Parsed
SG,TSGCLKH9,SG-DEP-00038,S9MISM#2,S9MIAF1C,SMISM#2,SMIAF1JC,Internal OPC dependency,Completion / ALWAYS,,0,Review,H96_LIST.txt,Parsed
SG,TSGCLKH9,SG-DEP-00039,S9MMSTFB,S9MBQRF,SQMMSTFB,SQMBQRF,Internal OPC dependency,Completion / ALWAYS,,0,Review,H96_LIST.txt,Parsed
SG,TSGCLKH9,SG-DEP-00040,S9MMSTFB,S9MDY08A,SQMMSTFB,SQMDY08A,Internal OPC dependency,Completion / ALWAYS,,0,Review,H96_LIST.txt,Parsed
SG,TSGCLKH9,SG-DEP-00041,S9MRP02,S9MRP99,SQMRP02,SQMRP99,Internal OPC dependency,Completion / ALWAYS,,0,Review,H96_LIST.txt,Parsed
SG,TSGCLKH9,SG-DEP-00042,S9MRP04,S9END,SQMRP04,,Internal OPC dependency,Completion / ALWAYS,,0,Review,H96_LIST.txt,Parsed
SG,TSGCLKH9,SG-DEP-00043,S9MUHSKP,S9XHKSYS,SQMUHSKP,SCXHKSYS,Cross-application ALWAYS,Completion / ALWAYS,,0,Review,H96_LIST.txt,Parsed
SG,TSGCLKH9,SG-DEP-00044,S9P0001U,S9P0003U,SCP0001U,SCP0003U,Internal OPC dependency,Completion / ALWAYS,,0,Review,H96_LIST.txt,Parsed
SG,TSGCLKH9,SG-DEP-00045,S9P0002U,S9P0004R,SCP0002U,SCP0004R,Internal OPC dependency,Completion / ALWAYS,,0,Review,H96_LIST.txt,Parsed
SG,TSGCLKH9,SG-DEP-00046,S9P0003U,S9P0041R,SCP0003U,SCP0041R,Internal OPC dependency,Completion / ALWAYS,,0,Review,H96_LIST.txt,Parsed
SG,TSGCLKH9,SG-DEP-00047,S9P0086U,S9PU909,SCP0086U,SCPU909,Internal OPC dependency,Completion / ALWAYS,,0,Review,H96_LIST.txt,Parsed
SG,TSGCLKH9,SG-DEP-00048,S9P0230U,S9SU210J,SCP0230U,SCSU210J,Internal OPC dependency,Completion / ALWAYS,,0,Review,H96_LIST.txt,Parsed
SG,TSGCLKH9,SG-DEP-00049,S9P0508U,S9PDY2,SCP0508U,SCPDY2,Cross-application ALWAYS,Completion / ALWAYS,,0,Review,H96_LIST.txt,Parsed
SG,TSGCLKH9,SG-DEP-00050,S9P0770U,S9PDY1,SCP0770U,SCPDY1,Internal OPC dependency,Completion / ALWAYS,,0,Review,H96_LIST.txt,Parsed
SG,TSGCLKH9,SG-DEP-00051,S9P1218U,S9PPCOF,SCP1218U,SCPPCOF,Internal OPC dependency,Completion / ALWAYS,,0,Review,H96_LIST.txt,Parsed
SG,TSGCLKH9,SG-DEP-00052,S9P1220U,S9ISM#3,SCP1220U,SAISM#3,Internal OPC dependency,Completion / ALWAYS,,0,Review,H96_LIST.txt,Parsed
SG,TSGCLKH9,SG-DEP-00053,S9P1239U,S9IEOD,SCP1239U,SAIEOD,Internal OPC dependency,Completion / ALWAYS,,0,Review,H96_LIST.txt,Parsed
SG,TSGCLKH9,SG-DEP-00054,S9P1422B,S9MDY01,SCP1422B,SQMDY01,Internal OPC dependency,Completion / ALWAYS,,0,Review,H96_LIST.txt,Parsed
SG,TSGCLKH9,SG-DEP-00055,S9P1423B,S9P1220U,SCP1423B,SCP1220U,Internal OPC dependency,Completion / ALWAYS,,0,Review,H96_LIST.txt,Parsed
SG,TSGCLKH9,SG-DEP-00056,S9P337CL,S9CDLY,SCP337CL,SOCDLY,Internal OPC dependency,Completion / ALWAYS,,0,Review,H96_LIST.txt,Parsed
SG,TSGCLKH9,SG-DEP-00057,S9P476CL,S9PDLY02,SEP476CL,SEPDLY02,Internal OPC dependency,Completion / ALWAYS,,0,Review,H96_LIST.txt,Parsed
SG,TSGCLKH9,SG-DEP-00058,S9P476CL,S9PSM#1,SEP476CL,SQPSM#1,Internal OPC dependency,Completion / ALWAYS,,0,Review,H96_LIST.txt,Parsed
SG,TSGCLKH9,SG-DEP-00059,S9PALXR,S9END,SCPALXR,,Internal OPC dependency,Completion / ALWAYS,,0,Review,H96_LIST.txt,Parsed
SG,TSGCLKH9,SG-DEP-00060,S9PALXR,S9P0096U,SCPALXR,SCP0096U,Internal OPC dependency,Completion / ALWAYS,,0,Review,H96_LIST.txt,Parsed
SG,TSGCLKH9,SG-DEP-00061,S9PDC110,S9PUC500,SCPDC110,SCPUC500,Internal OPC dependency,Completion / ALWAYS,,0,Review,H96_LIST.txt,Parsed
SG,TSGCLKH9,SG-DEP-00062,S9PDLY02,S9MDY01,SEPDLY02,SQMDY01,Internal OPC dependency,Completion / ALWAYS,,0,Review,H96_LIST.txt,Parsed
SG,TSGCLKH9,SG-DEP-00063,S9PDLY02,S9PU909,SEPDLY02,SCPU909,Internal OPC dependency,Completion / ALWAYS,,0,Review,H96_LIST.txt,Parsed
SG,TSGCLKH9,SG-DEP-00064,S9PDLY03,S9PDLY04,SEPDLY03,SEPDLY04,Internal OPC dependency,Completion / ALWAYS,,0,Review,H96_LIST.txt,Parsed
SG,TSGCLKH9,SG-DEP-00065,S9PDSC01,S9P0018R,SCPDSC01,SCP0018R,Cross-application ALWAYS,Completion / ALWAYS,,0,Review,H96_LIST.txt,Parsed
SG,TSGCLKH9,SG-DEP-00066,S9PDY12,S9P0096U,SCPDY12,SCP0096U,Internal OPC dependency,Completion / ALWAYS,,0,Review,H96_LIST.txt,Parsed
SG,TSGCLKH9,SG-DEP-00067,S9PDY12,S9P1220U,SCPDY12,SCP1220U,Internal OPC dependency,Completion / ALWAYS,,0,Review,H96_LIST.txt,Parsed
SG,TSGCLKH9,SG-DEP-00068,S9PDY12,S9P1423B,SCPDY12,SCP1423B,Internal OPC dependency,Completion / ALWAYS,,0,Review,H96_LIST.txt,Parsed
SG,TSGCLKH9,SG-DEP-00069,S9PDY2,S9T1062O,SCPDY2,SIT1062O,Internal OPC dependency,Completion / ALWAYS,,0,Review,H96_LIST.txt,Parsed
SG,TSGCLKH9,SG-DEP-00070,S9PDY2,S9TDAILY,SCPDY2,SITDAILY,Internal OPC dependency,Completion / ALWAYS,,0,Review,H96_LIST.txt,Parsed
SG,TSGCLKH9,SG-DEP-00071,S9PDY2D,S9T1061C,SCPDY2D,SIT1061C,Internal OPC dependency,Completion / ALWAYS,,0,Review,H96_LIST.txt,Parsed
SG,TSGCLKH9,SG-DEP-00072,S9PDY2F,S9P0770U,SCPDY2F,SCP0770U,Internal OPC dependency,Completion / ALWAYS,,0,Review,H96_LIST.txt,Parsed
SG,TSGCLKH9,SG-DEP-00073,S9PDY2K,S9PDY2,SCPDY2K,SCPDY2,Cross-application ALWAYS,Completion / ALWAYS,,0,Review,H96_LIST.txt,Parsed
SG,TSGCLKH9,SG-DEP-00074,S9PDY2L,S9P0007U,SCPDY2L,SCP0007U,Cross-application ALWAYS,Completion / ALWAYS,,0,Review,H96_LIST.txt,Parsed
SG,TSGCLKH9,SG-DEP-00075,S9PDY3BK,S9PDY4BK,SEPDY3BK,SEPDY4BK,Internal OPC dependency,Completion / ALWAYS,,0,Review,H96_LIST.txt,Parsed
SG,TSGCLKH9,SG-DEP-00076,S9PDY3JU,S9PDC110,SCPDY3JU,SCPDC110,Cross-application ALWAYS,Completion / ALWAYS,,0,Review,H96_LIST.txt,Parsed
SG,TSGCLKH9,SG-DEP-00077,S9PDY3JU,S9PU683,SCPDY3JU,SCPU683,Cross-application ALWAYS,Completion / ALWAYS,,0,Review,H96_LIST.txt,Parsed
SG,TSGCLKH9,SG-DEP-00078,S9PDY3K,S9PDY11A,SCPDY3K,SCPDY11A,Cross-application ALWAYS,Completion / ALWAYS,,0,Review,H96_LIST.txt,Parsed
SG,TSGCLKH9,SG-DEP-00079,S9PDY3K,S9PUAB02,SCPDY3K,SCPUAB02,Cross-application ALWAYS,Completion / ALWAYS,,0,Review,H96_LIST.txt,Parsed
SG,TSGCLKH9,SG-DEP-00080,S9PDY4BK,S9P476OP,SEPDY4BK,SEP476OP,Internal OPC dependency,Completion / ALWAYS,,0,Review,H96_LIST.txt,Parsed
SG,TSGCLKH9,SG-DEP-00081,S9PDY5A,S9PDY7A,SCPDY5A,SCPDY7A,Internal OPC dependency,Completion / ALWAYS,,0,Review,H96_LIST.txt,Parsed
SG,TSGCLKH9,SG-DEP-00082,S9PDY5A,S9PU687,SCPDY5A,SCPU687,Internal OPC dependency,Completion / ALWAYS,,0,Review,H96_LIST.txt,Parsed
SG,TSGCLKH9,SG-DEP-00083,S9PDY5A,S9PU688,SCPDY5A,SCPU688,Internal OPC dependency,Completion / ALWAYS,,0,Review,H96_LIST.txt,Parsed
SG,TSGCLKH9,SG-DEP-00084,S9PDY5A,S9PU972,SCPDY5A,SCPU972,Internal OPC dependency,Completion / ALWAYS,,0,Review,H96_LIST.txt,Parsed
SG,TSGCLKH9,SG-DEP-00085,S9PDY5A,S9PUC501,SCPDY5A,SCPUC501,Internal OPC dependency,Completion / ALWAYS,,0,Review,H96_LIST.txt,Parsed
SG,TSGCLKH9,SG-DEP-00086,S9PDY5G,S9P0474R,SCPDY5G,SCP0474R,Cross-application ALWAYS,Completion / ALWAYS,,0,Review,H96_LIST.txt,Parsed
SG,TSGCLKH9,SG-DEP-00087,S9PDY7A,S9P1218U,SCPDY7A,SCP1218U,Internal OPC dependency,Completion / ALWAYS,,0,Review,H96_LIST.txt,Parsed
SG,TSGCLKH9,SG-DEP-00088,S9PDY7C,S9P1219U,SCPDY7C,SCP1219U,Internal OPC dependency,Completion / ALWAYS,,0,Review,H96_LIST.txt,Parsed
SG,TSGCLKH9,SG-DEP-00089,S9PDY7H,S9PSTMT1,SCPDY7H,SCPSTMT1,Cross-application ALWAYS,Completion / ALWAYS,,0,Review,H96_LIST.txt,Parsed
SG,TSGCLKH9,SG-DEP-00090,S9PDY8,S9END,SCPDY8,,Internal OPC dependency,Completion / ALWAYS,,0,Review,H96_LIST.txt,Parsed
SG,TSGCLKH9,SG-DEP-00091,S9PISSUE,S9BDLY01,SCPISSUE,SLBDLY01,Internal OPC dependency,Completion / ALWAYS,,0,Review,H96_LIST.txt,Parsed
SG,TSGCLKH9,SG-DEP-00092,S9PISSUE,S9PPCCN,SCPISSUE,SCPPCCN,Internal OPC dependency,Completion / ALWAYS,,0,Review,H96_LIST.txt,Parsed
SG,TSGCLKH9,SG-DEP-00093,S9PISSUE,S9PUAB03,SCPISSUE,SCPUAB03,Internal OPC dependency,Completion / ALWAYS,,0,Review,H96_LIST.txt,Parsed
SG,TSGCLKH9,SG-DEP-00094,S9PMRG01,S9PDC110,SCPMRG01,SCPDC110,Cross-application ALWAYS,Completion / ALWAYS,,0,Review,H96_LIST.txt,Parsed
SG,TSGCLKH9,SG-DEP-00095,S9PPCCF,S9PDY12,SCPPCCF,SCPDY12,Internal OPC dependency,Completion / ALWAYS,,0,Review,H96_LIST.txt,Parsed
SG,TSGCLKH9,SG-DEP-00096,S9PPCCH,S9PPCOH,SCPPCCH,SCPPCOH,Internal OPC dependency,Completion / ALWAYS,,0,Review,H96_LIST.txt,Parsed
SG,TSGCLKH9,SG-DEP-00097,S9PPCCN,S9PALXR,SCPPCCN,SCPALXR,Internal OPC dependency,Completion / ALWAYS,,0,Review,H96_LIST.txt,Parsed
SG,TSGCLKH9,SG-DEP-00098,S9PPCCT,S9PUAB03,SCPPCCT,SCPUAB03,Internal OPC dependency,Completion / ALWAYS,,0,Review,H96_LIST.txt,Parsed
SG,TSGCLKH9,SG-DEP-00099,S9PPCCT,S9XCIPAM,SCPPCCT,SCXCIPAM,Internal OPC dependency,Completion / ALWAYS,,0,Review,H96_LIST.txt,Parsed
SG,TSGCLKH9,SG-DEP-00100,S9PPCOF,S9ICIAJC,SCPPCOF,SAICIAJC,Internal OPC dependency,Completion / ALWAYS,,0,Review,H96_LIST.txt,Parsed
SG,TSGCLKH9,SG-DEP-00101,S9PPCON,S9IAFHJC,SCPPCON,SAIAFHJC,Internal OPC dependency,Completion / ALWAYS,,0,Review,H96_LIST.txt,Parsed
SG,TSGCLKH9,SG-DEP-00102,S9PPED3U,S9PU530,SCPPED3U,SCPU530,Cross-application ALWAYS,Completion / ALWAYS,,0,Review,H96_LIST.txt,Parsed
SG,TSGCLKH9,SG-DEP-00103,S9PPED3U,S9PU683,SCPPED3U,SCPU683,Cross-application ALWAYS,Completion / ALWAYS,,0,Review,H96_LIST.txt,Parsed
SG,TSGCLKH9,SG-DEP-00104,S9PSM#1,S9PPCCT,SQPSM#1,SCPPCCT,Internal OPC dependency,Completion / ALWAYS,,0,Review,H96_LIST.txt,Parsed
SG,TSGCLKH9,SG-DEP-00105,S9PSM#2,S9MRP04,SQPSM#2,SQMRP04,Internal OPC dependency,Completion / ALWAYS,,0,Review,H96_LIST.txt,Parsed
SG,TSGCLKH9,SG-DEP-00106,S9PU683,S9PDY7C,SCPU683,SCPDY7C,Internal OPC dependency,Completion / ALWAYS,,0,Review,H96_LIST.txt,Parsed
SG,TSGCLKH9,SG-DEP-00107,S9PU683,S9PPCCN,SCPU683,SCPPCCN,Internal OPC dependency,Completion / ALWAYS,,0,Review,H96_LIST.txt,Parsed
SG,TSGCLKH9,SG-DEP-00108,S9PU685,S9BDLYCI,SCPU685,SLBDLYCI,Internal OPC dependency,Completion / ALWAYS,,0,Review,H96_LIST.txt,Parsed
SG,TSGCLKH9,SG-DEP-00109,S9PU685,S9PU692,SCPU685,SCPU692,Internal OPC dependency,Completion / ALWAYS,,0,Review,H96_LIST.txt,Parsed
SG,TSGCLKH9,SG-DEP-00110,S9PU686,S9BDLYCI,SCPU686,SLBDLYCI,Internal OPC dependency,Completion / ALWAYS,,0,Review,H96_LIST.txt,Parsed
SG,TSGCLKH9,SG-DEP-00111,S9PU687,S9PPCCN,SCPU687,SCPPCCN,Internal OPC dependency,Completion / ALWAYS,,0,Review,H96_LIST.txt,Parsed
SG,TSGCLKH9,SG-DEP-00112,S9PU750,S9PU683,SCPU750,SCPU683,Cross-application ALWAYS,Completion / ALWAYS,,0,Review,H96_LIST.txt,Parsed
SG,TSGCLKH9,SG-DEP-00113,S9PU750,S9PU685,SCPU750,SCPU685,Cross-application ALWAYS,Completion / ALWAYS,,0,Review,H96_LIST.txt,Parsed
SG,TSGCLKH9,SG-DEP-00114,S9PUAB01,S9PUAB04,SCPUAB01,SCPUAB04,Internal OPC dependency,Completion / ALWAYS,,0,Review,H96_LIST.txt,Parsed
SG,TSGCLKH9,SG-DEP-00115,S9PUAB04,S9PUAB06,SCPUAB04,SCPUAB06,Internal OPC dependency,Completion / ALWAYS,,0,Review,H96_LIST.txt,Parsed
SG,TSGCLKH9,SG-DEP-00116,S9PUAB04,S9PUAB07,SCPUAB04,SCPUAB07,Internal OPC dependency,Completion / ALWAYS,,0,Review,H96_LIST.txt,Parsed
SG,TSGCLKH9,SG-DEP-00117,S9PUAB06,S9PUAB12,SCPUAB06,SCPUAB12,Internal OPC dependency,Completion / ALWAYS,,0,Review,H96_LIST.txt,Parsed
SG,TSGCLKH9,SG-DEP-00118,S9PUAB07,S9PPCOT,SCPUAB07,SCPPCOT,Internal OPC dependency,Completion / ALWAYS,,0,Review,H96_LIST.txt,Parsed
SG,TSGCLKH9,SG-DEP-00119,S9PUC501,S9PDY10,SCPUC501,SCPDY10,Internal OPC dependency,Completion / ALWAYS,,0,Review,H96_LIST.txt,Parsed
SG,TSGCLKH9,SG-DEP-00120,S9PUCCD7,S9PU683,SCPUCCD7,SCPU683,Cross-application ALWAYS,Completion / ALWAYS,,0,Review,H96_LIST.txt,Parsed
SG,TSGCLKH9,SG-DEP-00121,S9PUCCD7,S9PU685,SCPUCCD7,SCPU685,Cross-application ALWAYS,Completion / ALWAYS,,0,Review,H96_LIST.txt,Parsed
SG,TSGCLKH9,SG-DEP-00122,S9PUCCD7,S9PUAB04,SCPUCCD7,SCPUAB04,Cross-application ALWAYS,Completion / ALWAYS,,0,Review,H96_LIST.txt,Parsed
SG,TSGCLKH9,SG-DEP-00123,S9PUCCD8,S9PU683,SCPUCCD8,SCPU683,Cross-application ALWAYS,Completion / ALWAYS,,0,Review,H96_LIST.txt,Parsed
SG,TSGCLKH9,SG-DEP-00124,S9PUCCM1,S9PU684C,SCPUCCM1,SCPU684C,Cross-application ALWAYS,Completion / ALWAYS,,0,Review,H96_LIST.txt,Parsed
SG,TSGCLKH9,SG-DEP-00125,S9PUCPQ,S9PISSUE,SCPUCPQ,SCPISSUE,Internal OPC dependency,Completion / ALWAYS,,0,Review,H96_LIST.txt,Parsed
SG,TSGCLKH9,SG-DEP-00126,S9PUHST,S9MDY05,SCPUHST,SQMDY05,Internal OPC dependency,Completion / ALWAYS,,0,Review,H96_LIST.txt,Parsed
SG,TSGCLKH9,SG-DEP-00127,S9S1216C,S9S1216O,SCS1216C,SCS1216O,Internal OPC dependency,Completion / ALWAYS,,0,Review,H96_LIST.txt,Parsed
SG,TSGCLKH9,SG-DEP-00128,S9S1216O,S9SAUDBK,SCS1216O,SCSAUDBK,Internal OPC dependency,Completion / ALWAYS,,0,Review,H96_LIST.txt,Parsed
SG,TSGCLKH9,SG-DEP-00129,S9SAUDBK,S9SU900A,SCSAUDBK,SCSU900A,Internal OPC dependency,Completion / ALWAYS,,0,Review,H96_LIST.txt,Parsed
SG,TSGCLKH9,SG-DEP-00130,S9START,S9C003UD,,SOC003UD,Internal OPC dependency,Completion / ALWAYS,,0,Review,H96_LIST.txt,Parsed
SG,TSGCLKH9,SG-DEP-00131,S9START,S9END,,,Internal OPC dependency,Completion / ALWAYS,,0,Review,H96_LIST.txt,Parsed
SG,TSGCLKH9,SG-DEP-00132,S9START,S9ISM#1,,SAISM#1,Internal OPC dependency,Completion / ALWAYS,,0,Review,H96_LIST.txt,Parsed
SG,TSGCLKH9,SG-DEP-00133,S9START,S9MISM#1,,SMISM#1,Internal OPC dependency,Completion / ALWAYS,,0,Review,H96_LIST.txt,Parsed
SG,TSGCLKH9,SG-DEP-00134,S9START,S9P0002U,,SCP0002U,Internal OPC dependency,Completion / ALWAYS,,0,Review,H96_LIST.txt,Parsed
SG,TSGCLKH9,SG-DEP-00135,S9START,S9P0230U,,SCP0230U,Internal OPC dependency,Completion / ALWAYS,,0,Review,H96_LIST.txt,Parsed
SG,TSGCLKH9,SG-DEP-00136,S9START,S9P0770U,,SCP0770U,Internal OPC dependency,Completion / ALWAYS,,0,Review,H96_LIST.txt,Parsed
SG,TSGCLKH9,SG-DEP-00137,S9START,S9PDLY03,,SEPDLY03,Internal OPC dependency,Completion / ALWAYS,,0,Review,H96_LIST.txt,Parsed
SG,TSGCLKH9,SG-DEP-00138,S9START,S9PDY2,,SCPDY2,Internal OPC dependency,Completion / ALWAYS,,0,Review,H96_LIST.txt,Parsed
SG,TSGCLKH9,SG-DEP-00139,S9START,S9PDY2BK,,SEPDY2BK,Internal OPC dependency,Completion / ALWAYS,,0,Review,H96_LIST.txt,Parsed
SG,TSGCLKH9,SG-DEP-00140,S9START,S9PDY2I,,SCPDY2I,Internal OPC dependency,Completion / ALWAYS,,0,Review,H96_LIST.txt,Parsed
SG,TSGCLKH9,SG-DEP-00141,S9START,S9PDY5C,,SCPDY5C,Internal OPC dependency,Completion / ALWAYS,,0,Review,H96_LIST.txt,Parsed
SG,TSGCLKH9,SG-DEP-00142,S9START,S9PISSUE,,SCPISSUE,Internal OPC dependency,Completion / ALWAYS,,0,Review,H96_LIST.txt,Parsed
SG,TSGCLKH9,SG-DEP-00143,S9START,S9PPCCF,,SCPPCCF,Internal OPC dependency,Completion / ALWAYS,,0,Review,H96_LIST.txt,Parsed
SG,TSGCLKH9,SG-DEP-00144,S9START,S9XBCKUP,,SCXBCKUP,Internal OPC dependency,Completion / ALWAYS,,0,Review,H96_LIST.txt,Parsed
SG,TSGCLKH9,SG-DEP-00145,S9SU210J,S9SU900B,SCSU210J,SCSU900B,Internal OPC dependency,Completion / ALWAYS,,0,Review,H96_LIST.txt,Parsed
SG,TSGCLKH9,SG-DEP-00146,S9UQMIT,S9UAFHJC,SAUQMIT,SAUAFHJC,Internal OPC dependency,Completion / ALWAYS,,0,Review,H96_LIST.txt,Parsed
SG,TSGCLKH9,SG-DEP-00147,S9USM#1,S9UEOD2,SAUSM#1,SAUEOD2,Internal OPC dependency,Completion / ALWAYS,,0,Review,H96_LIST.txt,Parsed
SG,TSGCLKH9,SG-DEP-00148,S9XBCKUP,S9XCLVSI,SCXBCKUP,SCXCLVSI,Internal OPC dependency,Completion / ALWAYS,,0,Review,H96_LIST.txt,Parsed
SG,TSGCLKH9,SG-DEP-00149,S9XCIPAM,S9XCLOLI,SCXCIPAM,SCXCLOLI,Internal OPC dependency,Completion / ALWAYS,,0,Review,H96_LIST.txt,Parsed
SG,TSGCLKH9,SG-DEP-00150,S9XCLGL2,S9XHKSYS,SCXCLGL2,SCXHKSYS,Internal OPC dependency,Completion / ALWAYS,,0,Review,H96_LIST.txt,Parsed
SG,TSGCLKH9,SG-DEP-00151,S9XCLGL2,S9XVNETR,SCXCLGL2,SCXVNETR,Internal OPC dependency,Completion / ALWAYS,,0,Review,H96_LIST.txt,Parsed
SG,TSGCLKH9,SG-DEP-00152,S9XCLMCI,S9XLEXCR,SCXCLMCI,SCXLEXCR,Internal OPC dependency,Completion / ALWAYS,,0,Review,H96_LIST.txt,Parsed
SG,TSGCLKH9,SG-DEP-00153,S9XCLMCO,S9XCLVSP,SCXCLMCO,SCXCLVSP,Internal OPC dependency,Completion / ALWAYS,,0,Review,H96_LIST.txt,Parsed
SG,TSGCLKH9,SG-DEP-00154,S9XCLMDI,S9XCLSPI,SCXCLMDI,SCXCLSPI,Internal OPC dependency,Completion / ALWAYS,,0,Review,H96_LIST.txt,Parsed
SG,TSGCLKH9,SG-DEP-00155,S9XCLMTG,S9XRTVSI,SCXCLMTG,SCXRTVSI,Cross-application ALWAYS,Completion / ALWAYS,,0,Review,H96_LIST.txt,Parsed
SG,TSGCLKH9,SG-DEP-00156,S9XCLOLI,S9XCLXRT,SCXCLOLI,SCXCLXRT,Internal OPC dependency,Completion / ALWAYS,,0,Review,H96_LIST.txt,Parsed
SG,TSGCLKH9,SG-DEP-00157,S9XCLSPI,S9XCLMCO,SCXCLSPI,SCXCLMCO,Internal OPC dependency,Completion / ALWAYS,,0,Review,H96_LIST.txt,Parsed
SG,TSGCLKH9,SG-DEP-00158,S9XCLVSI,S9XLEXRT,SCXCLVSI,SCXLEXRT,Internal OPC dependency,Completion / ALWAYS,,0,Review,H96_LIST.txt,Parsed
SG,TSGCLKH9,SG-DEP-00159,S9XCLVSO,S9XCLGL2,SCXCLVSO,SCXCLGL2,Internal OPC dependency,Completion / ALWAYS,,0,Review,H96_LIST.txt,Parsed
SG,TSGCLKH9,SG-DEP-00160,S9XCLXRT,S9XCLVSO,SCXCLXRT,SCXCLVSO,Internal OPC dependency,Completion / ALWAYS,,0,Review,H96_LIST.txt,Parsed
SG,TSGCLKH9,SG-DEP-00161,S9XCMCOR,S9XCLPRT,SCXCMCOR,SCXCLPRT,Internal OPC dependency,Completion / ALWAYS,,0,Review,H96_LIST.txt,Parsed
SG,TSGCLKH9,SG-DEP-00162,S9XCPADN,S9XHKCCR,SCXCPADN,SCXHKCCR,Cross-application ALWAYS,Completion / ALWAYS,,0,Review,H96_LIST.txt,Parsed
SG,TSGCLKH9,SG-DEP-00163,S9XCPOST,S9XHKSYS,SCXCPOST,SCXHKSYS,Internal OPC dependency,Completion / ALWAYS,,0,Review,H96_LIST.txt,Parsed
SG,TSGCLKH9,SG-DEP-00164,S9XCPOST,S9XHSBKP,SCXCPOST,SCXHSBKP,Internal OPC dependency,Completion / ALWAYS,,0,Review,H96_LIST.txt,Parsed
SG,TSGCLKH9,SG-DEP-00165,S9XCPOST,S9XMNETR,SCXCPOST,SCXMNETR,Internal OPC dependency,Completion / ALWAYS,,0,Review,H96_LIST.txt,Parsed
SG,TSGCLKH9,SG-DEP-00166,S9XCPOST,S9XRTMCC,SCXCPOST,SCXRTMCC,Internal OPC dependency,Completion / ALWAYS,,0,Review,H96_LIST.txt,Parsed
SG,TSGCLKH9,SG-DEP-00167,S9XCPOST,S9XRTVSC,SCXCPOST,SCXRTVSC,Internal OPC dependency,Completion / ALWAYS,,0,Review,H96_LIST.txt,Parsed
SG,TSGCLKH9,SG-DEP-00168,S9XCTCOL,S9XRTVSO,SCXCTCOL,SCXRTVSO,Cross-application ALWAYS,Completion / ALWAYS,,0,Review,H96_LIST.txt,Parsed
SG,TSGCLKH9,SG-DEP-00169,S9XCTFED,S9XCPOST,SCXCTFED,SCXCPOST,Cross-application ALWAYS,Completion / ALWAYS,,0,Review,H96_LIST.txt,Parsed
SG,TSGCLKH9,SG-DEP-00170,S9XCVSOR,S9XPRBKP,SCXCVSOR,SCXPRBKP,Internal OPC dependency,Completion / ALWAYS,,0,Review,H96_LIST.txt,Parsed
SG,TSGCLKH9,SG-DEP-00171,S9XHKADN,S9END,SCXHKADN,,Internal OPC dependency,Completion / ALWAYS,,0,Review,H96_LIST.txt,Parsed
SG,TSGCLKH9,SG-DEP-00172,S9XHKADN,S9XRADTL,SCXHKADN,SCXRADTL,Internal OPC dependency,Completion / ALWAYS,,0,Review,H96_LIST.txt,Parsed
SG,TSGCLKH9,SG-DEP-00173,S9XHKBKP,S9XHKEEP,SCXHKBKP,SCXHKEEP,Internal OPC dependency,Completion / ALWAYS,,0,Review,H96_LIST.txt,Parsed
SG,TSGCLKH9,SG-DEP-00174,S9XHKEEP,S9XRAUTL,SCXHKEEP,SCXRAUTL,Internal OPC dependency,Completion / ALWAYS,,0,Review,H96_LIST.txt,Parsed
SG,TSGCLKH9,SG-DEP-00175,S9XHKSYS,S9XHKREJ,SCXHKSYS,SCXHKREJ,Internal OPC dependency,Completion / ALWAYS,,0,Review,H96_LIST.txt,Parsed
SG,TSGCLKH9,SG-DEP-00176,S9XHSBEG,S9XHKBKP,SCXHSBEG,SCXHKBKP,Internal OPC dependency,Completion / ALWAYS,,0,Review,H96_LIST.txt,Parsed
SG,TSGCLKH9,SG-DEP-00177,S9XHSBKP,S9XHSUPD,SCXHSBKP,SCXHSUPD,Internal OPC dependency,Completion / ALWAYS,,0,Review,H96_LIST.txt,Parsed
SG,TSGCLKH9,SG-DEP-00178,S9XHSUPD,S9XCMCOR,SCXHSUPD,SCXCMCOR,Internal OPC dependency,Completion / ALWAYS,,0,Review,H96_LIST.txt,Parsed
SG,TSGCLKH9,SG-DEP-00179,S9XHSUPD,S9XHKADN,SCXHSUPD,SCXHKADN,Internal OPC dependency,Completion / ALWAYS,,0,Review,H96_LIST.txt,Parsed
SG,TSGCLKH9,SG-DEP-00180,S9XLEXCR,S9MDY02,SCXLEXCR,SQMDY02,Internal OPC dependency,Completion / ALWAYS,,0,Review,H96_LIST.txt,Parsed
SG,TSGCLKH9,SG-DEP-00181,S9XLEXRT,S9MDY03,SCXLEXRT,SQMDY03,Internal OPC dependency,Completion / ALWAYS,,0,Review,H96_LIST.txt,Parsed
SG,TSGCLKH9,SG-DEP-00182,S9XLEXRT,S9XRTSMD,SCXLEXRT,SCXRTSMD,Internal OPC dependency,Completion / ALWAYS,,0,Review,H96_LIST.txt,Parsed
SG,TSGCLKH9,SG-DEP-00183,S9XMNETR,S9END,SCXMNETR,,Internal OPC dependency,Completion / ALWAYS,,0,Review,H96_LIST.txt,Parsed
SG,TSGCLKH9,SG-DEP-00184,S9XMNETR,S9XHKACB,SCXMNETR,SCXHKACB,Internal OPC dependency,Completion / ALWAYS,,0,Review,H96_LIST.txt,Parsed
SG,TSGCLKH9,SG-DEP-00185,S9XRADTL,S9END,SCXRADTL,,Internal OPC dependency,Completion / ALWAYS,,0,Review,H96_LIST.txt,Parsed
SG,TSGCLKH9,SG-DEP-00186,S9XRTLST,S9XHSBEG,SCXRTLST,SCXHSBEG,Internal OPC dependency,Completion / ALWAYS,,0,Review,H96_LIST.txt,Parsed
SG,TSGCLKH9,SG-DEP-00187,S9XVERCL,S9XCLMCI,SCXVERCL,SCXCLMCI,Internal OPC dependency,Completion / ALWAYS,,0,Review,H96_LIST.txt,Parsed
SG,TSGCLKH9#2,SG-DEP-00188,S9END2,S9PF6BK1,,SCPF6BK1,Internal OPC dependency,Completion / ALWAYS,,0,Review,H96_LIST.txt,Parsed
SG,TSGCLKH9#2,SG-DEP-00189,S9F14921,S9P0084U,SCF14921,SCP0084U,Internal OPC dependency,Completion / ALWAYS,,0,Review,H96_LIST.txt,Parsed
SG,TSGCLKH9#2,SG-DEP-00190,S9IAFHJC,S9P1179U,SAIAFHJC,SCP1179U,Cross-application ALWAYS,Completion / ALWAYS,,0,Review,H96_LIST.txt,Parsed
SG,TSGCLKH9#2,SG-DEP-00191,S9MDY02A,S9MDY08D,SQMDY02A,SQMDY08D,Internal OPC dependency,Completion / ALWAYS,,0,Review,H96_LIST.txt,Parsed
SG,TSGCLKH9#2,SG-DEP-00192,S9MDY08D,S9MUHSKM,SQMDY08D,SQMUHSKM,Internal OPC dependency,Completion / ALWAYS,,0,Review,H96_LIST.txt,Parsed
SG,TSGCLKH9#2,SG-DEP-00193,S9MUMBLC,S9MFMBLC,SQMUMBLC,SQMFMBLC,Internal OPC dependency,Completion / ALWAYS,,0,Review,H96_LIST.txt,Parsed
SG,TSGCLKH9#2,SG-DEP-00194,S9P065WA,S9P1468U,SCP065WA,SCP1468U,Internal OPC dependency,Completion / ALWAYS,,0,Review,H96_LIST.txt,Parsed
SG,TSGCLKH9#2,SG-DEP-00195,S9P1179U,S9P1182U,SCP1179U,SCP1182U,Internal OPC dependency,Completion / ALWAYS,,0,Review,H96_LIST.txt,Parsed
SG,TSGCLKH9#2,SG-DEP-00196,S9P1180U,S9P1183U,SCP1180U,SCP1183U,Internal OPC dependency,Completion / ALWAYS,,0,Review,H96_LIST.txt,Parsed
SG,TSGCLKH9#2,SG-DEP-00197,S9P1207U,S9P1492U,SCP1207U,SCP1492U,Internal OPC dependency,Completion / ALWAYS,,0,Review,H96_LIST.txt,Parsed
SG,TSGCLKH9#2,SG-DEP-00198,S9P1214U,S9P1209U,SCP1214U,SCP1209U,Internal OPC dependency,Completion / ALWAYS,,0,Review,H96_LIST.txt,Parsed
SG,TSGCLKH9#2,SG-DEP-00199,S9P1468U,S9END2,SCP1468U,,Internal OPC dependency,Completion / ALWAYS,,0,Review,H96_LIST.txt,Parsed
SG,TSGCLKH9#2,SG-DEP-00200,S9P1483U,S9PSTMT3,SCP1483U,SCPSTMT3,Internal OPC dependency,Completion / ALWAYS,,0,Review,H96_LIST.txt,Parsed
SG,TSGCLKH9#2,SG-DEP-00201,S9P338OP,S9P0477U,SCP338OP,SCP0477U,Internal OPC dependency,Completion / ALWAYS,,0,Review,H96_LIST.txt,Parsed
SG,TSGCLKH9#2,SG-DEP-00202,S9P375OP,S9P0508U,SCP375OP,SCP0508U,Internal OPC dependency,Completion / ALWAYS,,0,Review,H96_LIST.txt,Parsed
SG,TSGCLKH9#2,SG-DEP-00203,S9PDY3AU,S9PDY3C,SCPDY3AU,SCPDY3C,Internal OPC dependency,Completion / ALWAYS,,0,Review,H96_LIST.txt,Parsed
SG,TSGCLKH9#2,SG-DEP-00204,S9PDY3BU,S9PDY3DU,SCPDY3BU,SCPDY3DU,Internal OPC dependency,Completion / ALWAYS,,0,Review,H96_LIST.txt,Parsed
SG,TSGCLKH9#2,SG-DEP-00205,S9PDY3C,S9PDY3E,SCPDY3C,SCPDY3E,Internal OPC dependency,Completion / ALWAYS,,0,Review,H96_LIST.txt,Parsed
SG,TSGCLKH9#2,SG-DEP-00206,S9PDY3C,S9PDY3HU,SCPDY3C,SCPDY3HU,Internal OPC dependency,Completion / ALWAYS,,0,Review,H96_LIST.txt,Parsed
SG,TSGCLKH9#2,SG-DEP-00207,S9PDY3DU,S9PDY3GU,SCPDY3DU,SCPDY3GU,Internal OPC dependency,Completion / ALWAYS,,0,Review,H96_LIST.txt,Parsed
SG,TSGCLKH9#2,SG-DEP-00208,S9PDY3E,S9PMRG01,SCPDY3E,SCPMRG01,Internal OPC dependency,Completion / ALWAYS,,0,Review,H96_LIST.txt,Parsed
SG,TSGCLKH9#2,SG-DEP-00209,S9PDY3F,S9PDY3I,SCPDY3F,SCPDY3I,Internal OPC dependency,Completion / ALWAYS,,0,Review,H96_LIST.txt,Parsed
SG,TSGCLKH9#2,SG-DEP-00210,S9PDY3GU,S9END2,SCPDY3GU,,Internal OPC dependency,Completion / ALWAYS,,0,Review,H96_LIST.txt,Parsed
SG,TSGCLKH9#2,SG-DEP-00211,S9PDY3HU,S9PDY3JU,SCPDY3HU,SCPDY3JU,Internal OPC dependency,Completion / ALWAYS,,0,Review,H96_LIST.txt,Parsed
SG,TSGCLKH9#2,SG-DEP-00212,S9PDY3HU,S9PUABUB,SCPDY3HU,SCPUABUB,Internal OPC dependency,Completion / ALWAYS,,0,Review,H96_LIST.txt,Parsed
SG,TSGCLKH9#2,SG-DEP-00213,S9PDY3HU,S9PUCCD1,SCPDY3HU,SCPUCCD1,Internal OPC dependency,Completion / ALWAYS,,0,Review,H96_LIST.txt,Parsed
SG,TSGCLKH9#2,SG-DEP-00214,S9PDY3I,S9PDY3K,SCPDY3I,SCPDY3K,Internal OPC dependency,Completion / ALWAYS,,0,Review,H96_LIST.txt,Parsed
SG,TSGCLKH9#2,SG-DEP-00215,S9PDY3I,S9PPED3U,SCPDY3I,SCPPED3U,Internal OPC dependency,Completion / ALWAYS,,0,Review,H96_LIST.txt,Parsed
SG,TSGCLKH9#2,SG-DEP-00216,S9PDY3I,S9PUCCD9,SCPDY3I,SCPUCCD9,Internal OPC dependency,Completion / ALWAYS,,0,Review,H96_LIST.txt,Parsed
SG,TSGCLKH9#2,SG-DEP-00217,S9PDY3JU,S9END2,SCPDY3JU,,Internal OPC dependency,Completion / ALWAYS,,0,Review,H96_LIST.txt,Parsed
SG,TSGCLKH9#2,SG-DEP-00218,S9PDY3JU,S9P0084U,SCPDY3JU,SCP0084U,Internal OPC dependency,Completion / ALWAYS,,0,Review,H96_LIST.txt,Parsed
SG,TSGCLKH9#2,SG-DEP-00219,S9PDY3JU,S9PDY3K,SCPDY3JU,SCPDY3K,Internal OPC dependency,Completion / ALWAYS,,0,Review,H96_LIST.txt,Parsed
SG,TSGCLKH9#2,SG-DEP-00220,S9PDY3JU,S9PDY3L,SCPDY3JU,SCPDY3L,Internal OPC dependency,Completion / ALWAYS,,0,Review,H96_LIST.txt,Parsed
SG,TSGCLKH9#2,SG-DEP-00221,S9PDY3JU,S9PGL002,SCPDY3JU,SCPGL002,Internal OPC dependency,Completion / ALWAYS,,0,Review,H96_LIST.txt,Parsed
SG,TSGCLKH9#2,SG-DEP-00222,S9PDY3K,S9P0054R,SCPDY3K,SCP0054R,Internal OPC dependency,Completion / ALWAYS,,0,Review,H96_LIST.txt,Parsed
SG,TSGCLKH9#2,SG-DEP-00223,S9PDY3K,S9P1493U,SCPDY3K,SCP1493U,Cross-application ALWAYS,Completion / ALWAYS,,0,Review,H96_LIST.txt,Parsed
SG,TSGCLKH9#2,SG-DEP-00224,S9PDY3L,S9P1180U,SCPDY3L,SCP1180U,Internal OPC dependency,Completion / ALWAYS,,0,Review,H96_LIST.txt,Parsed
SG,TSGCLKH9#2,SG-DEP-00225,S9PDY8,S9P0105U,SCPDY8,SCP0105U,Cross-application ALWAYS,Completion / ALWAYS,,0,Review,H96_LIST.txt,Parsed
SG,TSGCLKH9#2,SG-DEP-00226,S9PF65CL,S9PF65OP,SCPF65CL,SCPF65OP,Internal OPC dependency,Completion / ALWAYS,,0,Review,H96_LIST.txt,Parsed
SG,TSGCLKH9#2,SG-DEP-00227,S9PF672U,S9PF673U,SCPF672U,SCPF673U,Internal OPC dependency,Completion / ALWAYS,,0,Review,H96_LIST.txt,Parsed
SG,TSGCLKH9#2,SG-DEP-00228,S9PF673U,S9PF66UW,SCPF673U,SCPF66UW,Internal OPC dependency,Completion / ALWAYS,,0,Review,H96_LIST.txt,Parsed
SG,TSGCLKH9#2,SG-DEP-00229,S9PF6BK1,S9PF65CL,SCPF6BK1,SCPF65CL,Internal OPC dependency,Completion / ALWAYS,,0,Review,H96_LIST.txt,Parsed
SG,TSGCLKH9#2,SG-DEP-00230,S9PGL002,S9PGL008,SCPGL002,SCPGL008,Internal OPC dependency,Completion / ALWAYS,,0,Review,H96_LIST.txt,Parsed
SG,TSGCLKH9#2,SG-DEP-00231,S9PMGPMX,S9PF672U,SCPMGPMX,SCPF672U,Internal OPC dependency,Completion / ALWAYS,,0,Review,H96_LIST.txt,Parsed
SG,TSGCLKH9#2,SG-DEP-00232,S9PPCCG,S9PU866D,SCPPCCG,SCPU866D,Internal OPC dependency,Completion / ALWAYS,,0,Review,H96_LIST.txt,Parsed
SG,TSGCLKH9#2,SG-DEP-00233,S9PPEDBK,S9PDY3JU,SCPPEDBK,SCPDY3JU,Internal OPC dependency,Completion / ALWAYS,,0,Review,H96_LIST.txt,Parsed
SG,TSGCLKH9#2,SG-DEP-00234,S9PREIS2,S9P0776U,SCPREIS2,SCP0776U,Internal OPC dependency,Completion / ALWAYS,,0,Review,H96_LIST.txt,Parsed
SG,TSGCLKH9#2,SG-DEP-00235,S9PREIS2,S9P1469U,SCPREIS2,SCP1469U,Internal OPC dependency,Completion / ALWAYS,,0,Review,H96_LIST.txt,Parsed
SG,TSGCLKH9#2,SG-DEP-00236,S9PREISA,S9PREIS2,SCPREISA,SCPREIS2,Internal OPC dependency,Completion / ALWAYS,,0,Review,H96_LIST.txt,Parsed
SG,TSGCLKH9#2,SG-DEP-00237,S9PREISS,S9P375OP,SCPREISS,SCP375OP,Internal OPC dependency,Completion / ALWAYS,,0,Review,H96_LIST.txt,Parsed
SG,TSGCLKH9#2,SG-DEP-00238,S9PSTMF1,S9PSTMT3,SCFSTMF1,SCPSTMT3,Internal OPC dependency,Completion / ALWAYS,,0,Review,H96_LIST.txt,Parsed
SG,TSGCLKH9#2,SG-DEP-00239,S9PSTMT1,S9P1483U,SCPSTMT1,SCP1483U,Cross-application ALWAYS,Completion / ALWAYS,,0,Review,H96_LIST.txt,Parsed
SG,TSGCLKH9#2,SG-DEP-00240,S9PSTMT2,S9P1484U,SCPSTMT2,SCP1484U,Internal OPC dependency,Completion / ALWAYS,,0,Review,H96_LIST.txt,Parsed
SG,TSGCLKH9#2,SG-DEP-00241,S9PSTMT2,S9PSTMF1,SCPSTMT2,SCFSTMF1,Internal OPC dependency,Completion / ALWAYS,,0,Review,H96_LIST.txt,Parsed
SG,TSGCLKH9#2,SG-DEP-00242,S9PSTMT3,S9PSTMF3,SCPSTMT3,SCFSTMF3,Internal OPC dependency,Completion / ALWAYS,,0,Review,H96_LIST.txt,Parsed
SG,TSGCLKH9#2,SG-DEP-00243,S9PU230,S9PGL001,SCPU230,SCPGL001,Internal OPC dependency,Completion / ALWAYS,,0,Review,H96_LIST.txt,Parsed
SG,TSGCLKH9#2,SG-DEP-00244,S9PU866D,S9PPCOG,SCPU866D,SCPPCOG,Internal OPC dependency,Completion / ALWAYS,,0,Review,H96_LIST.txt,Parsed
SG,TSGCLKH9#2,SG-DEP-00245,S9PU866D,S9UVAUJ1,SCPU866D,SAUVAUJ1,Internal OPC dependency,Completion / ALWAYS,,0,Review,H96_LIST.txt,Parsed
SG,TSGCLKH9#2,SG-DEP-00246,S9PUABUB,S9PU866B,SCPUABUB,SCPU866B,Internal OPC dependency,Completion / ALWAYS,,0,Review,H96_LIST.txt,Parsed
SG,TSGCLKH9#2,SG-DEP-00247,S9PUCBBK,S9PUCCD2,SCPUCBBK,SCPUCCD2,Internal OPC dependency,Completion / ALWAYS,,0,Review,H96_LIST.txt,Parsed
SG,TSGCLKH9#2,SG-DEP-00248,S9PUCBKA,S9PUCCD5,SCPUCBKA,SCPUCCD5,Internal OPC dependency,Completion / ALWAYS,,0,Review,H96_LIST.txt,Parsed
SG,TSGCLKH9#2,SG-DEP-00249,S9PUCCA2,S9PUCBBK,SCPUCCA2,SCPUCBBK,Internal OPC dependency,Completion / ALWAYS,,0,Review,H96_LIST.txt,Parsed
SG,TSGCLKH9#2,SG-DEP-00250,S9PUCCD1,S9PUCCA2,SCPUCCD1,SCPUCCA2,Internal OPC dependency,Completion / ALWAYS,,0,Review,H96_LIST.txt,Parsed
SG,TSGCLKH9#2,SG-DEP-00251,S9PUCCD2,S9PUCCD4,SCPUCCD2,SCPUCCD4,Internal OPC dependency,Completion / ALWAYS,,0,Review,H96_LIST.txt,Parsed
SG,TSGCLKH9#2,SG-DEP-00252,S9PUCCD3,S9PUCCD7,SCPUCCD3,SCPUCCD7,Internal OPC dependency,Completion / ALWAYS,,0,Review,H96_LIST.txt,Parsed
SG,TSGCLKH9#2,SG-DEP-00253,S9PUCCD4,S9PDY3JU,SCPUCCD4,SCPDY3JU,Internal OPC dependency,Completion / ALWAYS,,0,Review,H96_LIST.txt,Parsed
SG,TSGCLKH9#2,SG-DEP-00254,S9PUCCD5,S9PUCCD8,SCPUCCD5,SCPUCCD8,Internal OPC dependency,Completion / ALWAYS,,0,Review,H96_LIST.txt,Parsed
SG,TSGCLKH9#2,SG-DEP-00255,S9PUCCD8,S9P0161U,SCPUCCD8,SCP0161U,Internal OPC dependency,Completion / ALWAYS,,0,Review,H96_LIST.txt,Parsed
SG,TSGCLKH9#2,SG-DEP-00256,S9PUCCD8,S9PUCCM1,SCPUCCD8,SCPUCCM1,Internal OPC dependency,Completion / ALWAYS,,0,Review,H96_LIST.txt,Parsed
SG,TSGCLKH9#2,SG-DEP-00257,S9PUCCD9,S9PUCCD3,SCPUCCD9,SCPUCCD3,Internal OPC dependency,Completion / ALWAYS,,0,Review,H96_LIST.txt,Parsed
SG,TSGCLKH9#2,SG-DEP-00258,S9PUCCM1,S9P0162U,SCPUCCM1,SCP0162U,Internal OPC dependency,Completion / ALWAYS,,0,Review,H96_LIST.txt,Parsed
SG,TSGCLKH9#2,SG-DEP-00259,S9PUCD12,S9P0160U,SCPUCD12,SCP0160U,Internal OPC dependency,Completion / ALWAYS,,0,Review,H96_LIST.txt,Parsed
SG,TSGCLKH9#2,SG-DEP-00260,S9PUCPQ,S9P0114U,SCPUCPQ,SCP0114U,Cross-application ALWAYS,Completion / ALWAYS,,0,Review,H96_LIST.txt,Parsed
SG,TSGCLKH9#2,SG-DEP-00261,S9START2,S9BD901B,,SLBD901B,Internal OPC dependency,Completion / ALWAYS,,0,Review,H96_LIST.txt,Parsed
SG,TSGCLKH9#2,SG-DEP-00262,S9START2,S9END2,,,Internal OPC dependency,Completion / ALWAYS,,0,Review,H96_LIST.txt,Parsed
SG,TSGCLKH9#2,SG-DEP-00263,S9START2,S9ID803,,SMID803,Internal OPC dependency,Completion / ALWAYS,,0,Review,H96_LIST.txt,Parsed
SG,TSGCLKH9#2,SG-DEP-00264,S9START2,S9INHSJC,,SAINHSJC,Internal OPC dependency,Completion / ALWAYS,,0,Review,H96_LIST.txt,Parsed
SG,TSGCLKH9#2,SG-DEP-00265,S9START2,S9MUMBLC,,SQMUMBLC,Internal OPC dependency,Completion / ALWAYS,,0,Review,H96_LIST.txt,Parsed
SG,TSGCLKH9#2,SG-DEP-00266,S9START2,S9P0084U,,SCP0084U,Internal OPC dependency,Completion / ALWAYS,,0,Review,H96_LIST.txt,Parsed
SG,TSGCLKH9#2,SG-DEP-00267,S9START2,S9P0087U,,SCP0087U,Internal OPC dependency,Completion / ALWAYS,,0,Review,H96_LIST.txt,Parsed
SG,TSGCLKH9#2,SG-DEP-00268,S9START2,S9P0105U,,SCP0105U,Internal OPC dependency,Completion / ALWAYS,,0,Review,H96_LIST.txt,Parsed
SG,TSGCLKH9#2,SG-DEP-00269,S9START2,S9P0148U,,SCP0148U,Internal OPC dependency,Completion / ALWAYS,,0,Review,H96_LIST.txt,Parsed
SG,TSGCLKH9#2,SG-DEP-00270,S9START2,S9P0191U,,SCP0191U,Internal OPC dependency,Completion / ALWAYS,,0,Review,H96_LIST.txt,Parsed
SG,TSGCLKH9#2,SG-DEP-00271,S9START2,S9P1207U,,SCP1207U,Internal OPC dependency,Completion / ALWAYS,,0,Review,H96_LIST.txt,Parsed
SG,TSGCLKH9#2,SG-DEP-00272,S9START2,S9P1486U,,SCP1486U,Internal OPC dependency,Completion / ALWAYS,,0,Review,H96_LIST.txt,Parsed
SG,TSGCLKH9#2,SG-DEP-00273,S9START2,S9P338OP,,SCP338OP,Internal OPC dependency,Completion / ALWAYS,,0,Review,H96_LIST.txt,Parsed
SG,TSGCLKH9#2,SG-DEP-00274,S9START2,S9PDSC01,,SCPDSC01,Internal OPC dependency,Completion / ALWAYS,,0,Review,H96_LIST.txt,Parsed
SG,TSGCLKH9#2,SG-DEP-00275,S9START2,S9PDSC03,,SCPDSC03,Internal OPC dependency,Completion / ALWAYS,,0,Review,H96_LIST.txt,Parsed
SG,TSGCLKH9#2,SG-DEP-00276,S9START2,S9PDY3BU,,SCPDY3BU,Internal OPC dependency,Completion / ALWAYS,,0,Review,H96_LIST.txt,Parsed
SG,TSGCLKH9#2,SG-DEP-00277,S9START2,S9PREISS,,SCPREISS,Internal OPC dependency,Completion / ALWAYS,,0,Review,H96_LIST.txt,Parsed
SG,TSGCLKH9#2,SG-DEP-00278,S9START2,S9PSTMT3,,SCPSTMT3,Internal OPC dependency,Completion / ALWAYS,,0,Review,H96_LIST.txt,Parsed
SG,TSGCLKH9#2,SG-DEP-00279,S9START2,S9PU518,,SCPU518,Internal OPC dependency,Completion / ALWAYS,,0,Review,H96_LIST.txt,Parsed
SG,TSGCLKH9#2,SG-DEP-00280,S9START2,S9PUCD10,,SCPUCD10,Internal OPC dependency,Completion / ALWAYS,,0,Review,H96_LIST.txt,Parsed
SG,TSGCLKH9#2,SG-DEP-00281,S9START2,S9TVIED2,,,Internal OPC dependency,Completion / ALWAYS,,0,Review,H96_LIST.txt,Parsed
SG,TSGCLKH9#2,SG-DEP-00282,S9START2,S9UNHSJC,,SAUNHSJC,Internal OPC dependency,Completion / ALWAYS,,0,Review,H96_LIST.txt,Parsed
SG,TSGCLKH9#2,SG-DEP-00283,S9START2,S9XCFMUP,,SCXCFMUP,Internal OPC dependency,Completion / ALWAYS,,0,Review,H96_LIST.txt,Parsed
SG,TSGCLKH9#2,SG-DEP-00284,S9START2,S9XCIRDC,,SCXCIRDC,Internal OPC dependency,Completion / ALWAYS,,0,Review,H96_LIST.txt,Parsed
SG,TSGCLKH9#2,SG-DEP-00285,S9START2,S9XCVSPR,,SCXCVSPR,Internal OPC dependency,Completion / ALWAYS,,0,Review,H96_LIST.txt,Parsed
SG,TSGCLKH9#2,SG-DEP-00286,S9TVIE4U,S9XLEXLB,SSTVIE4U,SCXLEXLB,Internal OPC dependency,Completion / ALWAYS,,0,Review,H96_LIST.txt,Parsed
SG,TSGCLKH9#2,SG-DEP-00287,S9TVOE4U,S9TVIED1,SSTVOE4U,,Internal OPC dependency,Completion / ALWAYS,,0,Review,H96_LIST.txt,Parsed
SG,TSGCLKH9#2,SG-DEP-00288,S9TVOE4U,S9XCLMCP,SSTVOE4U,SCXCLMCP,Internal OPC dependency,Completion / ALWAYS,,0,Review,H96_LIST.txt,Parsed
SG,TSGCLKH9#2,SG-DEP-00289,S9TVOE4U,S9XCVSPR,SSTVOE4U,SCXCVSPR,Internal OPC dependency,Completion / ALWAYS,,0,Review,H96_LIST.txt,Parsed
SG,TSGCLKH9#2,SG-DEP-00290,S9UVAUJ1,S9UVAUJ2,SAUVAUJ1,SAUVAUJ2,Internal OPC dependency,Completion / ALWAYS,,0,Review,H96_LIST.txt,Parsed
SG,TSGCLKH9#2,SG-DEP-00291,S9XCLMCI,S9XCLNL,SCXCLMCI,SCXCLNL,Cross-application ALWAYS,Completion / ALWAYS,,0,Review,H96_LIST.txt,Parsed
SG,TSGCLKH9#2,SG-DEP-00292,S9XCLMCP,S9UBINJC,SCXCLMCP,SAUBINJC,Internal OPC dependency,Completion / ALWAYS,,0,Review,H96_LIST.txt,Parsed
SG,TSGCLKH9#2,SG-DEP-00293,S9XCLMCP,S9XCVSNO,SCXCLMCP,SCXCVSNO,Internal OPC dependency,Completion / ALWAYS,,0,Review,H96_LIST.txt,Parsed
SG,TSGCLKH9#2,SG-DEP-00294,S9XCLNL,S9USM#12,SCXCLNL,SAUSM#12,Internal OPC dependency,Completion / ALWAYS,,0,Review,H96_LIST.txt,Parsed
SG,TSGCLKH9#2,SG-DEP-00295,S9XCLNRL,S9XCLNL,SCXCLNRL,SCXCLNL,Internal OPC dependency,Completion / ALWAYS,,0,Review,H96_LIST.txt,Parsed
SG,TSGCLKH9#2,SG-DEP-00296,S9XCLNRX,S9XCLNRL,SCXCLNRX,SCXCLNRL,Internal OPC dependency,Completion / ALWAYS,,0,Review,H96_LIST.txt,Parsed
SG,TSGCLKH9#2,SG-DEP-00297,S9XCLVAU,S9UVAUJC,SCXCLVAU,SAUVAUJC,Internal OPC dependency,Completion / ALWAYS,,0,Review,H96_LIST.txt,Parsed
SG,TSGCLKH9#2,SG-DEP-00298,S9XCLVSP,S9TVOVXU,SCXCLVSP,,Cross-application ALWAYS,Completion / ALWAYS,,0,Review,H96_LIST.txt,Parsed
SG,TSGCLKH9#2,SG-DEP-00299,S9XCVSNO,S9XCLNL,SCXCVSNO,SCXCLNL,Internal OPC dependency,Completion / ALWAYS,,0,Review,H96_LIST.txt,Parsed
SG,TSGCLKH9#2,SG-DEP-00300,S9XCVSNO,S9XCLNRL,SCXCVSNO,SCXCLNRL,Internal OPC dependency,Completion / ALWAYS,,0,Review,H96_LIST.txt,Parsed
SG,TSGCLKH9#2,SG-DEP-00301,S9XCVSPR,S9XCLNL,SCXCVSPR,SCXCLNL,Internal OPC dependency,Completion / ALWAYS,,0,Review,H96_LIST.txt,Parsed
SG,TSGCLKH9#2,SG-DEP-00302,S9XRTV2I,S9TVIE4U,SCXRTV2I,SSTVIE4U,Internal OPC dependency,Completion / ALWAYS,,0,Review,H96_LIST.txt,Parsed
SG,TSGCLKH9#2,SG-DEP-00303,S9XRTVSI,S9P1523U,SCXRTVSI,SCP1523U,Cross-application ALWAYS,Completion / ALWAYS,,0,Review,H96_LIST.txt,Parsed
SG,TSGCLKH9#2,SG-DEP-00304,S9XSFBKP,S9XCLMCP,SCXSFBKP,SCXCLMCP,Internal OPC dependency,Completion / ALWAYS,,0,Review,H96_LIST.txt,Parsed
