Region,JCL Member,Executed Programs,Datasets (max 50),Dataset Count,First Evidence Line,Last Evidence Line,Source
MY,CONV6J2,CNPCONV6 SORT,&ENV.EDC.BTHSEQ.&VER.TMKIDX &ENV.EDC.BTHSEQ.&VER.TMKIDX.SORT &ENV.EDC.ONLVSM.&VER.OADCTF PRDEDC.BTHLOD.MY20A2,4,4,41,MY_JCL_Evidence.txt
MY,JAASRPT1,,&ENV.EDC.ONLVSM.&VER.OADCESA,1,26,27,MY_JCL_Evidence.txt
MY,JAIAFHJC,,PRDCAU.BTHLOD.MY20A2 PRDCIS.BTHLOD.MY20A2 PRDCSS.BTHLOD.MY20A2,3,4,6,MY_JCL_Evidence.txt
MY,JAIBKEOD,IDCAMS,PRDCAU.BKPVSM.MY20A2.AUSYS.EOD.AFT PRDCAU.BKPVSM.MY20A2.ISSCATV.EOD.AFTER PRDCAU.BKPVSM.MY20A2.ISSCCVS.EOD.AFTER PRDCAU.BKPVSM.MY20A2.ISSCTYV.EOD.AFTER PRDCAU.BKPVSM.MY20A2.ISSFRD.EOD.AFTER PRDCAU.BKPVSM.MY20A2.ISSLOGA.EOD.AFTER PRDCAU.BKPVSM.MY20A2.ISSLOGB.EOD.AFTER PRDCAU.BKPVSM.MY20A2.ISSPAR.EOD.AFTER PRDCAU.BKPVSM.MY20A2.ISSRPCS.EOD.AFTER PRDCAU.BKPVSM.MY20A2.ISSSPCL.EOD.AFTER PRDCAU.BKPVSM.MY20A2.ISSSTLA.EOD.AFTER PRDCAU.BKPVSM.MY20A2.ISSSTLB.EOD.AFTER PRDCAU.BKPVSM.MY20A2.ISSSTV.EOD.AFTER PRDCAU.BKPVSM.MY20A2.ISSVTP.EOD.AFTER PRDCAU.BKPVSM.MY20A2.ISSWMSG.EOD.AFTER PRDCAU.BTHLOD.MY20A2 PRDCSS.BTHLOD.MY20A2,17,4,87,MY_JCL_Evidence.txt
MY,JAICCVSB,ADRDSSU IDCAMS,,0,16,28,MY_JCL_Evidence.txt
MY,JAICIAJC,,PRDCAU.BTHLOD.MY20A2 PRDCIS.BTHLOD.MY20A2 PRDCSS.BTHLOD.MY20A2,3,4,6,MY_JCL_Evidence.txt
MY,JAICIAJY,ADRDSSU IDCAMS,,0,10,31,MY_JCL_Evidence.txt
MY,JAIDHSTP,,PRDCAU.BTHLOD.MY20A2,1,4,4,MY_JCL_Evidence.txt
MY,JAIEOD,,PRDCAU.BTHLOD.MY20A2 PRDCSS.BTHLOD.MY20A2,2,4,5,MY_JCL_Evidence.txt
MY,JAIEOD2,IDCAMS,PRDCAU.BKPVSM.MY20A2.AUSYS.JCP2028R PRDCIS.BKPVSM.MY20A2.CPSYSA.JCP2028R PRDCIS.BKPVSM.MY20A2.CPSYSB.JCP2028R,3,37,63,MY_JCL_Evidence.txt
MY,JAIF6ISS,AUDF6001 CPD000 IDCAMS IEFBR14,&CNTLLIB(F6CTL00M) &CNTLLIB(REPRO) &ENV.CAU.BKPVSM.&VER.AUSYS.EOD.AFT &ENV.CAU.BKPVSM.&VER.ISSLOGA.EOD.AFTER &ENV.CAU.BKPVSM.&VER.ISSLOGB.EOD.AFTER &ENV.CAU.BTHBGD.&VER.AUDF6001.RPT(+1) &ENV.CAU.BTHSEQ.&VER.AUDF6001.F6CR25P &ENV.CAU.BTHSEQ.&VER.AUDF6001.F6RPT00 &ENV.CIS.BTHVSM.&VER.CPBCRD&SPLT. &ENV.CIS.BTHVSM.&VER.CPBCUS&SPLT. &ENV.CIS.BTHVSM.&VER.CPBPLT&SPLT. &ENV.CIS.BTHVSM.&VER.CPBSYS &ENV.CSS.ONLVSM.&VER.CSCTY PRDCAU.BTHLOD.MY20A2 PRDCIS.BTHLOD.MY20A2 PRDCSS.BTHLOD.MY20A2,16,5,101,MY_JCL_Evidence.txt
MY,JAIKCJC,,PRDCOM.BTHLOD.MY20A2 PRDCSS.BTHLOD.MY20A2 PRDEMX.BTHLOD.MY20A2,3,4,6,MY_JCL_Evidence.txt
MY,JAIMBLS,AUSMBLS,&CNTLLIB(AUSMBLSA) &ENV.CAU.BTHVSM.&VER.AUM0302,2,20,29,MY_JCL_Evidence.txt
MY,JAIRISSM,,PRDCAU.BTHLOD.MY20A2 PRDCSS.BTHLOD.MY20A2,2,5,6,MY_JCL_Evidence.txt
MY,JAISM#1,,&CNTLLIB(AUD600A),1,24,24,MY_JCL_Evidence.txt
MY,JAISM#15,,&CNTLLIB(AUD600O),1,23,23,MY_JCL_Evidence.txt
MY,JAISM#3,,&CNTLLIB(AUD600C),1,24,24,MY_JCL_Evidence.txt
MY,JAISM#7,,&CNTLLIB(AUD600G),1,24,24,MY_JCL_Evidence.txt
MY,JAISM#8,,&CNTLLIB(AUD600H),1,24,24,MY_JCL_Evidence.txt
MY,JAISPCLD,,PRDCAU.BTHLOD.MY20A2 PRDCIS.BTHLOD.MY20A2 PRDCSS.BTHLOD.MY20A2,3,4,6,MY_JCL_Evidence.txt
MY,JAISTBK,IDCAMS,,0,12,12,MY_JCL_Evidence.txt
MY,JAIUCME#,,&CNTLLIB(AUD600M),1,23,23,MY_JCL_Evidence.txt
MY,JAIUCMO#,,&CNTLLIB(AUD600N),1,23,23,MY_JCL_Evidence.txt
MY,JAIWLT07,,PRDCRD.BTHCTL.MY20A2(ICP01681),1,25,25,MY_JCL_Evidence.txt
MY,JAIWLT08,,PRDCRD.BTHCTL.MY20A2(ICP01682),1,26,26,MY_JCL_Evidence.txt
MY,JASFHKCB,IDCAMS,PRDCIS.BKPVSM.MY20A2.CPBASF.BKHSKP,1,15,37,MY_JCL_Evidence.txt
MY,JASFHKCR,ADRDSSU IDCAMS,&CNTLLIB(IPDLASF) &CNTLLIB(RESETCC),2,16,28,MY_JCL_Evidence.txt
MY,JAU692JC,,PRDCAU.BTHLOD.MY20A2 PRDCSS.BTHLOD.MY20A2,2,4,5,MY_JCL_Evidence.txt
MY,JAUAFHJC,,PRDCAU.BTHLOD.MY20A2 PRDCIS.BTHLOD.MY20A2 PRDCSS.BTHLOD.MY20A2,3,4,6,MY_JCL_Evidence.txt
MY,JAUBINJC,,PRDCAU.BTHLOD.MY20A2 PRDCIS.BTHLOD.MY20A2 PRDCSS.BTHLOD.MY20A2,3,4,6,MY_JCL_Evidence.txt
MY,JAUBKEOD,IDCAMS,PRDCAU.BKPVSM.MY20A2.AULOG1.EOD.AFTER PRDCAU.BKPVSM.MY20A2.AULOG2.EOD.AFTER PRDCAU.BKPVSM.MY20A2.AULOG3.EOD.AFTER PRDCAU.BKPVSM.MY20A2.AUSYS.EOD.AFTER PRDCAU.BTHLOD.MY20A2 PRDCSS.BTHLOD.MY20A2,6,4,50,MY_JCL_Evidence.txt
MY,JAUBKRTH,,&CNTLLIB(AUU701DH) PRDCAU.BTHBGD.MY20A2.AUBKRT.BKUP.GXX,2,22,30,MY_JCL_Evidence.txt
MY,JAUD800,,PRDCAU.BTHLOD.MY20A2 PRDCIS.BTHLOD.MY20A2 PRDCSS.BTHLOD.MY20A2,3,4,6,MY_JCL_Evidence.txt
MY,JAUDHSTP,,PRDCAU.BTHLOD.MY20A2,1,4,4,MY_JCL_Evidence.txt
MY,JAUDR85,,PRDCAU.BTHLOD.MY20A2 PRDCSS.BTHLOD.MY20A2,2,4,5,MY_JCL_Evidence.txt
MY,JAUDR86,AUDR85E AUDR85F IDCAMS IEFBR14 SORT,&ENV.CAU.BTHSEQ.&VER.ISSRA86 &ENV.CAU.BTHSEQ.&VER.ISSRA86.SORT &ENV.CAU.BTHSEQ.&VER.ISSRA86.TEMP &ENV.CAU.ONLVSM.&VER.ISSCATV &ENV.CAU.ONLVSM.&VER.ISSPAR &ENV.CIS.BTHVSM.&VER.CPBCRD &ENV.CIS.BTHVSM.&VER.CPBPLT &ENV.CIS.BTHVSM.&VER.CPBSYS &ENV.CIS.ONLVSM.&VER.CPPIN &ENV.IMX.ONLVSM.&VER.CXSYS PRDCAU.BTHLOD.MY20A2 PRDCRD.BTHCTL.MY20A2(REPRO) PRDCSS.BTHLOD.MY20A2,13,5,98,MY_JCL_Evidence.txt
MY,JAUEOD,,PRDCAU.BTHLOD.MY20A2 PRDCSS.BTHLOD.MY20A2,2,4,5,MY_JCL_Evidence.txt
MY,JAUEOD2,,PRDCAU.BTHLOD.MY20A2 PRDCSS.BTHLOD.MY20A2,2,4,5,MY_JCL_Evidence.txt
MY,JAUEODAE,AUDA501 AUU000 ICETOOL IEFBR14 SORT,&CNTLLIB(AUD501D) &ENV.CAU.BTHSEQ.&VER.AUEXT.E250930 &ENV.CAU.BTHSEQ.&VER.AURPT.DEBIT.E250930 &ENV.CAU.BTHSEQ.&VER.AURPT.E250930 &ENV.CAU.BTHSEQ.&VER.AURPT.SORT.E250930 &ENV.CAU.BTHSEQ.&VER.CLKAUTH.CTL.E250930 &ENV.CAU.BTHSEQ.&VER.CLKAUTH.DAT.E250930 &ENV.CAU.ONLVSM.&VER.AULOG1 &ENV.CAU.ONLVSM.&VER.AULOG2 &ENV.CAU.ONLVSM.&VER.AULOG3 &ENV.CAU.ONLVSM.&VER.AUSYS &ENV.CIS.BTHVSM.&VER.CPBSYS &ENV.CSS.ONLVSM.&VER.CSMCC CICS.SDFHEXCI CICS.SDFHLOAD PRDBS3.BTHLOD.MY20A2 PRDCAQ.BTHLOD.MY20A2 PRDCAU.BTHLOD.MY20A2 PRDCDM.BTHLOD.MY20A2 PRDCIS.BTHLOD.MY20A2 PRDCL2.BTHLOD.MY20A2.RECV PRDCOM.BTHLOD.MY20A2 PRDCRD.BTHLOD.MY20A2 PRDCSS.BTHLOD.MY20A2 PRDEDC.BTHLOD.MY20A2 PRDEMX.BTHLOD.MY20A2 PRDEPP.BTHLOD.MY20A2 PRDGST.BTHLOD.MY20A2 PRDHSM.BTHLOD.MY20A2 PRDIMX.BTHLOD.MY20A2 PRDMBI.BTHLOD.MY20A2 PRDMHP.BTHLOD.MY20A2 PRDOMV.BTHLOD.MY20A2 PRDTCP.BTHLOD.MY20A2 PSUC.ONLLIB.LOADLIB TCPIP.SEZATCP,36,8,159,MY_JCL_Evidence.txt
MY,JAUFRD,IDCAMS,PRDCAU.BKPVSM.MY20A2.AUFRD PRDCAU.BTHLOD.MY20A2 PRDCSS.BTHLOD.MY20A2,3,4,28,MY_JCL_Evidence.txt
MY,JAUKBKRT,,&CNTLLIB(AUU701DO),1,22,22,MY_JCL_Evidence.txt
MY,JAUQMIT,,PRDCAU.BTHLOD.MY20A2 PRDCSS.BTHLOD.MY20A2,2,4,5,MY_JCL_Evidence.txt
MY,JAUQMITY,IDCAMS,PRDCRD.BTHCTL.MY20A2(QMBDAUMA),1,15,55,MY_JCL_Evidence.txt
MY,JAURACQM,,PRDCAU.BTHLOD.MY20A2 PRDCSS.BTHLOD.MY20A2,2,5,6,MY_JCL_Evidence.txt
MY,JAUSM#1,,&CNTLLIB(AUD500A),1,24,24,MY_JCL_Evidence.txt
MY,JAUSM#12,,&CNTLLIB(AUD500L),1,24,24,MY_JCL_Evidence.txt
MY,JAUSM#15,,&CNTLLIB(AUD500O),1,23,23,MY_JCL_Evidence.txt
MY,JAUSM#16,,&CNTLLIB(AUD500P),1,23,23,MY_JCL_Evidence.txt
MY,JAUSM#17,,&CNTLLIB(AUD500Q),1,23,23,MY_JCL_Evidence.txt
MY,JAUSM#3,,&CNTLLIB(AUD500C),1,24,24,MY_JCL_Evidence.txt
MY,JAUSM#4,,&CNTLLIB(AUD500D),1,24,24,MY_JCL_Evidence.txt
MY,JAUSM#5,,&CNTLLIB(AUD500E),1,24,24,MY_JCL_Evidence.txt
MY,JAUSM#6,,&CNTLLIB(AUD500F),1,24,24,MY_JCL_Evidence.txt
MY,JAUU801,IDCAMS,PRDCAU.BKPVSM.MY20A2.AUCRFL PRDCAU.BTHLOD.MY20A2,2,4,27,MY_JCL_Evidence.txt
MY,JAUUTRA,,PRDCAU.BTHLOD.MY20A2 PRDCSS.BTHLOD.MY20A2,2,4,5,MY_JCL_Evidence.txt
MY,JAUVAUJ1,IEFBR14,,0,22,22,MY_JCL_Evidence.txt
MY,JAUVAUJ2,IEFBR14,,0,30,30,MY_JCL_Evidence.txt
MY,JAUVAUJC,IEFBR14,,0,23,23,MY_JCL_Evidence.txt
MY,JB2BSTMC,CP621540 CPDSTMTC ICEMAN IEFBR14 SORT,&CNTLLIB(B2BSRT01) &CNTLLIB(DYNALL32) &CNTLLIB(ICP00452) &CNTLLIB(ICP01070) &CNTLLIB(ICP01071) &ENV.CIS.BTHSEQ.&VER.CPSTMT.B2B &ENV.CIS.BTHSEQ.&VER.ESTMT.RAWFILE.C52 &ENV.CIS.BTHSEQ.&VER.STMT.B2B.RAW6 &ENV.CIS.BTHSEQ.&VER.STMT.B2B.RAW6.RAW &ENV.CIS.BTHSEQ.&VER.STMT.B2B.RAW6.SORTC1 &ENV.CIS.BTHSEQ.&VER.STMT.B2B.RAW6.SORTC2 &ENV.CIS.BTHSEQ.&VER.STMT.B2B.RAW6.SORTC3 &ENV.CIS.BTHSEQ.&VER.STMT.B2B.RAW6.SORTED &ENV.CIS.BTHVSM.&VER.CPBAPX.ALL &ENV.CIS.BTHVSM.&VER.CPBCRD &ENV.CIS.BTHVSM.&VER.CPBCUS &ENV.CIS.BTHVSM.&VER.CPBPLT &ENV.CIS.BTHVSM.&VER.CPBSYS &ENV.CIS.BTHVSM.&VER.CPSTMT &ENV.CIS.BTHVSM.&VER.CPSTRN &ENV.CIS.ONLVSM.&VER.CPADD &ENV.CIS.ONLVSM.&VER.CPAPX &ENV.CIS.ONLVSM.&VER.CPPFX.PATH &ENV.CIS.WRKSEQ.&VER.ESTMT.RAWFILE.C52 &ENV.COM.BTHVSM.&VER.D10V.KCMACC &ENV.COM.BTHVSM.&VER.KCXUPL.BB &ENV.COM.ONLVSM.&VER.KCLMTR &ENV.COM.ONLVSM.&VER.KCMBZA &ENV.COM.ONLVSM.&VER.KCMCNT &ENV.CSS.ONLVSM.&VER.CSMCC &ENV.GST.BTHVSM.&VER.GST.CPSTRN PRDCIS.BTHVSM.MY20A2.CPBSYS,32,20,548,MY_JCL_Evidence.txt
MY,JB2BSTMT,SORT,&CNTLLIB(ICP01068) &CNTLLIB(ICP01069) &CNTLLIB(ICPK0500) &ENV.CIS.BTHSEQ.&VER.DIS.STMT.RAWFILE &ENV.CIS.BTHSEQ.&VER.SME.STMT.RAWFILE &ENV.CIS.BTHSEQ.&VER.STMT.RAWFILE1 &ENV.CIS.BTHSEQ.&VER.STMT.RAWFILE4 &ENV.CIS.BTHSEQ.&VER.STMT.RAWFILE5 &ENV.CIS.BTHSEQ.&VER.TNE.STMT.RAWFILE PRDCIS.BTHLOD.MY20A2 PRDCIS.BTHVSM.MY20A2.CPBSYS PRDCSS.BTHLOD.MY20A2,12,5,102,MY_JCL_Evidence.txt
MY,JBKCPCRD,CPD000 CPD020,&CNTLLIB(CPD020T1) &ENV.CIS.BTHBGD.&VER.CPBKUP.CRD&SPLT(+1) &ENV.CIS.BTHVSM.&VER.CPBCRD&SPLT,3,12,64,MY_JCL_Evidence.txt
MY,JBN1130U,,PRDCIS.BTHLOD.MY20A2,1,5,5,MY_JCL_Evidence.txt
MY,JBN1131U,,PRDCIS.BTHLOD.MY20A2,1,4,4,MY_JCL_Evidence.txt
MY,JBN1132U,,PRDCIS.BTHLOD.MY20A2 PRDCSS.BTHLOD.MY20A2,2,4,5,MY_JCL_Evidence.txt
MY,JBN1133U,,PRDCIS.BTHLOD.MY20A2,1,4,4,MY_JCL_Evidence.txt
MY,JBN1134U,,PRDCIS.BTHLOD.MY20A2,1,4,4,MY_JCL_Evidence.txt
MY,JBN1135Y,,PRDCIS.BTHLOD.MY20A2,1,4,4,MY_JCL_Evidence.txt
MY,JBN1136Y,,PRDCIS.BTHLOD.MY20A2,1,4,4,MY_JCL_Evidence.txt
MY,JBN1137U,,PRDCIS.BTHLOD.MY20A2,1,4,4,MY_JCL_Evidence.txt
MY,JBN1138U,,PRDCIS.BTHLOD.MY20A2,1,4,4,MY_JCL_Evidence.txt
MY,JBN1139U,,PRDCIS.BTHLOD.MY20A2,1,4,4,MY_JCL_Evidence.txt
MY,JBN1140U,,PRDCIS.BTHLOD.MY20A2,1,4,4,MY_JCL_Evidence.txt
MY,JBN1141Y,,PRDCIS.BTHLOD.MY20A2,1,4,4,MY_JCL_Evidence.txt
MY,JBN1142U,,PRDCIS.BTHLOD.MY20A2,1,4,4,MY_JCL_Evidence.txt
MY,JBN1143Y,,PRDCIS.BTHLOD.MY20A2,1,4,4,MY_JCL_Evidence.txt
MY,JBN1144U,,PRDCIS.BTHLOD.MY20A2,1,4,4,MY_JCL_Evidence.txt
MY,JBN1145Y,,PRDCIS.BTHLOD.MY20A2,1,4,4,MY_JCL_Evidence.txt
MY,JBN1146U,,PRDCIS.BTHLOD.MY20A2,1,4,4,MY_JCL_Evidence.txt
MY,JBN1147Y,,PRDCIS.BTHLOD.MY20A2,1,4,4,MY_JCL_Evidence.txt
MY,JBN1148U,,PRDCIS.BTHLOD.MY20A2,1,4,4,MY_JCL_Evidence.txt
MY,JBN1149Y,,PRDCIS.BTHLOD.MY20A2,1,4,4,MY_JCL_Evidence.txt
MY,JBN1150U,,PRDCIS.BTHLOD.MY20A2,1,4,4,MY_JCL_Evidence.txt
MY,JBN1151Y,,PRDCIS.BTHLOD.MY20A2,1,4,4,MY_JCL_Evidence.txt
MY,JBN1152U,,PRDCIS.BTHLOD.MY20A2,1,4,4,MY_JCL_Evidence.txt
MY,JBN1153Y,,PRDCIS.BTHLOD.MY20A2,1,4,4,MY_JCL_Evidence.txt
MY,JBN1154U,,PRDCIS.BTHLOD.MY20A2,1,4,4,MY_JCL_Evidence.txt
MY,JBN1155Y,,PRDCIS.BTHLOD.MY20A2,1,4,4,MY_JCL_Evidence.txt
MY,JBN1156U,,PRDCIS.BTHLOD.MY20A2,1,4,4,MY_JCL_Evidence.txt
MY,JBN1157U,,PRDCIS.BTHLOD.MY20A2,1,4,4,MY_JCL_Evidence.txt
MY,JBN1158R,,PRDCIS.BTHLOD.MY20A2,1,4,4,MY_JCL_Evidence.txt
MY,JBN1159R,,PRDCIS.BTHLOD.MY20A2,1,4,4,MY_JCL_Evidence.txt
MY,JBN1160R,,PRDCIS.BTHLOD.MY20A2,1,4,4,MY_JCL_Evidence.txt
MY,JBN1161U,,PRDCIS.BTHLOD.MY20A2,1,4,4,MY_JCL_Evidence.txt
MY,JBN1162Y,,PRDCIS.BTHLOD.MY20A2,1,4,4,MY_JCL_Evidence.txt
MY,JBN1163U,,PRDCIS.BTHLOD.MY20A2,1,4,4,MY_JCL_Evidence.txt
MY,JBN1164Y,,PRDCIS.BTHLOD.MY20A2,1,4,4,MY_JCL_Evidence.txt
MY,JBN1165U,,PRDCIS.BTHLOD.MY20A2,1,4,4,MY_JCL_Evidence.txt
MY,JBN1166U,,PRDCIS.BTHLOD.MY20A2,1,4,4,MY_JCL_Evidence.txt
MY,JBN1167U,,PRDCIS.BTHLOD.MY20A2,1,4,4,MY_JCL_Evidence.txt
MY,JBN1168Y,,PRDCIS.BTHLOD.MY20A2,1,4,4,MY_JCL_Evidence.txt
MY,JBN1169Y,,PRDCIS.BTHLOD.MY20A2,1,4,4,MY_JCL_Evidence.txt
MY,JBN1170Y,,PRDCIS.BTHLOD.MY20A2,1,4,4,MY_JCL_Evidence.txt
MY,JBNMLHK,,PRDCIS.BTHLOD.MY20A2 PRDCSS.BTHLOD.MY20A2,2,5,6,MY_JCL_Evidence.txt
MY,JBNMLRR,,PRDCIS.BTHLOD.MY20A2 PRDCSS.BTHLOD.MY20A2,2,5,6,MY_JCL_Evidence.txt
MY,JBRNXRFA,IDCAMS SORT,&CNTLLIB(KCDFBRN) &CNTLLIB(KCDLBRN) &CNTLLIB(RESETCC) &ENV.COM.BTHSEQ.&VER.KCXBRN &ENV.COM.ONLVSM.&VER.KCXBRN,5,28,49,MY_JCL_Evidence.txt
MY,JCAIKCJC,IDCAMS,&CNTLLIB(KCALXB3B) &CNTLLIB(KCALXB3C) &CNTLLIB(KCALXB3R) &CNTLLIB(KCCLFB3) &CNTLLIB(KCDLFIL3) &CNTLLIB(RESETCC),6,13,56,MY_JCL_Evidence.txt
MY,JCEXCRPT,CPDAUTOR,&ENV.CIS.BTHVSM.&VER.CPBSYS &ENV.CRD.BTHSEQ.&VER.CPDAUTOD.EXCFILE PRDCIS.BTHLOD.MY20A2,3,4,24,MY_JCL_Evidence.txt
MY,JCEXTISO,EXTISO85 IEFBR14,&ENV.CAU.ONLVSM.&VER.AULOG1 &ENV.CAU.ONLVSM.&VER.AULOG2 &ENV.CAU.ONLVSM.&VER.AULOG3 &ENV.CAU.ONLVSM.&VER.ISSLOGA &ENV.CAU.ONLVSM.&VER.ISSLOGB &ENV.CRD.WRKSEQ.&VER.EXTISO85.AULOG1.EXT &ENV.CRD.WRKSEQ.&VER.EXTISO85.AULOG2.EXT &ENV.CRD.WRKSEQ.&VER.EXTISO85.AULOG3.EXT &ENV.CRD.WRKSEQ.&VER.EXTISO85.ISSLOGA.EXT &ENV.CRD.WRKSEQ.&VER.EXTISO85.ISSLOGB.EXT PRDCRD.BTHLOD.MY20A2 PRDCSS.BTHLOD.MY20A2,12,4,89,MY_JCL_Evidence.txt
MY,JCF06811,,PRDCRD.BTHCTL.MY20A2(ICP01418),1,22,22,MY_JCL_Evidence.txt
MY,JCF06812,,PRDCRD.BTHCTL.MY20A2(ICP01419),1,22,22,MY_JCL_Evidence.txt
MY,JCF06813,,PRDCRD.BTHCTL.MY20A2(ICP01420),1,22,22,MY_JCL_Evidence.txt
MY,JCF09691,IEFBR14,PRDCRD.BTHCTL.MY20A2(ICP00632),1,10,17,MY_JCL_Evidence.txt
MY,JCF09692,IEFBR14,PRDCRD.BTHCTL.MY20A2(ICP00403),1,10,17,MY_JCL_Evidence.txt
MY,JCF1117W,,PRDCRD.BTHCTL.MY20A2(ICP00454),1,22,22,MY_JCL_Evidence.txt
MY,JCF12321,,PRDCRD.BTHCTL.MY20A2(ICP01576) PSUC.UID.MFT.MY,2,22,23,MY_JCL_Evidence.txt
MY,JCF12322,,PRDCRD.BTHCTL.MY20A2(ICP01577) PSUC.UID.MFT.MY,2,22,23,MY_JCL_Evidence.txt
MY,JCF12323,,PRDCRD.BTHCTL.MY20A2(ICP01578) PSUC.UID.MFT.MY,2,22,23,MY_JCL_Evidence.txt
MY,JCF12324,,PRDCRD.BTHCTL.MY20A2(ICP01578) PSUC.UID.MFT.MY,2,22,23,MY_JCL_Evidence.txt
MY,JCF12325,,PRDCRD.BTHCTL.MY20A2(ICP01579) PSUC.UID.MFT.MY,2,22,23,MY_JCL_Evidence.txt
MY,JCF13331,,PRDCRD.BTHCTL.MY20A2(ICP01417),1,13,13,MY_JCL_Evidence.txt
MY,JCF20381,,PRDCRD.BTHCTL.MY20A2(ICP01232),1,19,19,MY_JCL_Evidence.txt
MY,JCF20431,,PRDCRD.BTHCTL.MY20A2(ICP01264),1,20,20,MY_JCL_Evidence.txt
MY,JCF20441,,PRDCRD.BTHCTL.MY20A2(ICP01266),1,20,20,MY_JCL_Evidence.txt
MY,JCF22001,SORT,&CNTLLIB(ICP01423) &ENV.CRD.WRKSEQ.&VER.ICP01423,2,14,37,MY_JCL_Evidence.txt
MY,JCF22002,SORT,&CNTLLIB(ICP01424) &ENV.CRD.WRKSEQ.&VER.ICP01424,2,14,37,MY_JCL_Evidence.txt
MY,JCF22081,,PRDCRD.BTHCTL.MY20A2(ICP01436),1,22,22,MY_JCL_Evidence.txt
MY,JCF22091,,PRDCRD.BTHCTL.MY20A2(ICP01437),1,22,22,MY_JCL_Evidence.txt
MY,JCF22701,,&CNTLLIB(ICP01463),1,20,20,MY_JCL_Evidence.txt
MY,JCF22741,SORT,&CNTLLIB(ICP01459) &ENV.CIS.BTHVSM.&VER.CPBSYS &ENV.CRD.BTHSEQ.&VER.TNGSMS &ENV.CRD.WRKSEQ.&VER.SMSDTE &ENV.CRD.WRKSEQ.&VER.SMSTNG,5,11,106,MY_JCL_Evidence.txt
MY,JCF22801,,PRDCRD.BTHCTL.MY20A2(ICP01454),1,14,14,MY_JCL_Evidence.txt
MY,JCF2303Y,ICEGENER SORT,&CNTLLIB(ICP01497) &ENV.CAQ.BTHVSM.&VER.QMPSYS &ENV.CRD.BTHSEQ.&VER.ALIPAY.SETTL,3,18,39,MY_JCL_Evidence.txt
MY,JCF2304Y,ICEGENER SORT,&CNTLLIB(ICP01497) &ENV.CAQ.BTHVSM.&VER.QMPSYS &ENV.CRD.BTHSEQ.&VER.TNGPAY.SETTL,3,18,39,MY_JCL_Evidence.txt
MY,JCF233,,,,,,
MY,JCF23301,SORT,&CNTLLIB(ICP01480) &ENV.CRD.WRKSEQ.&VER.ICP01480,2,14,37,MY_JCL_Evidence.txt
MY,JCF23302,SORT,&CNTLLIB(ICP01481) &ENV.CRD.WRKSEQ.&VER.ICP01481,2,14,37,MY_JCL_Evidence.txt
MY,JCF23303,ICEGENER SORT,&CNTLLIB(ICP01482) &CNTLLIB(ICP01483) &ENV.CRD.BTHSEQ.&VER.ALIPAY.SETTL,3,14,42,MY_JCL_Evidence.txt
MY,JCF23304,ICEGENER SORT,&CNTLLIB(ICP01484) &CNTLLIB(ICP01485) &ENV.CRD.BTHSEQ.&VER.TNGPAY.SETTL,3,14,42,MY_JCL_Evidence.txt
MY,JCF23305,ICEGENER SORT,&CNTLLIB(ICP01486) &CNTLLIB(ICP01487) &ENV.CRD.BTHSEQ.&VER.QMQFTXN.QFPAY,3,14,42,MY_JCL_Evidence.txt
MY,JCF24001,SORT,&CNTLLIB(ICP01525) &ENV.CRD.WRKSEQ.&VER.ICP01525,2,26,52,MY_JCL_Evidence.txt
MY,JCF24101,SORT,&CNTLLIB(ICP01526) &ENV.CRD.WRKSEQ.&VER.ICP01526,2,26,52,MY_JCL_Evidence.txt
MY,JCF24201,SORT,&CNTLLIB(ICP01527) &ENV.CRD.WRKSEQ.&VER.ICP01527,2,26,52,MY_JCL_Evidence.txt
MY,JCF24701,SORT,&CNTLLIB(ICP01535) &ENV.CIS.BTHVSM.&VER.CPBSYS &ENV.CRD.BTHSEQ.&VER.ICP01535 PSUC.UID.MFT.MY,4,22,44,MY_JCL_Evidence.txt
MY,JCF2482U,,&CNTLLIB(ICP01507) &CNTLLIB(ICP01508) PRDCIS.BTHLOD.MY20A2 PRDCRD.BTHLOD.MY20A2,4,4,28,MY_JCL_Evidence.txt
MY,JCF2483U,SORT,&ENV.COM.BTHSEQ.&VER.CLKCONT.PUT PRDCIS.BTHLOD.MY20A2 PRDCRD.BTHLOD.MY20A2,3,4,52,MY_JCL_Evidence.txt
MY,JCF25491,ETALK SORT,&ENV.CAQ.BTHSEQ.&VER.QMDENC.MERCH.TAGG10 &ENV.CAQ.BTHSEQ.&VER.QMDRECON.MERCH.TAGG10 &ENV.CIS.BTHSEQ.&VER.FTP.TPA01 &ENV.CIS.BTHVSM.&VER.CPBSYS PSUC.PAYMATE.ETALK.MASTER,5,17,60,MY_JCL_Evidence.txt
MY,JCF25492,ETALK SORT,&ENV.CAQ.BTHSEQ.&VER.QMDENC.MERCH.TAGG11 &ENV.CAQ.BTHSEQ.&VER.QMDRECON.MERCH.TAGG11 &ENV.CIS.BTHSEQ.&VER.FTP.TPA02 &ENV.CIS.BTHVSM.&VER.CPBSYS PSUC.PAYMATE.ETALK.MASTER,5,17,60,MY_JCL_Evidence.txt
MY,JCF25493,ETALK SORT,&ENV.CAQ.BTHSEQ.&VER.QMDENC.MERCH.TAGG12 &ENV.CAQ.BTHSEQ.&VER.QMDRECON.MERCH.TAGG12 &ENV.CIS.BTHSEQ.&VER.FTP.TPA03 &ENV.CIS.BTHVSM.&VER.CPBSYS PSUC.PAYMATE.ETALK.MASTER,5,17,60,MY_JCL_Evidence.txt
MY,JCF25494,ETALK SORT,&ENV.CAQ.BTHSEQ.&VER.QMDENC.MERCH.TAGG13 &ENV.CAQ.BTHSEQ.&VER.QMDRECON.MERCH.TAGG13 &ENV.CIS.BTHSEQ.&VER.FTP.TPA04 &ENV.CIS.BTHVSM.&VER.CPBSYS PSUC.PAYMATE.ETALK.MASTER,5,17,60,MY_JCL_Evidence.txt
MY,JCF25495,ETALK SORT,&ENV.CAQ.BTHSEQ.&VER.QMDENC.MERCH.TAGG14 &ENV.CAQ.BTHSEQ.&VER.QMDRECON.MERCH.TAGG14 &ENV.CIS.BTHSEQ.&VER.FTP.TPA05 &ENV.CIS.BTHVSM.&VER.CPBSYS PSUC.PAYMATE.ETALK.MASTER,5,17,60,MY_JCL_Evidence.txt
MY,JCF25496,ETALK SORT,&ENV.CAQ.BTHSEQ.&VER.QMDENC.MERCH.TAGG15 &ENV.CAQ.BTHSEQ.&VER.QMDRECON.MERCH.TAGG15 &ENV.CIS.BTHSEQ.&VER.FTP.TPA06 &ENV.CIS.BTHVSM.&VER.CPBSYS PSUC.PAYMATE.ETALK.MASTER,5,17,60,MY_JCL_Evidence.txt
MY,JCF25497,ETALK SORT,&ENV.CAQ.BTHSEQ.&VER.QMDENC.MERCH.TAGG16 &ENV.CAQ.BTHSEQ.&VER.QMDRECON.MERCH.TAGG16 &ENV.CIS.BTHSEQ.&VER.FTP.TPA07 &ENV.CIS.BTHVSM.&VER.CPBSYS PSUC.PAYMATE.ETALK.MASTER,5,17,60,MY_JCL_Evidence.txt
MY,JCF25498,ETALK SORT,&ENV.CAQ.BTHSEQ.&VER.QMDENC.MERCH.TAGG17 &ENV.CAQ.BTHSEQ.&VER.QMDRECON.MERCH.TAGG17 &ENV.CIS.BTHSEQ.&VER.FTP.TPA08 &ENV.CIS.BTHVSM.&VER.CPBSYS PSUC.PAYMATE.ETALK.MASTER,5,17,60,MY_JCL_Evidence.txt
MY,JCF25499,ETALK SORT,&ENV.CAQ.BTHSEQ.&VER.QMDENC.MERCH.TAGG18 &ENV.CAQ.BTHSEQ.&VER.QMDRECON.MERCH.TAGG18 &ENV.CIS.BTHSEQ.&VER.FTP.TPA09 &ENV.CIS.BTHVSM.&VER.CPBSYS PSUC.PAYMATE.ETALK.MASTER,5,17,60,MY_JCL_Evidence.txt
MY,JCF2549A,ETALK SORT,&ENV.CAQ.BTHSEQ.&VER.QMDENC.MERCH.TAGG19 &ENV.CAQ.BTHSEQ.&VER.QMDRECON.MERCH.TAGG19 &ENV.CIS.BTHSEQ.&VER.FTP.TPA10 &ENV.CIS.BTHVSM.&VER.CPBSYS PSUC.PAYMATE.ETALK.MASTER,5,17,60,MY_JCL_Evidence.txt
MY,JCF2549B,ETALK SORT,&ENV.CAQ.BTHSEQ.&VER.QMDENC.MERCH.TAGG20 &ENV.CAQ.BTHSEQ.&VER.QMDRECON.MERCH.TAGG20 &ENV.CIS.BTHSEQ.&VER.FTP.TPA11 &ENV.CIS.BTHVSM.&VER.CPBSYS PSUC.PAYMATE.ETALK.MASTER,5,17,60,MY_JCL_Evidence.txt
MY,JCF2549C,ETALK SORT,&ENV.CAQ.BTHSEQ.&VER.QMDENC.MERCH.TAGG21 &ENV.CAQ.BTHSEQ.&VER.QMDRECON.MERCH.TAGG21 &ENV.CIS.BTHSEQ.&VER.FTP.TPA12 &ENV.CIS.BTHVSM.&VER.CPBSYS PSUC.PAYMATE.ETALK.MASTER,5,17,60,MY_JCL_Evidence.txt
MY,JCF2549D,ETALK SORT,&ENV.CAQ.BTHSEQ.&VER.QMDENC.MERCH.TAGG22 &ENV.CAQ.BTHSEQ.&VER.QMDRECON.MERCH.TAGG22 &ENV.CIS.BTHSEQ.&VER.FTP.TPA13 &ENV.CIS.BTHVSM.&VER.CPBSYS PSUC.PAYMATE.ETALK.MASTER,5,17,60,MY_JCL_Evidence.txt
MY,JCF2549E,ETALK SORT,&ENV.CAQ.BTHSEQ.&VER.QMDENC.MERCH.TAGG23 &ENV.CAQ.BTHSEQ.&VER.QMDRECON.MERCH.TAGG23 &ENV.CIS.BTHSEQ.&VER.FTP.TPA14 &ENV.CIS.BTHVSM.&VER.CPBSYS PSUC.PAYMATE.ETALK.MASTER,5,17,60,MY_JCL_Evidence.txt
MY,JCF2549F,ETALK SORT,&ENV.CAQ.BTHSEQ.&VER.QMDENC.MERCH.TAGG24 &ENV.CAQ.BTHSEQ.&VER.QMDRECON.MERCH.TAGG24 &ENV.CIS.BTHSEQ.&VER.FTP.TPA15 &ENV.CIS.BTHVSM.&VER.CPBSYS PSUC.PAYMATE.ETALK.MASTER,5,17,60,MY_JCL_Evidence.txt
MY,JCF2549G,ETALK SORT,&ENV.CAQ.BTHSEQ.&VER.QMDENC.MERCH.TAGG25 &ENV.CAQ.BTHSEQ.&VER.QMDRECON.MERCH.TAGG25 &ENV.CIS.BTHSEQ.&VER.FTP.TPA16 &ENV.CIS.BTHVSM.&VER.CPBSYS PSUC.PAYMATE.ETALK.MASTER,5,17,61,MY_JCL_Evidence.txt
MY,JCF2549H,ETALK SORT,&ENV.CAQ.BTHSEQ.&VER.QMDENC.MERCH.TAGG26 &ENV.CAQ.BTHSEQ.&VER.QMDRECON.MERCH.TAGG26 &ENV.CIS.BTHSEQ.&VER.FTP.TPA17 &ENV.CIS.BTHVSM.&VER.CPBSYS PSUC.PAYMATE.ETALK.MASTER,5,17,60,MY_JCL_Evidence.txt
MY,JCF2549I,ETALK SORT,&ENV.CAQ.BTHSEQ.&VER.QMDENC.MERCH.TAGG27 &ENV.CAQ.BTHSEQ.&VER.QMDRECON.MERCH.TAGG27 &ENV.CIS.BTHSEQ.&VER.FTP.TPA18 &ENV.CIS.BTHVSM.&VER.CPBSYS PSUC.PAYMATE.ETALK.MASTER,5,17,60,MY_JCL_Evidence.txt
MY,JCF2549J,ETALK SORT,&ENV.CAQ.BTHSEQ.&VER.QMDENC.MERCH.TAGG29 &ENV.CAQ.BTHSEQ.&VER.QMDRECON.MERCH.TAGG29 &ENV.CIS.BTHSEQ.&VER.FTP.TPA19 &ENV.CIS.BTHVSM.&VER.CPBSYS PSUC.PAYMATE.ETALK.MASTER,5,17,60,MY_JCL_Evidence.txt
MY,JCF2549K,ETALK SORT,&ENV.CAQ.BTHSEQ.&VER.QMDENC.MERCH.TAGG34 &ENV.CAQ.BTHSEQ.&VER.QMDRECON.MERCH.TAGG34 &ENV.CIS.BTHSEQ.&VER.FTP.TPA20 &ENV.CIS.BTHVSM.&VER.CPBSYS PSUC.PAYMATE.ETALK.MASTER,5,17,60,MY_JCL_Evidence.txt
MY,JCF2549L,ETALK SORT,&ENV.CAQ.BTHSEQ.&VER.QMDENC.MERCH.TAGG35 &ENV.CAQ.BTHSEQ.&VER.QMDRECON.MERCH.TAGG35 &ENV.CIS.BTHSEQ.&VER.FTP.TPA21 &ENV.CIS.BTHVSM.&VER.CPBSYS PSUC.PAYMATE.ETALK.MASTER,5,17,60,MY_JCL_Evidence.txt
MY,JCF2549M,ETALK SORT,&ENV.CAQ.BTHSEQ.&VER.QMDENC.MERCH.TAGG36 &ENV.CAQ.BTHSEQ.&VER.QMDRECON.MERCH.TAGG36 &ENV.CIS.BTHSEQ.&VER.FTP.TPA22 &ENV.CIS.BTHVSM.&VER.CPBSYS PSUC.PAYMATE.ETALK.MASTER,5,17,60,MY_JCL_Evidence.txt
MY,JCF2549N,ETALK SORT,&ENV.CAQ.BTHSEQ.&VER.QMDENC.MERCH.TAGG37 &ENV.CAQ.BTHSEQ.&VER.QMDRECON.MERCH.TAGG37 &ENV.CIS.BTHSEQ.&VER.FTP.TPA23 &ENV.CIS.BTHVSM.&VER.CPBSYS PSUC.PAYMATE.ETALK.MASTER,5,17,60,MY_JCL_Evidence.txt
MY,JCF2549O,ETALK SORT,&ENV.CAQ.BTHSEQ.&VER.QMDENC.MERCH.TAGG39 &ENV.CAQ.BTHSEQ.&VER.QMDRECON.MERCH.TAGG39 &ENV.CIS.BTHSEQ.&VER.FTP.TPA24 &ENV.CIS.BTHVSM.&VER.CPBSYS PSUC.PAYMATE.ETALK.MASTER,5,17,60,MY_JCL_Evidence.txt
MY,JCF2549P,ETALK SORT,&ENV.CAQ.BTHSEQ.&VER.QMDENC.MERCH.TAGG40 &ENV.CAQ.BTHSEQ.&VER.QMDRECON.MERCH.TAGG40 &ENV.CIS.BTHSEQ.&VER.FTP.TPA25 &ENV.CIS.BTHVSM.&VER.CPBSYS PSUC.PAYMATE.ETALK.MASTER,5,17,60,MY_JCL_Evidence.txt
MY,JCF2549Q,ETALK SORT,&ENV.CAQ.BTHSEQ.&VER.QMDENC.MERCH.TAGG41 &ENV.CAQ.BTHSEQ.&VER.QMDRECON.MERCH.TAGG41 &ENV.CIS.BTHSEQ.&VER.FTP.TPA26 &ENV.CIS.BTHVSM.&VER.CPBSYS PSUC.PAYMATE.ETALK.MASTER,5,17,60,MY_JCL_Evidence.txt
MY,JCF2549R,ETALK SORT,&ENV.CAQ.BTHSEQ.&VER.QMDENC.MERCH.TAGG42 &ENV.CAQ.BTHSEQ.&VER.QMDRECON.MERCH.TAGG42 &ENV.CIS.BTHSEQ.&VER.FTP.TPA27 &ENV.CIS.BTHVSM.&VER.CPBSYS PSUC.PAYMATE.ETALK.MASTER,5,17,60,MY_JCL_Evidence.txt
MY,JCF2549S,ETALK SORT,&ENV.CAQ.BTHSEQ.&VER.QMDENC.MERCH.TAGG43 &ENV.CAQ.BTHSEQ.&VER.QMDRECON.MERCH.TAGG43 &ENV.CIS.BTHSEQ.&VER.FTP.TPA28 &ENV.CIS.BTHVSM.&VER.CPBSYS PSUC.PAYMATE.ETALK.MASTER,5,17,60,MY_JCL_Evidence.txt
MY,JCF2549T,ETALK SORT,&ENV.CAQ.BTHSEQ.&VER.QMDENC.MERCH.TAGG44 &ENV.CAQ.BTHSEQ.&VER.QMDRECON.MERCH.TAGG44 &ENV.CIS.BTHSEQ.&VER.FTP.TPA29 &ENV.CIS.BTHVSM.&VER.CPBSYS PSUC.PAYMATE.ETALK.MASTER,5,17,60,MY_JCL_Evidence.txt
MY,JCF2549U,ETALK SORT,&ENV.CAQ.BTHSEQ.&VER.QMDENC.MERCH.TAGG45 &ENV.CAQ.BTHSEQ.&VER.QMDRECON.MERCH.TAGG45 &ENV.CIS.BTHSEQ.&VER.FTP.TPA30 &ENV.CIS.BTHVSM.&VER.CPBSYS PSUC.PAYMATE.ETALK.MASTER,5,17,60,MY_JCL_Evidence.txt
MY,JCF25501,ETALK ICEGENER,PRDCRD.WRKSEQ.MY20A2.BRN001C.ENC PRDCRD.WRKSEQ.MY20A2.BRN001C.NEW PRDCRD.WRKSEQ.MY20A2.BRN001P.ENC PRDCRD.WRKSEQ.MY20A2.BRN001P.NEW PRDCRD.WRKSEQ.MY20A2.BRN201.ENC PRDCRD.WRKSEQ.MY20A2.BRN201.NEW PSUC.PAYMATE.ETALK.MASTER,7,22,105,MY_JCL_Evidence.txt
MY,JCF25571,ICEGENER IDCAMS,PRDCRD.BTHSEQ.MY20A2.CPASISL.CAF PSUC.UID.CAF.MY,2,21,40,MY_JCL_Evidence.txt
MY,JCF25581,ICEGENER IDCAMS,PRDCRD.BTHSEQ.MY20A2.FAXDCHCU.CAF PSUC.UID.CAF.MY,2,18,39,MY_JCL_Evidence.txt
MY,JCF25591,ICEGENER IDCAMS,PRDCRD.BTHSEQ.MY20A2.CPASTRN.CAF PSUC.UID.CAF.MY,2,21,41,MY_JCL_Evidence.txt
MY,JCF2585U,SORT,PRDCIS.BTHSEQ.MY20A2.ESTMT.RAWFILE.CTL52 PRDCIS.BTHVSM.MY20A2.CPBSYS PRDCRD.BTHCTL.MY20A2(ICP01581) PRDCRD.BTHCTL.MY20A2(ICP01582),4,20,38,MY_JCL_Evidence.txt
MY,JCF25861,SORT,&ENV.CIS.BTHSEQ.&VER.ESTMT.RAWFILE.CTL62 &ENV.CIS.BTHVSM.&VER.CPBSYS &ENV.CRD.BTHCTL.MY20A2(ICP01583) &ENV.CRD.BTHCTL.MY20A2(ICP01584),4,23,40,MY_JCL_Evidence.txt
MY,JCF26131,ICEGENER IDCAMS,PRDCRD.BTHCTL.MY20A2(ICP01587) PRDCRD.BTHSEQ.MY20A2.FAXDCPP.CAF PSUC.UID.CAF.MY,3,20,44,MY_JCL_Evidence.txt
MY,JCF26141,CP620240 ICEGENER IDCAMS,PRDCIS.BTHVSM.MY20A2.CPBSYS PRDCRD.BTHCTL.MY20A2(ICP01588) PRDCRD.BTHSEQ.MY20A2.CAF.BNMLOG PSUC.UID.CAF.MY,4,19,56,MY_JCL_Evidence.txt
MY,JCF26151,,PRDCRD.BTHCTL.MY20A2(ICP01589) PSUC.UID.CAF.MY,2,12,15,MY_JCL_Evidence.txt
MY,JCF26160,,PRDCRD.BTHSEQ.MY20A2.URUSEXT.PAYEXCP.FTP PSUC.UID.SC.MY,2,11,14,MY_JCL_Evidence.txt
MY,JCF26351,SORT,&CNTLLIB(ICP01592) &ENV.CRD.BTHSEQ.&VER.ICP01592,2,27,48,MY_JCL_Evidence.txt
MY,JCF26361,SORT,&CNTLLIB(ICP01593) &ENV.CRD.BTHSEQ.&VER.ICP01593,2,27,48,MY_JCL_Evidence.txt
MY,JCF26811,SORT,PRDCIS.BTHSEQ.MY20A2.CPBASF.SAS PRDCIS.BTHVSM.MY20A2.CPBASF PRDCRD.BTHCTL.MY20A2(ICP01603) PRDCRD.BTHSEQ.MY20A2.BTHLARGE.SASCD,4,15,63,MY_JCL_Evidence.txt
MY,JCF26821,,PRDCRD.BTHCTL.MY20A2(ICP01604) PSUC.UID.CAF.MY,2,21,24,MY_JCL_Evidence.txt
MY,JCF26901,,&ENV.CRD.BTHSEQ.&VER.ICP01606,1,24,24,MY_JCL_Evidence.txt
MY,JCF27141,,PRDCRD.BTHCTL.MY20A2(ICP01609) PSUC.UID.I9MV.MY,2,13,15,MY_JCL_Evidence.txt
MY,JCF2730U,CP613310 ICEGENER ICETOOL SORT,&CNTLLIB(ICP00439) &CNTLLIB(ICP00440) &CNTLLIB(ICPK0050) &CNTLLIB(ICPK0100) &CNTLLIB(ICPK0250) &CNTLLIB(ICPK0500) &CNTLLIB(ICPK1000) &CNTLLIB(ICPK2000) &CNTLLIB(ICPK3000) &ENV.CAQ.BTHVSM.&VER.QMMACT &ENV.CAQ.BTHVSM.&VER.QMMBLC &ENV.CAQ.BTHVSM.&VER.QMMCNT &ENV.CAQ.BTHVSM.&VER.QMMDTTL &ENV.CAQ.BTHVSM.&VER.QMMMER &ENV.CAQ.BTHVSM.&VER.QMMPRF &ENV.CAQ.BTHVSM.&VER.QMMSTAT &ENV.CAQ.BTHVSM.&VER.QMPATI &ENV.CAQ.BTHVSM.&VER.QMPDIS &ENV.CAQ.BTHVSM.&VER.QMPPGO &ENV.CAQ.BTHVSM.&VER.QMSPTM &ENV.CAQ.BTHVSM.&VER.QMTMPT &ENV.CAU.BTHSEQ.&VER.AURPT &ENV.CAU.BTHSEQ.&VER.ISSRPT &ENV.CAU.ONLVSM.&VER.ISSCATV &ENV.CIS.BTHBGD.&VER.CPHST(0) &ENV.CIS.BTHSEQ.&VER.SAS.GLFSAHCI.FTP &ENV.CIS.BTHVSM.&VER.CPBCRD &ENV.CIS.BTHVSM.&VER.CPBCUS &ENV.CIS.BTHVSM.&VER.CPBPLT &ENV.CIS.BTHVSM.&VER.CPBSYS &ENV.CIS.BTHVSM.&VER.CPSTMT &ENV.CIS.ONLVSM.&VER.CPZCMF &ENV.CRD.BKPVSM.&VER.TNGERL.JCP0506U &ENV.CRD.BTHSEQ.&VER.BTHLARGE.SASIS &ENV.CRD.BTHSEQ.&VER.DMS.BSCORE.FORMAT &ENV.CRD.BTHSEQ.&VER.MREBATE &ENV.CRD.BTHSEQ.&VER.SAS.ARDSQB.FTP &ENV.CRD.BTHSEQ.&VER.SAS.AURPT.FTP &ENV.CRD.BTHSEQ.&VER.SAS.AUTKN.FTP &ENV.CRD.BTHSEQ.&VER.SAS.AUTKNM.FTP &ENV.CRD.BTHSEQ.&VER.SAS.AUTKNV.FTP &ENV.CRD.BTHSEQ.&VER.SAS.BSCORE.FTP &ENV.CRD.BTHSEQ.&VER.SAS.CPABP.FTP &ENV.CRD.BTHSEQ.&VER.SAS.CPADD.FTP &ENV.CRD.BTHSEQ.&VER.SAS.CPASF.FTP &ENV.CRD.BTHSEQ.&VER.SAS.CPBALC.FTP &ENV.CRD.BTHSEQ.&VER.SAS.CPCLE.FTP &ENV.CRD.BTHSEQ.&VER.SAS.CPCLTE.FTP &ENV.CRD.BTHSEQ.&VER.SAS.CPCMA.FTP &ENV.CRD.BTHSEQ.&VER.SAS.CPCUS.FTP,89,19,1208,MY_JCL_Evidence.txt
MY,JCF27681,SORT,PRDCIS.BTHVSM.MY20A2.CPBSYS,1,11,28,MY_JCL_Evidence.txt
MY,JCF27761,,PRDCRD.BTHCTL.MY20A2(ICP01622) PSUC.UID.MFT.MY,2,22,23,MY_JCL_Evidence.txt
MY,JCF27762,,PRDCRD.BTHCTL.MY20A2(ICP01623) PSUC.UID.MFT.MY,2,22,23,MY_JCL_Evidence.txt
MY,JCF27763,,PRDCRD.BTHCTL.MY20A2(ICP01624) PSUC.UID.MFT.MY,2,22,23,MY_JCL_Evidence.txt
MY,JCF27764,,PRDCRD.BTHCTL.MY20A2(ICP01625) PSUC.UID.MFT.MY,2,22,23,MY_JCL_Evidence.txt
MY,JCF27765,,PRDCRD.BTHCTL.MY20A2(ICP01626) PSUC.UID.MFT.MY,2,22,23,MY_JCL_Evidence.txt
MY,JCF27766,,PRDCRD.BTHCTL.MY20A2(ICP01661) PSUC.UID.MFT.MY,2,26,27,MY_JCL_Evidence.txt
MY,JCF27781,CP621653 SORT,&ENV.CRD.BTHSEQ.&VER.DEBIT.PUT PRDCIS.BTHVSM.MY20A2.CPBSYS PRDIMX.BTHSEQ.MY20A2.CLKDBOF.CTL PRDIMX.BTHSEQ.MY20A2.CLKDBON.CTL PRDIMX.BTHSEQ.MY20A2.CXACIO PRDIMX.BTHSEQ.MY20A2.CXTFOD.MCO,6,19,110,MY_JCL_Evidence.txt
MY,JCF28031,,PRDCRD.BTHCTL.MY20A2(ICP01633),1,27,27,MY_JCL_Evidence.txt
MY,JCF28051,ETALK ICEGENER,&CNTLLIB(ICP01634) &ENV.CRD.BTHSEQ.&VER.CHADJ.RQ.ENC &ENV.CRD.BTHSEQ.&VER.DEPADJ.RQ.ENC &ENV.CRD.BTHSEQ.&VER.MERADJ.RQ.ENC &ENV.CRD.BTHSEQ.&VER.MID803.COMET.INFILE &ENV.CRD.BTHSEQ.&VER.MID805.COMET.INFILE &ENV.CRD.BTHSEQ.&VER.MID807.COMET.INFILE PSUC.PAYMATE.ETALK.MASTER PSUC.UID.COMET.MY,9,19,86,MY_JCL_Evidence.txt
MY,JCF28052,ETALK,&CNTLLIB(ICP01635) &ENV.CRD.BTHSEQ.&VER.BPM.CXRM0111.MC.ENC &ENV.CRD.BTHSEQ.&VER.BPM.CXRM0111.OCM &ENV.CRD.BTHSEQ.&VER.BPM.CXRM0111.OCM.ENC &ENV.CRD.BTHSEQ.&VER.BPM.CXRM012 &ENV.CRD.BTHSEQ.&VER.BPM.CXRV0101.TVSI &ENV.CRD.BTHSEQ.&VER.BPM.CXRV0101.TVSI.ENC &ENV.CRD.BTHSEQ.&VER.BPM.CXRV0101.VSD &ENV.CRD.BTHSEQ.&VER.BPM.CXRV0101.VSD.ENC &ENV.CRD.BTHSEQ.&VER.BPM.CXRV0101.XVRT &ENV.CRD.BTHSEQ.&VER.BPM.CXRV0101.XVRT.ENC &ENV.CRD.BTHSEQ.&VER.BPM.ITD220.MC &ENV.CRD.BTHSEQ.&VER.BPM.ITD220.MC.ENC &ENV.CRD.BTHSEQ.&VER.BPM.ITD220.VI &ENV.CRD.BTHSEQ.&VER.BPM.ITD220.VI.ENC PSUC.PAYMATE.ETALK.MASTER PSUC.UID.COMET.MY,17,22,102,MY_JCL_Evidence.txt
MY,JCF28053,ETALK,&CNTLLIB(ICP01636) &ENV.CRD.BTHSEQ.&VER.CH.RP.ENC &ENV.CRD.BTHSEQ.&VER.DEP.RP.ENC &ENV.CRD.BTHSEQ.&VER.MER.RP.ENC &ENV.CRD.BTHSEQ.&VER.MID804.COMET.RETURN &ENV.CRD.BTHSEQ.&VER.MID806.COMET.RETURN &ENV.CRD.BTHSEQ.&VER.MID808.COMET.RETURN PSUC.PAYMATE.ETALK.MASTER PSUC.UID.COMET.MY,9,19,55,MY_JCL_Evidence.txt
MY,JCF2805Y,ICEGENER,PRDCRD.BTHSEQ.MY20A2.MID803.COMET.INFILE PRDCRD.BTHSEQ.MY20A2.MID805.COMET.INFILE PRDCRD.BTHSEQ.MY20A2.MID807.COMET.INFILE PSUC.UID.COMET.MY,4,15,94,MY_JCL_Evidence.txt
MY,JCF28181,SORT,PRDCIS.BTHSEQ.MY20A2.CXTFO.SAS PRDCRD.BTHCTL.MY20A2(ICP01650) PRDCRD.BTHSEQ.MY20A2.BTHLARGE.SASCD PRDIMX.BTHSEQ.MY20A2.CXTFO.POST,4,15,49,MY_JCL_Evidence.txt
MY,JCF28261,ETALK ICEGENER IDCAMS SORT,PRDCIS.BTHSEQ.MY20A2.NPD030.GET PRDCIS.BTHSEQ.MY20A2.NPD030.UPLOAD PRDCIS.BTHVSM.MY20A2.CPBSYS PRDCIS.WRKSEQ.MY20A2.NPD030.UPLOAD PSUC.PAYMATE.ETALK.MASTER,5,20,94,MY_JCL_Evidence.txt
MY,JCF28341,CP622050 IDCAMS SORT,&CNTLLIB(ICP01657) &CNTLLIB(ICP01658) &CNTLLIB(ICPK2000) &ENV.CIS.BTHVSM.&VER.CPBCRD &ENV.CIS.BTHVSM.&VER.CPBCUS &ENV.CIS.BTHVSM.&VER.CPBKYC &ENV.CIS.BTHVSM.&VER.CPBSYS &ENV.COM.BTHVSM.&VER.D10V.KCMACC &ENV.COM.BTHVSM.&VER.D10V.KCXUPL &ENV.CRD.BTHSEQ.&VER.BDW.DSCLM06.NGB &ENV.CRD.BTHSEQ.&VER.BDW.DSCLT01.NGB PRDCIS.BTHVSM.MY20A2.CPBCRD PRDCIS.BTHVSM.MY20A2.CPBPLT PRDCIS.BTHVSM.MY20A2.CPBSYS PRDCOM.BTHVSM.MY20A2.D00V.KCMACC PRDCOM.ONLVSM.MY20A2.KCMBIZ PRDCOM.ONLVSM.MY20A2.KCMBZA PRDCRD.BTHCTL.MY20A2(ICP01658) PRDCRD.BTHSEQ.MY20A2.BDW.DSCLT01.DAT PRDCRD.BTHVSM.MY20A2.RDM.CUSPLT PRDCRD.WRKSEQ.MY20A2.BDW.DSCLM06.NGB PRDCRD.WRKSEQ.MY20A2.BDW.DSCLT01.NGB PSUC.UID.EFTP.MY.NGB,23,25,142,MY_JCL_Evidence.txt
MY,JCF28361,SORT,&ENV.CRD.BTHSEQ.&VER.CLKEIS.PUT.CF28361,1,18,59,MY_JCL_Evidence.txt
MY,JCF28362,SORT,&ENV.CRD.BTHSEQ.&VER.CLKEIS.PUT.CF28362,1,18,51,MY_JCL_Evidence.txt
MY,JCF28363,SORT,&ENV.CRD.BTHSEQ.&VER.CLKEIS.PUT.CF28363,1,18,95,MY_JCL_Evidence.txt
MY,JCF28401,SORT,&CNTLLIB(ICP01654) &ENV.CRD.WRKSEQ.&VER.ICP01654 PSUC.UID.GOGF.MY,3,13,38,MY_JCL_Evidence.txt
MY,JCF28402,SORT,&CNTLLIB(ICP01655) &ENV.CRD.WRKSEQ.&VER.ICP01655 PSUC.UID.GOGF.MY,3,13,38,MY_JCL_Evidence.txt
MY,JCF28403,SORT,&CNTLLIB(ICP01656) &ENV.CRD.WRKSEQ.&VER.ICP01656 PSUC.UID.GOGF.MY,3,13,39,MY_JCL_Evidence.txt
MY,JCF28404,SORT,&CNTLLIB(ICP01666) &ENV.CRD.WRKSEQ.&VER.ICP01666 PSUC.UID.GOGF.MY,3,13,39,MY_JCL_Evidence.txt
MY,JCF2844U,,PRDCRD.BTHCTL.MY20A2(ICP01664),1,13,13,MY_JCL_Evidence.txt
MY,JCF28461,SORT,&CNTLLIB(ICP01663) &ENV.CRD.WRKSEQ.&VER.ICP01663 PSUC.UID.GOGF.MY,3,13,38,MY_JCL_Evidence.txt
MY,JCF28551,IEFBR14 SORT,&ENV.CIS.BTHVSM.&VER.CPBSYS &ENV.CRD.BTHSEQ.&VER.ABC.RESETOPT &ENV.CRD.BTHSEQ.&VER.ABC.RESETOPT.FTP,3,19,57,MY_JCL_Evidence.txt
MY,JCF28561,,PRDCRD.BTHCTL.MY20A2(ICP01665),1,22,22,MY_JCL_Evidence.txt
MY,JCF28671,ETALK ICEGENER SORT,&ENV.CIS.BTHVSM.&VER.CPBSYS &ENV.CRD.BTHCTL.&VER1(ICP01667) &ENV.CRD.BTHCTL.&VER1(ICP01668) &ENV.CRD.BTHSEQ.&VER.BCRRUBIK &ENV.CRD.BTHSEQ.&VER.BCRRUBIK.IN PSUC.PAYMATE.ETALK.MASTER PSUC.UID.EFTP.MY.RUBIK,7,21,62,MY_JCL_Evidence.txt
MY,JCF28811,ICEGENER,&ENV.CRD.BTHSEQ.&VER.RCS.BNMLOG.AU PRDCRD.BTHCTL.MY20A2(ICP01678) PRDCRD.BTHSEQ.MY20A2.RCS.BNMLOG.AU,3,13,33,MY_JCL_Evidence.txt
MY,JCFDLY21,,&CNTLLIB(ICP01464),1,14,14,MY_JCL_Evidence.txt
MY,JCFFPRP1,,&ENV.CRD.BTHSEQ.&VER.ICP01607,1,25,25,MY_JCL_Evidence.txt
MY,JCFKSIB1,SORT,&CNTLLIB(ICP01544) &ENV.CIS.BTHSEQ.&VER.FTP.KHREQ &ENV.CIS.BTHVSM.&VER.CPBSYS,3,17,37,MY_JCL_Evidence.txt
MY,JCFKSIB2,ICEGENER IDCAMS SORT,&CNTLLIB(ICP01545) &ENV.CIS.BTHSEQ.&VER.FTP.KHRESP &ENV.CIS.BTHSEQ.&VER.SIBSGBP &ENV.CIS.BTHSEQ.&VER.SIBSGBPR &ENV.CIS.BTHVSM.&VER.CPBSYS &ENV.CIS.TMPSEQ.&VER.HEADER &ENV.CIS.TMPSEQ.&VER.HEADER.COMP,7,17,120,MY_JCL_Evidence.txt
MY,JCFKYCX1,SORT,&ENV.CAQ.BTHSEQ.&VER.CLKMKYC.PUT,1,19,54,MY_JCL_Evidence.txt
MY,JCFSMSOP,,&CNTLLIB(ICP01479),1,13,13,MY_JCL_Evidence.txt
MY,JCFSMSTR,,&CNTLLIB(ICP01478),1,13,13,MY_JCL_Evidence.txt
MY,JCHKDUPL,ICETOOL IDCAMS IEFBR14 LINKEXTR SORT,&RPT..RPT.PRD&LIB &RPT..RPT.PRDBS3 &RPT..RPT.PRDCAQ &RPT..RPT.PRDCAU &RPT..RPT.PRDCDM &RPT..RPT.PRDCIS &RPT..RPT.PRDCL2 &RPT..RPT.PRDCLB &RPT..RPT.PRDCOM &RPT..RPT.PRDCRD &RPT..RPT.PRDCSS &RPT..RPT.PRDEDC &RPT..RPT.PRDEMX &RPT..RPT.PRDEPP &RPT..RPT.PRDGST &RPT..RPT.PRDHSM &RPT..RPT.PRDIMX &RPT..RPT.PRDMBI &RPT..RPT.PRDMHP &RPT..RPT.PRDOMV &RPT..RPT.PRDTCP &RPT..RPT.RPT.LOAD.CSV &RPT1..RPT.PRD&LIB &RPT1..RPT.PRDCAQ &RPT1..RPT.PRDCAU &RPT1..RPT.PRDCDM &RPT1..RPT.PRDCIS &RPT1..RPT.PRDCL2 &RPT1..RPT.PRDCLB &RPT1..RPT.PRDCOM &RPT1..RPT.PRDCRD &RPT1..RPT.PRDCSS &RPT1..RPT.PRDEDC &RPT1..RPT.PRDEMX &RPT1..RPT.PRDEPP &RPT1..RPT.PRDGST &RPT1..RPT.PRDHSM &RPT1..RPT.PRDIMX &RPT1..RPT.PRDMBI &RPT1..RPT.PRDOMV &RPT1..RPT.PRDTCP &RPT1..RPT.RPT.LOAD.CSV PRD&LIB..BTHLOD.MY20A2 PRD&LIB..ONLLOD.MY20A2 PRDCRD.BTHLOD.C#SYST,45,5,225,MY_JCL_Evidence.txt
MY,JCL0590R,CP608200 CP608210 CP608220 CP608230 CP608240 CP608290 CP608330 ETALK SORT,&ENV.CIS.BTHVSM.&VER.CPBPLT &ENV.CIS.BTHVSM.&VER.CPBSYS &ENV.CLB.BTHBGD.&VER.LBEMMER(0) &ENV.CLB.BTHBGD.&VER.LBEMTXN(0) &ENV.CLB.BTHBGD.&VER.LBEMXFR(0) &ENV.CLB.BTHSEQ.&VER.MAS.ACTFILE &ENV.CLB.BTHSEQ.&VER.MAS.ENC.ACTFILE &ENV.CLB.ONLVSM.&VER.LBEMCRD &ENV.CLB.ONLVSM.&VER.LBPRG &ENV.CLB.WRKSEQ.&VER.MAS.LBEMTXN &ENV.CLB.WRKSEQ.&VER.MAS.LBEMXFR.SORT &ENV.CLB.WRKSEQ.&VER.MAS.MASCRDX &ENV.CRD.BTHPRM.&VER.SUP(ICP00165) &ENV.CRD.BTHVSM.&VER.RDM.CUSPLT PRDCLB.BTHSEQ.MY20A2.MAS.ACTFILE PRDCLB.BTHSEQ.MY20A2.MAS.ENC.ACTFILE PRDCLB.WRKSEQ.MY20A2.MAS.LBEMTXN PRDCLB.WRKSEQ.MY20A2.MAS.LBEMXFR.SORT PRDCLB.WRKSEQ.MY20A2.MAS.MASCRDX PRDCRD.BTHCTL.MY20A2(ICP00291) PRDCRD.BTHCTL.MY20A2(ICPK0050) PRDCRD.BTHCTL.MY20A2(ICPK0250) PRDCRD.BTHLOD.MY20A2 PRDCRD.BTHSEQ.MY20A2.AGL.GLERICH1 PRDCRD.BTHSEQ.MY20A2.AGL.GLERICH2 PSUC.ONLLIB.LOADLIB PSUC.PAYMATE.ETALK.MASTER,27,5,250,MY_JCL_Evidence.txt
MY,JCMBPRST,IDCAMS,PRDCRD.BTHCTL.MY20A2(CXMBPDF) PRDCRD.BTHCTL.MY20A2(CXMBPDL) PRDCRD.BTHCTL.MY20A2(CXRESET) PRDIMX.BKPBGD.MY20A2.CXMBP(0) PRDIMX.BTHVSM.MY20A2.CXMBP,5,14,36,MY_JCL_Evidence.txt
MY,JCMSTEXT,IEFBR14 SORT,PRDCIS.BTHVSM.MY20A2.CPBCRD PRDCIS.BTHVSM.MY20A2.CPBCUS PRDCOM.BTHVSM.MY20A2.D10V.KCMACC PRDCRD.BTHSEQ.MY20A2.EXTRACT.CPBCRD.DAT PRDCRD.BTHSEQ.MY20A2.EXTRACT.CPBCUS.DAT PRDCRD.BTHSEQ.MY20A2.EXTRACT.KCMACC.DAT,6,12,72,MY_JCL_Evidence.txt
MY,JCNPRC10,AUU000 AUU001 CNPRC10 IEFBR14 SORT,&CNTLLIB(AUU001D) PRDCAU.BTHLOD.MY20A2 PRDCAU.ONLVSM.MY20A2.AUSYS PRDCIS.BTHLOD.MY20A2 PRDCIS.BTHVSM.MY20A2.CPBSYS PRDCIS.ONLVSM.MY20A2.CP1PLT PRDCIS.ONLVSM.MY20A2.CP2PLT PRDCRD.BTHSEQ.MY20A2.CNPRECV.E160201 PRDCRD.BTHSEQ.MY20A2.CNPRECV.SORT PRDCRD.BTHSEQ.MY20A2.CPTUI.RECV PRDCSS.BTHLOD.MY20A2,11,4,112,MY_JCL_Evidence.txt
MY,JCNPRC20,CNPRC20 IEFBR14 SORT,PRDCAU.BTHLOD.MY20A2 PRDCIS.BTHLOD.MY20A2 PRDCIS.BTHSEQ.MY20A2.CNPREC.CPRPT PRDCIS.BTHSEQ.MY20A2.CPCTL.CNPRC20 PRDCIS.BTHSEQ.MY20A2.CPCTL.CNPRC20.SORT PRDCIS.BTHVSM.MY20A2.CPBPLT PRDCIS.BTHVSM.MY20A2.CPBPLT.CNPREC PRDCIS.BTHVSM.MY20A2.CPBSYS.CNPREC PRDCLB.ONLVSM.MY20A2.LBCRD PRDCLB.ONLVSM.MY20A2.LBCRD.CNPREC PRDCSS.BTHLOD.MY20A2 PRDEDC.BTHLOD.MY20A2,12,4,55,MY_JCL_Evidence.txt
MY,JCP0049R,CP614220 IDCAMS SORT,PRDCIS.BTHLOD.MY20A2 PRDCIS.BTHVSM.MY20A2.CPBSYS PRDCRD.BTHLOD.MY20A2 PRDCSS.BKPVSM.MY20A2.CCSEC PRDCSS.BKPVSM.MY20A2.CCSEC.ST PRDCSS.BTHLOD.MY20A2,6,3,70,MY_JCL_Evidence.txt
MY,JCP0138R,CP60091 CP60092 CPD000 IDCAMS SORT,PRDCIS.BTHLOD.MY20A2 PRDCIS.BTHSEQ.MY20A2.EMV.CPIR2A PRDCIS.BTHSEQ.MY20A2.EMV.CPREEMBA PRDCIS.BTHVSM.MY20A2.CPBCRD PRDCIS.BTHVSM.MY20A2.CPBCUS PRDCIS.BTHVSM.MY20A2.CPBPLT PRDCIS.BTHVSM.MY20A2.CPBSYS PRDCRD.BTHCTL.MY20A2(CPI230A) PRDCRD.BTHCTL.MY20A2(ICP00001) PRDCRD.BTHLOD.MY20A2 PRDCRD.WRKVSM.MY20A2.EMV.C138R.CC PRDCRD.WRKVSM.MY20A2.EMV.C138R.ISLM PRDCRD.WRKVSM.MY20A2.EMV.C138R.ME PRDCRD.WRKVSM.MY20A2.EMV.CSTA.C138R,14,3,261,MY_JCL_Evidence.txt
MY,JCP0139R,CP60091 CP60092 CPD000 IDCAMS SORT,PRDCIS.BTHLOD.MY20A2 PRDCIS.BTHSEQ.MY20A2.EMV.CPIR2A PRDCIS.BTHSEQ.MY20A2.EMV.CPREEMBA PRDCIS.BTHVSM.MY20A2.CPBCRD PRDCIS.BTHVSM.MY20A2.CPBCUS PRDCIS.BTHVSM.MY20A2.CPBPLT PRDCIS.BTHVSM.MY20A2.CPBSYS PRDCRD.BTHCTL.MY20A2(CPI230A) PRDCRD.BTHCTL.MY20A2(ICP00002) PRDCRD.BTHLOD.MY20A2 PRDCRD.WRKVSM.MY20A2.EMV.C139R PRDCRD.WRKVSM.MY20A2.EMV.C139R.CC PRDCRD.WRKVSM.MY20A2.EMV.C139R.ISLM,13,3,234,MY_JCL_Evidence.txt
MY,JCP0193R,CP602420 CP603760 CP604210 IDCAMS SORT,&ENV.CAU.BTHSEQ.&VER.AURPT &ENV.CAU.BTHSEQ.&VER.ISSRPT &ENV.CAU.ONLVSM.&VER.AUSYS &ENV.CAU.ONLVSM.&VER.ISSLOGA &ENV.CAU.ONLVSM.&VER.ISSLOGB &ENV.CAU.ONLVSM.&VER.ISSSPCL &ENV.CIS.BTHVSM.&VER.CPBSYS &ENV.CRD.WRKSEQ.&VER.AUSPCL PRDCIS.BTHLOD.MY20A2 PRDCRD.BTHCTL.MY20A2(ICPK0050) PRDCRD.BTHCTL.MY20A2(ICPK0100) PRDCRD.BTHLOD.MY20A2 PRDCRD.WRKSEQ.MY20A2.AUSPCL PRDCSS.BTHLOD.MY20A2,14,5,175,MY_JCL_Evidence.txt
MY,JCP0203R,CP60011 CP60123 CP614410 CP615050 CP615060 ICETOOL IDCAMS IEFBR14 SORT,PRDCAQ.BTHSEQ.MY20A2.MERCON PRDCIS.BTHVSM.MY20A2.CPBPLT PRDCIS.BTHVSM.MY20A2.CPBSYS PRDCIS.ONLVSM.MY20A2.CPCMH PRDCRD.BTHLOD.MY20A2 PRDCRD.WRKSEQ.MY20A2.CMH.FLS PRDCRD.WRKSEQ.MY20A2.CMH.X PRDCRD.WRKSEQ.MY20A2.FLS.DTL PRDCRD.WRKSEQ.MY20A2.PLT.FLS PRDCRD.WRKSEQ.MY20A2.PLT.X PRDCRD.WRKSEQ.MY20A2.X.DTL PRDEDC.BTHSEQ.MY20A2.EDCWRK PRDEDC.WRKSEQ.MY20A2.EDCWRK.SORT PRDEDC.WRKSEQ.MY20A2.EDCWRKS,14,3,266,MY_JCL_Evidence.txt
MY,JCP0206R,CP602500 CP602510 CP603170 SORT,PRDCAQ.BTHSEQ.MY20A2.MERCON PRDCAQ.BTHVSM.MY20A2.QMMMER PRDCAQ.BTHVSM.MY20A2.QMMSTAT PRDCRD.BTHLOD.MY20A2,4,3,101,MY_JCL_Evidence.txt
MY,JCP0207R,CP602520 CP602530 CP602610 CP603330 ICETOOL IDCAMS SORT,PRDCAQ.BTHSEQ.MY20A2.MERCON PRDCAQ.BTHVSM.MY20A2.QMMSTAT PRDCRD.BTHCTL.MY20A2(ICPK0050) PRDCRD.BTHCTL.MY20A2(ICPK0100) PRDCRD.BTHLOD.MY20A2 PRDCRD.BTHVSM.MY20A2.MERCONS2 PRDCRD.WRKSEQ.MY20A2.CHALVL PRDCRD.WRKSEQ.MY20A2.CHALVL3,8,3,176,MY_JCL_Evidence.txt
MY,JCP0208R,CP602620 CP602630 SORT,PRDCAQ.BTHLOD.MY20A2 PRDCAQ.BTHSEQ.MY20A2.MERCON PRDCAQ.BTHVSM.MY20A2.QMPSYSR PRDCRD.BTHLOD.MY20A2,4,3,59,MY_JCL_Evidence.txt
MY,JCP0211U,CP603160 IDCAMS,PRDCAQ.BTHSEQ.MY20A2.MERCON PRDCAQ.BTHVSM.MY20A2.QMPSYSR PRDCAQ.ONLVSM.MY20A2.QMMACT PRDCAQ.ONLVSM.MY20A2.QMMBLC PRDCAQ.ONLVSM.MY20A2.QMMBUS PRDCAQ.ONLVSM.MY20A2.QMMCNT PRDCAQ.ONLVSM.MY20A2.QMMMER PRDCAQ.ONLVSM.MY20A2.QMMPRF PRDCAQ.ONLVSM.MY20A2.QMMSTAT PRDCRD.BTHLOD.MY20A2,10,4,46,MY_JCL_Evidence.txt
MY,JCP0214R,ADRDSSU CP602730 CP602740 CP610850 CP610990 CP612020 CP612030 CP612040 IDCAMS IEFBR14 SORT,PRDCAQ.BTHVSM.MY20A2.QMMBLC PRDCAQ.BTHVSM.MY20A2.QMMMER PRDCAQ.BTHVSM.MY20A2.QMPPGO PRDCAQ.BTHVSM.MY20A2.QMPSYSR PRDCAQ.ONLVSM.MY20A2.QMMSTAT PRDCRD.BKPSEQ.MY20A2.HLFYR.ONUS.ACCUM PRDCRD.BTHBGD.MY20A2.POSTEDA(-1) PRDCRD.BTHBGD.MY20A2.POSTEDA(0) PRDCRD.BTHLOD.MY20A2 PRDCRD.BTHPRM.MY20A2.SUP(ICP00288) PRDCRD.BTHPRM.MY20A2.SUP(ICP00296) PRDCRD.BTHPRM.MY20A2.SUP(ICP00364) PRDCRD.BTHSEQ.MY20A2.HLFYR.ONUS.ACCUM PRDCRD.BTHSEQ.MY20A2.HLFYR.ONUS.PER.MONTH PRDCRD.WRKSEQ.MY20A2.HLFYR.OFFUS PRDCRD.WRKSEQ.MY20A2.HLFYR.OFFUS.SRT PRDCRD.WRKSEQ.MY20A2.MERPAY.MLY PRDCRD.WRKSEQ.MY20A2.MERPAY.MLY.SRT PRDCRD.WRKSEQ.MY20A2.MERPAY.QLY PRDCRD.WRKSEQ.MY20A2.MERPAY.QLY.SRT PRDCRD.WRKSEQ.MY20A2.OATFRPT PRDCRD.WRKSEQ.MY20A2.OATFRPT.SORT PRDEDC.ONLVSM.MY20A2.OADCTF,23,3,348,MY_JCL_Evidence.txt
MY,JCP0221R,MH410010,PRDCRD.BTHCTL.MY20A2(R131) PRDMHP.BTHBGD.MY20A2.MCI.BULK(+1) PRDMHP.BTHLOD.MY20A2 TCPIP.PARMLIB(TCPDATA),4,4,14,MY_JCL_Evidence.txt
MY,JCP0223R,ICEGENER MH501010,PRDMHP.BTHBGD.MY20A2.MCI.SRTMP(0) PRDMHP.BTHBGD.MY20A2.MCIN.T851(+1) TCPIP.PARMLIB(TCPDATA),3,20,50,MY_JCL_Evidence.txt
MY,JCP0233R,ICEGENER MH501010,PRDMHP.BTHBGD.MY20A2.MCI.SRTMP(0) PRDMHP.BTHBGD.MY20A2.MCIN.T892(+1) TCPIP.PARMLIB(TCPDATA),3,18,48,MY_JCL_Evidence.txt
MY,JCP0290R,CP603850 CP603860 SORT,&ENV.CIS.BTHSEQ.&VER.CPMTB &ENV.CIS.BTHVSM.&VER.CPBSYS &ENV.CRD.BTHVSM.&VER.RDM.CUSPLT &ENV.CRD.TMPSEQ.&VER.CPSMTF1.TC40 &ENV.CRD.TMPSEQ.&VER.CPSMTF5.TC40 PRDCRD.BTHCTL.MY20A2(ICPK0100) PRDCRD.TMPSEQ.MY20A2.CPSMTF1.TC40 PRDCRD.TMPSEQ.MY20A2.CPSMTF5.TC40,8,17,120,MY_JCL_Evidence.txt
MY,JCP0298R,CP603980 IDCAMS SORT,PCMP.PMNVSM.MY20A2.CPBCRD PRDCIS.BTHLOD.MY20A2 PRDCIS.BTHVSM.MY20A2.CPBSYS PRDCRD.BTHLOD.MY20A2 PRDCRD.BTHVSM.MY20A2.RDM.CRDPLT PRDCRD.TMPSEQ.MY20A2.CPSMTF1.TC40 PRDCRD.TMPSEQ.MY20A2.CPSMTF5.TC40 PRDCSS.BTHLOD.MY20A2,8,4,73,MY_JCL_Evidence.txt
MY,JCP0323R,ICEGENER MH501010,PRDMHP.BTHBGD.MY20A2.B2B.T851(+1) PRDMHP.BTHBGD.MY20A2.MCI.SRTMP(0) TCPIP.PARMLIB(TCPDATA),3,22,52,MY_JCL_Evidence.txt
MY,JCP0333R,ICEGENER MH501010,PRDMHP.BTHBGD.MY20A2.B2B.T892(+1) PRDMHP.BTHBGD.MY20A2.MCI.SRTMP(0) TCPIP.PARMLIB(TCPDATA),3,20,50,MY_JCL_Evidence.txt
MY,JCP0353R,CP609700 CP619640 ICETOOL SORT,&ENV.CIS.BTHVSM.&VER.CPBCUS &ENV.CIS.BTHVSM.&VER.CPBSYS &ENV.CIS.BTHVSM.&VER.CPCCPF.ALL &ENV.CRD.BTHSEQ.&VER.SMSCCD1 &ENV.CRD.BTHSEQ.&VER.SMSCCD2 &ENV.CRD.BTHSEQ.&VER.SORTED.CUSPLT &ENV.CRD.BTHVSM.&VER.RDM.CUSPLT PRDCIS.BTHLOD.MY20A2 PRDCRD.BTHCTL.MY20A2(ICP00227) PRDCRD.BTHCTL.MY20A2(ICP00241) PRDCRD.BTHCTL.MY20A2(ICP01267) PRDCRD.BTHCTL.MY20A2(ICPK0050) PRDCRD.BTHCTL.MY20A2(ICPK0100) PRDCRD.BTHLOD.MY20A2 PRDCRD.BTHSEQ.MY20A2.CPCCPFH PRDCRD.BTHSEQ.MY20A2.SMSCCD1 PRDCRD.BTHSEQ.MY20A2.SMSCCD2 PRDCRD.BTHSEQ.MY20A2.SMSCCD2.FULL PRDCRD.BTHSEQ.MY20A2.SORTED.CUSPLT,19,5,143,MY_JCL_Evidence.txt
MY,JCP0355R,CP607740 CP610010 CP612500 CP612640 ICEGENER SORT,&ENV.CIS.BTHVSM.&VER.CPBCRD &ENV.CIS.BTHVSM.&VER.CPBPLT &ENV.CIS.BTHVSM.&VER.CPBSYS &ENV.CIS.BTHVSM.&VER.CPCCPF.ALL &ENV.CIS.ONLVSM.&VER.TNGERL &ENV.CRD.BTHSEQ.&VER.BLKO.CP512621 &ENV.CRD.BTHSEQ.&VER.BLKWVR.CPTUI &ENV.CRD.BTHSEQ.&VER.CPTUI.BLKO.DLY &ENV.CRD.BTHSEQ.&VER.CPTUI.WAIVER &ENV.CRD.BTHSEQ.&VER.RDM.CUSPLT &ENV.CRD.BTHVSM.&VER.RDM.CRDPLT &ENV.CRD.BTHVSM.&VER.RDM.CUSPLT &ENV.CSS.ONLVSM.&VER.CCSEC PRDCRD.BTHCTL.MY20A2(ICP00408) PRDCRD.BTHLOD.MY20A2 PRDCRD.BTHSEQ.MY20A2.BLKO.CP512621 PRDCRD.BTHSEQ.MY20A2.BLKWVR.CPTUI PRDCRD.BTHSEQ.MY20A2.CPTUI.BLKO.DLY PRDCRD.BTHSEQ.MY20A2.CPTUI.WAIVER PRDCRD.BTHSEQ.MY20A2.CRDSTA4,20,5,166,MY_JCL_Evidence.txt
MY,JCP0361R,CP604610 IDCAMS SORT,PRDCAQ.BTHSEQ.MY20A2.MERCON PRDCDM.BTHSEQ.MY20A2.ITTDTX.GMCMP PRDCIS.BTHLOD.MY20A2 PRDCIS.BTHVSM.MY20A2.CPBSYS PRDCRD.BTHLOD.MY20A2 PRDCRD.WRKSEQ.MY20A2.ITTDTX2 PRDCRD.WRKSEQ.MY20A2.MERTTL PRDCRD.WRKSEQ.MY20A2.TOTAL PRDCSS.BTHLOD.MY20A2,9,4,52,MY_JCL_Evidence.txt
MY,JCP0362U,ICEGENER IDCAMS,PRDCDM.BTHSEQ.MY20A2.ITTDTX.GMCMP PRDCIS.BTHSEQ.MY20A2.CPLMT.ACCU PRDCRD.BTHSEQ.MY20A2.ATMTUIA.ACCU PRDCRD.BTHSEQ.MY20A2.ATMTUIB.ACCU PRDEDC.BTHSEQ.MY20A2.TOCPEDC1.ACCU,5,10,63,MY_JCL_Evidence.txt
MY,JCP0363R,CP606070 ICETOOL,PRDCIS.BTHBGD.MY20A2.CPHST(0) PRDCIS.BTHVSM.MY20A2.CPBSYS PRDCIS.ONLVSM.MY20A2.CPOLS PRDCRD.BTHCTL.MY20A2(ICPK0100) PRDCRD.BTHCTL.MY20A2(ICPK0250) PRDCRD.BTHLOD.MY20A2 PRDCRD.WRKSEQ.MY20A2.CPHST.SORT1 PRDCRD.WRKSEQ.MY20A2.CPHST.SORT2 PRDCRD.WRKSEQ.MY20A2.CPOLS.SORT1 PRDCRD.WRKSEQ.MY20A2.CPOLS.SORT2,10,3,115,MY_JCL_Evidence.txt
MY,JCP0388U,ICEGENER IDCAMS SORT,&CNTLLIB(DYNALL32) &IN &OUT PRDCRD.BKPSEQ.MY20A2.EMV.MC.EMBPRA.GMT PRDCRD.BKPSEQ.MY20A2.EMV.VI.EMBPRA.GMT PRDCRD.BKPSEQ.MY20A2.EMV.VMC.CSGN.GMT PRDCRD.BTHSEQ.MY20A2.EMV.MC.EMBPRA.GMT PRDCRD.BTHSEQ.MY20A2.EMV.R.VCC.MC.CLR PRDCRD.BTHSEQ.MY20A2.EMV.VI.EMBPRA.GMT PRDCRD.BTHSEQ.MY20A2.EMV.VMC.CSGN.GMT,10,47,577,MY_JCL_Evidence.txt
MY,JCP0402U,ICEGENER SORT,PATM.PMNSEQ.CPTPLUSC.LEN400 PATM.PMNSEQ.CPTUATM2.LEN350 PATM.PMNSEQ.CPTUCIRC.LEN400 PATM.PMNSEQ.CPTUIATM.LEN400 PATM.PMNSEQ.CPTUICDM.LEN400 PATM.PMNSEQ.CPTUICIR.LEN350 PATM.PMNSEQ.CPTUPLUS.LEN350 PRDCAQ.BTHSEQ.MY20A2.QMD004.QMTMPTN PRDCIS.BTHSEQ.MY20A2.CPLMT PRDCIS.BTHSEQ.MY20A2.CPLMT.ACCU PRDCRD.BTHSEQ.MY20A2.ATMTUIA.ACCU PRDCRD.BTHSEQ.MY20A2.ATMTUIB.ACCU PRDCRD.BTHSEQ.MY20A2.QMTMPTN.ACCUM PRDEDC.BTHBGD.MY20A2.TOCPEDC1(0) PRDEDC.BTHSEQ.MY20A2.TOCPEDC1.ACCU,15,12,53,MY_JCL_Evidence.txt
MY,JCP0403U,CP603710 CP605360 IEFBR14 MH501010,PRDCIS.BTHVSM.MY20A2.CPBSYS PRDCRD.BTHCTL.MY20A2(ICP00084) PRDCRD.BTHLOD.MY20A2 PRDCRD.BTHSEQ.MY20A2.ICP00081 PRDMHP.BTHBGD.MY20A2.MCI.BULK(0) PRDMHP.BTHBGD.MY20A2.MCI.SRTMP(0) PRDMHP.BTHLOD.MY20A2 PRDMHP.BTHSEQ.MY20A2.PARAM.UPD TCPIP.PARMLIB(TCPDATA),9,3,68,MY_JCL_Evidence.txt
MY,JCP0404R,CP603710 CP605360 ICEGENER IDCAMS MH501010,PRDCIS.BTHVSM.MY20A2.CPBSYS PRDCRD.BTHCTL.MY20A2(ICP00084) PRDCRD.BTHLOD.MY20A2 PRDCRD.BTHSEQ.MY20A2.ICP00077 PRDCRD.BTHSEQ.MY20A2.ICP00078 PRDCRD.BTHSEQ.MY20A2.ICP00079 PRDCRD.BTHSEQ.MY20A2.ICP00080 PRDCRD.BTHSEQ.MY20A2.ICP00109 PRDCRD.BTHSEQ.MY20A2.ICP00110 PRDMHP.BTHBGD.MY20A2.MCI.BULK(0) PRDMHP.BTHBGD.MY20A2.MCI.SRTMP(0) PRDMHP.BTHBGD.MY20A2.RECON.T140(+1) PRDMHP.BTHLOD.MY20A2 PRDMHP.BTHSEQ.MY20A2.RECON.T140.F1 PRDMHP.BTHSEQ.MY20A2.RECON.T140.F2 PRDMHP.BTHSEQ.MY20A2.RECON.T140.F3 PRDMHP.BTHSEQ.MY20A2.RECON.T140.F4 PRDMHP.BTHSEQ.MY20A2.RECON.T140.F5 PRDMHP.BTHSEQ.MY20A2.RECON.T140.F6 TCPIP.PARMLIB(TCPDATA),20,3,236,MY_JCL_Evidence.txt
MY,JCP0416R,CP605480 CP605490 CP617160 CP622070 ICETOOL IDCAMS SORT,PRDCIS.BKPVSM.MY20A2.CPBAPX.JCPALXR PRDCIS.BTHBGD.MY20A2.CPHST(0) PRDCIS.BTHBGD.MY20A2.CPOLST(0) PRDCIS.BTHSEQ.MY20A2.REPT.CP505492.CPP PRDCIS.BTHSEQ.MY20A2.REPT.CP505492.CPPI PRDCIS.BTHSEQ.MY20A2.RPT.CP505492 PRDCIS.BTHSEQ.MY20A2.RPT.CP505492.CPP PRDCIS.BTHSEQ.MY20A2.RPT.CP505492.CPPI PRDCIS.BTHSEQ.MY20A2.RPT.CP505493 PRDCIS.BTHSEQ.MY20A2.RPT.CP517161 PRDCIS.BTHVSM.MY20A2.CPBAPX.ALL PRDCIS.BTHVSM.MY20A2.CPBCMA PRDCIS.BTHVSM.MY20A2.CPBCRD PRDCIS.BTHVSM.MY20A2.CPBCUS PRDCIS.BTHVSM.MY20A2.CPBPLT.VIP PRDCIS.BTHVSM.MY20A2.CPBSYS PRDCIS.ONLVSM.MY20A2.CPAPX PRDCIS.ONLVSM.MY20A2.CPBNMPRM PRDCIS.WRKSEQ.MY20A2.CPBCMA PRDCRD.BTHCTL.MY20A2(DYNALL32) PRDCRD.BTHCTL.MY20A2(ICPK1000) PRDCRD.BTHVSM.MY20A2.RDM.CUSPLT PRDCRD.WRKSEQ.MY20A2.CPHST.NOWAIVE PRDCRD.WRKSEQ.MY20A2.CPHST.PREMIUM PRDCRD.WRKSEQ.MY20A2.CPHST.WAIVE PRDCRD.WRKSEQ.MY20A2.DBG.PREMIUM PRDCRD.WRKSEQ.MY20A2.DBG.PREMIUM.SORT PRDCRD.WRKSEQ.MY20A2.NOWAIVE PRDCRD.WRKSEQ.MY20A2.NOWAIVE.SORT PRDCRD.WRKSEQ.MY20A2.WAIVE PRDCRD.WRKSEQ.MY20A2.WAIVE.SORT PRDCRD.WRKVSM.MY20A2.CPOLST.NOWAIVE PRDCRD.WRKVSM.MY20A2.CPOLST.PREMIUM PRDCRD.WRKVSM.MY20A2.CPOLST.WAIVE,34,50,636,MY_JCL_Evidence.txt
MY,JCP0459R,CP606180 CP606190 CP606500 CP606510 CP606520 CP606570 CP607730 CP607800 ETALK IDCAMS SORT,&CNTLLIB(ICP01496) &ENV.CAQ.BTHSEQ.&VER.CQD720.CQMTRPT &ENV.CAQ.BTHSEQ.&VER.CQD727.CQMSTM &ENV.CAQ.BTHSEQ.&VER.MERCON &ENV.CAQ.BTHVSM.&VER.QMMACT &ENV.CAQ.BTHVSM.&VER.QMMBUS &ENV.CAQ.BTHVSM.&VER.QMMMER &ENV.CAQ.BTHVSM.&VER.QMPSYSR &ENV.CIS.BTHVSM.&VER.CPBSYS &ENV.CRD.BTHPRM.&VER.FIN(ICP00063) &ENV.CRD.BTHSEQ.&VER.AGL.GLRNTAS2 &ENV.CRD.BTHSEQ.&VER.CPRENTAS &ENV.CRD.BTHSEQ.&VER.ENC.CPRENTAS &ENV.CRD.BTHSEQ.&VER.MERSTMT &ENV.CRD.BTHSEQ.&VER.MERTRXN &ENV.CRD.BTHSEQ.&VER.MERTRXN2 &ENV.CRD.BTHSEQ.&VER.MREBATE &ENV.CRD.BTHVSM.&VER.PRMETER &ENV.CRD.WRKSEQ.&VER.CP507731 &ENV.CRD.WRKSEQ.&VER.MAS.CQMSTM &ENV.CRD.WRKSEQ.&VER.MAS.CQMSTM.C1 &ENV.CRD.WRKSEQ.&VER.MAS.CQMSTM.C2 &ENV.CRD.WRKSEQ.&VER.MAS.DMRRWRK &ENV.CRD.WRKSEQ.&VER.MAS.DMRRWRK.SORT &ENV.CRD.WRKSEQ.&VER.MAS.MERCHANT &ENV.CRD.WRKSEQ.&VER.MAS.MERCHANT.CUP &ENV.CRD.WRKSEQ.&VER.MAS.MERCHANT.SORT &ENV.CRD.WRKSEQ.&VER.MAS.MERSORT &ENV.CRD.WRKSEQ.&VER.MAS.MERSORT2 &ENV.CRD.WRKSEQ.&VER.MAS.MERSTMT &ENV.CRD.WRKSEQ.&VER.MAS.MSTMT &ENV.CRD.WRKVSM.&VER.MAS.MASSTMT &ENV.CRD.WRKVSM.&VER.MAS.MASSTMT.SORT &ENV.CRD.WRKVSM.&VER.MAS.QMMMER PRDCRD.BTHCTL.MY20A2(ICP00070) PRDCRD.BTHCTL.MY20A2(ICP00150) PRDCRD.BTHCTL.MY20A2(ICP00660) PRDCRD.BTHCTL.MY20A2(ICPK0100) PRDCRD.BTHSEQ.MY20A2.AGL.GLRNTAS2 PRDCRD.BTHSEQ.MY20A2.CPRENTAS PRDCRD.BTHSEQ.MY20A2.ENC.CPRENTAS PRDCRD.BTHSEQ.MY20A2.MERSTMT PRDCRD.BTHSEQ.MY20A2.MERTRXN PRDCRD.BTHSEQ.MY20A2.MERTRXN2 PRDCRD.BTHSEQ.MY20A2.MREBATE PRDCRD.WRKSEQ.MY20A2.CP507731 PRDCRD.WRKSEQ.MY20A2.MAS.CQMSTM PRDCRD.WRKSEQ.MY20A2.MAS.CQMSTM.C1 PRDCRD.WRKSEQ.MY20A2.MAS.CQMSTM.C2 PRDCRD.WRKSEQ.MY20A2.MAS.DMRRWRK,59,49,817,MY_JCL_Evidence.txt
MY,JCP0474R,CP606840 CP609600 IDCAMS SORT,PRDCIS.BTHLOD.MY20A2 PRDCIS.BTHVSM.MY20A2.CPBSYS PRDCRD.BTHCTL.MY20A2(ICP00204) PRDCRD.BTHLOD.MY20A2 PRDCRD.BTHVSM.MY20A2.EMV.EMBAGE PRDCRD.BTHVSM.MY20A2.EMV.EMBAGE.ICC,6,10,103,MY_JCL_Evidence.txt
MY,JCP04771,CP60088 CP606950 CP613890 CP620440 ICETOOL IDCAMS SORT,&CNTLLIB(ICP00012) &CNTLLIB(ICP01407) &CNTLLIB(ICPK0050) &CNTLLIB(ICPK0100) &ENV.CIS.BTHVSM.&VER.CPBCRD &ENV.CIS.BTHVSM.&VER.CPBCUS &ENV.CIS.BTHVSM.&VER.CPBPLT &ENV.CIS.BTHVSM.&VER.CPBSYS &ENV.CRD.BTHSEQ.&VER.EMV.COMBI.NW &ENV.CRD.BTHSEQ.&VER.EMV.COMBI.NW.CLR &ENV.CRD.BTHSEQ.&VER.EMV.COMBI.RP &ENV.CRD.BTHSEQ.&VER.EMV.COMBI.RP.CLR &ENV.CRD.BTHSEQ.&VER.EMV.CPEMBV1 &ENV.CRD.BTHSEQ.&VER.EMV.DBGEMB.MC &ENV.CRD.BTHSEQ.&VER.EMV.DBGEMB.RESULT &ENV.CRD.BTHSEQ.&VER.EMV.DBGEMB.VISA &ENV.CRD.BTHSEQ.&VER.EMV.ICCEMB.MC &ENV.CRD.BTHSEQ.&VER.EMV.ICCEMB.RESULT &ENV.CRD.BTHSEQ.&VER.EMV.ICCEMB.VISA &ENV.CRD.BTHSEQ.&VER.EMV.JC.NW &ENV.CRD.BTHSEQ.&VER.EMV.JC.NW.CLR &ENV.CRD.BTHSEQ.&VER.EMV.JC.RP &ENV.CRD.BTHSEQ.&VER.EMV.JC.RP.CLR &ENV.CRD.BTHSEQ.&VER.EMV.KH &ENV.CRD.BTHSEQ.&VER.EMV.KH.CLR &ENV.CRD.BTHSEQ.&VER.EMV.KHEMB.RESULT &ENV.CRD.BTHSEQ.&VER.EMV.KHEMB.VISA &ENV.CRD.BTHSEQ.&VER.EMV.MC.NW &ENV.CRD.BTHSEQ.&VER.EMV.MC.NW.CLR.TMP &ENV.CRD.BTHSEQ.&VER.EMV.MC.NW.DTS &ENV.CRD.BTHSEQ.&VER.EMV.MC.NW.DTS.CLR &ENV.CRD.BTHSEQ.&VER.EMV.MC.NW.MPH &ENV.CRD.BTHSEQ.&VER.EMV.MC.NW.MPH.CLR &ENV.CRD.BTHSEQ.&VER.EMV.MC.RP &ENV.CRD.BTHSEQ.&VER.EMV.MC.RP.CLR.TMP &ENV.CRD.BTHSEQ.&VER.EMV.MC.RP.DTS &ENV.CRD.BTHSEQ.&VER.EMV.MC.RP.DTS.CLR &ENV.CRD.BTHSEQ.&VER.EMV.MC.RP.MPH &ENV.CRD.BTHSEQ.&VER.EMV.MC.RP.MPH.CLR &ENV.CRD.BTHSEQ.&VER.EMV.VCC.MC &ENV.CRD.BTHSEQ.&VER.EMV.VCC.MC.CLR &ENV.CRD.BTHSEQ.&VER.EMV.VMCEMB.CHIP &ENV.CRD.BTHSEQ.&VER.EMV.VMCEMB.JCB &ENV.CRD.BTHSEQ.&VER.EMV.VMCEMB.MC &ENV.CRD.BTHSEQ.&VER.EMV.VMCEMB.RESULT &ENV.CRD.BTHSEQ.&VER.EMV.VMCEMB.VISA &ENV.CRD.BTHSEQ.&VER.EMV.VS.NW &ENV.CRD.BTHSEQ.&VER.EMV.VS.NW.CLR &ENV.CRD.BTHSEQ.&VER.EMV.VS.NW.DTS &ENV.CRD.BTHSEQ.&VER.EMV.VS.NW.DTS.CLR,77,19,1143,MY_JCL_Evidence.txt
MY,JCP04772,SORT,&CNTLLIB(ICPK0100) &ENV.CRD.BTHSEQ.&VER.EMV.MC.NW.CLR &ENV.CRD.BTHSEQ.&VER.EMV.MC.NW.CLR.BCP &ENV.CRD.BTHSEQ.&VER.EMV.MC.NW.CLR.TMP &ENV.CRD.BTHSEQ.&VER.EMV.MC.RP.CLR &ENV.CRD.BTHSEQ.&VER.EMV.MC.RP.CLR.BCP &ENV.CRD.BTHSEQ.&VER.EMV.MC.RP.CLR.TMP,7,16,69,MY_JCL_Evidence.txt
MY,JCP04773,CP612140 ETALK ICEGENER IDCAMS SORT,&CNTLLIB(ICP0012B) &CNTLLIB(ICP00377) &CNTLLIB(ICP00802) &CNTLLIB(ICP0081B) &CNTLLIB(ICP0082B) &CNTLLIB(ICP01389) &ENV.CIS.BTHVSM.&VER.CPBSYS &ENV.CRD.BTHSEQ.&VER.EMV.COMBI.NW &ENV.CRD.BTHSEQ.&VER.EMV.COMBI.NW.CLR &ENV.CRD.BTHSEQ.&VER.EMV.COMBI.RP &ENV.CRD.BTHSEQ.&VER.EMV.COMBI.RP.CLR &ENV.CRD.BTHSEQ.&VER.EMV.FTP.BMCARD &ENV.CRD.BTHSEQ.&VER.EMV.FTP.COMBI &ENV.CRD.BTHSEQ.&VER.EMV.FTP.MC.DTS &ENV.CRD.BTHSEQ.&VER.EMV.FTP.MC.MPH &ENV.CRD.BTHSEQ.&VER.EMV.FTP.MCARD &ENV.CRD.BTHSEQ.&VER.EMV.FTP.PETRO &ENV.CRD.BTHSEQ.&VER.EMV.FTP.R.BMCARD &ENV.CRD.BTHSEQ.&VER.EMV.FTP.R.COMBI &ENV.CRD.BTHSEQ.&VER.EMV.FTP.R.MC.DTS &ENV.CRD.BTHSEQ.&VER.EMV.FTP.R.MC.MPH &ENV.CRD.BTHSEQ.&VER.EMV.FTP.R.MCARD &ENV.CRD.BTHSEQ.&VER.EMV.FTP.R.PETRO &ENV.CRD.BTHSEQ.&VER.EMV.FTP.R.VISA &ENV.CRD.BTHSEQ.&VER.EMV.FTP.R.VS.DTS &ENV.CRD.BTHSEQ.&VER.EMV.FTP.R.VS.MPH &ENV.CRD.BTHSEQ.&VER.EMV.FTP.VCC.MC &ENV.CRD.BTHSEQ.&VER.EMV.FTP.VCC.MC.CTL &ENV.CRD.BTHSEQ.&VER.EMV.FTP.VISA &ENV.CRD.BTHSEQ.&VER.EMV.FTP.VS.DTS &ENV.CRD.BTHSEQ.&VER.EMV.FTP.VS.MPH &ENV.CRD.BTHSEQ.&VER.EMV.JC.NW &ENV.CRD.BTHSEQ.&VER.EMV.JC.NW.CLR &ENV.CRD.BTHSEQ.&VER.EMV.JC.RP &ENV.CRD.BTHSEQ.&VER.EMV.JC.RP.CLR &ENV.CRD.BTHSEQ.&VER.EMV.KH &ENV.CRD.BTHSEQ.&VER.EMV.KH.CLR &ENV.CRD.BTHSEQ.&VER.EMV.MC.NW &ENV.CRD.BTHSEQ.&VER.EMV.MC.NW.BCP &ENV.CRD.BTHSEQ.&VER.EMV.MC.NW.CLR &ENV.CRD.BTHSEQ.&VER.EMV.MC.NW.CLR.BCP &ENV.CRD.BTHSEQ.&VER.EMV.MC.NW.DTS &ENV.CRD.BTHSEQ.&VER.EMV.MC.NW.DTS.CLR &ENV.CRD.BTHSEQ.&VER.EMV.MC.NW.MPH &ENV.CRD.BTHSEQ.&VER.EMV.MC.NW.MPH.CLR &ENV.CRD.BTHSEQ.&VER.EMV.MC.RP &ENV.CRD.BTHSEQ.&VER.EMV.MC.RP.BCP &ENV.CRD.BTHSEQ.&VER.EMV.MC.RP.CLR &ENV.CRD.BTHSEQ.&VER.EMV.MC.RP.CLR.BCP &ENV.CRD.BTHSEQ.&VER.EMV.MC.RP.DTS,78,15,609,MY_JCL_Evidence.txt
MY,JCP0477U,CP60088 CP605760 CP606950 CP612140 CP613890 CP620440 ETALK ICEGENER ICETOOL IDCAMS SORT,&CNTLLIB(FCPEMBCL) &CNTLLIB(ICP00012) &CNTLLIB(ICP00125) &CNTLLIB(ICP00377) &CNTLLIB(ICP00802) &CNTLLIB(ICP00819) &CNTLLIB(ICP00820) &CNTLLIB(ICP01389) &CNTLLIB(ICP01407) &CNTLLIB(ICPK0050) &CNTLLIB(ICPK0100) &ENV.CIS.BTHVSM.&VER.CPBCAX &ENV.CIS.BTHVSM.&VER.CPBCRD &ENV.CIS.BTHVSM.&VER.CPBCUS &ENV.CIS.BTHVSM.&VER.CPBPLT &ENV.CIS.BTHVSM.&VER.CPBSYS &ENV.CRD.BTHSEQ.&VER.EMV.COMBI.NW &ENV.CRD.BTHSEQ.&VER.EMV.COMBI.NW.CLR &ENV.CRD.BTHSEQ.&VER.EMV.COMBI.RP &ENV.CRD.BTHSEQ.&VER.EMV.COMBI.RP.CLR &ENV.CRD.BTHSEQ.&VER.EMV.CPEMBV1 &ENV.CRD.BTHSEQ.&VER.EMV.DBGEMB.MC &ENV.CRD.BTHSEQ.&VER.EMV.DBGEMB.RESULT &ENV.CRD.BTHSEQ.&VER.EMV.DBGEMB.VISA &ENV.CRD.BTHSEQ.&VER.EMV.FTP.COMBI &ENV.CRD.BTHSEQ.&VER.EMV.FTP.MC.DTS &ENV.CRD.BTHSEQ.&VER.EMV.FTP.MC.MPH &ENV.CRD.BTHSEQ.&VER.EMV.FTP.MCARD &ENV.CRD.BTHSEQ.&VER.EMV.FTP.PETRO &ENV.CRD.BTHSEQ.&VER.EMV.FTP.R.COMBI &ENV.CRD.BTHSEQ.&VER.EMV.FTP.R.MC.DTS &ENV.CRD.BTHSEQ.&VER.EMV.FTP.R.MC.MPH &ENV.CRD.BTHSEQ.&VER.EMV.FTP.R.MCARD &ENV.CRD.BTHSEQ.&VER.EMV.FTP.R.PETRO &ENV.CRD.BTHSEQ.&VER.EMV.FTP.R.VISA &ENV.CRD.BTHSEQ.&VER.EMV.FTP.R.VS.DTS &ENV.CRD.BTHSEQ.&VER.EMV.FTP.R.VS.MPH &ENV.CRD.BTHSEQ.&VER.EMV.FTP.VCC.MC &ENV.CRD.BTHSEQ.&VER.EMV.FTP.VCC.MC.CTL &ENV.CRD.BTHSEQ.&VER.EMV.FTP.VISA &ENV.CRD.BTHSEQ.&VER.EMV.FTP.VS.DTS &ENV.CRD.BTHSEQ.&VER.EMV.FTP.VS.MPH &ENV.CRD.BTHSEQ.&VER.EMV.ICCEMB.MC &ENV.CRD.BTHSEQ.&VER.EMV.ICCEMB.RESULT &ENV.CRD.BTHSEQ.&VER.EMV.ICCEMB.VISA &ENV.CRD.BTHSEQ.&VER.EMV.JC.NW &ENV.CRD.BTHSEQ.&VER.EMV.JC.NW.CLR &ENV.CRD.BTHSEQ.&VER.EMV.JC.RP &ENV.CRD.BTHSEQ.&VER.EMV.JC.RP.CLR &ENV.CRD.BTHSEQ.&VER.EMV.KH,109,71,1786,MY_JCL_Evidence.txt
MY,JCP0479R,CP603580 CP606980 CP606990 CP609580 CP612420 ETALK ICETOOL SORT,&ENV.CIS.BTHVSM.&VER.CPBCUS &ENV.CIS.BTHVSM.&VER.CPBSYS &ENV.CRD.BTHSEQ.&VER.EMV.CONSIGN.COMBI &ENV.CRD.BTHSEQ.&VER.EMV.DBGEMB.MC &ENV.CRD.BTHSEQ.&VER.EMV.DBGEMB.VISA &ENV.CRD.BTHSEQ.&VER.EMV.ICCEMB.MC &ENV.CRD.BTHSEQ.&VER.EMV.MC.EMBPR &ENV.CRD.BTHSEQ.&VER.EMV.MC.EMBPRA &ENV.CRD.BTHSEQ.&VER.EMV.MC.EMBPRB &ENV.CRD.BTHSEQ.&VER.EMV.MC.EMBXPBR &ENV.CRD.BTHSEQ.&VER.EMV.MC.EMBXPCS &ENV.CRD.BTHSEQ.&VER.EMV.MC.EMBXPR &ENV.CRD.BTHSEQ.&VER.EMV.VI.EMBCB &ENV.CRD.BTHSEQ.&VER.EMV.VI.EMBCBBR &ENV.CRD.BTHSEQ.&VER.EMV.VI.EMBCBCS &ENV.CRD.BTHSEQ.&VER.EMV.VI.EMBPR &ENV.CRD.BTHSEQ.&VER.EMV.VI.EMBPRA &ENV.CRD.BTHSEQ.&VER.EMV.VI.EMBPRB &ENV.CRD.BTHSEQ.&VER.EMV.VI.EMBXCB &ENV.CRD.BTHSEQ.&VER.EMV.VI.EMBXPBR &ENV.CRD.BTHSEQ.&VER.EMV.VI.EMBXPCS &ENV.CRD.BTHSEQ.&VER.EMV.VI.EMBXPR &ENV.CRD.BTHSEQ.&VER.EMV.VMC.CONSIGN &ENV.CRD.BTHSEQ.&VER.EMV.VMCEMB.JCB &ENV.CRD.BTHSEQ.&VER.EMV.VMCEMB.MC &ENV.CRD.BTHSEQ.&VER.EMV.VMCEMB.VISA PRDCIS.BTHLOD.MY20A2 PRDCIS.BTHVSM.MY20A2.CPBSYS PRDCRD.BTHCTL.MY20A2(ICP00804) PRDCRD.BTHCTL.MY20A2(ICP00805) PRDCRD.BTHCTL.MY20A2(ICPK0050) PRDCRD.BTHLOD.MY20A2 PRDCRD.BTHPRM.MY20A2.SUP(ICP00793) PRDCRD.BTHPRM.MY20A2.SUP(ICP00808) PRDCRD.BTHSEQ.MY20A2.EMV.CONSIGN.COMBI PRDCRD.BTHSEQ.MY20A2.EMV.MC.EMBICBR PRDCRD.BTHSEQ.MY20A2.EMV.MC.EMBICCS PRDCRD.BTHSEQ.MY20A2.EMV.MC.EMBPR PRDCRD.BTHSEQ.MY20A2.EMV.MC.EMBPRA PRDCRD.BTHSEQ.MY20A2.EMV.MC.EMBPRB PRDCRD.BTHSEQ.MY20A2.EMV.MC.EMBXPBR PRDCRD.BTHSEQ.MY20A2.EMV.MC.EMBXPCS PRDCRD.BTHSEQ.MY20A2.EMV.MC.EMBXPR PRDCRD.BTHSEQ.MY20A2.EMV.VI.EMBCB PRDCRD.BTHSEQ.MY20A2.EMV.VI.EMBCBBR PRDCRD.BTHSEQ.MY20A2.EMV.VI.EMBCBCS PRDCRD.BTHSEQ.MY20A2.EMV.VI.EMBPR PRDCRD.BTHSEQ.MY20A2.EMV.VI.EMBPRA PRDCRD.BTHSEQ.MY20A2.EMV.VI.EMBPRB PRDCRD.BTHSEQ.MY20A2.EMV.VI.EMBXCB,61,4,681,MY_JCL_Evidence.txt
MY,JCP0495D,CP607160 CP607170 CP607180 CP607190 CP607210 CP607220 CP608650 ICEGENER ICETOOL IDCAMS SORT,PRDCAQ.BTHVSM.MY20A2.QMMACT PRDCAQ.BTHVSM.MY20A2.QMMBUS PRDCAQ.BTHVSM.MY20A2.QMMMER PRDCAQ.BTHVSM.MY20A2.QMPSYSR PRDCRD.BTHBGD.MY20A2.MCR.DCTXN.GIRO(0) PRDCRD.BTHCTL.MY20A2(DYNALL32) PRDCRD.BTHCTL.MY20A2(ICP00177) PRDCRD.BTHLOD.MY20A2 PRDCRD.BTHPRM.MY20A2.FIN(ICP00128) PRDCRD.BTHPRM.MY20A2.FIN(ICP00372) PRDCRD.BTHSEQ.MY20A2.MCR.CHAIN PRDCRD.BTHSEQ.MY20A2.MCR.CHAIN1 PRDCRD.BTHSEQ.MY20A2.MCR.DCTXN.GIRO.BKP PRDCRD.BTHSEQ.MY20A2.MCR.EXPT.PAYMT PRDCRD.BTHSEQ.MY20A2.MCR.EXPT1 PRDCRD.BTHSEQ.MY20A2.MCR.EXPT2 PRDCRD.BTHSEQ.MY20A2.MCR.GIRO.PAYMT PRDCRD.BTHSEQ.MY20A2.MCR.GIRO.PAYMT.FINAL PRDCRD.BTHSEQ.MY20A2.MCR.GIRO.PAYMT.FINAL2 PRDCRD.BTHSEQ.MY20A2.MCR.GIRO1 PRDCRD.BTHSEQ.MY20A2.MCR.GIRO2 PRDCRD.BTHSEQ.MY20A2.MCR.PRE.CREDIT PRDCRD.BTHSEQ.MY20A2.MCR.PRE.CREDIT1,23,4,443,MY_JCL_Evidence.txt
MY,JCP0495H,CP605760 CP607350 SORT,PRDCIS.BTHVSM.MY20A2.CPBSYS PRDCRD.BTHBGD.MY20A2.MCR.DCTXN.GIRO(0) PRDCRD.BTHCTL.MY20A2(DYNALL32) PRDCRD.BTHLOD.MY20A2 PRDCRD.BTHSEQ.MY20A2.CBR.GIRO.PYMT PRDCRD.BTHSEQ.MY20A2.CBR.GIRO.PYMT.BKP PRDCRD.BTHSEQ.MY20A2.CLT.GIRO.PYMT PRDCRD.BTHSEQ.MY20A2.CLT.GIRO.PYMT.BKP PRDCRD.BTHSEQ.MY20A2.MCR.DCTXN.GIRO.BKP PRDCRD.BTHSEQ.MY20A2.UCL.GIRO.PYMT PRDCRD.BTHSEQ.MY20A2.UCL.GIRO.PYMT.BKP PRDCRD.ONLVSM.MY20A2.BRANCH PRDCRD.WRKSEQ.MY20A2.CBR.GIRO.PYMT PRDCRD.WRKSEQ.MY20A2.CLT.GIRO.PYMT PRDCRD.WRKSEQ.MY20A2.MCR.DCTXN.GIRO PRDCRD.WRKSEQ.MY20A2.UCL.GIRO.PYMT,16,4,176,MY_JCL_Evidence.txt
MY,JCP0495W,CP604650 CP607170 CP607180 CP607190 CP607210 CP607220 CP608650 CP614910 ETALK ICEGENER ICETOOL IDCAMS IEBDG SORT,PRDCAQ.BTHVSM.MY20A2.QMMACT PRDCAQ.BTHVSM.MY20A2.QMMBUS PRDCAQ.BTHVSM.MY20A2.QMMMER PRDCAQ.BTHVSM.MY20A2.QMPSYSR PRDCIS.BTHVSM.MY20A2.CPBSYS PRDCRD.BTHBGD.MY20A2.MCR.DCTXN.GIRO(0) PRDCRD.BTHCTL.MY20A2(DYNALL32) PRDCRD.BTHCTL.MY20A2(ICP00177) PRDCRD.BTHCTL.MY20A2(ICP00661) PRDCRD.BTHCTL.MY20A2(ICP01229) PRDCRD.BTHCTL.MY20A2(QMDGS000) PRDCRD.BTHLOD.MY20A2 PRDCRD.BTHPRM.MY20A2.FIN(ICP00128) PRDCRD.BTHPRM.MY20A2.FIN(ICP00372) PRDCRD.BTHSEQ.MY20A2.AGL.GLGIRO PRDCRD.BTHSEQ.MY20A2.AGL.GLRNTAS1 PRDCRD.BTHSEQ.MY20A2.CBR.GIRO.PYMT PRDCRD.BTHSEQ.MY20A2.CBR.GIRO.PYMT.BKP PRDCRD.BTHSEQ.MY20A2.CBR.GIRO.PYMT.FINAL PRDCRD.BTHSEQ.MY20A2.CLT.GIRO.PYMT PRDCRD.BTHSEQ.MY20A2.CLT.GIRO.PYMT.BKP PRDCRD.BTHSEQ.MY20A2.CLT.GIRO.PYMT.FINAL PRDCRD.BTHSEQ.MY20A2.ENC.GRENTAS PRDCRD.BTHSEQ.MY20A2.GIRO.CQBDTE PRDCRD.BTHSEQ.MY20A2.GIRO.CQD730 PRDCRD.BTHSEQ.MY20A2.GRENTAS PRDCRD.BTHSEQ.MY20A2.MCR.CHAIN PRDCRD.BTHSEQ.MY20A2.MCR.CHAIN1 PRDCRD.BTHSEQ.MY20A2.MCR.DCTXN.GIRO.BKP PRDCRD.BTHSEQ.MY20A2.MCR.EXPT.PAYMT PRDCRD.BTHSEQ.MY20A2.MCR.EXPT1 PRDCRD.BTHSEQ.MY20A2.MCR.EXPT2 PRDCRD.BTHSEQ.MY20A2.MCR.GIRO.PAYMT PRDCRD.BTHSEQ.MY20A2.MCR.GIRO.PAYMT.BEFORE PRDCRD.BTHSEQ.MY20A2.MCR.GIRO.PAYMT.FINAL PRDCRD.BTHSEQ.MY20A2.MCR.GIRO.PAYMT.FINAL2 PRDCRD.BTHSEQ.MY20A2.MCR.GIRO.PAYMT.FINAL3 PRDCRD.BTHSEQ.MY20A2.MCR.GIRO.PAYMT.MERGED PRDCRD.BTHSEQ.MY20A2.MCR.GIRO1 PRDCRD.BTHSEQ.MY20A2.MCR.GIRO2 PRDCRD.BTHSEQ.MY20A2.MCR.PRE.CREDIT PRDCRD.BTHSEQ.MY20A2.MCR.PRE.CREDIT1 PRDCRD.BTHSEQ.MY20A2.UCL.GIRO.PYMT PRDCRD.BTHSEQ.MY20A2.UCL.GIRO.PYMT.BKP PRDCRD.BTHSEQ.MY20A2.UCL.GIRO.PYMT.FINAL PRDCRD.ONLVSM.MY20A2.BRANCH PRDCRD.WRKSEQ.MY20A2.CP507171 PSUC.ONLLIB.LOADLIB PSUC.PAYMATE.ETALK.MASTER PSUC.UID.MFT.MY,50,8,833,MY_JCL_Evidence.txt
MY,JCP0497U,AUU000 AUU001 CP607400 CP607410 CP607480 CP616670 IDCAMS SORT,PRDCAU.BKPVSM.MY20A2.ISSLOGA.EOD.AFTER PRDCAU.BKPVSM.MY20A2.ISSLOGB.EOD.AFTER PRDCAU.BTHSEQ.MY20A2.ISSRPT PRDCAU.ONLVSM.MY20A2.AUSYS PRDCIS.BTHLOD.MY20A2 PRDCIS.BTHVSM.MY20A2.CPBSYS PRDCRD.BTHCTL.MY20A2(AUU001C) PRDCRD.BTHLOD.MY20A2 PRDCRD.BTHVSM.MY20A2.RDM.CRDPLT PRDCRD.WRKSEQ.MY20A2.ISSRPT.SORT1 PRDCRD.WRKSEQ.MY20A2.OASRPT.CP507271 PRDCRD.WRKSEQ.MY20A2.REJECT PRDCRD.WRKSEQ.MY20A2.REJECT.SORTED PRDCRD.WRKSEQ.MY20A2.REJECT1 PRDCRD.WRKSEQ.MY20A2.REJECT1.SORTED PRDCRD.WRKSEQ.MY20A2.XDATE PRDCSS.BTHLOD.MY20A2,17,3,279,MY_JCL_Evidence.txt
MY,JCP0498R,CP610310,PRDCIS.BTHLOD.MY20A2 PRDCIS.BTHVSM.MY20A2.CPBCUS PRDCIS.BTHVSM.MY20A2.CPBSYS PRDCRD.BTHLOD.MY20A2,4,3,20,MY_JCL_Evidence.txt
MY,JCP0505U,CP607360 CP607370 CP609490 ICEGENER SORT,&CNTLLIB(ICP00136) &CNTLLIB(ICP00137) &CNTLLIB(ICP00201) &CNTLLIB(ICPK0050) &CNTLLIB(ICPK0100) &ENV.CIS.BTHBGD.&VER.CPHST(0) &ENV.CIS.BTHVSM.&VER.CPBCRD &ENV.CIS.BTHVSM.&VER.CPBSYS &ENV.CIS.BTHVSM.&VER.CPSTMT &ENV.CIS.ONLVSM.&VER.CPOLS &ENV.CRD.BTHSEQ.&VER.MERTRXN &ENV.CRD.BTHSEQ.&VER.MREBATE &ENV.CRD.BTHSEQ.&VER.SAS.CPHST.FTP &ENV.CRD.BTHSEQ.&VER.SAS.CPOLS.FTP &ENV.CRD.BTHSEQ.&VER.SAS.CPSTMT.FTP &ENV.CRD.BTHSEQ.&VER.SAS.MERCHSAS.FTP &ENV.CRD.BTHSEQ.&VER.SAS.MREBATE.FTP &ENV.CRD.WRKSEQ.&VER.SAS.CPOLS.FTP &ENV.CRD.WRKSEQ.&VER.SAS.CPSTMT.FTP &ENV.CRD.WRKSEQ.&VER.SAS.MERTRXN PRDCRD.BTHSEQ.MY20A2.SAS.CPHST.FTP PRDCRD.BTHSEQ.MY20A2.SAS.CPOLS.FTP PRDCRD.BTHSEQ.MY20A2.SAS.CPSTMT.FTP PRDCRD.BTHSEQ.MY20A2.SAS.MERCHSAS.FTP PRDCRD.BTHSEQ.MY20A2.SAS.MREBATE.FTP PRDCRD.WRKSEQ.MY20A2.CPOLS.FTP PRDCRD.WRKSEQ.MY20A2.CPSTMT.FTP PRDCRD.WRKSEQ.MY20A2.SAS.CPOLS.FTP PRDCRD.WRKSEQ.MY20A2.SAS.CPSTMT.FTP PRDCRD.WRKSEQ.MY20A2.SAS.MERTRXN,30,33,218,MY_JCL_Evidence.txt
MY,JCP0506U,CP607490 ICEGENER IDCAMS SORT,&CNTLLIB(ICPK0050) PRDCIS.BTHLOD.MY20A2 PRDCIS.BTHSEQ.MY20A2.GLFSAHCI.SRT PRDCIS.BTHSEQ.MY20A2.SAS.GLFSAHCI.FTP PRDCIS.BTHVSM.MY20A2.CPBCRD PRDCIS.BTHVSM.MY20A2.CPBCUS PRDCIS.BTHVSM.MY20A2.CPBPLT PRDCIS.ONLVSM.MY20A2.CPADD PRDCIS.ONLVSM.MY20A2.CPCLTE PRDCIS.ONLVSM.MY20A2.CPCMA PRDCIS.ONLVSM.MY20A2.CPZCMF PRDCRD.BKPVSM.MY20A2.TNGERL.JCP0506U PRDCRD.BTHCTL.MY20A2(DYNALL32) PRDCRD.BTHCTL.MY20A2(ICP00138) PRDCRD.BTHCTL.MY20A2(ICPK0050) PRDCRD.BTHCTL.MY20A2(ICPK2000) PRDCRD.BTHCTL.MY20A2(ICPK3000) PRDCRD.BTHLOD.MY20A2 PRDCRD.BTHSEQ.MY20A2.BTHLARGE.SASCD PRDCRD.BTHSEQ.MY20A2.SAS.CPADD.FTP PRDCRD.BTHSEQ.MY20A2.SAS.CPADD.FTP.ONLLARGE PRDCRD.BTHSEQ.MY20A2.SAS.CPCLTE.FTP PRDCRD.BTHSEQ.MY20A2.SAS.CPCMA.FTP PRDCRD.BTHSEQ.MY20A2.SAS.CPCUS.FTP PRDCRD.BTHSEQ.MY20A2.SAS.CPPLT.FTP PRDCRD.BTHSEQ.MY20A2.SAS.CPZCMF.FTP PRDCRD.BTHSEQ.MY20A2.SAS.TNGERL.FTP PRDCRD.WRKSEQ.MY20A2.SAS.CPCUS.FTP PRDCRD.WRKSEQ.MY20A2.SAS.CPZCMF.FTP PRDCRD.WRKSEQ.MY20A2.SAS.TNGERL.FTP,30,5,360,MY_JCL_Evidence.txt
MY,JCP0507U,ICEGENER IDCAMS SORT,&CNTLLIB(ICPK0050) &CNTLLIB(ICPK0100) &CNTLLIB(ICPK0250) &CNTLLIB(ICPK0500) &ENV.CAQ.BTHSEQ.&VER.MERGED.QMBTPT &ENV.CAQ.BTHVSM.&VER.QMMACT &ENV.CAQ.BTHVSM.&VER.QMMBLC &ENV.CAQ.BTHVSM.&VER.QMMBUS &ENV.CAQ.BTHVSM.&VER.QMMCNT &ENV.CAQ.BTHVSM.&VER.QMMDTTL &ENV.CAQ.BTHVSM.&VER.QMMMER &ENV.CAQ.BTHVSM.&VER.QMMPRF &ENV.CAQ.BTHVSM.&VER.QMMSTAT &ENV.CAQ.BTHVSM.&VER.QMPATI &ENV.CAQ.BTHVSM.&VER.QMPDIS &ENV.CAQ.BTHVSM.&VER.QMPPGO &ENV.CAQ.BTHVSM.&VER.QMSPTM &ENV.CAQ.BTHVSM.&VER.QMTMPT &ENV.CAQ.ONLVSM.&VER.QMPCRI &ENV.CIS.BTHVSM.&VER.CPBCRD &ENV.CRD.BTHSEQ.&VER.SAS.QMBTPT.FTP &ENV.CRD.BTHSEQ.&VER.SAS.QMMACT.FTP &ENV.CRD.BTHSEQ.&VER.SAS.QMMBLC.FTP &ENV.CRD.BTHSEQ.&VER.SAS.QMMBUS.FTP &ENV.CRD.BTHSEQ.&VER.SAS.QMMCNT.FTP &ENV.CRD.BTHSEQ.&VER.SAS.QMMDTTL.FTP &ENV.CRD.BTHSEQ.&VER.SAS.QMMHDR &ENV.CRD.BTHSEQ.&VER.SAS.QMMMER.FTP &ENV.CRD.BTHSEQ.&VER.SAS.QMMPRF.FTP &ENV.CRD.BTHSEQ.&VER.SAS.QMMSTAT.FTP &ENV.CRD.BTHSEQ.&VER.SAS.QMPATI.FTP &ENV.CRD.BTHSEQ.&VER.SAS.QMPCRI.FTP &ENV.CRD.BTHSEQ.&VER.SAS.QMPDIS.FTP &ENV.CRD.BTHSEQ.&VER.SAS.QMPPGO.FTP &ENV.CRD.BTHSEQ.&VER.SAS.QMSPTM.FTP &ENV.CRD.BTHSEQ.&VER.SAS.QMTMPT.BTHLARGE &ENV.CRD.WRKSEQ.&VER.SAS.QMMACT &ENV.CRD.WRKSEQ.&VER.SAS.QMMBLC &ENV.CRD.WRKSEQ.&VER.SAS.QMMBUS &ENV.CRD.WRKSEQ.&VER.SAS.QMMCNT &ENV.CRD.WRKSEQ.&VER.SAS.QMMDTTL &ENV.CRD.WRKSEQ.&VER.SAS.QMMMER &ENV.CRD.WRKSEQ.&VER.SAS.QMMPRF &ENV.CRD.WRKSEQ.&VER.SAS.QMMSTAT &ENV.CRD.WRKSEQ.&VER.SAS.QMPATI &ENV.CRD.WRKSEQ.&VER.SAS.QMPCRI &ENV.CRD.WRKSEQ.&VER.SAS.QMPDIS &ENV.CRD.WRKSEQ.&VER.SAS.QMPPGO &ENV.CRD.WRKSEQ.&VER.SAS.QMSPTM &ENV.CRD.WRKSEQ.&VER.SAS.QMTMPT,82,31,648,MY_JCL_Evidence.txt
MY,JCP05081,CP60088 CP60129 CP606950 CP613890 CP620490 ICEGENER IDCAMS SORT,&CNTLLIB(ICP01407) &CNTLLIB(ICPK0100) &ENV.CIS.BTHVSM.&VER.CPBCUS &ENV.CIS.BTHVSM.&VER.CPBPLT &ENV.CIS.BTHVSM.&VER.CPBSYS &ENV.CRD.BTHSEQ.&VER.EMV.MC.DTS.RNW.CLEAR &ENV.CRD.BTHSEQ.&VER.EMV.R.VCC.MC.CLR &ENV.CRD.WRKSEQ.&VER.EMV.R.CPEMBV.VCC &ENV.CRD.WRKVSM.&VER.EMV.R.CPEMBV.VCC PRDCIS.BTHSEQ.MY20A2.EMV.CPREEMBA PRDCIS.BTHVSM.MY20A2.CPBCRD PRDCIS.BTHVSM.MY20A2.CPBCUS PRDCIS.BTHVSM.MY20A2.CPBPLT PRDCIS.BTHVSM.MY20A2.CPBSYS PRDCRD.BTHCTL.MY20A2(ICP00012) PRDCRD.BTHPRM.MY20A2.SUP(ICP00448) PRDCRD.BTHSEQ.MY20A2.EMV.JC.RENEW.CLEAR PRDCRD.BTHSEQ.MY20A2.EMV.KH.RENEW.CLEAR PRDCRD.BTHSEQ.MY20A2.EMV.MC.MPH.RNW.CLEAR PRDCRD.BTHSEQ.MY20A2.EMV.MC.RENEW.CLEAR.TMP PRDCRD.BTHSEQ.MY20A2.EMV.R.DBGEMB.JCB PRDCRD.BTHSEQ.MY20A2.EMV.R.DBGEMB.MC PRDCRD.BTHSEQ.MY20A2.EMV.R.DBGEMB.RESULT PRDCRD.BTHSEQ.MY20A2.EMV.R.DBGEMB.VISA PRDCRD.BTHSEQ.MY20A2.EMV.R.ICCEMB.MC PRDCRD.BTHSEQ.MY20A2.EMV.R.ICCEMB.RESULT PRDCRD.BTHSEQ.MY20A2.EMV.R.ICCEMB.VISA PRDCRD.BTHSEQ.MY20A2.EMV.R.KHEMB.RESULT PRDCRD.BTHSEQ.MY20A2.EMV.R.KHEMB.VISA PRDCRD.BTHSEQ.MY20A2.EMV.R.VMCEMB.JCB PRDCRD.BTHSEQ.MY20A2.EMV.R.VMCEMB.MC PRDCRD.BTHSEQ.MY20A2.EMV.R.VMCEMB.RESULT PRDCRD.BTHSEQ.MY20A2.EMV.R.VMCEMB.VISA PRDCRD.BTHSEQ.MY20A2.EMV.R.WHSEMB.MC PRDCRD.BTHSEQ.MY20A2.EMV.R.WHSEMB.RESULT PRDCRD.BTHSEQ.MY20A2.EMV.VS.DTS.RNW.CLEAR PRDCRD.BTHSEQ.MY20A2.EMV.VS.MPH.RNW.CLEAR PRDCRD.BTHSEQ.MY20A2.EMV.VS.RENEW.CLEAR PRDCRD.BTHSEQ.MY20A2.EMV.VS.TNG.RNW.CLEAR PRDCRD.WRKSEQ.MY20A2.EMV.R.CPEMBV.ICC PRDCRD.WRKSEQ.MY20A2.EMV.R.CPEMBV.KH PRDCRD.WRKSEQ.MY20A2.EMV.R.CPEMBV.WHS PRDCRD.WRKSEQ.MY20A2.EMV.R.CPEMBV1 PRDCRD.WRKSEQ.MY20A2.EMV.R.CPEMBV1.SORT PRDCRD.WRKSEQ.MY20A2.EMV.R.CPEMBV2 PRDCRD.WRKVSM.MY20A2.EMV.R.CPEMBV.ICC PRDCRD.WRKVSM.MY20A2.EMV.R.CPEMBV.KH PRDCRD.WRKVSM.MY20A2.EMV.R.CPEMBV.WHS PRDCRD.WRKVSM.MY20A2.EMV.R.CPEMBV1 PRDCRD.WRKVSM.MY20A2.EMV.R.CPEMBV2,52,20,747,MY_JCL_Evidence.txt
MY,JCP05082,IDCAMS SORT,&CNTLLIB(ICPK0100) PRDCRD.BTHSEQ.MY20A2.EMV.MC.RENEW.CLEAR PRDCRD.BTHSEQ.MY20A2.EMV.MC.RENEW.CLEAR.BCP PRDCRD.BTHSEQ.MY20A2.EMV.MC.RENEW.CLEAR.TMP,4,15,41,MY_JCL_Evidence.txt
MY,JCP05083,CP612140 CP612420 ETALK ICEGENER IDCAMS SORT,&CNTLLIB(ICP01390) &CNTLLIB(ICP01403) &ENV.CIS.BTHVSM.&VER.CPBSYS &ENV.CRD.BTHSEQ.&VER.EMV.JC.RENEW &ENV.CRD.BTHSEQ.&VER.EMV.KH.RENEW &ENV.CRD.BTHSEQ.&VER.EMV.MC.BCP.RNW &ENV.CRD.BTHSEQ.&VER.EMV.MC.DTS.RNW &ENV.CRD.BTHSEQ.&VER.EMV.MC.DTS.RNW.CLEAR &ENV.CRD.BTHSEQ.&VER.EMV.MC.MPH.RNW &ENV.CRD.BTHSEQ.&VER.EMV.MC.RENEW &ENV.CRD.BTHSEQ.&VER.EMV.R.VCC.MC &ENV.CRD.BTHSEQ.&VER.EMV.R.VCC.MC.CLR &ENV.CRD.BTHSEQ.&VER.EMV.VS.DTS.RNW &ENV.CRD.BTHSEQ.&VER.EMV.VS.DTS.RNW.CLEAR &ENV.CRD.BTHSEQ.&VER.EMV.VS.MPH.RNW &ENV.CRD.BTHSEQ.&VER.EMV.VS.RENEW &ENV.CRD.BTHSEQ.&VER.EMV.VS.TNG.RNW &ENV.CRD.BTHSEQ.&VER.R.VCC.MC.CTL &ENV.CRD.BTHSEQ.&VER.R.VCC.MC.CTL.CLR &ENV.CRD.ONLVSM.&VER.CCTRLF PRDCRD.BTHCTL.MY20A2(ICP00378) PRDCRD.BTHCTL.MY20A2(ICP00435) PRDCRD.BTHCTL.MY20A2(ICP01031) PRDCRD.BTHCTL.MY20A2(ICP0104C) PRDCRD.BTHSEQ.MY20A2.EMV.JC.RENEW PRDCRD.BTHSEQ.MY20A2.EMV.JC.RENEW.CLEAR PRDCRD.BTHSEQ.MY20A2.EMV.KH.RENEW PRDCRD.BTHSEQ.MY20A2.EMV.KH.RENEW.CLEAR PRDCRD.BTHSEQ.MY20A2.EMV.MC.BCP.RNW PRDCRD.BTHSEQ.MY20A2.EMV.MC.MPH.RNW PRDCRD.BTHSEQ.MY20A2.EMV.MC.MPH.RNW.CLEAR PRDCRD.BTHSEQ.MY20A2.EMV.MC.RENEW PRDCRD.BTHSEQ.MY20A2.EMV.MC.RENEW.CLEAR PRDCRD.BTHSEQ.MY20A2.EMV.MC.RENEW.CLEAR.BCP PRDCRD.BTHSEQ.MY20A2.EMV.VS.MPH.RNW PRDCRD.BTHSEQ.MY20A2.EMV.VS.MPH.RNW.CLEAR PRDCRD.BTHSEQ.MY20A2.EMV.VS.RENEW PRDCRD.BTHSEQ.MY20A2.EMV.VS.RENEW.CLEAR PRDCRD.BTHSEQ.MY20A2.EMV.VS.TNG.RNW PRDCRD.BTHSEQ.MY20A2.EMV.VS.TNG.RNW.CLEAR PRDCRD.ONLVSM.MY20A2.CCTRLF PSUC.PAYMATE.ETALK.MASTER PSUC.UID.EFTP.MY.CASSIS PSUC.UID.EFTP.MY.GEMALTO,44,12,260,MY_JCL_Evidence.txt
MY,JCP0508U,CP60088 CP60129 CP606950 CP612140 CP612420 CP613890 CP620490 ETALK ICEGENER IDCAMS SORT,&CNTLLIB(ICP01390) &CNTLLIB(ICP01403) &CNTLLIB(ICP01407) &CNTLLIB(ICPK0100) &ENV.CIS.BTHVSM.&VER.CPBCAX &ENV.CIS.BTHVSM.&VER.CPBCUS &ENV.CIS.BTHVSM.&VER.CPBPLT &ENV.CIS.BTHVSM.&VER.CPBSYS &ENV.CRD.BTHSEQ.&VER.EMV.MC.DTS.RNW &ENV.CRD.BTHSEQ.&VER.EMV.MC.DTS.RNW.CLEAR &ENV.CRD.BTHSEQ.&VER.EMV.R.VCC.MC &ENV.CRD.BTHSEQ.&VER.EMV.R.VCC.MC.CLR &ENV.CRD.BTHSEQ.&VER.EMV.VS.DTS.RNW &ENV.CRD.BTHSEQ.&VER.EMV.VS.DTS.RNW.CLEAR &ENV.CRD.BTHSEQ.&VER.R.VCC.MC.CTL &ENV.CRD.BTHSEQ.&VER.R.VCC.MC.CTL.CLR &ENV.CRD.ONLVSM.&VER.CCTRLF &ENV.CRD.WRKSEQ.&VER.EMV.R.CPEMBV.VCC &ENV.CRD.WRKVSM.&VER.EMV.R.CPEMBV.VCC PRDCIS.BTHSEQ.MY20A2.EMV.CPREEMBA PRDCIS.BTHVSM.MY20A2.CPBCRD PRDCIS.BTHVSM.MY20A2.CPBCUS PRDCIS.BTHVSM.MY20A2.CPBPLT PRDCIS.BTHVSM.MY20A2.CPBSYS PRDCRD.BTHCTL.MY20A2(ICP00012) PRDCRD.BTHCTL.MY20A2(ICP00378) PRDCRD.BTHCTL.MY20A2(ICP00435) PRDCRD.BTHCTL.MY20A2(ICP01031) PRDCRD.BTHCTL.MY20A2(ICP01046) PRDCRD.BTHPRM.MY20A2.SUP(ICP00448) PRDCRD.BTHSEQ.MY20A2.EMV.JC.RENEW PRDCRD.BTHSEQ.MY20A2.EMV.JC.RENEW.CLEAR PRDCRD.BTHSEQ.MY20A2.EMV.KH.RENEW PRDCRD.BTHSEQ.MY20A2.EMV.KH.RENEW.CLEAR PRDCRD.BTHSEQ.MY20A2.EMV.MC.MPH.RNW PRDCRD.BTHSEQ.MY20A2.EMV.MC.MPH.RNW.CLEAR PRDCRD.BTHSEQ.MY20A2.EMV.MC.RENEW PRDCRD.BTHSEQ.MY20A2.EMV.MC.RENEW.CLEAR PRDCRD.BTHSEQ.MY20A2.EMV.R.DBGEMB.JCB PRDCRD.BTHSEQ.MY20A2.EMV.R.DBGEMB.MC PRDCRD.BTHSEQ.MY20A2.EMV.R.DBGEMB.RESULT PRDCRD.BTHSEQ.MY20A2.EMV.R.DBGEMB.VISA PRDCRD.BTHSEQ.MY20A2.EMV.R.ICCEMB.MC PRDCRD.BTHSEQ.MY20A2.EMV.R.ICCEMB.RESULT PRDCRD.BTHSEQ.MY20A2.EMV.R.ICCEMB.VISA PRDCRD.BTHSEQ.MY20A2.EMV.R.KHEMB.RESULT PRDCRD.BTHSEQ.MY20A2.EMV.R.KHEMB.VISA PRDCRD.BTHSEQ.MY20A2.EMV.R.VMCEMB.JCB PRDCRD.BTHSEQ.MY20A2.EMV.R.VMCEMB.MC PRDCRD.BTHSEQ.MY20A2.EMV.R.VMCEMB.RESULT,77,61,1045,MY_JCL_Evidence.txt
MY,JCP0509R,CP603580 CP606980 CP606990 CP609580 CP612420 ETALK ICETOOL IDCAMS SORT,&ENV.CIS.BTHVSM.&VER.CPBCUS &ENV.CIS.BTHVSM.&VER.CPBSYS &ENV.CRD.WRKSEQ.&VER.EMV.R.MC.EMBXPBR &ENV.CRD.WRKSEQ.&VER.EMV.R.MC.EMBXPCS &ENV.CRD.WRKSEQ.&VER.EMV.R.MC.EMBXPR &ENV.CRD.WRKSEQ.&VER.EMV.R.VI.EMBXPBR &ENV.CRD.WRKSEQ.&VER.EMV.R.VI.EMBXPCS &ENV.CRD.WRKSEQ.&VER.EMV.R.VI.EMBXPR PRDCIS.BTHLOD.MY20A2 PRDCIS.BTHVSM.MY20A2.CPBCUS PRDCIS.BTHVSM.MY20A2.CPBSYS PRDCRD.BTHCTL.MY20A2(ICP00806) PRDCRD.BTHCTL.MY20A2(ICP00807) PRDCRD.BTHCTL.MY20A2(ICPK0050) PRDCRD.BTHLOD.MY20A2 PRDCRD.BTHPRM.MY20A2.SUP(ICP00793) PRDCRD.BTHPRM.MY20A2.SUP(ICP00808) PRDCRD.BTHSEQ.MY20A2.EMV.CONSIGNR.COMBI PRDCRD.BTHSEQ.MY20A2.EMV.CONSIGNR.VMC PRDCRD.BTHSEQ.MY20A2.EMV.R.DBGEMB.JCB PRDCRD.BTHSEQ.MY20A2.EMV.R.DBGEMB.MC PRDCRD.BTHSEQ.MY20A2.EMV.R.DBGEMB.VISA PRDCRD.BTHSEQ.MY20A2.EMV.R.ICCEMB.MC PRDCRD.BTHSEQ.MY20A2.EMV.R.VMCEMB.JCB PRDCRD.BTHSEQ.MY20A2.EMV.R.VMCEMB.MC PRDCRD.BTHSEQ.MY20A2.EMV.R.VMCEMB.VISA PRDCRD.BTHSEQ.MY20A2.FTP.CONSIGNR.COMBI PRDCRD.BTHSEQ.MY20A2.FTP.CONSIGNR.XCOMBI PRDCRD.ONLVSM.MY20A2.CCTRLF PRDCRD.WRKSEQ.MY20A2.EMV.R.MC.EMBICBR PRDCRD.WRKSEQ.MY20A2.EMV.R.MC.EMBICCS PRDCRD.WRKSEQ.MY20A2.EMV.R.MC.EMBPR PRDCRD.WRKSEQ.MY20A2.EMV.R.MC.EMBPRA PRDCRD.WRKSEQ.MY20A2.EMV.R.MC.EMBPRB PRDCRD.WRKSEQ.MY20A2.EMV.R.MC.EMBXPBR PRDCRD.WRKSEQ.MY20A2.EMV.R.MC.EMBXPCS PRDCRD.WRKSEQ.MY20A2.EMV.R.MC.EMBXPR PRDCRD.WRKSEQ.MY20A2.EMV.R.VI.EMBCB PRDCRD.WRKSEQ.MY20A2.EMV.R.VI.EMBPR PRDCRD.WRKSEQ.MY20A2.EMV.R.VI.EMBPRA PRDCRD.WRKSEQ.MY20A2.EMV.R.VI.EMBPRB PRDCRD.WRKSEQ.MY20A2.EMV.R.VI.EMBXCB PRDCRD.WRKSEQ.MY20A2.EMV.R.VI.EMBXPBR PRDCRD.WRKSEQ.MY20A2.EMV.R.VI.EMBXPCS PRDCRD.WRKSEQ.MY20A2.EMV.R.VI.EMBXPR PSUC.ONLLIB.LOADLIB PSUC.PAYMATE.ETALK.MASTER PSUC.UID.EFTP.MY.CASSIS PSUC.UID.EFTP.MY.GEMALTO,49,17,634,MY_JCL_Evidence.txt
MY,JCP0512U,CP607540 CP607550 ICEGENER IDCAMS SORT,PRDCAQ.BTHVSM.MY20A2.QMMBUS PRDCAQ.BTHVSM.MY20A2.QMMCNT PRDCAQ.BTHVSM.MY20A2.QMMMER PRDCAQ.BTHVSM.MY20A2.QMPATI PRDCIS.BTHVSM.MY20A2.CPBSYS PRDCIS.ONLVSM.MY20A2.CPPFX.PATH PRDCRD.BTHCTL.MY20A2(ICP00140) PRDCRD.BTHLOD.MY20A2 PRDCRD.BTHSEQ.MY20A2.RPS.DLY PRDCRD.BTHSEQ.MY20A2.RPS.DLY.CPTUI,10,3,85,MY_JCL_Evidence.txt
MY,JCP0512X,CP607540 CP607550 IDCAMS IEBGENER SORT,PRDCAQ.BTHVSM.MY20A2.QMMBUS PRDCAQ.BTHVSM.MY20A2.QMMCNT PRDCAQ.BTHVSM.MY20A2.QMMMER PRDCAQ.BTHVSM.MY20A2.QMPATI PRDCIS.BTHVSM.MY20A2.CPBSYS PRDCIS.ONLVSM.MY20A2.CPPFX.PATH PRDCRD.BTHLOD.MY20A2 PRDCRD.BTHSEQ.MY20A2.RPS.DLY.CPTUI.EXXXXXX PRDCRD.BTHSEQ.MY20A2.RPS.DLY.EXXXXXX,9,12,95,MY_JCL_Evidence.txt
MY,JCP0512Y,ICEGENER IDCAMS,PRDCRD.BTHSEQ.MY20A2.RPS.DLY.CPTUI,1,12,26,MY_JCL_Evidence.txt
MY,JCP0523U,CP607720 FTP IEFBR14,PRDCRD.BTHCTL.MY20A2(ICP00143) PRDCRD.BTHCTL.MY20A2(ICP00148) PRDCRD.BTHLOD.MY20A2 PRDIMX.BTHSEQ.MY20A2.STSCHRG,4,4,42,MY_JCL_Evidence.txt
MY,JCP0524U,FTP,PRDCRD.BTHCTL.MY20A2(ICP00146),1,7,12,MY_JCL_Evidence.txt
MY,JCP0525U,FTP ICEGENER,PRDCRD.BTHCTL.MY20A2(ICP00147) PRDIMX.BTHSEQ.MY20A2.CXMEX.JCB.MERGE,2,13,24,MY_JCL_Evidence.txt
MY,JCP0531U,CP607830 CP607840 CP607850 ICEMAN IDCAMS SORT,PRDCIS.BTHLOD.MY20A2 PRDCIS.BTHSEQ.MY20A2.CPBACS PRDCIS.BTHVSM.MY20A2.CPBCRD PRDCIS.BTHVSM.MY20A2.CPBCUS PRDCIS.BTHVSM.MY20A2.CPBSYS PRDCRD.BTHCTL.MY20A2(ICP01175) PRDCRD.BTHLOD.MY20A2 PRDCRD.BTHSEQ.MY20A2.ADB.CCARD.SORT PRDCRD.BTHSEQ.MY20A2.ADB.IMREGDD PRDCRD.WRKSEQ.MY20A2.ADB.ADEBIT.ALLTEL PRDCRD.WRKSEQ.MY20A2.ADB.ALLTELDT PRDCRD.WRKSEQ.MY20A2.ADB.ALLTELHD PRDCRD.WRKSEQ.MY20A2.ADB.CCARD.UNSORT PRDCRD.WRKSEQ.MY20A2.ADB.CPBACSB PRDCRD.WRKSEQ.MY20A2.ADB.CPDRFL.SORTED PSUC.UID.MFT.MY,16,11,181,MY_JCL_Evidence.txt
MY,JCP0532U,CP607860 IDCAMS,PRDCIS.BTHLOD.MY20A2 PRDCIS.BTHVSM.MY20A2.CPBCRD PRDCIS.BTHVSM.MY20A2.CPBCUS PRDCIS.BTHVSM.MY20A2.CPBSYS PRDCRD.BTHCTL.MY20A2(ICP00166) PRDCRD.BTHCTL.MY20A2(ICP00529) PRDCRD.BTHLOD.MY20A2 PRDCRD.BTHSEQ.MY20A2.HRM.HRMIS.OUT PSUC.UID.MFT.MY,9,4,64,MY_JCL_Evidence.txt
MY,JCP0533U,CP607870 CP616460 ICEGENER ICEMAN IDCAMS SORT,PRDCIS.BTHVSM.MY20A2.CPBCRD PRDCIS.BTHVSM.MY20A2.CPBSYS PRDCRD.BTHCTL.MY20A2(ICP00529) PRDCRD.BTHCTL.MY20A2(ICP01176) PRDCRD.BTHLOD.MY20A2 PRDCRD.BTHSEQ.MY20A2.ADB.ADVICE PRDCRD.BTHSEQ.MY20A2.ADB.CPTUI.ADEBIT.SORTED PRDCRD.WRKSEQ.MY20A2.ADB.ADVICE.CCARD.SORTE2 PRDCRD.WRKSEQ.MY20A2.ADB.ADVICE.CCARD.SORTE3 PRDCRD.WRKSEQ.MY20A2.ADB.ADVICE.CCARD.SORTED PRDCRD.WRKSEQ.MY20A2.ADB.CPTUI.ADEBIT PSUC.UID.MFT.MY,12,8,150,MY_JCL_Evidence.txt
MY,JCP0537U,CP606210 CP607330 CP607890 CP608590 IDCAMS IEFBR14 SORT,PRDCAQ.BTHSEQ.MY20A2.CQD720.CQMPMT PRDCAQ.BTHVSM.MY20A2.QMMACT PRDCAQ.BTHVSM.MY20A2.QMMBUS PRDCAQ.BTHVSM.MY20A2.QMMMER PRDCAQ.BTHVSM.MY20A2.QMPSYSR PRDCRD.BTHBGD.MY20A2.MCR.DCTXN.GIRO(+1) PRDCRD.BTHCTL.MY20A2(ICP01336) PRDCRD.BTHLOD.MY20A2 PRDCRD.BTHSEQ.MY20A2.AGL.GLCSHORD PRDCRD.BTHSEQ.MY20A2.MCR.BCBTXN PRDCRD.BTHSEQ.MY20A2.MCR.BCBTXN.MERGE PRDCRD.BTHSEQ.MY20A2.MCR.BCBTXN.OUT PRDCRD.BTHSEQ.MY20A2.MCR.BCBTXN.PDB PRDCRD.BTHSEQ.MY20A2.MCR.DCTXN PRDCRD.BTHVSM.MY20A2.PRMETER PRDCRD.WRKSEQ.MY20A2.MCR.DCTXN.GIRO PRDCRD.WRKSEQ.MY20A2.MCR.MASMPYMT PRDCRD.WRKVSM.MY20A2.MCR.MAS.DCRPT PRDCRD.WRKVSM.MY20A2.MCR.MAS.DCRPT1 PRDCRD.WRKVSM.MY20A2.MCR.MAS.MCHCO PRDCRD.WRKVSM.MY20A2.MCR.MAS.MCHCO.SRT PRDCRD.WRKVSM.MY20A2.MCR.MAS.MCHCO1 PRDCRD.WRKVSM.MY20A2.MCR.MAS.SRTRPT PRDEDC.BTHBGD.MY20A2.TOAMEDC1(0),24,8,347,MY_JCL_Evidence.txt
MY,JCP0537Y,IDCAMS SORT,PRDCRD.BKPSEQ.MY20A2.MCR.BCBTXN.OUT PRDCRD.BTHSEQ.MY20A2.MCR.BCBTXN.OUT,2,11,26,MY_JCL_Evidence.txt
MY,JCP0538F,SORT,PRDCIS.BTHVSM.MY20A2.CPBSYS PRDCRD.BTHCTL.MY20A2(ICP00159) PRDCRD.BTHCTL.MY20A2(ICP01227) PSUC.UID.MFT.MY,4,20,43,MY_JCL_Evidence.txt
MY,JCP0538U,CP604650 CP607920 CP608840 CP610710 ICEGENER ICETOOL IDCAMS ISRSUPC SORT,NULLFILE PRDCAQ.BTHVSM.MY20A2.QMMACT PRDCAQ.BTHVSM.MY20A2.QMMBUS PRDCAQ.BTHVSM.MY20A2.QMMMER PRDCAQ.BTHVSM.MY20A2.QMPSYSR PRDCAQ.ONLVSM.MY20A2.QMMBUS PRDCIS.BTHVSM.MY20A2.CPBSYS PRDCRD.BTHCTL.MY20A2(DYNALL32) PRDCRD.BTHCTL.MY20A2(ICP00159) PRDCRD.BTHCTL.MY20A2(ICP01227) PRDCRD.BTHCTL.MY20A2(ICPK0050) PRDCRD.BTHPRM.MY20A2.FIN(ICP00151) PRDCRD.BTHPRM.MY20A2.SUP(ICP00160) PRDCRD.BTHSEQ.MY20A2.CBR.DIRC.PYMT PRDCRD.BTHSEQ.MY20A2.CLT.DIRC.PYMT PRDCRD.BTHSEQ.MY20A2.MCR.ALLADJ PRDCRD.BTHSEQ.MY20A2.MCR.ALLTEL PRDCRD.BTHSEQ.MY20A2.MCR.ALLTEL.FINAL PRDCRD.BTHSEQ.MY20A2.MCR.ALLTEL.SPACE PRDCRD.BTHSEQ.MY20A2.MCR.BCBTXN.DAY7 PRDCRD.BTHSEQ.MY20A2.MCR.BCBTXN.MERGE PRDCRD.BTHSEQ.MY20A2.MCR.BCBTXN.MERGE.ALL PRDCRD.BTHSEQ.MY20A2.MCR.BCBTXN.OUT PRDCRD.BTHSEQ.MY20A2.MCR.BCBTXN.PDB PRDCRD.BTHSEQ.MY20A2.UCL.DIRC.PYMT PRDCRD.ONLVSM.MY20A2.BRANCH PSUC.UID.MFT.MY XXXXX,28,26,359,MY_JCL_Evidence.txt
MY,JCP0538Y,IDCAMS SORT,PRDCRD.BKPSEQ.MY20A2.MCR.BCBTXN.MERGE PRDCRD.BTHSEQ.MY20A2.MCR.BCBTXN.MERGE,2,11,26,MY_JCL_Evidence.txt
MY,JCP0538Z,,PRDCRD.BTHCTL.MY20A2(ICP00159),1,9,9,MY_JCL_Evidence.txt
MY,JCP0540R,CP607900 CP607910 CP607940 CP607950 CP607960 CP607970 CP611060 CP612670 CP612940 ICETOOL IDCAMS SORT,PRDCAQ.BTHSEQ.MY20A2.MERCON PRDCAQ.BTHVSM.MY20A2.QMMBUS PRDCAQ.BTHVSM.MY20A2.QMPSYSR PRDCIS.BTHLOD.MY20A2 PRDCIS.BTHVSM.MY20A2.CPBSYS PRDCRD.BTHCTL.MY20A2(ICP00164) PRDCRD.BTHCTL.MY20A2(ICP00420) PRDCRD.BTHLOD.MY20A2 PRDCRD.BTHSEQ.MY20A2.AGL.PDB.MDR.O PRDCRD.BTHSEQ.MY20A2.MDRTRX PRDCRD.BTHSEQ.MY20A2.MDRTRX.ABOVE2 PRDCRD.BTHSEQ.MY20A2.MDRTRX.BELOW2 PRDCRD.BTHSEQ.MY20A2.MDRTRX.GHLCHAIN PRDCRD.BTHSEQ.MY20A2.MDRTRX.POSCHAIN PRDCRD.BTHSEQ.MY20A2.MERCHFL PRDCRD.BTHSEQ.MY20A2.MERCHFL.SORT PRDCRD.BTHSEQ.MY20A2.MERCHFL.SORT1 PRDCRD.BTHSEQ.MY20A2.MERCHFL.SORT1.OMIT PRDCRD.BTHSEQ.MY20A2.MERCHFL.SORT2 PRDCRD.BTHSEQ.MY20A2.MERCHFL.SORT2.#001 PRDCRD.BTHSEQ.MY20A2.MERCHFL.SORT2.#008 PRDCRD.BTHSEQ.MY20A2.MERCHFL.SORT2.#009 PRDCRD.BTHSEQ.MY20A2.MERCHFL.SORT2.OTHERS PRDCRD.BTHSEQ.MY20A2.PETTRX PRDCRD.BTHSEQ.MY20A2.PETTRX.SORT PRDCRD.BTHSEQ.MY20A2.PETTRXIN PRDCRD.BTHSEQ.MY20A2.PETTRXIN.SORT PRDCRD.BTHSEQ.MY20A2.PETTRXOU PRDCRD.BTHSEQ.MY20A2.PETTRXOU.SORT PRDCSS.BTHLOD.MY20A2,30,3,473,MY_JCL_Evidence.txt
MY,JCP0542R,CP608010 CP613420 CP613430 SORT,&ENV.CIS.BTHVSM.&VER.CPBCMA &ENV.CIS.BTHVSM.&VER.CPBCRD &ENV.CIS.BTHVSM.&VER.CPBCUS &ENV.CIS.BTHVSM.&VER.CPBPLT &ENV.CIS.BTHVSM.&VER.CPBSYS &ENV.IMX.BTHSEQ.&VER.CXTFO.POST PRDCIS.BTHLOD.MY20A2 PRDCRD.BTHCTL.MY20A2(DYNALL32) PRDCRD.BTHLOD.MY20A2,9,5,177,MY_JCL_Evidence.txt
MY,JCP0543R,CP607910 CP608020 CP608050 ICEGENER IDCAMS SORT,PRDCAQ.BTHVSM.MY20A2.QMMCNT PRDCAQ.BTHVSM.MY20A2.QMMMER PRDCAQ.BTHVSM.MY20A2.QMPSYSR PRDCIS.BTHLOD.MY20A2 PRDCIS.BTHVSM.MY20A2.CPBCMA PRDCIS.BTHVSM.MY20A2.CPBCRD PRDCIS.BTHVSM.MY20A2.CPBCUS PRDCIS.BTHVSM.MY20A2.CPBSYS PRDCRD.BTHCTL.MY20A2(ICP00180) PRDCRD.BTHLOD.MY20A2 PRDCRD.BTHSEQ.MY20A2.AGL.PDB.EDBMDR.O PRDCRD.BTHSEQ.MY20A2.EPETTRX PRDCRD.BTHSEQ.MY20A2.EPETTRX.SORT PRDCRD.BTHSEQ.MY20A2.QMTMPTN.ACCUM PRDCRD.BTHSEQ.MY20A2.QMTMPTN.SORT,15,35,177,MY_JCL_Evidence.txt
MY,JCP0569U,CP608250 IDCAMS SORT,&ENV.CIS.BTHVSM.&VER.BNMCC &ENV.CIS.BTHVSM.&VER.CPBCUS &ENV.CIS.BTHVSM.&VER.CPBPLT &ENV.CIS.BTHVSM.&VER.CPBSYS &ENV.CIS.BTHVSM.&VER.EISCC &ENV.CIS.BTHVSM.&VER.NPLMST &ENV.CRD.BTHSEQ.&VER.EISERR &ENV.CRD.BTHSEQ.&VER.EISERR.ORG005 &ENV.CRD.BTHSEQ.&VER.EISWKLY &ENV.CRD.BTHSEQ.&VER.EISWKLY.ORG005 &ENV.CRD.BTHVSM.&VER.RDM.CUSPLT &ENV.CRD.WRKSEQ.&VER.EIS.CPBPLT &ENV.CRD.WRKSEQ.&VER.EIS.CPBPLT.ORG005 &ENV.CRD.WRKVSM.&VER.EIS.CPNACC &ENV.EPP.ONLVSM.&VER.EPTRANS PRDCIS.BTHLOD.MY20A2 PRDCRD.BTHCTL.MY20A2(ICPK0100) PRDCRD.BTHCTL.MY20A2(ICPK0250) PRDCRD.BTHLOD.MY20A2 PRDCRD.BTHLOD.MY20A2.EIS.E151003 PRDCRD.BTHSEQ.MY20A2.EISERR PRDCRD.BTHSEQ.MY20A2.EISERR.ORG005 PRDCRD.BTHSEQ.MY20A2.EISWKLY PRDCRD.BTHSEQ.MY20A2.EISWKLY.ORG005 PRDCRD.WRKSEQ.MY20A2.EIS.CPBPLT PRDCRD.WRKSEQ.MY20A2.EIS.CPBPLT.ORG005,26,5,175,MY_JCL_Evidence.txt
MY,JCP0571U,ADRDSSU CP608320 IDCAMS SORT,CLKTRANS.DAT ICLKTRAN.DAT PRDCIS.BTHVSM.MY20A2.CPBSYS PRDCIS.ONLVSM.MY20A2.CPAHF PRDCIS.ONLVSM.MY20A2.CPOLS PRDCRD.BTHLOD.MY20A2 PRDCRD.BTHLOD.MY20A2.EIS.E151003 PRDCRD.BTHSEQ.MY20A2.EISTRXN PRDCRD.BTHSEQ.MY20A2.EISTRXN.ORG005 PRDCRD.WRKSEQ.MY20A2.EIS.CPCMTF,10,14,136,MY_JCL_Evidence.txt
MY,JCP0577U,CP607880 CP616460 ICEGENER ICEMAN IDCAMS SORT,PRDCIS.BTHVSM.MY20A2.CPBCRD PRDCIS.BTHVSM.MY20A2.CPBSYS PRDCRD.BTHBGD.MY20A2.HRM.CPTUI.IS(+1) PRDCRD.BTHCTL.MY20A2(ICP00167) PRDCRD.BTHCTL.MY20A2(ICP00529) PRDCRD.BTHLOD.MY20A2 PRDCRD.BTHSEQ.MY20A2.HRM.HRMIS PRDCRD.WRKSEQ.MY20A2.HRM.CPTUI.ADEBIT.HRMIS PRDCRD.WRKSEQ.MY20A2.HRM.PMT.HRMIS.SORTED PRDCRD.WRKSEQ.MY20A2.HRM.PMT.HRMIS.SORTED2 PRDCRD.WRKSEQ.MY20A2.HRM.PMT.HRMIS.SORTED3 PSUC.UID.MFT.MY,12,4,150,MY_JCL_Evidence.txt
MY,JCP0594U,CP608480 CP616540 CP616640 ICEGENER ICETOOL IDCAMS,PRDCIS.BTHVSM.MY20A2.CPBSYS PRDCRD.BTHCTL.MY20A2(ICPK0050) PRDCRD.BTHLOD.MY20A2 PRDCRD.BTHSEQ.MY20A2.ASW.CPSW.I PRDCRD.BTHSEQ.MY20A2.ASW.CPSW.KH PRDCRD.BTHSEQ.MY20A2.ASW.CPSW.OUT PRDCRD.BTHSEQ.MY20A2.ICP00168 PRDCRD.ONLVSM.MY20A2.BRANCH PRDCRD.ONLVSM.MY20A2.CPSW PSUC.UID.MFT.MY,10,4,152,MY_JCL_Evidence.txt
MY,JCP0595U,CP608040 IDCAMS SORT,PRDCIS.BTHVSM.MY20A2.CPBSYS PRDCRD.BTHCTL.MY20A2(DYNALL32) PRDCRD.BTHCTL.MY20A2(ICP00169) PRDCRD.BTHCTL.MY20A2(ICP01228) PRDCRD.BTHLOD.MY20A2 PRDCRD.BTHSEQ.MY20A2.ASW.CPSW.AUTOSWEP PRDCRD.BTHSEQ.MY20A2.ASW.CPSW.AUTOSWEP.N PRDCRD.BTHSEQ.MY20A2.ASW.CPSW.KH PRDCRD.ONLVSM.MY20A2.CPSW PSUC.UID.MFT.MY,10,4,73,MY_JCL_Evidence.txt
MY,JCP0609F,FTP,PRDCRD.BTHCTL.MY20A2(ICP00171) PRDCRD.BTHCTL.MY20A2(ICP00882) PRDCRD.BTHCTL.MY20A2(ICP01337),3,14,31,MY_JCL_Evidence.txt
MY,JCP0609U,CP608470 CP614510 FTP IDCAMS SORT,PRDCIS.BTHSEQ.MY20A2.CPSRPTT PRDCIS.BTHVSM.MY20A2.CP2AUTH PRDCIS.BTHVSM.MY20A2.CPBCUS PRDCIS.BTHVSM.MY20A2.CPBPLT PRDCIS.BTHVSM.MY20A2.CPBSYS PRDCRD.BKPBGD.MY20A2.BIZ.NETIKS.PDB(+1) PRDCRD.BTHCTL.MY20A2(ICP00170) PRDCRD.BTHCTL.MY20A2(ICP00171) PRDCRD.BTHCTL.MY20A2(ICP00882) PRDCRD.BTHCTL.MY20A2(ICP01337) PRDCRD.BTHCTL.MY20A2(ICPK3000) PRDCRD.BTHSEQ.MY20A2.BIZ.CPAUTH PRDCRD.BTHSEQ.MY20A2.BIZ.CPAUTH.SRTC1 PRDCRD.BTHSEQ.MY20A2.BIZ.CPSRPTT PRDCRD.BTHSEQ.MY20A2.BIZ.CPSRPTT.SRTC1 PRDCRD.BTHSEQ.MY20A2.BIZ.CPSRPTT.SRTC2 PRDCRD.BTHSEQ.MY20A2.BIZ.CPTXCD PRDCRD.BTHSEQ.MY20A2.BIZ.NETIKS.PDB PRDCRD.BTHSEQ.MY20A2.RTB.CPBPLT.SORT PRDCRD.BTHSEQ.MY20A2.RTB.DEALER,20,38,334,MY_JCL_Evidence.txt
MY,JCP0623U,CP611160 SORT,PRDCIS.BTHLOD.MY20A2 PRDCIS.BTHVSM.MY20A2.CPBPLT PRDCIS.BTHVSM.MY20A2.CPBSYS PRDCIS.ONLVSM.MY20A2.CPPFX.PATH PRDCRD.BTHCTL.MY20A2(ICP00367) PRDCRD.BTHLOD.MY20A2 PRDCRD.BTHSEQ.MY20A2.ADS.CHEQUE PRDCRD.BTHVSM.MY20A2.CPS.CPOSFLT PRDCRD.WRKSEQ.MY20A2.ADS.CHEQUE,9,4,63,MY_JCL_Evidence.txt
MY,JCP0637U,CP60128 CP601440 ICEGENER IDCAMS,PRDCRD.BKPSEQ.MY20A2.ASW.CPSW PRDCRD.BTHBGD.MY20A2.ASW.CPSWTUI(+1) PRDCRD.BTHLOD.MY20A2 PRDCRD.ONLVSM.MY20A2.CCTRLF PRDCRD.ONLVSM.MY20A2.CPSW,5,4,61,MY_JCL_Evidence.txt
MY,JCP0638U,CP602690 IDCAMS SORT,PRDCAQ.BTHVSM.MY20A2.QMMMER PRDCIS.BTHVSM.MY20A2.CPBSYS PRDCIS.ONLVSM.MY20A2.CPPFX.PATH PRDCRD.BTHLOD.MY20A2 PRDCRD.BTHPRM.MY20A2.FIN(ICP00011) PRDCRD.BTHSEQ.MY20A2.PPI.PP.CPSI PRDCRD.ONLVSM.MY20A2.CPSI,7,3,61,MY_JCL_Evidence.txt
MY,JCP0639U,CP60140 ICEGENER IDCAMS SORT,PRDCRD.BKPSEQ.MY20A2.PPI.CPSI.PP PRDCRD.BTHBGD.MY20A2.PPI.CPSITUI.PP(+1) PRDCRD.BTHCTL.MY20A2(ICP00175) PRDCRD.BTHLOD.MY20A2 PRDCRD.ONLVSM.MY20A2.CCTRLF PRDCRD.ONLVSM.MY20A2.CPSI PRDCRD.WRKSEQ.MY20A2.PPI.CPSI.SORTED.PP PRDCRD.WRKSEQ.MY20A2.PPI.CPSITUI.SORTED.PP,8,3,114,MY_JCL_Evidence.txt
MY,JCP0642U,CP608690 ICEGENER IDCAMS,PRDCIS.BTHVSM.MY20A2.CPBSYS PRDCRD.BTHCTL.MY20A2(ICP00172) PRDCRD.BTHLOD.MY20A2 PRDCRD.BTHSEQ.MY20A2.DDS.DD.CPSI,4,3,45,MY_JCL_Evidence.txt
MY,JCP0643U,CP602690 IDCAMS SORT,PRDCAQ.BTHVSM.MY20A2.QMMMER PRDCIS.BTHVSM.MY20A2.CPBSYS PRDCIS.ONLVSM.MY20A2.CPPFX.PATH PRDCRD.BTHLOD.MY20A2 PRDCRD.BTHPRM.MY20A2.FIN(ICP00011) PRDCRD.BTHSEQ.MY20A2.DDS.DD.CPSI PRDCRD.ONLVSM.MY20A2.CPSI,7,3,60,MY_JCL_Evidence.txt
MY,JCP0644U,CP60140 ICEGENER IDCAMS SORT,PRDCRD.BKPSEQ.MY20A2.DDS.CPSI.DD PRDCRD.BTHBGD.MY20A2.DDS.CPSITUI.DD(+1) PRDCRD.BTHCTL.MY20A2(ICP00173) PRDCRD.BTHLOD.MY20A2 PRDCRD.ONLVSM.MY20A2.CCTRLF PRDCRD.ONLVSM.MY20A2.CPSI PRDCRD.WRKSEQ.MY20A2.DDS.CPSI.SORTED.DD PRDCRD.WRKSEQ.MY20A2.DDS.CPSITUI.SORTED.DD,8,3,114,MY_JCL_Evidence.txt
MY,JCP0646U,CP608690 ICEGENER IDCAMS,PRDCIS.BTHVSM.MY20A2.CPBSYS PRDCRD.BTHCTL.MY20A2(ICP00174) PRDCRD.BTHLOD.MY20A2 PRDCRD.BTHSEQ.MY20A2.PPI.PP.CPSI,4,3,45,MY_JCL_Evidence.txt
MY,JCP0653R,CP608510 CP608530 IDCAMS SORT,PRDCAQ.BTHVSM.MY20A2.QMMDTTL PRDCAQ.BTHVSM.MY20A2.QMMMER PRDCIS.BTHLOD.MY20A2 PRDCIS.BTHVSM.MY20A2.CPBSYS PRDCRD.BTHLOD.MY20A2 PRDCRD.WRKSEQ.MY20A2.QMMMER PRDCSS.BTHLOD.MY20A2 PRDEDC.ONLVSM.MY20A2.OADCTF,8,3,100,MY_JCL_Evidence.txt
MY,JCP0657R,CP608800 CP608820 CP614310 SORT,&ENV.CAQ.BKPBGD.&VER.QMDTXN.B4(0) &ENV.CAQ.BTHVSM.&VER.QMMMER &ENV.CIS.BTHSEQ.&VER.CPLMT &ENV.CIS.BTHVSM.&VER.CPBSYS &ENV.CRD.BTHSEQ.&VER.EDCTOCP.SORTED &ENV.CRD.WRKSEQ.&VER.EDCTOCP.FILTED &ENV.CRD.WRKSEQ.&VER.EDCTOCP.FILTED2 &ENV.EDC.BTHBGD.&VER.TOAMEDC1(0) &ENV.EDC.BTHBGD.&VER.TOCPEDC1(0) &ENV.EDC.BTHBGD.&VER.TOCPEDC2(0) PRDCRD.BTHCTL.MY20A2(ICPK0250) PRDCRD.BTHLOD.MY20A2 PRDCRD.BTHSEQ.MY20A2.EDCTOCP.SORTED PRDCRD.WRKSEQ.MY20A2.EDCTOCP.FILTED PRDCRD.WRKSEQ.MY20A2.EDCTOCP.FILTED2,15,5,114,MY_JCL_Evidence.txt
MY,JCP0658U,CP608830 IDCAMS SORT,PRDCIS.BTHVSM.MY20A2.CPBSYS PRDCRD.BTHCTL.MY20A2(ICP00185) PRDCRD.BTHLOD.MY20A2 PRDCRD.BTHSEQ.MY20A2.BDS.CPACT PRDCRD.BTHSEQ.MY20A2.BDS.CUSPLT.J658 PRDCRD.BTHVSM.MY20A2.RDM.CUSPLT,6,4,58,MY_JCL_Evidence.txt
MY,JCP065WA,CP605760 IDCAMS SORT,PRDCIS.BTHBGD.MY20A2.CPEMB(0) PRDCIS.BTHVSM.MY20A2.CPBSYS PRDCIS.BTHVSM.MY20A2.CPEMBV PRDCRD.BTHCTL.MY20A2(ICP00930) PRDCRD.BTHCTL.MY20A2(ICP00931) PRDCRD.BTHCTL.MY20A2(ICP00932) PRDCRD.BTHCTL.MY20A2(RESETCC) PRDCRD.BTHLOD.MY20A2 PRDCRD.ONLVSM.MY20A2.BRANCH PSEA.ONLVSM.CPEMBV,10,3,84,MY_JCL_Evidence.txt
MY,JCP0680U,CP609050 IDCAMS SORT,PRDCIS.BTHLOD.MY20A2 PRDCIS.BTHVSM.MY20A2.CPBCUS PRDCIS.BTHVSM.MY20A2.CPBKYC PRDCIS.BTHVSM.MY20A2.CPBSYS PRDCRD.BTHCTL.MY20A2(ICP00190) PRDCRD.BTHLOD.MY20A2 PRDCRD.BTHSEQ.MY20A2.BDW.DSCLM01.CTL PRDCRD.BTHSEQ.MY20A2.BDW.DSCLM01.DAT,8,28,85,MY_JCL_Evidence.txt
MY,JCP0681U,CP609060 CP609830 ICEGENER IDCAMS,PRDCIS.BKPVSM.MY20A2.CPBAPX.JCPALXR PRDCIS.BTHVSM.MY20A2.AKPKV PRDCIS.BTHVSM.MY20A2.CPBASF PRDCIS.BTHVSM.MY20A2.CPBCRD PRDCIS.BTHVSM.MY20A2.CPBKYC PRDCIS.BTHVSM.MY20A2.CPBPLT PRDCIS.BTHVSM.MY20A2.CPBSYS PRDCIS.BTHVSM.MY20A2.EISCC PRDCIS.BTHVSM.MY20A2.NPLMST PRDCIS.ONLVSM.MY20A2.CPIAF PRDCIS.ONLVSM.MY20A2.CPIAP PRDCOM.BTHVSM.MY20A2.D00V.KCMACC PRDCOM.ONLVSM.MY20A2.KCMBZA PRDCRD.BTHCTL.MY20A2(ICP00191) PRDCRD.BTHCTL.MY20A2(ICP01409) PRDCRD.BTHSEQ.MY20A2.BDW.DSCLM02.CTL PRDCRD.BTHSEQ.MY20A2.BDW.DSCLM02.DAT PRDCRD.BTHSEQ.MY20A2.BDW.DSCLM04.CTL PRDCRD.BTHSEQ.MY20A2.BDW.DSCLM04.DAT PRDCRD.BTHSEQ.MY20A2.BDW.DSCLM05.CTL PRDCRD.BTHSEQ.MY20A2.BDW.DSCLM05.DAT PRDCRD.BTHVSM.MY20A2.CPBPRM PRDCRD.WRKVSM.MY20A2.BDW.CPNACC PRDEPP.ONLVSM.MY20A2.EPTRANS,24,55,180,MY_JCL_Evidence.txt
MY,JCP0682U,CP609071 IDCAMS,PRDCIS.BTHBGD.MY20A2.CPHST(0) PRDCIS.BTHBGD.MY20A2.CPOLST(0) PRDCIS.BTHLOD.MY20A2 PRDCIS.BTHVSM.MY20A2.CPBSYS PRDCRD.BTHCTL.MY20A2(ICP00192) PRDCRD.BTHLOD.MY20A2 PRDCRD.BTHSEQ.MY20A2.BDW.DSCLT01.CTL PRDCRD.BTHSEQ.MY20A2.BDW.DSCLT01.DAT,8,26,66,MY_JCL_Evidence.txt
MY,JCP0684U,CP609091 IDCAMS,PRDCIS.BTHBGD.MY20A2.CPOLST(0) PRDCIS.BTHLOD.MY20A2 PRDCIS.BTHVSM.MY20A2.CPBSYS PRDCRD.BTHCTL.MY20A2(ICP00194) PRDCRD.BTHLOD.MY20A2 PRDCRD.BTHSEQ.MY20A2.BDW.DSCLM03.CTL PRDCRD.BTHSEQ.MY20A2.BDW.DSCLM03.DAT,7,25,62,MY_JCL_Evidence.txt
MY,JCP0686R,CP609990 ICEGENER SORT,&ENV.CIS.BTHVSM.&VER.CPBCUS &ENV.CIS.BTHVSM.&VER.CPBSYS &ENV.CRD.BTHSEQ.&VER.CRM.CLCIMBNT &ENV.CRD.BTHVSM.&VER.RDM.CUSPLT &ENV.CRD.WRKSEQ.&VER.CRM.CIMBNT PRDCIS.BTHLOD.MY20A2 PRDCRD.BTHCTL.MY20A2(ICPK0250) PRDCRD.BTHLOD.MY20A2 PRDCRD.BTHSEQ.MY20A2.CRM.CLCIMBNT PRDCRD.WRKSEQ.MY20A2.CRM.CIMBNT,10,5,97,MY_JCL_Evidence.txt
MY,JCP0687U,CP609110 IDCAMS IEBGENER IEFBR14,PRDCIS.BTHBGD.MY20A2.CPHST(0) PRDCIS.BTHSEQ.MY20A2.CPHST.CPDY3 PRDCIS.BTHVSM.MY20A2.CPBSYS PRDCIS.BTHVSM.MY20A2.CPSTRN PRDCRD.BTHCTL.MY20A2(ICPK0500) PRDCRD.BTHSEQ.MY20A2.KH.POSTED PRDCRD.BTHSEQ.MY20A2.KH.POSTEDA PRDCRD.BTHSEQ.MY20A2.POSTED PRDCRD.BTHSEQ.MY20A2.POSTED.MYKH PRDCRD.BTHSEQ.MY20A2.POSTEDA,10,20,101,MY_JCL_Evidence.txt
MY,JCP0687Y,IDCAMS SORT,PRDCRD.BKPSEQ.MY20A2.POSTEDA PRDCRD.BTHSEQ.MY20A2.POSTEDA,2,11,26,MY_JCL_Evidence.txt
MY,JCP0687Z,IDCAMS SORT,PRDCRD.BKPSEQ.MY20A2.KH.POSTEDA PRDCRD.BTHSEQ.MY20A2.KH.POSTEDA,2,10,25,MY_JCL_Evidence.txt
MY,JCP0688U,IDCAMS IEFBR14,PRDCRD.BTHBGD.MY20A2.KH.POSTEDA(+1) PRDCRD.BTHBGD.MY20A2.POSTEDA(+1) PRDCRD.BTHSEQ.MY20A2.KH.POSTEDA PRDCRD.BTHSEQ.MY20A2.POSTEDA,4,7,56,MY_JCL_Evidence.txt
MY,JCP0692R,ICEGENER ISRSUPC,&XDS1 &XDS2 XXXXX,3,118,133,MY_JCL_Evidence.txt
MY,JCP0693R,IDCAMS,,0,131,131,MY_JCL_Evidence.txt
MY,JCP0695R,CP509191 CP509194 CP509195 CP609180 CP609190 CP609200 CP609210 CP609220 CP609230 CP609240 CP609280 CP609300 CP609450 IDCAMS SORT,&IN PRDCIS.BTHLOD.MY20A2 PRDCIS.BTHVSM.MY20A2.CPBPLT PRDCIS.BTHVSM.MY20A2.CPBSYS PRDCRD.BTHBGD.MY20A2.CONTESTA(0) PRDCRD.BTHBGD.MY20A2.NEWCUSTA(0) PRDCRD.BTHLOD.MY20A2 PRDCRD.BTHPRM.MY20A2.SUP(ICP00187) PRDCRD.BTHSEQ.MY20A2.CONTEST.SPLIT PRDCRD.BTHSEQ.MY20A2.CONTEST.TOP PRDCRD.BTHSEQ.MY20A2.CONTEST.VALID.RANDOM PRDCRD.BTHSEQ.MY20A2.CONTEST.VALID.TOP PRDCRD.BTHSEQ.MY20A2.CONTESTA PRDCRD.BTHSEQ.MY20A2.NEWCARD.WINNER PRDCRD.BTHSEQ.MY20A2.NEWCRD.TRAILER PRDCRD.BTHSEQ.MY20A2.NEWCUST.VALID PRDCRD.BTHSEQ.MY20A2.NEWCUSTA PRDCRD.BTHSEQ.MY20A2.RANDOM.ALLCARD PRDCRD.BTHSEQ.MY20A2.RANDOM.CARDTYPE PRDCRD.BTHSEQ.MY20A2.RANDOM.TRAILER PRDCRD.BTHSEQ.MY20A2.TOP.ALL PRDCRD.BTHSEQ.MY20A2.TOP.ALLCARD PRDCRD.BTHSEQ.MY20A2.TOP.CARDTYPE PRDCRD.BTHSEQ.MY20A2.TOP.TRAILER PRDCRD.BTHVSM.MY20A2.NEWCRD PRDCRD.BTHVSM.MY20A2.RANDOM.ORIG PRDCRD.BTHVSM.MY20A2.RANDOM.ORIG.PATH PRDCRD.BTHVSM.MY20A2.TOP.ORIG PRDCRD.WRKSEQ.MY20A2.CONTEST.SORT1 PRDCRD.WRKSEQ.MY20A2.CONTEST.SORT2 PRDCRD.WRKSEQ.MY20A2.CONTEST.SORT3 PRDCRD.WRKSEQ.MY20A2.CONTESTA PRDCSS.BTHLOD.MY20A2,33,3,507,MY_JCL_Evidence.txt
MY,JCP0697U,CP609000 CP609430 ICEGENER IDCAMS SORT,PRDCAQ.BTHSEQ.MY20A2.CQD720.CQBDTE PRDCAQ.BTHSEQ.MY20A2.MERCON PRDCIS.BTHVSM.MY20A2.CPBSYS PRDCRD.BTHLOD.MY20A2 PRDCRD.BTHPRM.MY20A2.FIN(ICP00400) PRDCRD.BTHSEQ.MY20A2.GCH.SUMMARY PRDCRD.BTHSEQ.MY20A2.MERTRXN.GIANT PRDCRD.BTHSEQ.MY20A2.MERTRXN.SYABAS PRDCRD.BTHSEQ.MY20A2.MERTRXN.SYABAS.MTH,9,8,129,MY_JCL_Evidence.txt
MY,JCP0697Y,IDCAMS,,0,13,13,MY_JCL_Evidence.txt
MY,JCP0698R,CP609430 ETALK ICEGENER IDCAMS IEFBR14 SORT,PRDCAQ.BTHSEQ.MY20A2.CQD720.CQBDTE PRDCIS.BTHVSM.MY20A2.CPBSYS PRDCRD.BTHCTL.MY20A2(REPRO) PRDCRD.BTHLOD.MY20A2 PRDCRD.BTHPRM.MY20A2.FIN(ICP00400) PRDCRD.BTHSEQ.MY20A2.CLTRSY PRDCRD.BTHSEQ.MY20A2.CLTRSY.ENC PRDCRD.BTHSEQ.MY20A2.CLTRSYA PRDCRD.BTHSEQ.MY20A2.GNT.GCH.SUMMARY PRDCRD.BTHSEQ.MY20A2.MERTRXN.GIANT PRDCRD.BTHSEQ.MY20A2.MERTRXN.SYABAS.MTH PSUC.ONLLIB.LOADLIB PSUC.PAYMATE.ETALK.MASTER,13,3,177,MY_JCL_Evidence.txt
MY,JCP0708U,CP612010 CP612230 ICETOOL SORT,PRDCIS.BTHSEQ.MY20A2.CPAPF PRDCIS.BTHVSM.MY20A2.CPBSYS PRDCRD.BKPSEQ.MY20A2.CONTESTA PRDCRD.BTHBGD.MY20A2.CONTESTA(0) PRDCRD.BTHSEQ.MY20A2.CONTESTA PRDCRD.BTHSEQ.MY20A2.POSTED PRDCRD.WRKSEQ.MY20A2.CONTESTA.SORT1 PRDCRD.WRKSEQ.MY20A2.CONTESTA.SORT2 PRDCRD.WRKSEQ.MY20A2.CPAPF.SORT PRDCRD.WRKSEQ.MY20A2.SAS.UNMATCH,10,38,160,MY_JCL_Evidence.txt
MY,JCP0709U,IDCAMS IEFBR14,PRDCRD.BTHBGD.MY20A2.CONTESTA(+1) PRDCRD.BTHSEQ.MY20A2.CONTESTA,2,15,44,MY_JCL_Evidence.txt
MY,JCP070UD,ICEGENER IDCAMS IEBDG SORT,PATM.PMNSEQ.CPTPLUSC.LEN400 PATM.PMNSEQ.CPTUATM2.LEN350 PATM.PMNSEQ.CPTUCIRC.LEN400 PATM.PMNSEQ.CPTUIATM.LEN400 PATM.PMNSEQ.CPTUIBFT.LEN400 PATM.PMNSEQ.CPTUICDM.LEN400 PATM.PMNSEQ.CPTUICIR.LEN350 PATM.PMNSEQ.CPTUIEPK.LEN350 PATM.PMNSEQ.CPTUPLUS.LEN350 PIEX.PMNSEQ.CCBP.CPTUIBIL.LEN350 PIEX.PMNSEQ.CCBP.CPTUISMS.LEN400 PIEX.PMNSEQ.CCU.CPTUIBDS.LEN400 PIEX.PMNSEQ.CCU.CPTUIIB.LEN400 PIEX.PMNSEQ.CCU.CPTUIIVR.CCBP.LEN350 PIEX.PMNSEQ.CCU.CPTUIIVR.LEN400 PRDCAU.BTHSEQ.MY20A2.CPTUI PRDCAU.BTHSEQ.MY20A2.CPTUIM PRDCIS.BTHBGD.MY20A2.RCSBVCUI(+1) PRDCIS.BTHBGD.MY20A2.RCSBVCUI.BULK(+1) PRDCIS.BTHSEQ.MY20A2.CPNMT.CUG101U PRDCIS.BTHSEQ.MY20A2.CPNMT.CUG102U PRDCIS.BTHSEQ.MY20A2.CPTUI.CRP PRDCIS.BTHSEQ.MY20A2.CPTUI.CUG100I PRDCIS.BTHSEQ.MY20A2.CPTUI.KH.AUTO PRDCIS.BTHSEQ.MY20A2.CPTUI.PLTM PRDCIS.BTHSEQ.MY20A2.CPWF8 PRDCIS.BTHSEQ.MY20A2.CUS.PRGE.UI PRDCIS.BTHSEQ.MY20A2.DS30.CPTUI.DSA PRDCIS.BTHSEQ.MY20A2.MAINT.CPTUI.PRFC PRDCIS.BTHSEQ.MY20A2.MAINT.CPTUI.PRFC.UNTAG PRDCIS.BTHSEQ.MY20A2.MAINT.CPTUI.RCYC PRDCIS.BTHSEQ.MY20A2.NPD030.CPTUIM PRDCIS.BTHSEQ.MY20A2.SST.CPTUI PRDCIS.BTHSEQ.MY20A2.SST.CPTUI.REV PRDCIS.BTHSEQ.MY20A2.SST.MAINT.CPTUI PRDCRD.BTHBGD.MY20A2.BLKATOCP.L400(+1) PRDCRD.BTHBGD.MY20A2.BUCLTOCP.L400(+1) PRDCRD.BTHBGD.MY20A2.CPMUTOCP.L400(+1) PRDCRD.BTHBGD.MY20A2.CPS.CPTUI(+1) PRDCRD.BTHBGD.MY20A2.CSGQTOCP.L350(+1) PRDCRD.BTHBGD.MY20A2.CSGVTOCP.L400(+1) PRDCRD.BTHBGD.MY20A2.DBGMTOCP.L400(+1) PRDCRD.BTHBGD.MY20A2.FAXDCMCR.L400(+1) PRDCRD.BTHBGD.MY20A2.FAXDCUVC.L400(+1) PRDCRD.BTHBGD.MY20A2.HRM.CPTUI.IS(+1) PRDCRD.BTHBGD.MY20A2.ISGQTOCP.L350(+1) PRDCRD.BTHBGD.MY20A2.ISGVTOCP.L400(+1) PRDCRD.BTHBGD.MY20A2.RCS.CHCB.CPUI(+1) PRDCRD.BTHBGD.MY20A2.RCS.CHCU.CPUI(+1) PRDCRD.BTHBGD.MY20A2.RCS.CHCU.VCCUI(+1),128,167,1562,MY_JCL_Evidence.txt
MY,JCP0710R,CP609400 ICETOOL,&ENV.CAQ.BTHVSM.&VER.QMMMER &ENV.CIS.BTHVSM.&VER.CPBSYS &ENV.CRD.WRKSEQ.&VER.OADCLGA &ENV.CRD.WRKSEQ.&VER.OADCLGB &ENV.EDC.BKPVSM.&VER.OADCLGA.EOD &ENV.EDC.BKPVSM.&VER.OADCLGB.EOD &ENV.EDC.ONLVSM.&VER.OADCTF PRDCRD.BTHCTL.MY20A2(ICPK0050) PRDCRD.BTHLOD.MY20A2 PRDCRD.WRKSEQ.MY20A2.OADCLGA PRDCRD.WRKSEQ.MY20A2.OADCLGB,11,5,81,MY_JCL_Evidence.txt
MY,JCP0718R,CP609420 CP613910 IDCAMS IEFBR14 SORT,PRDCAQ.BTHVSM.MY20A2.QMMBLC PRDCAQ.BTHVSM.MY20A2.QMMMER PRDCAQ.BTHVSM.MY20A2.QMPDIS PRDCAQ.BTHVSM.MY20A2.QMPPGO PRDCAQ.BTHVSM.MY20A2.QMPSYS PRDCAQ.BTHVSM.MY20A2.QMSPTM PRDCAQ.ONLVSM.MY20A2.QMSPTT PRDCIS.BTHVSM.MY20A2.CPBSYS PRDCRD.BTHLOD.MY20A2 PRDCRD.BTHSEQ.MY20A2.CUP.SETTL.PREV PRDCRD.BTHSEQ.MY20A2.EPDBTRX.ENH.PREV PRDCRD.BTHSEQ.MY20A2.PDB.EDC.PREV PRDCRD.BTHSEQ.MY20A2.PDB.IPT.PREV PRDCRD.BTHSEQ.MY20A2.PDB.MAN.PREV PRDCRD.BTHSEQ.MY20A2.PDBTRX.ENH.PREV PRDCRD.BTHSEQ.MY20A2.QMMMER.EXTRACT PRDCRD.BTHSEQ.MY20A2.TERM.MASBDTE,17,8,179,MY_JCL_Evidence.txt
MY,JCP0723U,CP60091 CP60092 CP60129 CP603130 CP604650 CP606830 CPD000 IDCAMS IEFBR14 SORT,*.S01SORT.SORTOUT *.S0760092.CPCSTA *.S11SORT.SORTOUT PRDCIS.BTHBGD.MY20A2.CPEMB(0) PRDCIS.BTHLOD.MY20A2 PRDCIS.BTHSEQ.MY20A2.CPAGENT PRDCIS.BTHSEQ.MY20A2.CPSIR2 PRDCIS.BTHVSM.MY20A2.CPBCRD PRDCIS.BTHVSM.MY20A2.CPBCUS PRDCIS.BTHVSM.MY20A2.CPBPLT PRDCIS.BTHVSM.MY20A2.CPBSYS PRDCRD.BTHCTL.MY20A2(CPI200A) PRDCRD.BTHCTL.MY20A2(CPI230A) PRDCRD.BTHCTL.MY20A2(ICP00003) PRDCRD.BTHLOD.MY20A2 PRDCRD.BTHSEQ.MY20A2.J0723.GEPP.ICC PRDCRD.BTHVSM.MY20A2.EMV.CPEIC2 PRDCRD.BTHVSM.MY20A2.EMV.EMBAGE.ICC PRDCRD.ONLVSM.MY20A2.BRANCH PRDCRD.WRKSEQ.MY20A2.EMV.CPAGENT.ICC PRDCRD.WRKVSM.MY20A2.EMV.CSTA1.ICC PRDCRD.WRKVSM.MY20A2.EMV.CSTA1.ICC.CC PRDCSS.BTHLOD.MY20A2,23,3,322,MY_JCL_Evidence.txt
MY,JCP0725R,CP609340 IDCAMS SORT,*.S02SORT.XOUF01 *.S02SORT.XOUF02 *.S04SORT.SORTOUT PRDCIS.BTHLOD.MY20A2 PRDCIS.BTHVSM.MY20A2.CPBSYS PRDCRD.BTHCTL.MY20A2(DYNALL32) PRDCRD.BTHLOD.MY20A2 PRDCRD.BTHSEQ.MY20A2.CP0706R.LISTING PRDCRD.BTHSEQ.MY20A2.CPBCRD.CP0706R.F1 PRDCRD.BTHSEQ.MY20A2.CPBCRD.CP0706R.F2 PRDCRD.BTHSEQ.MY20A2.CPBCRD.CP0706R.F3 PRDCRD.BTHVSM.MY20A2.RDM.CRDPLT PRDCSS.BTHLOD.MY20A2,13,4,163,MY_JCL_Evidence.txt
MY,JCP0730R,CP609610 SORT,&ENV.CIS.BTHBGD.&VER.CPHST(0) &ENV.CIS.BTHVSM.&VER.CPBSYS &ENV.CRD.WRKSEQ.&VER.CPHST PRDCRD.BTHCTL.MY20A2(ICPK0100) PRDCRD.WRKSEQ.MY20A2.CPHST,5,30,67,MY_JCL_Evidence.txt
MY,JCP0734U,CP609640 CP609650 IDCAMS,PRDCAQ.BTHVSM.MY20A2.QMMBLC PRDCAQ.BTHVSM.MY20A2.QMMCNT PRDCAQ.BTHVSM.MY20A2.QMMMER PRDCAQ.BTHVSM.MY20A2.QMMPRF PRDCAQ.BTHVSM.MY20A2.QMPSYSR PRDCRD.BTHCTL.MY20A2(ICP00216) PRDCRD.BTHCTL.MY20A2(ICP00217) PRDCRD.BTHLOD.MY20A2 PRDCRD.BTHSEQ.MY20A2.TIM.MERCHANT.FTP PRDCRD.BTHSEQ.MY20A2.TIM.TERMINAL.FTP PRDEDC.ONLVSM.MY20A2.OADCTF,11,8,63,MY_JCL_Evidence.txt
MY,JCP0746B,CP60088 CP60129 CP609320 CP609330 CP612310 CP612420 ETALK ICEGENER IDCAMS PAYMATE SORT,PRDCIS.BTHLOD.MY20A2 PRDCIS.BTHSEQ.MY20A2.EMV.CPREEMBA PRDCIS.BTHVSM.MY20A2.CPBCRD PRDCIS.BTHVSM.MY20A2.CPBCUS PRDCIS.BTHVSM.MY20A2.CPBPLT PRDCIS.BTHVSM.MY20A2.CPBSYS PRDCIS.ONLVSM.MY20A2.CPPFX.PATH PRDCRD.BTHCTL.MY20A2(DYNALL32) PRDCRD.BTHCTL.MY20A2(ICP00379) PRDCRD.BTHCTL.MY20A2(ICP00392) PRDCRD.BTHLOD.MY20A2 PRDCRD.BTHSEQ.MY20A2.EMV.OUTS.CP509331 PRDCRD.BTHSEQ.MY20A2.EMV.OUTS.CP509331.CLR PRDCRD.BTHSEQ.MY20A2.EMV.OUTS.CP512311 PRDCRD.BTHSEQ.MY20A2.EMV.OUTS.CP512311.CLR PRDCRD.BTHSEQ.MY20A2.EMV.OUTS.CP512312 PRDCRD.BTHSEQ.MY20A2.EMV.OUTS.CP512312.CLR PRDCRD.ONLVSM.MY20A2.CCTRLF PRDCRD.WRKSEQ.MY20A2.EMV.OUTS.CPAGENT PRDCRD.WRKSEQ.MY20A2.EMV.OUTS.CPAGENT.SORT PRDCRD.WRKSEQ.MY20A2.EMV.OUTS.CPEMBV PRDCRD.WRKSEQ.MY20A2.EMV.OUTS.VMCEMB.JCB PRDCRD.WRKSEQ.MY20A2.EMV.OUTS.VMCEMB.MC PRDCRD.WRKSEQ.MY20A2.EMV.OUTS.VMCEMB.VISA PRDCRD.WRKVSM.MY20A2.EMV.OUTS.CPEMBV PRDCRD.WRKVSM.MY20A2.EMV.OUTS.CPEMBV1 PRDHSM.BTHSEQ.MY20A2.CPBEMB PSEA.ONLVSM.CPEMBV PSUC.ONLLIB.LOADLIB PSUC.PAYMATE.ETALK.MASTER PSUC.PAYMATE.GEMALTO.MY.MASTER PSUC.PAYMATE.GEMALTO.MY.USERS PSUC.UID.EFTP.MY.GEMALTO,33,4,464,MY_JCL_Evidence.txt
MY,JCP0746R,CP60088 CP60129 CP609320 CP609330 CP612310 CP612420 ETALK ICEGENER IDCAMS PAYMATE SORT,PRDCIS.BTHLOD.MY20A2 PRDCIS.BTHSEQ.MY20A2.EMV.CPREEMBA PRDCIS.BTHVSM.MY20A2.CPBCRD PRDCIS.BTHVSM.MY20A2.CPBCUS PRDCIS.BTHVSM.MY20A2.CPBPLT PRDCIS.BTHVSM.MY20A2.CPBSYS PRDCIS.ONLVSM.MY20A2.CPPFX.PATH PRDCRD.BTHCTL.MY20A2(DYNALL32) PRDCRD.BTHCTL.MY20A2(ICP00379) PRDCRD.BTHCTL.MY20A2(ICP00392) PRDCRD.BTHLOD.MY20A2 PRDCRD.BTHSEQ.MY20A2.EMV.OUTS.CP509331 PRDCRD.BTHSEQ.MY20A2.EMV.OUTS.CP509331.CLR PRDCRD.BTHSEQ.MY20A2.EMV.OUTS.CP512311 PRDCRD.BTHSEQ.MY20A2.EMV.OUTS.CP512311.CLR PRDCRD.BTHSEQ.MY20A2.EMV.OUTS.CP512312 PRDCRD.BTHSEQ.MY20A2.EMV.OUTS.CP512312.CLR PRDCRD.ONLVSM.MY20A2.CCTRLF PRDCRD.WRKSEQ.MY20A2.EMV.OUTS.CPAGENT PRDCRD.WRKSEQ.MY20A2.EMV.OUTS.CPAGENT.SORT PRDCRD.WRKSEQ.MY20A2.EMV.OUTS.CPEMBV PRDCRD.WRKSEQ.MY20A2.EMV.OUTS.VMCEMB.JCB PRDCRD.WRKSEQ.MY20A2.EMV.OUTS.VMCEMB.MC PRDCRD.WRKSEQ.MY20A2.EMV.OUTS.VMCEMB.VISA PRDCRD.WRKVSM.MY20A2.EMV.OUTS.CPEMBV PRDCRD.WRKVSM.MY20A2.EMV.OUTS.CPEMBV1 PRDHSM.BTHSEQ.MY20A2.CPBEMB PSEA.ONLVSM.CPEMBV PSUC.ONLLIB.LOADLIB PSUC.PAYMATE.ETALK.MASTER PSUC.PAYMATE.GEMALTO.MY.MASTER PSUC.PAYMATE.GEMALTO.MY.USERS PSUC.UID.EFTP.MY.GEMALTO,33,4,477,MY_JCL_Evidence.txt
MY,JCP0749R,CP609710 IDCAMS,PRDCIS.BTHVSM.MY20A2.CPBSYS PRDCSS.BKPVSM.MY20A2.CCSEC,2,25,57,MY_JCL_Evidence.txt
MY,JCP0753U,CP609930 ICEGENER IDCAMS SORT,&CNTLLIB(ICP00235) &CNTLLIB(ICP01498) &ENV.CIS.BTHVSM.&VER.CPBSYS &ENV.CRD.BTHSEQ.&VER.CTCS.AIF.FTP &ENV.CRD.BTHSEQ.&VER.CTCS.CP0753U.CARD &ENV.CRD.BTHVSM.&VER.RDM.CUSPLT &ENV.CRD.WRKVSM.&VER.BTHLARGE.RDM.J753 &ENV.CRD.WRKVSM.&VER.CTCS.CPCCPF PRDCIS.BKPVSM.MY20A2.CPBSYS.DY2I PRDCIS.BTHVSM.MY20A2.CPCCPF.ALL PRDCRD.BTHCTL.MY20A2(ICPK0050) PRDCRD.BTHLOD.MY20A2 PRDCRD.BTHSEQ.MY20A2.CTCS.AIF.FTP PRDCRD.BTHSEQ.MY20A2.CTCS.CP0753U.CARD PRDCRD.WRKSEQ.MY20A2.CTCS.CPCCPF PRDCRD.WRKVSM.MY20A2.CTCS.CPCCPF,16,5,207,MY_JCL_Evidence.txt
MY,JCP0755U,CP609820 CP611690 CP611720 CP615710 ICETOOL IDCAMS SORT,PRDCIS.BTHLOD.MY20A2 PRDCIS.BTHVSM.MY20A2.CPBPLT PRDCIS.BTHVSM.MY20A2.CPBSYS PRDCLB.BTHBGD.MY20A2.LBUCIA.BK(0) PRDCRD.BTHCTL.MY20A2(ICP00220) PRDCRD.BTHCTL.MY20A2(ICP00684) PRDCRD.BTHLOD.MY20A2 PRDCRD.BTHSEQ.MY20A2.AGL.PDBDA.REBATE PRDCRD.BTHSEQ.MY20A2.LBUCIA.J755U PRDCRD.BTHSEQ.MY20A2.PETRNS.CPTUI PRDCRD.BTHSEQ.MY20A2.PETRONAS.MTHLY PRDCRD.WRKSEQ.MY20A2.LBUCIA.SORTA PRDCRD.WRKSEQ.MY20A2.LBUCIA.SORTB PRDCRD.WRKVSM.MY20A2.LBUCIA.SORTA PRDCSS.BTHLOD.MY20A2,15,3,245,MY_JCL_Evidence.txt
MY,JCP0756R,CP609780 CP609880 CP609890 CP609892 CP609893 CP610170 CP612430 CP612460 CP615630 CP615640 ICEGENER ICETOOL SORT,PRDCAQ.BKPBGD.MY20A2.QMDTXN.B4(0) PRDCAQ.BTHSEQ.MY20A2.CQD720.CQMSTM PRDCAQ.BTHVSM.MY20A2.QMMMER PRDCAQ.BTHVSM.MY20A2.QMPSYSR PRDCIS.BTHVSM.MY20A2.CPBCRD PRDCIS.BTHVSM.MY20A2.CPBPLT PRDCIS.BTHVSM.MY20A2.CPBSYS PRDCIS.ONLVSM.MY20A2.CPPFX.PATH PRDCRD.BTHCTL.MY20A2(ICP00219) PRDCRD.BTHCTL.MY20A2(ICPK0050) PRDCRD.BTHSEQ.MY20A2.AGL.PDB.EDC.O PRDCRD.BTHSEQ.MY20A2.AGL.PDB.IPT.O PRDCRD.BTHSEQ.MY20A2.EPDBTRX.ENH.PREV PRDCRD.BTHSEQ.MY20A2.EPDBTRX.ENH.PREV.BKP PRDCRD.BTHSEQ.MY20A2.EPETTRX.ACC PRDCRD.BTHSEQ.MY20A2.EPETTRX.ACC.BKP PRDCRD.BTHSEQ.MY20A2.MEPS.CPTUI.PE PRDCRD.BTHSEQ.MY20A2.MSTMT.PDB.ACC PRDCRD.BTHSEQ.MY20A2.PDB.EDC PRDCRD.BTHSEQ.MY20A2.PDB.EDC.PREV PRDCRD.BTHSEQ.MY20A2.PDB.EDC.SORT PRDCRD.BTHSEQ.MY20A2.PDB.IPT PRDCRD.BTHSEQ.MY20A2.PDB.IPT.PREV PRDCRD.BTHSEQ.MY20A2.PDB.IPT.SORT PRDCRD.BTHSEQ.MY20A2.PDB.MAN PRDCRD.BTHSEQ.MY20A2.PDB.MAN.PREV PRDCRD.BTHSEQ.MY20A2.PDB.MAN.SORT PRDCRD.BTHSEQ.MY20A2.PDB.MSTMH.SORT PRDCRD.BTHSEQ.MY20A2.PDB.MSTMT.S1 PRDCRD.BTHSEQ.MY20A2.PDB.MSTMT.SORTED PRDCRD.BTHSEQ.MY20A2.PDBTRX.ENH.PREV PRDCRD.BTHSEQ.MY20A2.PDBTRX.ENH.PREV.BKP PRDCRD.BTHSEQ.MY20A2.PETTRX.ACC PRDCRD.BTHSEQ.MY20A2.PETTRX.ACC.BKP PRDCRD.BTHSEQ.MY20A2.POSTED PRDCRD.BTHSEQ.MY20A2.POSTED.REJT PRDCRD.BTHSEQ.MY20A2.POSTED.SUCC PRDCRD.BTHSEQ.MY20A2.QMBTPT.ACC PRDCRD.BTHSEQ.MY20A2.QMBTPT.ACC.BKP PRDCRD.WRKSEQ.MY20A2.MSTMT.PDB.ACC PRDCRD.WRKSEQ.MY20A2.PDB.MSTMT.ACC PRDCRD.WRKSEQ.MY20A2.PDB.MSTMT.ACSORT PRDCRD.WRKSEQ.MY20A2.POSTED.SORT PRDCRD.WRKSEQ.MY20A2.POSTED.SORT1 PRDCRD.WRKSEQ.MY20A2.POSTED.SORT2 PRDCRD.WRKSEQ.MY20A2.POSTED.SORT3 PRDCRD.WRKSEQ.MY20A2.POSTED.SORT3KH PRDCRD.WRKSEQ.MY20A2.POSTED.SORT3MY PRDCRD.WRKSEQ.MY20A2.POSTED.SORT4,49,103,830,MY_JCL_Evidence.txt
MY,JCP0756Z,IDCAMS,PRDCRD.BTHSEQ.MY20A2.LBPDB.BKUP PRDCRD.BTHVSM.MY20A2.PDB.LBPDB,2,20,86,MY_JCL_Evidence.txt
MY,JCP0757U,CP610000,PRDCIS.BTHLOD.MY20A2 PRDCIS.BTHVSM.MY20A2.CPBSYS PRDCLB.ONLVSM.MY20A2.LBCRD PRDCRD.BTHCTL.MY20A2(ICP00226) PRDCRD.BTHLOD.MY20A2 PRDCRD.BTHPRM.MY20A2.SUP(ICP00225) PRDCRD.BTHSEQ.MY20A2.LPS.CARDEF.FTP PRDCRD.BTHVSM.MY20A2.RDM.CUSPLT,8,18,52,MY_JCL_Evidence.txt
MY,JCP0758U,CP610090 ICEGENER IDCAMS SORT,PRDCAQ.BTHVSM.MY20A2.QMMBUS PRDCAQ.BTHVSM.MY20A2.QMMMER PRDCAQ.BTHVSM.MY20A2.QMMPRF PRDCAQ.BTHVSM.MY20A2.QMPATI PRDCIS.BTHVSM.MY20A2.CPBSYS PRDCIS.ONLVSM.MY20A2.CPPFX.PATH PRDCRD.BTHCTL.MY20A2(ICP00230) PRDCRD.BTHSEQ.MY20A2.LPS.BP.FTP PRDCRD.BTHSEQ.MY20A2.LPS.BP.SORT PRDCRD.BTHSEQ.MY20A2.LPS.CPTUI PRDCRD.BTHSEQ.MY20A2.LPS.LSCPTUI PRDCRD.BTHSEQ.MY20A2.LPS.LSMASBD PRDCRD.BTHSEQ.MY20A2.LPS.MASBDTE PRDIMX.BTHSEQ.MY20A2.CXMCT,14,34,147,MY_JCL_Evidence.txt
MY,JCP0758Y,IDCAMS IEFBR14,PRDCRD.BTHSEQ.MY20A2.LPS.BP.SORT PRDCRD.BTHSEQ.MY20A2.LPS.CPTUI PRDCRD.BTHSEQ.MY20A2.LPS.MASBDTE,3,14,49,MY_JCL_Evidence.txt
MY,JCP0766R,CP610780 CP611870 CP611890 CP613440 ETALK IDCAMS SORT,&CNTLLIB(ICP01307) &ENV.CRD.BTHSEQ.&VER.FTP.ENC.MRT.RECON PRDCAQ.BTHSEQ.MY20A2.CQD720.CQMSTM PRDCAQ.BTHVSM.MY20A2.QMMMER PRDCIS.BTHLOD.MY20A2 PRDCIS.BTHVSM.MY20A2.CPBSYS PRDCRD.BTHCTL.MY20A2(ICP00287) PRDCRD.BTHCTL.MY20A2(ICP00874) PRDCRD.BTHCTL.MY20A2(ICP00875) PRDCRD.BTHCTL.MY20A2(ICP00892) PRDCRD.BTHCTL.MY20A2(ICP00893) PRDCRD.BTHCTL.MY20A2(ICP00935) PRDCRD.BTHCTL.MY20A2(ICP00936) PRDCRD.BTHCTL.MY20A2(ICP01225) PRDCRD.BTHCTL.MY20A2(ICP01226) PRDCRD.BTHCTL.MY20A2(ICPK2000) PRDCRD.BTHLOD.MY20A2 PRDCRD.BTHSEQ.MY20A2.AA.RECON PRDCRD.BTHSEQ.MY20A2.CP311580 PRDCRD.BTHSEQ.MY20A2.CWP.RECON PRDCRD.BTHSEQ.MY20A2.DIGI.RECON PRDCRD.BTHSEQ.MY20A2.EMOL.RECON PRDCRD.BTHSEQ.MY20A2.ENC.AA.RECON PRDCRD.BTHSEQ.MY20A2.ENC.CWP.RECON PRDCRD.BTHSEQ.MY20A2.ENC.GHL.POS PRDCRD.BTHSEQ.MY20A2.ENC.GHL.RECON PRDCRD.BTHSEQ.MY20A2.ENC.GNT.TESCO.RECON PRDCRD.BTHSEQ.MY20A2.ENC.MRT.RECON PRDCRD.BTHSEQ.MY20A2.ENC.PRD.RECON PRDCRD.BTHSEQ.MY20A2.ENC.PWP.RECON PRDCRD.BTHSEQ.MY20A2.ENC.TOYO.RECON PRDCRD.BTHSEQ.MY20A2.GHL.RECON PRDCRD.BTHSEQ.MY20A2.GNT.CSTORAGE.RECON PRDCRD.BTHSEQ.MY20A2.GNT.CSTORAGE.RECON.PWCB PRDCRD.BTHSEQ.MY20A2.GNT.GIANT.RECON PRDCRD.BTHSEQ.MY20A2.GNT.GIANT.RECON.PWCB PRDCRD.BTHSEQ.MY20A2.GNT.GUARDIAN.RECON PRDCRD.BTHSEQ.MY20A2.GNT.GUARDIAN.RECON.PWCB PRDCRD.BTHSEQ.MY20A2.GNT.TESCO.RECON PRDCRD.BTHSEQ.MY20A2.LHDN.RECON PRDCRD.BTHSEQ.MY20A2.MRT.RECON PRDCRD.BTHSEQ.MY20A2.PAMP.CTL PRDCRD.BTHSEQ.MY20A2.PRD.RECON PRDCRD.BTHSEQ.MY20A2.PWP.RECON PRDCRD.BTHSEQ.MY20A2.TOYO.RECON PRDCRD.BTHVSM.MY20A2.GNT.CPPWCBC PRDCRD.WRKSEQ.MY20A2.CP511891 PRDCRD.WRKSEQ.MY20A2.CQD720.CQMSTM.SORT1 PRDCRD.WRKSEQ.MY20A2.MAS.MSPYMT PRDCRD.WRKSEQ.MY20A2.MAS.MSPYMT1,57,3,558,MY_JCL_Evidence.txt
MY,JCP0766Y,CP610780 CP611870 CP611890 CP613440 ETALK IDCAMS SORT,PRDCAQ.BTHSEQ.MY20A2.CQD720.CQMSTM PRDCAQ.BTHVSM.MY20A2.QMMMER PRDCIS.BTHLOD.MY20A2 PRDCIS.BTHVSM.MY20A2.CPBSYS PRDCRD.BTHCTL.MY20A2(ICP00287) PRDCRD.BTHCTL.MY20A2(ICP00874) PRDCRD.BTHCTL.MY20A2(ICP00875) PRDCRD.BTHCTL.MY20A2(ICP00892) PRDCRD.BTHCTL.MY20A2(ICP00893) PRDCRD.BTHCTL.MY20A2(ICP00935) PRDCRD.BTHCTL.MY20A2(ICP00936) PRDCRD.BTHCTL.MY20A2(ICPK0100) PRDCRD.BTHLOD.MY20A2 PRDCRD.BTHSEQ.MY20A2.AA.RECON PRDCRD.BTHSEQ.MY20A2.DIGI.RECON PRDCRD.BTHSEQ.MY20A2.EMOL.RECON PRDCRD.BTHSEQ.MY20A2.ENC.AA.RECON PRDCRD.BTHSEQ.MY20A2.ENC.GHL.RECON PRDCRD.BTHSEQ.MY20A2.ENC.GNT.TESCO.RECON PRDCRD.BTHSEQ.MY20A2.ENC.TOYO.RECON PRDCRD.BTHSEQ.MY20A2.GHL.RECON PRDCRD.BTHSEQ.MY20A2.GNT.CSTORAGE.RECON PRDCRD.BTHSEQ.MY20A2.GNT.CSTORAGE.RECON.PWCB PRDCRD.BTHSEQ.MY20A2.GNT.GIANT.RECON PRDCRD.BTHSEQ.MY20A2.GNT.GIANT.RECON.PWCB PRDCRD.BTHSEQ.MY20A2.GNT.GUARDIAN.RECON PRDCRD.BTHSEQ.MY20A2.GNT.GUARDIAN.RECON.PWCB PRDCRD.BTHSEQ.MY20A2.GNT.TESCO.RECON PRDCRD.BTHSEQ.MY20A2.TOYO.RECON PRDCRD.BTHVSM.MY20A2.GNT.CPPWCBC PRDCRD.WRKSEQ.MY20A2.CQD720.CQMSTM.SORT1 PRDCRD.WRKSEQ.MY20A2.MAS.MSPYMT PRDCRD.WRKSEQ.MY20A2.MAS.MSPYMT1 PRDCRD.WRKSEQ.MY20A2.MAS.MSPYMT2 PRDCSS.ONLVSM.MY20A2.CSCUR PRDIMX.BTHSEQ.MY20A2.CXTFO.POST PSUC.PAYMATE.ETALK.MASTER,37,3,379,MY_JCL_Evidence.txt
MY,JCP0768U,IDCAMS,PRDCRD.BTHCTL.MY20A2(ICP00244) PRDCRD.BTHCTL.MY20A2(ICP00245),2,25,50,MY_JCL_Evidence.txt
MY,JCP0769U,CP610610 CPD000 CPE010 CPE020 ICEMAN IDCAMS IEFBR14 SORT,PRDCIS.BTHVSM.MY20A2.CPBCRD PRDCIS.BTHVSM.MY20A2.CPBPLT PRDCIS.BTHVSM.MY20A2.CPBSYS PRDCIS.BTHVSM.MY20A2.EMV.CPEIC PRDCIS.ONLVSM.MY20A2.CPEIC PRDCIS.ONLVSM.MY20A2.CPRIC PRDCIS.ONLVSM.MY20A2.CPXRIC PRDCRD.BTHSEQ.MY20A2.EMV.CPEIC2 PRDCRD.BTHVSM.MY20A2.EMV.CPEIC2,9,40,337,MY_JCL_Evidence.txt
MY,JCP0770U,ADRDSSU CP610430 CP610880 IDCAMS SORT,PRDCIS.BTHLOD.MY20A2 PRDCIS.BTHVSM.MY20A2.CPBPLT PRDCIS.BTHVSM.MY20A2.CPBSYS PRDCRD.BKPVSM.MY20A2.SMS.VMJRNL PRDCRD.BTHCTL.MY20A2(ICP00244) PRDCRD.BTHCTL.MY20A2(ICP00245) PRDCRD.BTHLOD.MY20A2 PRDCRD.BTHSEQ.MY20A2.CCD.CLCCDS.CPTUI PRDCRD.BTHSEQ.MY20A2.SMS.SMSCACT.CPTUI PRDCRD.ONLVSM.MY20A2.VMJRNL PRDCRD.WRKSEQ.MY20A2.CCD.VMJRNL.CCDS.SORT PRDCRD.WRKSEQ.MY20A2.SMS.VMJRNL.SORT,12,12,140,MY_JCL_Evidence.txt
MY,JCP0772U,CP610520 IDCAMS IEFBR14 SORT,PRDCIS.BTHLOD.MY20A2 PRDCIS.BTHSEQ.MY20A2.CPIR1 PRDCIS.BTHVSM.MY20A2.CPBCUS PRDCIS.BTHVSM.MY20A2.CPBPLT PRDCIS.BTHVSM.MY20A2.CPBSYS PRDCRD.BTHCTL.MY20A2(DYNALL32) PRDCRD.BTHLOD.MY20A2 PRDCRD.BTHSEQ.MY20A2.EMV.CPIR1RI.CNP PRDCRD.BTHSEQ.MY20A2.SMS.CPIR1R PRDCRD.TMPSEQ.MY20A2.SMS.ISSUE PRDCRD.WRKSEQ.MY20A2.SMS.CPIR1.ISSUE PRDCRD.WRKSEQ.MY20A2.SMS.CPIR1.RECARD PRDCRD.WRKSEQ.MY20A2.SMS.CPIR1R,13,4,147,MY_JCL_Evidence.txt
MY,JCP0773U,ICETOOL IDCAMS,PRDCIS.BTHLOD.MY20A2 PRDCRD.BTHCTL.MY20A2(ICP00250) PRDCRD.BTHLOD.MY20A2 PRDCRD.BTHSEQ.MY20A2.SMS.SMSCACT1 PRDCRD.TMPSEQ.MY20A2.SMS.ISSUE,5,4,56,MY_JCL_Evidence.txt
MY,JCP0774U,CP610510 ICEGENER IDCAMS IEFBR14 SORT,PRDCIS.BTHLOD.MY20A2 PRDCIS.BTHVSM.MY20A2.CPBCUS PRDCIS.BTHVSM.MY20A2.CPBPLT PRDCIS.BTHVSM.MY20A2.CPBSYS PRDCRD.BTHLOD.MY20A2 PRDCRD.BTHSEQ.MY20A2.EMV.CPIR1RI PRDCRD.BTHSEQ.MY20A2.SMS.CPIR1RI PRDCRD.TMPSEQ.MY20A2.SMS.REISSUE PRDCRD.WRKSEQ.MY20A2.SMS.CPIR1.REISSUE PRDCRD.WRKSEQ.MY20A2.SMS.CPIR1RI,10,5,118,MY_JCL_Evidence.txt
MY,JCP0775U,IDCAMS SORT,PRDCIS.BTHLOD.MY20A2 PRDCRD.BTHCTL.MY20A2(ICP00254) PRDCRD.BTHLOD.MY20A2 PRDCRD.BTHSEQ.MY20A2.SMS.SMSCCOL1 PRDCRD.TMPSEQ.MY20A2.SMS.ISSUE PRDCRD.WRKSEQ.MY20A2.SMS.SMSCCOL1,6,3,84,MY_JCL_Evidence.txt
MY,JCP0776U,CP611260 IDCAMS SORT,PRDCIS.BTHLOD.MY20A2 PRDCIS.BTHVSM.MY20A2.CPBSYS PRDCRD.BTHCTL.MY20A2(ICP00255) PRDCRD.BTHLOD.MY20A2 PRDCRD.BTHSEQ.MY20A2.SMS.SMSCACT2 PRDCRD.BTHSEQ.MY20A2.SMS.SMSCCOL2 PRDCRD.TMPSEQ.MY20A2.SMS.REISSUE PRDCRD.WRKSEQ.MY20A2.SMS.SMSCCOL2,8,3,108,MY_JCL_Evidence.txt
MY,JCP0780R,CP610550 CP610560 CP610640 IDCAMS IEFBR14 SORT,PRDCIS.BTHLOD.MY20A2 PRDCIS.BTHVSM.MY20A2.CPBCRD PRDCIS.BTHVSM.MY20A2.CPBCUS PRDCIS.BTHVSM.MY20A2.CPBPLT PRDCIS.BTHVSM.MY20A2.CPBSYS PRDCIS.BTHVSM.MY20A2.CPCCPF.ALL PRDCRD.BTHLOD.MY20A2 PRDCRD.BTHSEQ.MY20A2.CPCCPF.ACCEPTED PRDCRD.BTHSEQ.MY20A2.EMV.DBGEMB.RESULT PRDCRD.BTHSEQ.MY20A2.EMV.ICCEMB.RESULT PRDCRD.BTHSEQ.MY20A2.EMV.OUTPUT.SUCCREJ PRDCRD.BTHSEQ.MY20A2.EMV.VMCEMB.RESULT PRDCRD.BTHVSM.MY20A2.EMV.RSLT.INSTC PRDCRD.BTHVSM.MY20A2.EMV.RSLT.NIGHT PRDCRD.ONLVSM.MY20A2.BRANCH PRDCRD.WRKSEQ.MY20A2.CPCCPF.ACCEPTED PRDCSS.BTHLOD.MY20A2,17,4,273,MY_JCL_Evidence.txt
MY,JCP0785U,CP608540 IDCAMS SORT,PRDCAQ.BTHVSM.MY20A2.QMMMER PRDCRD.BTHBGD.MY20A2.PETRONAS.DAILY(+1) PRDCRD.BTHLOD.MY20A2 PRDCRD.BTHSEQ.MY20A2.PETRONAS.TXN PRDCRD.BTHSEQ.MY20A2.PETRONAS.TXN.BKUP PRDCRD.WRKSEQ.MY20A2.OADCLGA PRDCRD.WRKSEQ.MY20A2.OADCLGB PRDCRD.WRKSEQ.MY20A2.PETRONAS.TXNA PRDCRD.WRKSEQ.MY20A2.PETRONAS.TXNB PRDEDC.BKPVSM.MY20A2.OADCLGA.RNP PRDEDC.BKPVSM.MY20A2.OADCLGB.RNP,11,4,126,MY_JCL_Evidence.txt
MY,JCP0786U,ICEGENER IDCAMS,PRDCRD.BTHCTL.MY20A2(ICP00260) PRDCRD.BTHLOD.MY20A2 PRDCRD.BTHSEQ.MY20A2.PETRONAS.TXN PRDCRD.BTHSEQ.MY20A2.PETRONAS.TXN.BKUP,4,4,40,MY_JCL_Evidence.txt
MY,JCP0790U,CP604650 CP610770 ETALK ICETOOL IDCAMS IEFBR14,PRDCAQ.BTHVSM.MY20A2.QMMCNT PRDCAQ.BTHVSM.MY20A2.QMMMER PRDCIS.BTHVSM.MY20A2.CPBSYS PRDCIS.ONLVSM.MY20A2.CPPFX.PATH PRDCRD.BTHCTL.MY20A2(ICP00282) PRDCRD.BTHCTL.MY20A2(ICP00285) PRDCRD.BTHCTL.MY20A2(ICP00295) PRDCRD.BTHLOD.MY20A2 PRDCRD.BTHSEQ.MY20A2.ITA.IATA PRDCRD.BTHSEQ.MY20A2.ITA.IN PRDCRD.ONLVSM.MY20A2.BRANCH PRDCRD.WRKSEQ.MY20A2.ITA.IATA PRDIMX.BTHSEQ.MY20A2.ITA.CPLMT PSUC.ONLLIB.LOADLIB PSUC.PAYMATE.ETALK.MASTER,15,3,116,MY_JCL_Evidence.txt
MY,JCP0802U,CP604650 CP610860 IDCAMS SORT,PRDCIS.BTHLOD.MY20A2 PRDCIS.BTHVSM.MY20A2.CPBCUS PRDCIS.BTHVSM.MY20A2.CPBPLT PRDCIS.BTHVSM.MY20A2.CPBSYS PRDCRD.BTHCTL.MY20A2(ICP00284) PRDCRD.BTHCTL.MY20A2(ICP00324) PRDCRD.BTHLOD.MY20A2 PRDCRD.BTHSEQ.MY20A2.CCD.CLCCDSN PRDCRD.BTHSEQ.MY20A2.EMV.DBGEMB.RESULT PRDCRD.BTHSEQ.MY20A2.EMV.ICCEMB.RESULT PRDCRD.BTHSEQ.MY20A2.EMV.R.DBGEMB.RESULT PRDCRD.BTHSEQ.MY20A2.EMV.R.ICCEMB.RESULT PRDCRD.BTHSEQ.MY20A2.EMV.R.VMCEMB.RESULT PRDCRD.BTHSEQ.MY20A2.EMV.VMCEMB.RESULT PRDCRD.ONLVSM.MY20A2.BRANCH,15,3,151,MY_JCL_Evidence.txt
MY,JCP0803U,CP610920 IDCAMS SORT,PRDCIS.BTHLOD.MY20A2 PRDCIS.BTHVSM.MY20A2.CPBCUS PRDCIS.BTHVSM.MY20A2.CPBPLT PRDCIS.BTHVSM.MY20A2.CPBSYS PRDCRD.BTHCTL.MY20A2(ICP00284) PRDCRD.BTHCTL.MY20A2(ICP00325) PRDCRD.BTHLOD.MY20A2 PRDCRD.BTHSEQ.MY20A2.CCD.CLCCDSR PRDCRD.BTHSEQ.MY20A2.EMV.R.DBGEMB.RESULT PRDCRD.BTHSEQ.MY20A2.EMV.R.ICCEMB.RESULT PRDCRD.BTHSEQ.MY20A2.EMV.R.VMCEMB.RESULT,11,3,61,MY_JCL_Evidence.txt
MY,JCP0806U,CP604650 CP610660 ETALK ICEGENER ICETOOL IDCAMS SORT,PRDCAQ.BTHVSM.MY20A2.QMMMER PRDCAQ.BTHVSM.MY20A2.QMMPRF PRDCAQ.ONLVSM.MY20A2.QMMMER PRDCIS.BTHVSM.MY20A2.CPBSYS PRDCRD.BTHCTL.MY20A2(ICP00654) PRDCRD.BTHCTL.MY20A2(ICP00656) PRDCRD.BTHSEQ.MY20A2.CUP.CMSFDLY PRDCRD.BTHSEQ.MY20A2.CUP.CP513921 PRDCRD.BTHSEQ.MY20A2.CUP.CP513921.IN PRDCRD.BTHSEQ.MY20A2.CUP.CP513922 PRDCRD.BTHSEQ.MY20A2.CUP.CP513922.IN PRDCRD.BTHSEQ.MY20A2.CUP.CP513923 PRDCRD.BTHSEQ.MY20A2.CUP.CP513923.IN PRDCRD.BTHSEQ.MY20A2.CUP.CP513924 PRDCRD.BTHSEQ.MY20A2.CUP.CP513924.IN PRDCRD.BTHSEQ.MY20A2.CUP.CP513925 PRDCRD.BTHSEQ.MY20A2.CUP.CP513925.IN PRDCRD.BTHSEQ.MY20A2.CUP.MASBDTE PRDCRD.BTHSEQ.MY20A2.CUP.QMEPST PRDCRD.BTHSEQ.MY20A2.CUP.SETTL PRDCRD.BTHSEQ.MY20A2.CUP.SETTL.BKP PRDCRD.BTHSEQ.MY20A2.CUP.SETTL.IN PRDCRD.BTHSEQ.MY20A2.CUP.SETTL.PREV PRDCRD.BTHSEQ.MY20A2.CUP.SETTL.SORT PRDCRD.BTHSEQ.MY20A2.QMMMER.EXTRACT PRDCRD.BTHSEQ.MY20A2.QMMMER.EXTRACT.MATCH PRDCRD.ONLVSM.MY20A2.BRANCH PRDCRD.WRKSEQ.MY20A2.CP510661 PRDIMX.BTHVSM.MY20A2.CXCBF.CUP PSUC.PAYMATE.ETALK.MASTER PSUC.UID.EFTP.MY.CUP,31,29,472,MY_JCL_Evidence.txt
MY,JCP0807R,CP604650 ICEGENER,PRDCIS.BTHVSM.MY20A2.CPBSYS PRDCRD.BTHLOD.MY20A2 PRDCRD.BTHSEQ.MY20A2.CUP.CP513921 PRDCRD.BTHSEQ.MY20A2.CUP.CP513922 PRDCRD.BTHSEQ.MY20A2.CUP.CP513923 PRDCRD.BTHSEQ.MY20A2.CUP.CP513924 PRDCRD.BTHSEQ.MY20A2.CUP.CP513925 PRDCRD.ONLVSM.MY20A2.BRANCH,8,4,57,MY_JCL_Evidence.txt
MY,JCP081WD,IEFBR14 MH501010 SORT,PRDMHP.BTHBGD.MY20A2.MCI.SRTMP(+1) PRDMHP.BTHBGD.MY20A2.MCI.SRTMP(0) PRDMHP.BTHSEQ.MY20A2.MCIN.MFX TCPIP.PARMLIB(TCPDATA),4,17,62,MY_JCL_Evidence.txt
MY,JCP0825U,CP604650 CP609920 IEFBR14 SORT,PRDCIS.BTHVSM.MY20A2.CPBCRD PRDCIS.BTHVSM.MY20A2.CPBPLT PRDCIS.BTHVSM.MY20A2.CPBSYS PRDCRD.BTHCTL.MY20A2(ICP00264) PRDCRD.BTHCTL.MY20A2(ICP00265) PRDCRD.BTHCTL.MY20A2(ICP00266) PRDCRD.BTHCTL.MY20A2(ICP01499) PRDCRD.BTHLOD.MY20A2 PRDCRD.BTHSEQ.MY20A2.CTCS.P3.SUBF.CONV.FTP PRDCRD.BTHSEQ.MY20A2.CTCS.P3.SUBF.ISLM.FTP PRDCRD.BTHSEQ.MY20A2.CTCS.P3.SUBFILE.CONV PRDCRD.BTHSEQ.MY20A2.CTCS.P3.SUBFILE.ISLM PRDCRD.BTHVSM.MY20A2.CCTRLF.OFFL PRDCRD.ONLVSM.MY20A2.BRANCH PRDCRD.ONLVSM.MY20A2.BRANCH.CNTL4,15,15,97,MY_JCL_Evidence.txt
MY,JCP0825Y,ICEGENER IEFBR14,*.S01DEL.XFILE PRDCRD.BTHSEQ.MY20A2.CTCS.P3.&XFIL,2,13,21,MY_JCL_Evidence.txt
MY,JCP0836U,CP611710 IEFBR14 SORT,*.S01DEL.SUBFILE PRDCRD.BTHLOD.MY20A2 PRDCRD.BTHSEQ.MY20A2.CTCS.P3.CPVALID PRDCRD.BTHSEQ.MY20A2.CTCS.P3.SUBFILE.CONV PRDCRD.BTHSEQ.MY20A2.CTCS.P3.SUBFILE.ISLM PRDCRD.BTHSEQ.MY20A2.CTCS.P3.SUBFILE.MRG PRDCRD.BTHVSM.MY20A2.CCTRLF.OFFL,7,12,61,MY_JCL_Evidence.txt
MY,JCP0840U,CP609970 CP610750 CP611320 CP612920 ICEGENER IDCAMS IEFBR14 SORT,PRDCIS.BTHVSM.MY20A2.CPBSYS PRDCRD.BKPSEQ.MY20A2.POSTEDA PRDCRD.BTHBGD.MY20A2.POSTEDA(0) PRDCRD.BTHCTL.MY20A2(ICP00303) PRDCRD.BTHCTL.MY20A2(ICP00305) PRDCRD.BTHCTL.MY20A2(ICP00306) PRDCRD.BTHCTL.MY20A2(ICP00307) PRDCRD.BTHCTL.MY20A2(ICP00308) PRDCRD.BTHCTL.MY20A2(ICP00309) PRDCRD.BTHCTL.MY20A2(ICP00310) PRDCRD.BTHCTL.MY20A2(ICP00311) PRDCRD.BTHCTL.MY20A2(ICP00312) PRDCRD.BTHCTL.MY20A2(ICP00313) PRDCRD.BTHCTL.MY20A2(ICP00314) PRDCRD.BTHCTL.MY20A2(ICP00315) PRDCRD.BTHCTL.MY20A2(ICP00316) PRDCRD.BTHCTL.MY20A2(ICP00317) PRDCRD.BTHCTL.MY20A2(ICP00318) PRDCRD.BTHCTL.MY20A2(ICP00319) PRDCRD.BTHCTL.MY20A2(ICP00320) PRDCRD.BTHLOD.MY20A2 PRDCRD.BTHPRM.MY20A2.SUP(ICP00224) PRDCRD.BTHPRM.MY20A2.SUP(ICP00301) PRDCRD.BTHPRM.MY20A2.SUP(ICP00302) PRDCRD.BTHPRM.MY20A2.SUP(ICP00304) PRDCRD.BTHPRM.MY20A2.SUP(ICP00415) PRDCRD.BTHPRM.MY20A2.SUP(ICP00416) PRDCRD.BTHSEQ.MY20A2.AUTO.REBATE.CPTUI PRDCRD.BTHSEQ.MY20A2.AUTO.REBATE.CPTUI.A PRDCRD.BTHSEQ.MY20A2.AUTO.REBATE.CPTUI.B PRDCRD.BTHSEQ.MY20A2.AUTO.REBATE.CPTUI.C PRDCRD.BTHSEQ.MY20A2.AUTO.REBATE.CPTUI.D PRDCRD.BTHSEQ.MY20A2.AUTO.REBATE.CPTUI.E PRDCRD.BTHSEQ.MY20A2.AUTO.REBATE.CPTUI.F PRDCRD.BTHSEQ.MY20A2.AUTO.REBATE.CPTUI.G PRDCRD.BTHSEQ.MY20A2.AUTO.REBATE.CPTUI.H PRDCRD.BTHSEQ.MY20A2.AUTO.REBATE.CPTUI.I PRDCRD.BTHSEQ.MY20A2.PARTNER.REBATE.CPTUI PRDCRD.BTHSEQ.MY20A2.POSTED PRDCRD.BTHSEQ.MY20A2.SMART.PARTNERS.DISC,40,4,846,MY_JCL_Evidence.txt
MY,JCP0842Q,IDCAMS SORT,*.S02SORT.XOUF01 PRDCRD.BTHLOD.MY20A2 PRDCRD.BTHSEQ.MY20A2.DMS.SMS.OUT.FTP PRDCRD.BTHSEQ.MY20A2.QQ.JCP0842Q.F1,4,4,40,MY_JCL_Evidence.txt
MY,JCP0842R,CP611470 ICEGENER IEFBR14 SORT,PRDCIS.BTHLOD.MY20A2 PRDCIS.BTHVSM.MY20A2.CPBSYS PRDCRD.BTHCTL.MY20A2(DYNALL32) PRDCRD.BTHCTL.MY20A2(ICP00334) PRDCRD.BTHLOD.MY20A2 PRDCRD.BTHSEQ.MY20A2.DMS.DIALER.INBOUND.FTP PRDCRD.BTHSEQ.MY20A2.DMS.DIALER.INBOUND.SRT PRDCRD.BTHSEQ.MY20A2.DMS.DIALER.OUTBOUND.FTP PRDCRD.BTHSEQ.MY20A2.DMS.DIALER.OUTBOUND.SRT PRDCRD.BTHSEQ.MY20A2.DMS.RHDEBTP.DIALER PRDCSS.BTHLOD.MY20A2,11,4,101,MY_JCL_Evidence.txt
MY,JCP0843B,IDCAMS,,0,18,18,MY_JCL_Evidence.txt
MY,JCP0843U,CP611360 CP614380 IDCAMS SORT,&ENV.CIS.BKPVSM.&VER.CPBPLT.JCPDY2G &ENV.CIS.BTHVSM.&VER.CPBCRD &ENV.CIS.BTHVSM.&VER.CPBCUS &ENV.CIS.BTHVSM.&VER.CPBPLT &ENV.CIS.BTHVSM.&VER.CPBSYS &ENV.CIS.BTHVSM.&VER.DMS.CPBAPX &ENV.CIS.BTHVSM.&VER.DMS.CPBCPX &ENV.CIS.ONLVSM.&VER.CPPAM &ENV.CIS.ONLVSM.&VER.CPZCMF &ENV.CRD.BTHSEQ.&VER.DMS.LEDEBTP.FTP &ENV.CRD.BTHSEQ.&VER.DMS.LEDEBTP.NEWDELQ &ENV.CRD.BTHSEQ.&VER.DMS.LFDEBTP.FTP &ENV.CRD.BTHSEQ.&VER.DMS.LFDEBTP.NEWDELQ &ENV.CRD.BTHSEQ.&VER.DMS.LGDEBTP.FTP &ENV.CRD.BTHSEQ.&VER.DMS.LGDEBTP.NEWDELQ &ENV.CRD.BTHSEQ.&VER.DMS.LHDEBTP.FTP &ENV.CRD.BTHSEQ.&VER.DMS.LHDEBTP.NEWDELQ &ENV.CRD.BTHSEQ.&VER.DMS.RHDEBTP.NEWDELQ &ENV.CRD.BTHSEQ.&VER.DMS.TKDEBTP.FTP &ENV.CRD.BTHSEQ.&VER.DMS.TLDEBTP.FTP &ENV.CRD.BTHSEQ.&VER.DMS.TMDEBTP.FTP &ENV.CRD.BTHVSM.&VER.DMS.BSCORE &ENV.CRD.BTHVSM.&VER.DMS.DMSURRGT PRDCIS.BTHLOD.MY20A2 PRDCRD.BTHCTL.MY20A2(DYNALL32) PRDCRD.BTHLOD.MY20A2 PRDCRD.BTHSEQ.MY20A2.DMS.LEDEBTP.FTP PRDCRD.BTHSEQ.MY20A2.DMS.LEDEBTP.NEWDELQ PRDCRD.BTHSEQ.MY20A2.DMS.LFDEBTP.FTP PRDCRD.BTHSEQ.MY20A2.DMS.LFDEBTP.NEWDELQ PRDCRD.BTHSEQ.MY20A2.DMS.LGDEBTP.FTP PRDCRD.BTHSEQ.MY20A2.DMS.LGDEBTP.NEWDELQ PRDCRD.BTHSEQ.MY20A2.DMS.LHDEBTP.FTP PRDCRD.BTHSEQ.MY20A2.DMS.LHDEBTP.NEWDELQ PRDCRD.BTHSEQ.MY20A2.DMS.RHDEBTP.NEWDELQ PRDCRD.BTHSEQ.MY20A2.DMS.TKDEBTP.FTP PRDCRD.BTHSEQ.MY20A2.DMS.TLDEBTP.FTP PRDCRD.BTHSEQ.MY20A2.DMS.TMDEBTP.FTP,38,5,226,MY_JCL_Evidence.txt
MY,JCP08441,CP611370 CP611380 IDCAMS SORT,&ENV.CIS.BKPVSM.&VER.CPBCRD.JCPDY2D &ENV.CIS.BKPVSM.&VER.CPBCUS.JCPDY2F &ENV.CIS.BTHVSM.&VER.CPBCRD &ENV.CIS.BTHVSM.&VER.CPBCUS &ENV.CIS.BTHVSM.&VER.CPBPLT &ENV.CIS.BTHVSM.&VER.CPBSYS &ENV.CIS.BTHVSM.&VER.CPCCPF.ALL &ENV.CIS.BTHVSM.&VER.DMS.CPBAPX &ENV.CIS.ONLVSM.&VER.CPPAM &ENV.CIS.ONLVSM.&VER.CPZCMF &ENV.CRD.BTHSEQ.&VER.DMS.CRNAME &ENV.CRD.BTHSEQ.&VER.DMS.RHDEBTP.CARDUPD &ENV.CRD.BTHSEQ.&VER.DMS.RHDEBTP.CUSTUPD &ENV.CRD.BTHVSM.&VER.DMS.CRNAME PRDCIS.BTHLOD.MY20A2 PRDCRD.BTHCTL.MY20A2(ICP00327) PRDCRD.BTHCTL.MY20A2(ICPK0050) PRDCRD.BTHLOD.MY20A2 PRDCRD.BTHSEQ.MY20A2.DMS.CRNAME PRDCRD.BTHSEQ.MY20A2.DMS.RHDEBTP.CARDUPD PRDCRD.BTHSEQ.MY20A2.DMS.RHDEBTP.CUSTUPD,21,5,133,MY_JCL_Evidence.txt
MY,JCP08442,CP614330 IEFBR14,PRDCIS.BKPVSM.MY20A2.CPBPLT.JCPDY2G PRDCIS.BTHVSM.MY20A2.CPBCRD PRDCIS.BTHVSM.MY20A2.CPBPLT PRDCIS.BTHVSM.MY20A2.CPBSYS PRDCRD.BTHLOD.MY20A2 PRDCRD.BTHSEQ.MY20A2.DMS.RHDEBTP.PLTUPD,6,4,33,MY_JCL_Evidence.txt
MY,JCP0845R,CP611400 IEFBR14,PRDCIS.BTHVSM.MY20A2.CPBCRD PRDCIS.BTHVSM.MY20A2.CPBPLT PRDCIS.BTHVSM.MY20A2.CPBSYS PRDCIS.BTHVSM.MY20A2.DMS.CPBAPX PRDCRD.BTHCTL.MY20A2(ICP00329) PRDCRD.BTHLOD.MY20A2 PRDCRD.BTHSEQ.MY20A2.DMS.I4DEBTP.TXNS PRDCRD.BTHSEQ.MY20A2.DMS.I5DEBTP.TXNS PRDCRD.BTHSEQ.MY20A2.POSTED,9,4,39,MY_JCL_Evidence.txt
MY,JCP0846R,CP611920 IEFBR14,PRDCIS.BTHVSM.MY20A2.CPBCRD PRDCIS.BTHVSM.MY20A2.CPBPLT PRDCIS.BTHVSM.MY20A2.CPBSYS PRDCIS.BTHVSM.MY20A2.CPSTMT PRDCIS.BTHVSM.MY20A2.DMS.CPBAPX PRDCRD.BTHLOD.MY20A2 PRDCRD.BTHSEQ.MY20A2.DMS.I4DEBTP.INTR PRDCRD.BTHSEQ.MY20A2.DMS.I5DEBTP.INTR,8,4,37,MY_JCL_Evidence.txt
MY,JCP0847R,CP611390 ICEGENER SORT,&ENV.CRD.BTHSEQ.&VER.DMS.I4DEBTP.FTP &ENV.CRD.BTHSEQ.&VER.DMS.I4DEBTP.INTR &ENV.CRD.BTHSEQ.&VER.DMS.I4DEBTP.TXNS &ENV.CRD.BTHSEQ.&VER.DMS.I5DEBTP.FTP &ENV.CRD.BTHSEQ.&VER.DMS.I5DEBTP.INTR &ENV.CRD.BTHSEQ.&VER.DMS.I5DEBTP.TXNS &ENV.CRD.BTHSEQ.&VER.DMS.RHDEBTP.BSCORE &ENV.CRD.BTHSEQ.&VER.DMS.RHDEBTP.CARDUPD &ENV.CRD.BTHSEQ.&VER.DMS.RHDEBTP.CRAVAIL &ENV.CRD.BTHSEQ.&VER.DMS.RHDEBTP.CRAVAIL.TDY &ENV.CRD.BTHSEQ.&VER.DMS.RHDEBTP.CUSTUPD &ENV.CRD.BTHSEQ.&VER.DMS.RHDEBTP.DIALER &ENV.CRD.BTHSEQ.&VER.DMS.RHDEBTP.FTP &ENV.CRD.BTHSEQ.&VER.DMS.RHDEBTP.NEWDELQ &ENV.CRD.BTHSEQ.&VER.DMS.RHDEBTP.PLTUPD &ENV.CRD.BTHSEQ.&VER.DMS.RHDEBTP.PYMTDATE &ENV.CRD.BTHSEQ.&VER.DMS.RHDEBTP.SORTOMIT &ENV.CRD.BTHSEQ.&VER.DMS.RHDEBTP.TEL PRDCIS.BTHLOD.MY20A2 PRDCRD.BTHCTL.MY20A2(DYNALL32) PRDCRD.BTHLOD.MY20A2 PRDCRD.BTHSEQ.MY20A2.DMS.I4DEBTP.FTP PRDCRD.BTHSEQ.MY20A2.DMS.I5DEBTP.FTP PRDCRD.BTHSEQ.MY20A2.DMS.RHDEBTP.F1 PRDCRD.BTHSEQ.MY20A2.DMS.RHDEBTP.FTP PRDCRD.BTHSEQ.MY20A2.DMS.RHDEBTP.NEWDELQ PRDCRD.BTHSEQ.MY20A2.DMS.RHDEBTP.PLTUPD PRDCRD.BTHSEQ.MY20A2.DMS.RHDEBTP.SORTOMIT PRDCRD.BTHSEQ.MY20A2.DMS.RHDEBTP.ST4Q PRDCSS.BTHLOD.MY20A2,30,5,186,MY_JCL_Evidence.txt
MY,JCP0848B,ADRDSSU EMCSNAP IDCAMS,,0,14,50,MY_JCL_Evidence.txt
MY,JCP0848U,CP611410 CP611910 SORT,&ENV.CIS.BTHVSM.&VER.CPBCRD &ENV.CIS.BTHVSM.&VER.CPBCUS &ENV.CIS.BTHVSM.&VER.CPBPLT &ENV.CIS.BTHVSM.&VER.CPBSYS &ENV.CIS.ONLVSM.&VER.CPCPX &ENV.CRD.BTHSEQ.&VER.DMS.ALDEBTP.INPUT.FTP &ENV.CRD.BTHSEQ.&VER.DMS.COLLID.INPUT.FTP &ENV.CRD.BTHSEQ.&VER.DMS.PLTFLAG &ENV.CRD.BTHSEQ.&VER.DMS.TLDEBTP.EXC.FTP &ENV.CRD.WRKSEQ.&VER.DMS.COLLID.SORT &ENV.CRD.WRKSEQ.&VER.DMS.TLDEBTP.SORT PRDCIS.BTHLOD.MY20A2 PRDCRD.BTHCTL.MY20A2(ICPK0250) PRDCRD.BTHLOD.MY20A2 PRDCRD.BTHSEQ.MY20A2.DMS.PLTFLAG PRDCRD.WRKSEQ.MY20A2.DMS.COLLID.SORT PRDCRD.WRKSEQ.MY20A2.DMS.TLDEBTP.SORT,17,5,116,MY_JCL_Evidence.txt
MY,JCP0848Y,IDCAMS,,0,18,18,MY_JCL_Evidence.txt
MY,JCP0849R,IDCAMS IEFBR14,PRDCIS.BTHLOD.MY20A2 PRDCRD.BTHCTL.MY20A2(ICP00332) PRDCRD.BTHLOD.MY20A2 PRDCRD.BTHSEQ.MY20A2.DMS.ALDEBTP.INPUT.FTP PRDCRD.BTHSEQ.MY20A2.DMS.COLLID.INPUT.FTP PRDCRD.BTHSEQ.MY20A2.DMS.DIALER.OUTBOUND.FTP PRDCRD.BTHSEQ.MY20A2.DMS.I4DEBTP.EXC.FTP PRDCRD.BTHSEQ.MY20A2.DMS.I5DEBTP.EXC.FTP PRDCRD.BTHSEQ.MY20A2.DMS.LEDEBTP.EXC.FTP PRDCRD.BTHSEQ.MY20A2.DMS.LETTER.INPUT.FTP PRDCRD.BTHSEQ.MY20A2.DMS.LFDEBTP.EXC.FTP PRDCRD.BTHSEQ.MY20A2.DMS.LGDEBTP.EXC.FTP PRDCRD.BTHSEQ.MY20A2.DMS.LHDEBTP.EXC.FTP PRDCRD.BTHSEQ.MY20A2.DMS.OUTBOUND.CNT.FTP PRDCRD.BTHSEQ.MY20A2.DMS.RHDEBTP.EXC.FTP PRDCRD.BTHSEQ.MY20A2.DMS.SMS.INPUT.FTP PRDCRD.BTHSEQ.MY20A2.DMS.TKDEBTP.EXC.FTP PRDCRD.BTHSEQ.MY20A2.DMS.TLDEBTP.EXC.FTP PRDCRD.BTHSEQ.MY20A2.DMS.TMDEBTP.EXC.FTP PRDCSS.BTHLOD.MY20A2,20,4,140,MY_JCL_Evidence.txt
MY,JCP0850B,IDCAMS,,0,16,16,MY_JCL_Evidence.txt
MY,JCP0850U,CP611460 CP611490 CP618110 ICEGENER IDCAMS IEFBR14 SORT,PRDCIS.BTHVSM.MY20A2.CPBCUS PRDCIS.BTHVSM.MY20A2.CPBSYS PRDCRD.BTHCTL.MY20A2(DYNALL32) PRDCRD.BTHCTL.MY20A2(ICP00326) PRDCRD.BTHCTL.MY20A2(ICP00333) PRDCRD.BTHLOD.MY20A2 PRDCRD.BTHSEQ.MY20A2.DMS.BSCORE.FORMAT PRDCRD.BTHSEQ.MY20A2.DMS.BSCORE.INPUT.CTL PRDCRD.BTHSEQ.MY20A2.DMS.BSCORE.INPUT.FTP PRDCRD.BTHSEQ.MY20A2.DMS.RHDEBTP.BSCORE PRDCRD.BTHVSM.MY20A2.DMS.BSCORE,11,8,130,MY_JCL_Evidence.txt
MY,JCP0850Y,ICEGENER IDCAMS IEFBR14,PRDCRD.BTHSEQ.MY20A2.DMS.RHDEBTP.BSCORE,1,16,51,MY_JCL_Evidence.txt
MY,JCP0851R,CP611420 CP611430 CP611440 IDCAMS SORT,PRDCIS.BTHLOD.MY20A2 PRDCIS.BTHVSM.MY20A2.CPBCUS PRDCIS.BTHVSM.MY20A2.CPBPLT PRDCIS.BTHVSM.MY20A2.CPBSYS PRDCRD.BTHCTL.MY20A2(DYNALL32) PRDCRD.BTHLOD.MY20A2 PRDCRD.BTHSEQ.MY20A2.DMS.LETTER.INPUT.FTP PRDCRD.WRKSEQ.MY20A2.DMSLTR.DBG PRDCRD.WRKSEQ.MY20A2.DMSLTR.ICC PRDCRD.WRKSEQ.MY20A2.DMSLTR.INPUT PRDCRD.WRKSEQ.MY20A2.DMSLTR.VMC,11,34,566,MY_JCL_Evidence.txt
MY,JCP0852Q,IDCAMS SORT,*.S02SORT.XOUF01 PRDCRD.BTHLOD.MY20A2 PRDCRD.BTHSEQ.MY20A2.DMS.SMS.OUT.FTP PRDCRD.BTHSEQ.MY20A2.QQ.JCP0852Q.F1,4,4,40,MY_JCL_Evidence.txt
MY,JCP0852U,CP611480 IDCAMS SORT,PRDCIS.BTHLOD.MY20A2 PRDCIS.BTHVSM.MY20A2.CPBSYS PRDCRD.BTHCTL.MY20A2(DYNALL32) PRDCRD.BTHCTL.MY20A2(ICP00373) PRDCRD.BTHLOD.MY20A2 PRDCRD.BTHSEQ.MY20A2.DMS.SMS.INPUT.FTP PRDCRD.BTHSEQ.MY20A2.DMS.SMS.OUT.FTP PRDCRD.WRKSEQ.MY20A2.DMS.SMS.INPUT,8,4,71,MY_JCL_Evidence.txt
MY,JCP0854B,ICEGENER IDCAMS,PRDCRD.BTHSEQ.MY20A2.DMS.RHDEBTP.TEL,1,16,49,MY_JCL_Evidence.txt
MY,JCP0854U,CP612980 IEFBR14 SORT,PRDCIS.BTHVSM.MY20A2.CPBCRD PRDCIS.BTHVSM.MY20A2.CPBPLT PRDCIS.BTHVSM.MY20A2.CPBSYS PRDCIS.BTHVSM.MY20A2.DMS.CPBAPX PRDCRD.BTHCTL.MY20A2(DYNALL32) PRDCRD.BTHLOD.MY20A2 PRDCRD.BTHSEQ.MY20A2.DMS.RHDEBTP.PYMTDATE PRDCRD.BTHSEQ.MY20A2.POSTED PRDCRD.BTHSEQ.MY20A2.POSTED.DMS.TCPYMT PRDCRD.BTHVSM.MY20A2.DMS.DMSURRGT,10,4,71,MY_JCL_Evidence.txt
MY,JCP0854Y,ICEGENER IDCAMS IEFBR14,PRDCRD.BTHSEQ.MY20A2.DMS.RHDEBTP.PYMTDATE,1,17,53,MY_JCL_Evidence.txt
MY,JCP0856U,CP611950 ICEGENER SORT,&ENV.CIS.BTHVSM.&VER.CPBSYS &ENV.CRD.BTHSEQ.&VER.DMS.DMCNTRL.FTP &ENV.CRD.BTHSEQ.&VER.DMS.I4DEBTP.FTP &ENV.CRD.BTHSEQ.&VER.DMS.I5DEBTP.FTP &ENV.CRD.BTHSEQ.&VER.DMS.LEDEBTP.FTP &ENV.CRD.BTHSEQ.&VER.DMS.LFDEBTP.FTP &ENV.CRD.BTHSEQ.&VER.DMS.LGDEBTP.FTP &ENV.CRD.BTHSEQ.&VER.DMS.LHDEBTP.FTP &ENV.CRD.BTHSEQ.&VER.DMS.RHDEBTP.BSCORE &ENV.CRD.BTHSEQ.&VER.DMS.RHDEBTP.DIALER &ENV.CRD.BTHSEQ.&VER.DMS.RHDEBTP.FTP &ENV.CRD.BTHSEQ.&VER.DMS.TKDEBTP.FTP &ENV.CRD.BTHSEQ.&VER.DMS.TLDEBTP.FTP &ENV.CRD.BTHSEQ.&VER.DMS.TMDEBTP.FTP PRDCIS.BTHLOD.MY20A2 PRDCRD.BTHCTL.MY20A2(DYNALL32) PRDCRD.BTHCTL.MY20A2(ICP00331) PRDCRD.BTHLOD.MY20A2 PRDCRD.BTHSEQ.MY20A2.DMS.DMCNTRL.FTP PRDCRD.BTHSEQ.MY20A2.DMS.RHDEBTP.BSCORE PRDCRD.BTHSEQ.MY20A2.DMS.RHDEBTP.DIALER PRDCSS.BTHLOD.MY20A2,22,4,245,MY_JCL_Evidence.txt
MY,JCP0858R,CP612210 IDCAMS,PRDCIS.BTHLOD.MY20A2 PRDCIS.BTHVSM.MY20A2.CPBSYS PRDCRD.BTHLOD.MY20A2 PRDCRD.BTHSEQ.MY20A2.DMS.ALDEBTP.INPUT.FTP PRDCRD.BTHSEQ.MY20A2.DMS.COLLID.INPUT.FTP PRDCRD.BTHSEQ.MY20A2.DMS.DIALER.OUTBOUND.FTP PRDCRD.BTHSEQ.MY20A2.DMS.I4DEBTP.EXC.FTP PRDCRD.BTHSEQ.MY20A2.DMS.I5DEBTP.EXC.FTP PRDCRD.BTHSEQ.MY20A2.DMS.LEDEBTP.EXC.FTP PRDCRD.BTHSEQ.MY20A2.DMS.LETTER.INPUT.FTP PRDCRD.BTHSEQ.MY20A2.DMS.LFDEBTP.EXC.FTP PRDCRD.BTHSEQ.MY20A2.DMS.LGDEBTP.EXC.FTP PRDCRD.BTHSEQ.MY20A2.DMS.LHDEBTP.EXC.FTP PRDCRD.BTHSEQ.MY20A2.DMS.OUTBOUND.CNT.FTP PRDCRD.BTHSEQ.MY20A2.DMS.RHDEBTP.EXC.FTP PRDCRD.BTHSEQ.MY20A2.DMS.SMS.INPUT.FTP PRDCRD.BTHSEQ.MY20A2.DMS.TKDEBTP.EXC.FTP PRDCRD.BTHSEQ.MY20A2.DMS.TLDEBTP.EXC.FTP PRDCRD.BTHSEQ.MY20A2.DMS.TMDEBTP.EXC.FTP PRDCSS.BTHLOD.MY20A2,20,4,55,MY_JCL_Evidence.txt
MY,JCP0861B,CP60088 CP604650 CP609310 CP609320 CP609330 CP612410 CP612420 ETALK ICEGENER ICETOOL IDCAMS SORT,&CNTLLIB(ICP0094B) PRDCIS.BTHVSM.MY20A2.CPBCRD PRDCIS.BTHVSM.MY20A2.CPBCUS PRDCIS.BTHVSM.MY20A2.CPBPLT PRDCIS.BTHVSM.MY20A2.CPBSYS PRDCIS.ONLVSM.MY20A2.CPPFX.PATH PRDCIS.ONLVSM.MY20A2.TNGERL PRDCRD.BTHCTL.MY20A2(DYNALL32) PRDCRD.BTHCTL.MY20A2(ICP00441) PRDCRD.BTHSEQ.MY20A2.EMV.C509311.CLR.J861R PRDCRD.BTHSEQ.MY20A2.EMV.C509311.J861R PRDCRD.BTHSEQ.MY20A2.EMV.C509331.CLR.J861R PRDCRD.BTHSEQ.MY20A2.EMV.C509331.J861R PRDCRD.BTHSEQ.MY20A2.EMV.CPEMBV1 PRDCRD.BTHSEQ.MY20A2.EMV.GMT.CPAGENT PRDCRD.BTHSEQ.MY20A2.EMV.GMT.VMCEMB.JCB PRDCRD.BTHSEQ.MY20A2.EMV.GMT.VMCEMB.MC PRDCRD.BTHSEQ.MY20A2.EMV.GMT.VMCEMB.VISA PRDCRD.BTHSEQ.MY20A2.TNGCR01 PRDCRD.BTHSEQ.MY20A2.TNGCR01.HOLIDAY PRDCRD.BTHSEQ.MY20A2.TNGCR02 PRDCRD.BTHSEQ.MY20A2.TNGCR02.HOLIDAY PRDCRD.BTHSEQ.MY20A2.TNGCR03 PRDCRD.BTHSEQ.MY20A2.TNGCR03.HOLIDAY PRDCRD.BTHSEQ.MY20A2.TNGCR04 PRDCRD.BTHSEQ.MY20A2.TNGCR04.HOLIDAY PRDCRD.BTHSEQ.MY20A2.TNGCR05 PRDCRD.BTHSEQ.MY20A2.TNGCR05.HOLIDAY PRDCRD.BTHSEQ.MY20A2.TNGCS01 PRDCRD.BTHSEQ.MY20A2.TNGCS01.HOLIDAY PRDCRD.BTHSEQ.MY20A2.TNGCS02 PRDCRD.BTHSEQ.MY20A2.TNGCS02.HOLIDAY PRDCRD.BTHSEQ.MY20A2.TNGCS03 PRDCRD.BTHSEQ.MY20A2.TNGCS03.HOLIDAY PRDCRD.BTHSEQ.MY20A2.TNGCS04 PRDCRD.BTHSEQ.MY20A2.TNGCS04.HOLIDAY PRDCRD.BTHSEQ.MY20A2.TNGCS05 PRDCRD.BTHSEQ.MY20A2.TNGCS05.HOLIDAY PRDCRD.ONLVSM.MY20A2.BRANCH PRDCRD.ONLVSM.MY20A2.CCTRLF PRDCRD.WRKSEQ.MY20A2.EMV.GMT.CPAGENT.SORT PRDCRD.WRKSEQ.MY20A2.TNGCR.J861R PRDCRD.WRKSEQ.MY20A2.TNGCS.J861R PRDCRD.WRKVSM.MY20A2.EMV.GMT.CPEMBV PSUC.PAYMATE.ETALK.MASTER PSUC.UID.EFTP.MY.GEMALTO,46,21,668,MY_JCL_Evidence.txt
MY,JCP0861R,CP60088 CP604650 CP609310 CP609320 CP609330 CP612410 CP612420 ETALK ICEGENER ICETOOL IDCAMS SORT,&PARMSUP(ICP00942) PRDCIS.BTHVSM.MY20A2.CPBCRD PRDCIS.BTHVSM.MY20A2.CPBCUS PRDCIS.BTHVSM.MY20A2.CPBPLT PRDCIS.BTHVSM.MY20A2.CPBSYS PRDCIS.ONLVSM.MY20A2.CPPFX.PATH PRDCIS.ONLVSM.MY20A2.TNGERL PRDCRD.BTHCTL.MY20A2(DYNALL32) PRDCRD.BTHCTL.MY20A2(ICP00441) PRDCRD.BTHSEQ.MY20A2.EMV.C509311.CLR.J861R PRDCRD.BTHSEQ.MY20A2.EMV.C509311.J861R PRDCRD.BTHSEQ.MY20A2.EMV.C509331.CLR.J861R PRDCRD.BTHSEQ.MY20A2.EMV.C509331.J861R PRDCRD.BTHSEQ.MY20A2.EMV.CPEMBV1 PRDCRD.BTHSEQ.MY20A2.EMV.GMT.CPAGENT PRDCRD.BTHSEQ.MY20A2.EMV.GMT.VMCEMB.JCB PRDCRD.BTHSEQ.MY20A2.EMV.GMT.VMCEMB.MC PRDCRD.BTHSEQ.MY20A2.EMV.GMT.VMCEMB.VISA PRDCRD.BTHSEQ.MY20A2.TNGCR01 PRDCRD.BTHSEQ.MY20A2.TNGCR01.HOLIDAY PRDCRD.BTHSEQ.MY20A2.TNGCR02 PRDCRD.BTHSEQ.MY20A2.TNGCR02.HOLIDAY PRDCRD.BTHSEQ.MY20A2.TNGCR03 PRDCRD.BTHSEQ.MY20A2.TNGCR03.HOLIDAY PRDCRD.BTHSEQ.MY20A2.TNGCR04 PRDCRD.BTHSEQ.MY20A2.TNGCR04.HOLIDAY PRDCRD.BTHSEQ.MY20A2.TNGCR05 PRDCRD.BTHSEQ.MY20A2.TNGCR05.HOLIDAY PRDCRD.BTHSEQ.MY20A2.TNGCS01 PRDCRD.BTHSEQ.MY20A2.TNGCS01.HOLIDAY PRDCRD.BTHSEQ.MY20A2.TNGCS02 PRDCRD.BTHSEQ.MY20A2.TNGCS02.HOLIDAY PRDCRD.BTHSEQ.MY20A2.TNGCS03 PRDCRD.BTHSEQ.MY20A2.TNGCS03.HOLIDAY PRDCRD.BTHSEQ.MY20A2.TNGCS04 PRDCRD.BTHSEQ.MY20A2.TNGCS04.HOLIDAY PRDCRD.BTHSEQ.MY20A2.TNGCS05 PRDCRD.BTHSEQ.MY20A2.TNGCS05.HOLIDAY PRDCRD.ONLVSM.MY20A2.BRANCH PRDCRD.ONLVSM.MY20A2.CCTRLF PRDCRD.WRKSEQ.MY20A2.EMV.GMT.CPAGENT.SORT PRDCRD.WRKSEQ.MY20A2.TNGCR.J861R PRDCRD.WRKSEQ.MY20A2.TNGCS.J861R PRDCRD.WRKVSM.MY20A2.EMV.GMT.CPEMBV PSUC.PAYMATE.ETALK.MASTER PSUC.UID.EFTP.MY.GEMALTO,46,44,687,MY_JCL_Evidence.txt
MY,JCP0865U,CP604650 CP612060 CPD000 CUG100F IEFBR14,&CNTLLIB(CUG100F) &ENV.CIS.BTHVSM.&VER.CPBPLT &ENV.CIS.BTHVSM.&VER.CPBSYS &ENV.CIS.ONLVSM.&VER.CPPFX.PATH &ENV.CIS.ONLVSM.&VER.CPTCD &ENV.CIS.ONLVSM.&VER.TNGERL &ENV.CRD.BTHSEQ.&VER.TNG.CPTUI &ENV.CRD.BTHSEQ.&VER.TNG.FEE.REV.CPTUI &ENV.CRD.BTHSEQ.&VER.TNGCB.HOLIDAY &ENV.CRD.BTHSEQ.&VER.TNGCB01 &ENV.CRD.BTHSEQ.&VER.TNGCB02 &ENV.CRD.BTHSEQ.&VER.TNGCB03 &ENV.CRD.BTHSEQ.&VER.TNGCB04 &ENV.CRD.BTHSEQ.&VER.TNGCB05 &ENV.CRD.BTHSEQ.&VER.TNGRB.HOLIDAY &ENV.CRD.BTHSEQ.&VER.TNGRB01 &ENV.CRD.BTHSEQ.&VER.TNGRB02 &ENV.CRD.BTHSEQ.&VER.TNGRB03 &ENV.CRD.BTHSEQ.&VER.TNGRB04 &ENV.CRD.BTHSEQ.&VER.TNGRB05 &ENV.CRD.BTHVSM.&VER.RDM.CUSPLT &ENV.CRD.ONLVSM.&VER.BRANCH &PARMSUP(ICP00339),23,23,113,MY_JCL_Evidence.txt
MY,JCP0866C,,PRDCRD.BTHSEQ.MY20A2.TNG.AS400.YY0866,1,10,10,MY_JCL_Evidence.txt
MY,JCP0866U,ICEGENER IEFBR14,PRDCRD.BTHCTL.MY20A2(ICP00341) PRDCRD.BTHSEQ.MY20A2.TNG.AS400,2,13,36,MY_JCL_Evidence.txt
MY,JCP0867U,IDCAMS,,0,16,16,MY_JCL_Evidence.txt
MY,JCP0868U,CP610550 CP616750 CPD000 CPDVMAE IDCAMS IEBDG IEFBR14 SORT,PRDCIS.BTHLOD.MY20A2 PRDCIS.BTHSEQ.MY20A2.CPCSNMUT PRDCIS.BTHSEQ.MY20A2.CPLFM PRDCIS.BTHVSM.MY20A2.CPBCRD PRDCIS.BTHVSM.MY20A2.CPBCUS PRDCIS.BTHVSM.MY20A2.CPBPLT PRDCIS.BTHVSM.MY20A2.CPBSYS PRDCIS.BTHVSM.MY20A2.CPCCPF.ALL PRDCIS.ONLVSM.MY20A2.TNGERL PRDCIS.ONLVSM.MY20A2.TNGERL1 PRDCIS.ONLVSM.MY20A2.TNGPARA PRDCRD.BTHCTL.MY20A2(DYNALL32) PRDCRD.BTHCTL.MY20A2(REPRO) PRDCRD.BTHLOD.MY20A2 PRDCRD.BTHPRM.MY20A2.SUP(ICP00792) PRDCRD.BTHSEQ.MY20A2.EMV.OUTPUT.SUCCREJ PRDCRD.BTHSEQ.MY20A2.RCS.ZING PRDCRD.BTHSEQ.MY20A2.TNG.AS400 PRDCRD.WRKSEQ.MY20A2.AUTOERL.TNG PRDCRD.WRKSEQ.MY20A2.CPCCPF.ACCPT.TNG PRDCRD.WRKSEQ.MY20A2.CPCSNMUT.TNG.COMBI PRDCRD.WRKSEQ.MY20A2.CPEIC.SUCC PRDCRD.WRKSEQ.MY20A2.CPLFM.TNG PRDCRD.WRKSEQ.MY20A2.TNG.AUTOTAG PRDCRD.WRKSEQ.MY20A2.TNG.MERGE PRDCRD.WRKVSM.MY20A2.TNG.AS400,26,4,425,MY_JCL_Evidence.txt
MY,JCP0868Y,IDCAMS,PRDCRD.BTHCTL.MY20A2(ICP00368) PRDCRD.BTHCTL.MY20A2(ICP00429) PRDCRD.BTHCTL.MY20A2(RESETCC),3,17,48,MY_JCL_Evidence.txt
MY,JCP0869U,IDCAMS,,0,16,16,MY_JCL_Evidence.txt
MY,JCP0870U,CP617430 CPDVMAT ICEMAN IDCAMS SORT,&ENV.CIS.BTHVSM.&VER.CPBCRD &ENV.CIS.BTHVSM.&VER.CPBPLT &ENV.CIS.BTHVSM.&VER.CPBSYS &ENV.CIS.ONLVSM.&VER.TNGERL &ENV.CIS.ONLVSM.&VER.TNGPARA &ENV.CRD.WRKSEQ.&VER.TNGERL.JCP0870U PRDCIS.BTHSEQ.MY20A2.CPBPLT.TNGEXP PRDCIS.BTHVSM.MY20A2.CPBPLT PRDCIS.BTHVSM.MY20A2.CPBSYS PRDCIS.ONLVSM.MY20A2.CPPFX.PATH PRDCIS.ONLVSM.MY20A2.TNGERL PRDCRD.BTHCTL.MY20A2(DYNALL32) PRDCRD.BTHCTL.MY20A2(ICP00879) PRDCRD.BTHCTL.MY20A2(ICP00880) PRDCRD.BTHCTL.MY20A2(ICP01493) PRDCRD.BTHSEQ.MY20A2.TNGERLH PRDCRD.WRKSEQ.MY20A2.TNGERL.JCP0870U,17,29,150,MY_JCL_Evidence.txt
MY,JCP0870Y,IDCAMS,PRDCRD.BTHCTL.MY20A2(ICP00368) PRDCRD.BTHCTL.MY20A2(ICP00429) PRDCRD.BTHCTL.MY20A2(RESETCC),3,17,48,MY_JCL_Evidence.txt
MY,JCP0871U,IDCAMS,,0,16,16,MY_JCL_Evidence.txt
MY,JCP0872U,CP614980 CPDVMBP SORT,PRDCAU.BTHLOD.MY20A2 PRDCIS.BTHLOD.MY20A2 PRDCIS.BTHSEQ.MY20A2.CPRPTT PRDCIS.BTHSEQ.MY20A2.LBUIM.TNGLOAD PRDCIS.BTHVSM.MY20A2.CPBCUS PRDCIS.BTHVSM.MY20A2.CPBPLT PRDCIS.BTHVSM.MY20A2.CPBSYS PRDCIS.WRKSEQ.MY20A2.CPRPTT.TNGLOAD PRDCIS.WRKSEQ.MY20A2.CPRPTT.TNGLOAD2 PRDCIS.WRKSEQ.MY20A2.LBUIM.TNGLOAD.TMP PRDCRD.BTHCTL.MY20A2(ICPK0050) PRDCRD.BTHCTL.MY20A2(ICPK2000) PRDCRD.BTHLOD.MY20A2 PRDCSS.BTHLOD.MY20A2,14,4,103,MY_JCL_Evidence.txt
MY,JCP0872Y,ICEGENER IDCAMS,PRDCIS.BTHSEQ.MY20A2.LBUIM.TNGLOAD,1,21,46,MY_JCL_Evidence.txt
MY,JCP0873U,CP604650 CP612090 CPDVMCB ETALK IEFBR14,PRDCIS.BTHVSM.MY20A2.CPBSYS PRDCIS.ONLVSM.MY20A2.CPPFX.PATH PRDCIS.ONLVSM.MY20A2.TNGERL PRDCRD.BTHCTL.MY20A2(ICP00368) PRDCRD.BTHCTL.MY20A2(ICP00371) PRDCRD.BTHSEQ.MY20A2.TNGCB.HOL.ENC PRDCRD.BTHSEQ.MY20A2.TNGCB.HOLIDAY PRDCRD.BTHSEQ.MY20A2.TNGCB01 PRDCRD.BTHSEQ.MY20A2.TNGCB01.ENC PRDCRD.BTHSEQ.MY20A2.TNGCB02 PRDCRD.BTHSEQ.MY20A2.TNGCB02.ENC PRDCRD.BTHSEQ.MY20A2.TNGCB03 PRDCRD.BTHSEQ.MY20A2.TNGCB03.ENC PRDCRD.BTHSEQ.MY20A2.TNGCB04 PRDCRD.BTHSEQ.MY20A2.TNGCB04.ENC PRDCRD.BTHSEQ.MY20A2.TNGCB05 PRDCRD.BTHSEQ.MY20A2.TNGCB05.ENC PRDCRD.BTHSEQ.MY20A2.TNGCB06 PRDCRD.BTHSEQ.MY20A2.TNGCB06.ENC PRDCRD.BTHSEQ.MY20A2.TNGCB07 PRDCRD.BTHSEQ.MY20A2.TNGCB07.ENC PRDCRD.BTHSEQ.MY20A2.TNGCB08 PRDCRD.BTHSEQ.MY20A2.TNGCB08.ENC PRDCRD.BTHSEQ.MY20A2.TNGCB09 PRDCRD.BTHSEQ.MY20A2.TNGCB09.ENC PRDCRD.BTHSEQ.MY20A2.TNGCB10 PRDCRD.BTHSEQ.MY20A2.TNGCB10.ENC PRDCRD.BTHSEQ.MY20A2.TNGCI.HOLIDAY PRDCRD.BTHSEQ.MY20A2.TNGCI01 PRDCRD.BTHSEQ.MY20A2.TNGCI02 PRDCRD.BTHSEQ.MY20A2.TNGCI03 PRDCRD.BTHSEQ.MY20A2.TNGCI04 PRDCRD.BTHSEQ.MY20A2.TNGCI05 PRDCRD.BTHSEQ.MY20A2.TNGCI06 PRDCRD.BTHSEQ.MY20A2.TNGCI07 PRDCRD.BTHSEQ.MY20A2.TNGCI08 PRDCRD.BTHSEQ.MY20A2.TNGCI09 PRDCRD.BTHSEQ.MY20A2.TNGCI10 PRDCRD.BTHSEQ.MY20A2.TNGPUT.CB PRDCRD.ONLVSM.MY20A2.BRANCH PSUC.PAYMATE.ETALK.MASTER PSUC.UID.EFTP.MY.TNG,42,19,478,MY_JCL_Evidence.txt
MY,JCP0874U,CP604650 IDCAMS,PRDCIS.BTHVSM.MY20A2.CPBSYS PRDCRD.BTHLOD.MY20A2 PRDCRD.ONLVSM.MY20A2.BRANCH,3,8,29,MY_JCL_Evidence.txt
MY,JCP0875U,CP604650 CP612110 CPDVMCI ETALK ICEGENER IEFBR14,PRDCIS.BTHVSM.MY20A2.CPBSYS PRDCIS.ONLVSM.MY20A2.CPPFX.PATH PRDCIS.ONLVSM.MY20A2.TNGERL PRDCIS.ONLVSM.MY20A2.TNGERL1 PRDCIS.ONLVSM.MY20A2.TNGERL2 PRDCIS.ONLVSM.MY20A2.TNGERL3 PRDCRD.BTHCTL.MY20A2(ICP00368) PRDCRD.BTHCTL.MY20A2(ICP00371) PRDCRD.BTHSEQ.MY20A2.TNGCI.HOL.IN PRDCRD.BTHSEQ.MY20A2.TNGCI.HOLIDAY PRDCRD.BTHSEQ.MY20A2.TNGCI01 PRDCRD.BTHSEQ.MY20A2.TNGCI01.IN PRDCRD.BTHSEQ.MY20A2.TNGCI02 PRDCRD.BTHSEQ.MY20A2.TNGCI02.IN PRDCRD.BTHSEQ.MY20A2.TNGCI03 PRDCRD.BTHSEQ.MY20A2.TNGCI03.IN PRDCRD.BTHSEQ.MY20A2.TNGCI04 PRDCRD.BTHSEQ.MY20A2.TNGCI04.IN PRDCRD.BTHSEQ.MY20A2.TNGCI05 PRDCRD.BTHSEQ.MY20A2.TNGCI05.IN PRDCRD.BTHSEQ.MY20A2.TNGCI06 PRDCRD.BTHSEQ.MY20A2.TNGCI06.IN PRDCRD.BTHSEQ.MY20A2.TNGCI07 PRDCRD.BTHSEQ.MY20A2.TNGCI07.IN PRDCRD.BTHSEQ.MY20A2.TNGCI08 PRDCRD.BTHSEQ.MY20A2.TNGCI08.IN PRDCRD.BTHSEQ.MY20A2.TNGCI09 PRDCRD.BTHSEQ.MY20A2.TNGCI09.IN PRDCRD.BTHSEQ.MY20A2.TNGCI10 PRDCRD.BTHSEQ.MY20A2.TNGCI10.IN PRDCRD.BTHSEQ.MY20A2.TNGGET.CI PRDCRD.ONLVSM.MY20A2.BRANCH PSUC.PAYMATE.ETALK.MASTER PSUC.UID.EFTP.MY.GEMALTO,34,26,763,MY_JCL_Evidence.txt
MY,JCP0875X,CPDVMCI ETALK FTP ICEGENER IDCAMS,PRDCIS.BTHVSM.MY20A2.CPBSYS PRDCIS.ONLVSM.MY20A2.CPPFX.PATH PRDCIS.ONLVSM.MY20A2.TNGERL PRDCIS.ONLVSM.MY20A2.TNGERL1 PRDCRD.BTHCTL.MY20A2(ICP00368) PRDCRD.BTHCTL.MY20A2(ICP00371) PRDCRD.BTHSEQ.MY20A2.TNGCI01.RCV PRDCRD.BTHSEQ.MY20A2.TNGCI01.RCV.IN PRDCRD.BTHSEQ.MY20A2.TNGCI02.RCV PRDCRD.BTHSEQ.MY20A2.TNGCI03.RCV PRDCRD.BTHSEQ.MY20A2.TNGCI04.RCV PRDCRD.BTHSEQ.MY20A2.TNGCI05.RCV PSUC.PAYMATE.ETALK.MASTER PSUC.UID.EFTP.MY.GEMALTO,14,15,163,MY_JCL_Evidence.txt
MY,JCP0875Y,IDCAMS,PRDCRD.BTHCTL.MY20A2(ICP00368) PRDCRD.BTHCTL.MY20A2(ICP00429) PRDCRD.BTHCTL.MY20A2(RESETCC),3,21,53,MY_JCL_Evidence.txt
MY,JCP0875Z,ICEGENER IDCAMS,PRDCRD.BTHSEQ.MY20A2.TNGCI.HOLIDAY PRDCRD.BTHSEQ.MY20A2.TNGCI01 PRDCRD.BTHSEQ.MY20A2.TNGCI02 PRDCRD.BTHSEQ.MY20A2.TNGCI03 PRDCRD.BTHSEQ.MY20A2.TNGCI04 PRDCRD.BTHSEQ.MY20A2.TNGCI05 PRDCRD.BTHSEQ.MY20A2.TNGCI06 PRDCRD.BTHSEQ.MY20A2.TNGCI07 PRDCRD.BTHSEQ.MY20A2.TNGCI08 PRDCRD.BTHSEQ.MY20A2.TNGCI09 PRDCRD.BTHSEQ.MY20A2.TNGCI10,11,8,163,MY_JCL_Evidence.txt
MY,JCP0876U,CP604650 IDCAMS,PRDCIS.BTHVSM.MY20A2.CPBSYS PRDCRD.BTHLOD.MY20A2 PRDCRD.ONLVSM.MY20A2.BRANCH,3,8,29,MY_JCL_Evidence.txt
MY,JCP0876X,IDCAMS,,0,16,16,MY_JCL_Evidence.txt
MY,JCP0877R,CP604650 CP612110 CPDVMCP CPDVMRZN ETALK ICEGENER IEFBR14,PRDCIS.BTHVSM.MY20A2.CPBCUS PRDCIS.BTHVSM.MY20A2.CPBPLT PRDCIS.BTHVSM.MY20A2.CPBSYS PRDCIS.ONLVSM.MY20A2.CPPFX.PATH PRDCIS.ONLVSM.MY20A2.TNGERL PRDCIS.ONLVSM.MY20A2.TNGERL1 PRDCIS.ONLVSM.MY20A2.TNGERL2 PRDCIS.ONLVSM.MY20A2.TNGERL3 PRDCRD.BTHCTL.MY20A2(ICP00368) PRDCRD.BTHCTL.MY20A2(ICP00371) PRDCRD.BTHSEQ.MY20A2.OTNGRZ.HOLIDAY PRDCRD.BTHSEQ.MY20A2.TNGGET.ZP PRDCRD.BTHSEQ.MY20A2.TNGREN01 PRDCRD.BTHSEQ.MY20A2.TNGSMS PRDCRD.BTHSEQ.MY20A2.TNGZP.HOL.IN PRDCRD.BTHSEQ.MY20A2.TNGZP.HOLIDAY PRDCRD.BTHSEQ.MY20A2.TNGZP01 PRDCRD.BTHSEQ.MY20A2.TNGZP01.IN PRDCRD.BTHSEQ.MY20A2.TNGZP02 PRDCRD.BTHSEQ.MY20A2.TNGZP02.IN PRDCRD.BTHSEQ.MY20A2.TNGZP03 PRDCRD.BTHSEQ.MY20A2.TNGZP03.IN PRDCRD.BTHSEQ.MY20A2.TNGZP04 PRDCRD.BTHSEQ.MY20A2.TNGZP04.IN PRDCRD.BTHSEQ.MY20A2.TNGZP05 PRDCRD.BTHSEQ.MY20A2.TNGZP05.IN PRDCRD.BTHSEQ.MY20A2.TNGZP06 PRDCRD.BTHSEQ.MY20A2.TNGZP06.IN PRDCRD.BTHSEQ.MY20A2.TNGZP07 PRDCRD.BTHSEQ.MY20A2.TNGZP07.IN PRDCRD.BTHSEQ.MY20A2.TNGZP08 PRDCRD.BTHSEQ.MY20A2.TNGZP08.IN PRDCRD.BTHSEQ.MY20A2.TNGZP09 PRDCRD.BTHSEQ.MY20A2.TNGZP09.IN PRDCRD.BTHSEQ.MY20A2.TNGZP10 PRDCRD.BTHSEQ.MY20A2.TNGZP10.IN PRDCRD.ONLVSM.MY20A2.BRANCH PSUC.PAYMATE.ETALK.MASTER PSUC.UID.EFTP.MY.GEMALTO,39,24,801,MY_JCL_Evidence.txt
MY,JCP0877U,CP604650 CP612110 CPDVMCP CPDVMRZN ETALK ICEGENER IEFBR14,PRDCIS.BTHVSM.MY20A2.CPBCUS PRDCIS.BTHVSM.MY20A2.CPBPLT PRDCIS.BTHVSM.MY20A2.CPBSYS PRDCIS.ONLVSM.MY20A2.CPPFX.PATH PRDCIS.ONLVSM.MY20A2.TNGERL PRDCIS.ONLVSM.MY20A2.TNGERL1 PRDCIS.ONLVSM.MY20A2.TNGERL2 PRDCIS.ONLVSM.MY20A2.TNGERL3 PRDCRD.BTHCTL.MY20A2(ICP00368) PRDCRD.BTHCTL.MY20A2(ICP00371) PRDCRD.BTHSEQ.MY20A2.TNGCP.HOL.IN PRDCRD.BTHSEQ.MY20A2.TNGCP.HOLIDAY PRDCRD.BTHSEQ.MY20A2.TNGCP01 PRDCRD.BTHSEQ.MY20A2.TNGCP01.IN PRDCRD.BTHSEQ.MY20A2.TNGCP02 PRDCRD.BTHSEQ.MY20A2.TNGCP02.IN PRDCRD.BTHSEQ.MY20A2.TNGCP03 PRDCRD.BTHSEQ.MY20A2.TNGCP03.IN PRDCRD.BTHSEQ.MY20A2.TNGCP04 PRDCRD.BTHSEQ.MY20A2.TNGCP04.IN PRDCRD.BTHSEQ.MY20A2.TNGCP05 PRDCRD.BTHSEQ.MY20A2.TNGCP05.IN PRDCRD.BTHSEQ.MY20A2.TNGCP06 PRDCRD.BTHSEQ.MY20A2.TNGCP06.IN PRDCRD.BTHSEQ.MY20A2.TNGCP07 PRDCRD.BTHSEQ.MY20A2.TNGCP07.IN PRDCRD.BTHSEQ.MY20A2.TNGCP08 PRDCRD.BTHSEQ.MY20A2.TNGCP08.IN PRDCRD.BTHSEQ.MY20A2.TNGCP09 PRDCRD.BTHSEQ.MY20A2.TNGCP09.IN PRDCRD.BTHSEQ.MY20A2.TNGCP10 PRDCRD.BTHSEQ.MY20A2.TNGCP10.IN PRDCRD.BTHSEQ.MY20A2.TNGGET.CP PRDCRD.BTHSEQ.MY20A2.TNGGET.ZP PRDCRD.BTHSEQ.MY20A2.TNGREN01 PRDCRD.BTHSEQ.MY20A2.TNGSMS PRDCRD.BTHSEQ.MY20A2.TNGZP.HOL.IN PRDCRD.BTHSEQ.MY20A2.TNGZP.HOLIDAY PRDCRD.BTHSEQ.MY20A2.TNGZP01 PRDCRD.BTHSEQ.MY20A2.TNGZP01.IN PRDCRD.BTHSEQ.MY20A2.TNGZP02 PRDCRD.BTHSEQ.MY20A2.TNGZP02.IN PRDCRD.BTHSEQ.MY20A2.TNGZP03 PRDCRD.BTHSEQ.MY20A2.TNGZP03.IN PRDCRD.BTHSEQ.MY20A2.TNGZP04 PRDCRD.BTHSEQ.MY20A2.TNGZP04.IN PRDCRD.BTHSEQ.MY20A2.TNGZP05 PRDCRD.BTHSEQ.MY20A2.TNGZP05.IN PRDCRD.BTHSEQ.MY20A2.TNGZP06 PRDCRD.BTHSEQ.MY20A2.TNGZP06.IN,61,28,1498,MY_JCL_Evidence.txt
MY,JCP0877X,CPDVMCP ETALK FTP ICEGENER IDCAMS,PRDCIS.BTHVSM.MY20A2.CPBSYS PRDCIS.ONLVSM.MY20A2.CPPFX.PATH PRDCIS.ONLVSM.MY20A2.TNGERL PRDCIS.ONLVSM.MY20A2.TNGERL1 PRDCRD.BTHCTL.MY20A2(ICP00368) PRDCRD.BTHCTL.MY20A2(ICP00371) PRDCRD.BTHSEQ.MY20A2.TNGCP01.RCV PRDCRD.BTHSEQ.MY20A2.TNGCP01.RCV.IN PRDCRD.BTHSEQ.MY20A2.TNGCP02.RCV PRDCRD.BTHSEQ.MY20A2.TNGCP03.RCV PRDCRD.BTHSEQ.MY20A2.TNGCP04.RCV PRDCRD.BTHSEQ.MY20A2.TNGCP05.RCV PSUC.PAYMATE.ETALK.MASTER PSUC.UID.EFTP.MY.GEMALTO,14,15,166,MY_JCL_Evidence.txt
MY,JCP0877Y,IDCAMS,PRDCRD.BTHCTL.MY20A2(ICP00368) PRDCRD.BTHCTL.MY20A2(ICP00429) PRDCRD.BTHCTL.MY20A2(RESETCC),3,20,52,MY_JCL_Evidence.txt
MY,JCP0877Z,ICEGENER IDCAMS IEFBR14,PRDCRD.BTHSEQ.MY20A2.OTNGRB.HOLIDAY PRDCRD.BTHSEQ.MY20A2.TNGCP.HOLIDAY PRDCRD.BTHSEQ.MY20A2.TNGCP01 PRDCRD.BTHSEQ.MY20A2.TNGCP02 PRDCRD.BTHSEQ.MY20A2.TNGCP03 PRDCRD.BTHSEQ.MY20A2.TNGCP04 PRDCRD.BTHSEQ.MY20A2.TNGCP05 PRDCRD.BTHSEQ.MY20A2.TNGCP06 PRDCRD.BTHSEQ.MY20A2.TNGCP07 PRDCRD.BTHSEQ.MY20A2.TNGCP08 PRDCRD.BTHSEQ.MY20A2.TNGCP09 PRDCRD.BTHSEQ.MY20A2.TNGCP10,12,8,185,MY_JCL_Evidence.txt
MY,JCP0878U,CP604650 CP612090 CPDVMCR ETALK ICEGENER IEFBR14,PRDCIS.BTHSEQ.MY20A2.TNGBM PRDCIS.BTHSEQ.MY20A2.TNGBM.HOLIDAY PRDCIS.BTHVSM.MY20A2.CPBCRD PRDCIS.BTHVSM.MY20A2.CPBCUS PRDCIS.BTHVSM.MY20A2.CPBPLT PRDCIS.BTHVSM.MY20A2.CPBSYS PRDCIS.ONLVSM.MY20A2.CPPFX.PATH PRDCIS.ONLVSM.MY20A2.TNGERL PRDCRD.BTHSEQ.MY20A2.OTNGRB01 PRDCRD.BTHSEQ.MY20A2.OTNGRB01.HOLIDAY PRDCRD.BTHSEQ.MY20A2.OTNGRB02 PRDCRD.BTHSEQ.MY20A2.OTNGRB02.HOLIDAY PRDCRD.BTHSEQ.MY20A2.OTNGRB03 PRDCRD.BTHSEQ.MY20A2.OTNGRB03.HOLIDAY PRDCRD.BTHSEQ.MY20A2.OTNGRB04 PRDCRD.BTHSEQ.MY20A2.OTNGRB04.HOLIDAY PRDCRD.BTHSEQ.MY20A2.OTNGRB05 PRDCRD.BTHSEQ.MY20A2.OTNGRB05.HOLIDAY PRDCRD.BTHSEQ.MY20A2.OTNGRB06 PRDCRD.BTHSEQ.MY20A2.OTNGRB06.HOLIDAY PRDCRD.BTHSEQ.MY20A2.OTNGRB07 PRDCRD.BTHSEQ.MY20A2.OTNGRB07.HOLIDAY PRDCRD.BTHSEQ.MY20A2.OTNGRB08 PRDCRD.BTHSEQ.MY20A2.OTNGRB08.HOLIDAY PRDCRD.BTHSEQ.MY20A2.OTNGRB09 PRDCRD.BTHSEQ.MY20A2.OTNGRB09.HOLIDAY PRDCRD.BTHSEQ.MY20A2.OTNGRB10 PRDCRD.BTHSEQ.MY20A2.OTNGRB10.HOLIDAY PRDCRD.BTHSEQ.MY20A2.OTNGRZ01 PRDCRD.BTHSEQ.MY20A2.OTNGRZ01.HOLIDAY PRDCRD.BTHSEQ.MY20A2.OTNGRZ02 PRDCRD.BTHSEQ.MY20A2.OTNGRZ02.HOLIDAY PRDCRD.BTHSEQ.MY20A2.OTNGRZ03 PRDCRD.BTHSEQ.MY20A2.OTNGRZ03.HOLIDAY PRDCRD.BTHSEQ.MY20A2.OTNGRZ04 PRDCRD.BTHSEQ.MY20A2.OTNGRZ04.HOLIDAY PRDCRD.BTHSEQ.MY20A2.OTNGRZ05 PRDCRD.BTHSEQ.MY20A2.OTNGRZ05.HOLIDAY PRDCRD.BTHSEQ.MY20A2.OTNGRZ06 PRDCRD.BTHSEQ.MY20A2.OTNGRZ06.HOLIDAY PRDCRD.BTHSEQ.MY20A2.OTNGRZ07 PRDCRD.BTHSEQ.MY20A2.OTNGRZ07.HOLIDAY PRDCRD.BTHSEQ.MY20A2.OTNGRZ08 PRDCRD.BTHSEQ.MY20A2.OTNGRZ08.HOLIDAY PRDCRD.BTHSEQ.MY20A2.OTNGRZ09 PRDCRD.BTHSEQ.MY20A2.OTNGRZ09.HOLIDAY PRDCRD.BTHSEQ.MY20A2.OTNGRZ10 PRDCRD.BTHSEQ.MY20A2.OTNGRZ10.HOLIDAY PRDCRD.BTHSEQ.MY20A2.TNGCR.HOL.ENC PRDCRD.BTHSEQ.MY20A2.TNGCR.HOLIDAY,120,25,1498,MY_JCL_Evidence.txt
MY,JCP0879U,CP604650 CP612090 CPDVMCS ETALK ICEGENER IEFBR14 SORT,PRDCIS.BTHLOD.MY20A2 PRDCIS.BTHSEQ.MY20A2.TNGBM PRDCIS.BTHSEQ.MY20A2.TNGBM.HOLIDAY PRDCIS.BTHVSM.MY20A2.CPBCRD PRDCIS.BTHVSM.MY20A2.CPBCUS PRDCIS.BTHVSM.MY20A2.CPBPLT PRDCIS.BTHVSM.MY20A2.CPBSYS PRDCIS.ONLVSM.MY20A2.TNGERL PRDCIS.ONLVSM.MY20A2.TNGPARA PRDCRD.BTHCTL.MY20A2(DYNALL32) PRDCRD.BTHLOD.MY20A2 PRDCRD.BTHSEQ.MY20A2.TNGCS.HOL.ENC PRDCRD.BTHSEQ.MY20A2.TNGCS.HOLIDAY PRDCRD.BTHSEQ.MY20A2.TNGCS01 PRDCRD.BTHSEQ.MY20A2.TNGCS01.ENC PRDCRD.BTHSEQ.MY20A2.TNGCS01.HOLIDAY PRDCRD.BTHSEQ.MY20A2.TNGCS02 PRDCRD.BTHSEQ.MY20A2.TNGCS02.ENC PRDCRD.BTHSEQ.MY20A2.TNGCS02.HOLIDAY PRDCRD.BTHSEQ.MY20A2.TNGCS03 PRDCRD.BTHSEQ.MY20A2.TNGCS03.ENC PRDCRD.BTHSEQ.MY20A2.TNGCS03.HOLIDAY PRDCRD.BTHSEQ.MY20A2.TNGCS04 PRDCRD.BTHSEQ.MY20A2.TNGCS04.ENC PRDCRD.BTHSEQ.MY20A2.TNGCS04.HOLIDAY PRDCRD.BTHSEQ.MY20A2.TNGCS05 PRDCRD.BTHSEQ.MY20A2.TNGCS05.ENC PRDCRD.BTHSEQ.MY20A2.TNGCS05.HOLIDAY PRDCRD.BTHSEQ.MY20A2.TNGCS06 PRDCRD.BTHSEQ.MY20A2.TNGCS06.ENC PRDCRD.BTHSEQ.MY20A2.TNGCS06.HOLIDAY PRDCRD.BTHSEQ.MY20A2.TNGCS07 PRDCRD.BTHSEQ.MY20A2.TNGCS07.ENC PRDCRD.BTHSEQ.MY20A2.TNGCS07.HOLIDAY PRDCRD.BTHSEQ.MY20A2.TNGCS08 PRDCRD.BTHSEQ.MY20A2.TNGCS08.ENC PRDCRD.BTHSEQ.MY20A2.TNGCS08.HOLIDAY PRDCRD.BTHSEQ.MY20A2.TNGCS09 PRDCRD.BTHSEQ.MY20A2.TNGCS09.ENC PRDCRD.BTHSEQ.MY20A2.TNGCS09.HOLIDAY PRDCRD.BTHSEQ.MY20A2.TNGCS10 PRDCRD.BTHSEQ.MY20A2.TNGCS10.ENC PRDCRD.BTHSEQ.MY20A2.TNGCS10.HOLIDAY PRDCRD.BTHSEQ.MY20A2.TNGGET.CI PRDCRD.BTHSEQ.MY20A2.TNGPUT.CS PRDCRD.ONLVSM.MY20A2.BRANCH PRDCRD.WRKSEQ.MY20A2.TNGERL.JCP0879U PSUC.ONLLIB.LOADLIB PSUC.PAYMATE.ETALK.MASTER PSUC.UID.EFTP.MY.GEMALTO,50,4,755,MY_JCL_Evidence.txt
MY,JCP0881U,CP604650 CP612250 CP613300 IEFBR14 SORT,PRDCIS.BTHSEQ.MY20A2.TNGBM PRDCIS.BTHVSM.MY20A2.CPBSYS PRDCRD.BTHCTL.MY20A2(DYNALL32) PRDCRD.BTHLOD.MY20A2 PRDCRD.BTHSEQ.MY20A2.OTNGR2.HOLIDAY PRDCRD.BTHSEQ.MY20A2.OTNGRB.HOLIDAY PRDCRD.BTHSEQ.MY20A2.OTNGRZ.HOLIDAY PRDCRD.BTHSEQ.MY20A2.TNGCR.HOLIDAY PRDCRD.BTHSEQ.MY20A2.TNGCS.HOLIDAY PRDCRD.BTHSEQ.MY20A2.TNGN0.HOLIDAY PRDCRD.BTHSEQ.MY20A2.TNGR0.HOLIDAY PRDCRD.BTHSEQ.MY20A2.TNGZR.HOLIDAY PRDCRD.ONLVSM.MY20A2.BRANCH,13,4,335,MY_JCL_Evidence.txt
MY,JCP0881Y,IDCAMS,,0,16,16,MY_JCL_Evidence.txt
MY,JCP0882U,CP612100 CPDVMHU ICEGENER IDCAMS SORT,PRDCIS.BTHLOD.MY20A2 PRDCIS.BTHVSM.MY20A2.CPBSYS PRDCIS.ONLVSM.MY20A2.TNGERL PRDCRD.BKPSEQ.MY20A2.TNGFTP.BKP PRDCRD.BKPSEQ.MY20A2.TNGFTPZ.BKP PRDCRD.BTHCTL.MY20A2(DYNALL32) PRDCRD.BTHLOD.MY20A2 PRDCRD.BTHSEQ.MY20A2.TNGFTP PRDCRD.BTHSEQ.MY20A2.TNGFTPZ PRDCRD.BTHSEQ.MY20A2.TNGRB1O PRDCRD.BTHSEQ.MY20A2.TNGVMHU.#0700 PRDCRD.BTHSEQ.MY20A2.TNGVMHU.#0700A PRDCRD.BTHSEQ.MY20A2.TNGVMHU.#0800 PRDCRD.BTHSEQ.MY20A2.TNGVMHU.#0900 PRDCRD.BTHSEQ.MY20A2.TNGVMHU.#1000 PRDCRD.BTHSEQ.MY20A2.TNGVMHU.#1100 PRDCRD.BTHSEQ.MY20A2.TNGVMHU.#1200 PRDCRD.BTHSEQ.MY20A2.TNGVMHU.#1300 PRDCRD.BTHSEQ.MY20A2.TNGVMHU.#1400 PRDCRD.BTHSEQ.MY20A2.TNGVMHU.#1500 PRDCRD.BTHSEQ.MY20A2.TNGVMHU.#1600 PRDCRD.BTHSEQ.MY20A2.TNGVMHU.#1700 PRDCRD.BTHSEQ.MY20A2.TNGVMHU.#1800 PRDCRD.BTHSEQ.MY20A2.TNGVMHU.#1900 PRDCRD.BTHSEQ.MY20A2.TNGVMHU.#2000 PRDCRD.BTHSEQ.MY20A2.TNGVMHU.#2100 PRDCRD.BTHSEQ.MY20A2.TNGVMHU.#2200 PRDCRD.WRKSEQ.MY20A2.CP512101 PRDCRD.WRKSEQ.MY20A2.TNGERL.JCP0882U,29,4,233,MY_JCL_Evidence.txt
MY,JCP0883U,CP604650 CPDVMRB1 CPDVMRZM ICEGENER SORT,PRDCIS.BTHLOD.MY20A2 PRDCIS.BTHSEQ.MY20A2.TNGBM PRDCIS.BTHSEQ.MY20A2.TNGBM.HOLIDAY PRDCIS.BTHVSM.MY20A2.CPBPLT PRDCIS.BTHVSM.MY20A2.CPBSYS PRDCIS.ONLVSM.MY20A2.TNGERL PRDCIS.ONLVSM.MY20A2.TNGPARA PRDCRD.BTHCTL.MY20A2(ICPK0050) PRDCRD.BTHLOD.MY20A2 PRDCRD.BTHSEQ.MY20A2.OTNGRB01 PRDCRD.BTHSEQ.MY20A2.OTNGRB01.HOLIDAY PRDCRD.BTHSEQ.MY20A2.OTNGRB02 PRDCRD.BTHSEQ.MY20A2.OTNGRB02.HOLIDAY PRDCRD.BTHSEQ.MY20A2.OTNGRB03 PRDCRD.BTHSEQ.MY20A2.OTNGRB03.HOLIDAY PRDCRD.BTHSEQ.MY20A2.OTNGRB04 PRDCRD.BTHSEQ.MY20A2.OTNGRB04.HOLIDAY PRDCRD.BTHSEQ.MY20A2.OTNGRB05 PRDCRD.BTHSEQ.MY20A2.OTNGRB05.HOLIDAY PRDCRD.BTHSEQ.MY20A2.OTNGRB06 PRDCRD.BTHSEQ.MY20A2.OTNGRB06.HOLIDAY PRDCRD.BTHSEQ.MY20A2.OTNGRB07 PRDCRD.BTHSEQ.MY20A2.OTNGRB07.HOLIDAY PRDCRD.BTHSEQ.MY20A2.OTNGRB08 PRDCRD.BTHSEQ.MY20A2.OTNGRB08.HOLIDAY PRDCRD.BTHSEQ.MY20A2.OTNGRB09 PRDCRD.BTHSEQ.MY20A2.OTNGRB09.HOLIDAY PRDCRD.BTHSEQ.MY20A2.OTNGRB10 PRDCRD.BTHSEQ.MY20A2.OTNGRB10.HOLIDAY PRDCRD.BTHSEQ.MY20A2.OTNGRZ01 PRDCRD.BTHSEQ.MY20A2.OTNGRZ01.HOLIDAY PRDCRD.BTHSEQ.MY20A2.OTNGRZ02 PRDCRD.BTHSEQ.MY20A2.OTNGRZ02.HOLIDAY PRDCRD.BTHSEQ.MY20A2.OTNGRZ03 PRDCRD.BTHSEQ.MY20A2.OTNGRZ03.HOLIDAY PRDCRD.BTHSEQ.MY20A2.OTNGRZ04 PRDCRD.BTHSEQ.MY20A2.OTNGRZ04.HOLIDAY PRDCRD.BTHSEQ.MY20A2.OTNGRZ05 PRDCRD.BTHSEQ.MY20A2.OTNGRZ05.HOLIDAY PRDCRD.BTHSEQ.MY20A2.OTNGRZ06 PRDCRD.BTHSEQ.MY20A2.OTNGRZ06.HOLIDAY PRDCRD.BTHSEQ.MY20A2.OTNGRZ07 PRDCRD.BTHSEQ.MY20A2.OTNGRZ07.HOLIDAY PRDCRD.BTHSEQ.MY20A2.OTNGRZ08 PRDCRD.BTHSEQ.MY20A2.OTNGRZ08.HOLIDAY PRDCRD.BTHSEQ.MY20A2.OTNGRZ09 PRDCRD.BTHSEQ.MY20A2.OTNGRZ09.HOLIDAY PRDCRD.BTHSEQ.MY20A2.OTNGRZ10 PRDCRD.BTHSEQ.MY20A2.OTNGRZ10.HOLIDAY PRDCRD.BTHSEQ.MY20A2.RENDATA1,56,4,847,MY_JCL_Evidence.txt
MY,JCP0884U,CP604650 ICEGENER,PRDCIS.BTHVSM.MY20A2.CPBSYS PRDCRD.BTHBGD.MY20A2.OTNGRB.HOLIDAY(+1) PRDCRD.BTHBGD.MY20A2.OTNGRB01(+1) PRDCRD.BTHBGD.MY20A2.OTNGRB02(+1) PRDCRD.BTHBGD.MY20A2.OTNGRB03(+1) PRDCRD.BTHBGD.MY20A2.OTNGRB04(+1) PRDCRD.BTHBGD.MY20A2.OTNGRB05(+1) PRDCRD.BTHBGD.MY20A2.OTNGRZ.HOLIDAY(+1) PRDCRD.BTHBGD.MY20A2.OTNGRZ01(+1) PRDCRD.BTHBGD.MY20A2.OTNGRZ02(+1) PRDCRD.BTHBGD.MY20A2.OTNGRZ03(+1) PRDCRD.BTHBGD.MY20A2.OTNGRZ04(+1) PRDCRD.BTHBGD.MY20A2.OTNGRZ05(+1) PRDCRD.BTHLOD.MY20A2 PRDCRD.BTHSEQ.MY20A2.OTNGRB.HOLIDAY PRDCRD.BTHSEQ.MY20A2.OTNGRB01 PRDCRD.BTHSEQ.MY20A2.OTNGRB02 PRDCRD.BTHSEQ.MY20A2.OTNGRB03 PRDCRD.BTHSEQ.MY20A2.OTNGRB04 PRDCRD.BTHSEQ.MY20A2.OTNGRB05 PRDCRD.BTHSEQ.MY20A2.OTNGRZ.HOLIDAY PRDCRD.BTHSEQ.MY20A2.OTNGRZ01 PRDCRD.BTHSEQ.MY20A2.OTNGRZ02 PRDCRD.BTHSEQ.MY20A2.OTNGRZ03 PRDCRD.BTHSEQ.MY20A2.OTNGRZ04 PRDCRD.BTHSEQ.MY20A2.OTNGRZ05 PRDCRD.ONLVSM.MY20A2.BRANCH,27,4,134,MY_JCL_Evidence.txt
MY,JCP0884X,IDCAMS,,0,18,18,MY_JCL_Evidence.txt
MY,JCP0885R,CP604650 CP612090 CPDVMRB2 CPDVMZB ETALK ICEGENER IEFBR14,PRDCIS.BTHSEQ.MY20A2.TNGBM PRDCIS.BTHVSM.MY20A2.CPBCUS PRDCIS.BTHVSM.MY20A2.CPBPLT PRDCIS.BTHVSM.MY20A2.CPBSYS PRDCIS.ONLVSM.MY20A2.CPPFX.PATH PRDCIS.ONLVSM.MY20A2.TNGERL PRDCRD.BTHCTL.MY20A2(ICP00368) PRDCRD.BTHCTL.MY20A2(ICP00369) PRDCRD.BTHCTL.MY20A2(ICP00371) PRDCRD.BTHSEQ.MY20A2.NTNGRZ01 PRDCRD.BTHSEQ.MY20A2.NTNGRZ02 PRDCRD.BTHSEQ.MY20A2.NTNGRZ03 PRDCRD.BTHSEQ.MY20A2.NTNGRZ04 PRDCRD.BTHSEQ.MY20A2.NTNGRZ05 PRDCRD.BTHSEQ.MY20A2.NTNGRZ06 PRDCRD.BTHSEQ.MY20A2.NTNGRZ07 PRDCRD.BTHSEQ.MY20A2.NTNGRZ08 PRDCRD.BTHSEQ.MY20A2.NTNGRZ09 PRDCRD.BTHSEQ.MY20A2.NTNGRZ10 PRDCRD.BTHSEQ.MY20A2.OTNGRZ.HOLIDAY PRDCRD.BTHSEQ.MY20A2.OTNGRZ01 PRDCRD.BTHSEQ.MY20A2.OTNGRZ02 PRDCRD.BTHSEQ.MY20A2.OTNGRZ03 PRDCRD.BTHSEQ.MY20A2.OTNGRZ04 PRDCRD.BTHSEQ.MY20A2.OTNGRZ05 PRDCRD.BTHSEQ.MY20A2.OTNGRZ06 PRDCRD.BTHSEQ.MY20A2.OTNGRZ07 PRDCRD.BTHSEQ.MY20A2.OTNGRZ08 PRDCRD.BTHSEQ.MY20A2.OTNGRZ09 PRDCRD.BTHSEQ.MY20A2.OTNGRZ10 PRDCRD.BTHSEQ.MY20A2.TNGPUT.RZ PRDCRD.BTHSEQ.MY20A2.TNGPUT.ZB PRDCRD.BTHSEQ.MY20A2.TNGRZ.HOLIDAY PRDCRD.BTHSEQ.MY20A2.TNGRZ01 PRDCRD.BTHSEQ.MY20A2.TNGRZ01.ENC PRDCRD.BTHSEQ.MY20A2.TNGRZ02 PRDCRD.BTHSEQ.MY20A2.TNGRZ02.ENC PRDCRD.BTHSEQ.MY20A2.TNGRZ03 PRDCRD.BTHSEQ.MY20A2.TNGRZ03.ENC PRDCRD.BTHSEQ.MY20A2.TNGRZ04 PRDCRD.BTHSEQ.MY20A2.TNGRZ04.ENC PRDCRD.BTHSEQ.MY20A2.TNGRZ05 PRDCRD.BTHSEQ.MY20A2.TNGRZ05.ENC PRDCRD.BTHSEQ.MY20A2.TNGRZ06 PRDCRD.BTHSEQ.MY20A2.TNGRZ06.ENC PRDCRD.BTHSEQ.MY20A2.TNGRZ07 PRDCRD.BTHSEQ.MY20A2.TNGRZ07.ENC PRDCRD.BTHSEQ.MY20A2.TNGRZ08 PRDCRD.BTHSEQ.MY20A2.TNGRZ08.ENC PRDCRD.BTHSEQ.MY20A2.TNGRZ09,76,25,845,MY_JCL_Evidence.txt
MY,JCP0885U,CP604650 CP612090 CPDVMRB2 CPDVMZB ETALK ICEGENER IEFBR14,PRDCIS.BTHSEQ.MY20A2.TNGBM PRDCIS.BTHVSM.MY20A2.CPBCUS PRDCIS.BTHVSM.MY20A2.CPBPLT PRDCIS.BTHVSM.MY20A2.CPBSYS PRDCIS.ONLVSM.MY20A2.CPPFX.PATH PRDCIS.ONLVSM.MY20A2.TNGERL PRDCRD.BTHCTL.MY20A2(ICP00368) PRDCRD.BTHCTL.MY20A2(ICP00369) PRDCRD.BTHCTL.MY20A2(ICP00371) PRDCRD.BTHSEQ.MY20A2.NTNGRZ01 PRDCRD.BTHSEQ.MY20A2.NTNGRZ02 PRDCRD.BTHSEQ.MY20A2.NTNGRZ03 PRDCRD.BTHSEQ.MY20A2.NTNGRZ04 PRDCRD.BTHSEQ.MY20A2.NTNGRZ05 PRDCRD.BTHSEQ.MY20A2.NTNGRZ06 PRDCRD.BTHSEQ.MY20A2.NTNGRZ07 PRDCRD.BTHSEQ.MY20A2.NTNGRZ08 PRDCRD.BTHSEQ.MY20A2.NTNGRZ09 PRDCRD.BTHSEQ.MY20A2.NTNGRZ10 PRDCRD.BTHSEQ.MY20A2.OTNGRB.HOLIDAY PRDCRD.BTHSEQ.MY20A2.OTNGRB01 PRDCRD.BTHSEQ.MY20A2.OTNGRB02 PRDCRD.BTHSEQ.MY20A2.OTNGRB03 PRDCRD.BTHSEQ.MY20A2.OTNGRB04 PRDCRD.BTHSEQ.MY20A2.OTNGRB05 PRDCRD.BTHSEQ.MY20A2.OTNGRB06 PRDCRD.BTHSEQ.MY20A2.OTNGRB07 PRDCRD.BTHSEQ.MY20A2.OTNGRB08 PRDCRD.BTHSEQ.MY20A2.OTNGRB09 PRDCRD.BTHSEQ.MY20A2.OTNGRB10 PRDCRD.BTHSEQ.MY20A2.OTNGRZ.HOLIDAY PRDCRD.BTHSEQ.MY20A2.OTNGRZ01 PRDCRD.BTHSEQ.MY20A2.OTNGRZ02 PRDCRD.BTHSEQ.MY20A2.OTNGRZ03 PRDCRD.BTHSEQ.MY20A2.OTNGRZ04 PRDCRD.BTHSEQ.MY20A2.OTNGRZ05 PRDCRD.BTHSEQ.MY20A2.OTNGRZ06 PRDCRD.BTHSEQ.MY20A2.OTNGRZ07 PRDCRD.BTHSEQ.MY20A2.OTNGRZ08 PRDCRD.BTHSEQ.MY20A2.OTNGRZ09 PRDCRD.BTHSEQ.MY20A2.OTNGRZ10 PRDCRD.BTHSEQ.MY20A2.TNGPUT.RB PRDCRD.BTHSEQ.MY20A2.TNGPUT.RZ PRDCRD.BTHSEQ.MY20A2.TNGPUT.ZB PRDCRD.BTHSEQ.MY20A2.TNGRB.HOL.ENC PRDCRD.BTHSEQ.MY20A2.TNGRB.HOLIDAY PRDCRD.BTHSEQ.MY20A2.TNGRB01 PRDCRD.BTHSEQ.MY20A2.TNGRB01.ENC PRDCRD.BTHSEQ.MY20A2.TNGRB02 PRDCRD.BTHSEQ.MY20A2.TNGRB02.ENC,110,20,1316,MY_JCL_Evidence.txt
MY,JCP0885X,CPDVMRB2 ETALK FTP IDCAMS,*** PRDCIS.BTHVSM.MY20A2.CPBSYS PRDCIS.ONLVSM.MY20A2.CPPFX.PATH PRDCIS.ONLVSM.MY20A2.TNGERL PRDCRD.BTHCTL.MY20A2(ICP00368) PRDCRD.BTHCTL.MY20A2(ICP00369) PRDCRD.BTHCTL.MY20A2(ICP00371) PRDCRD.BTHSEQ.MY20A2.TNGRB01.RCV PRDCRD.BTHSEQ.MY20A2.TNGRB01.RCV.ENC PRDCRD.BTHSEQ.MY20A2.TNGRB02.RCV PRDCRD.BTHSEQ.MY20A2.TNGRB02.RCV.ENC PRDCRD.BTHSEQ.MY20A2.TNGRB03.RCV PRDCRD.BTHSEQ.MY20A2.TNGRB03.RCV.ENC PRDCRD.BTHSEQ.MY20A2.TNGRB04.RCV PRDCRD.BTHSEQ.MY20A2.TNGRB04.RCV.ENC PRDCRD.BTHSEQ.MY20A2.TNGRB05.RCV PRDCRD.BTHSEQ.MY20A2.TNGRB05.RCV.ENC PSUC.PAYMATE.ETALK.MASTER PSUC.UID.EFTP.MY.TNG,19,15,221,MY_JCL_Evidence.txt
MY,JCP0885Y,IDCAMS,,0,20,20,MY_JCL_Evidence.txt
MY,JCP0885Z,CP604650 CP612090 CPDVMRB2 ETALK ICEGENER IEFBR14,PRDCIS.BTHVSM.MY20A2.CPBSYS PRDCIS.ONLVSM.MY20A2.CPPFX.PATH PRDCIS.ONLVSM.MY20A2.TNGERL PRDCRD.BTHCTL.MY20A2(ICP00368) PRDCRD.BTHCTL.MY20A2(ICP00369) PRDCRD.BTHCTL.MY20A2(ICP00371) PRDCRD.BTHSEQ.MY20A2.OTNGRB.HOLIDAY PRDCRD.BTHSEQ.MY20A2.OTNGRB01 PRDCRD.BTHSEQ.MY20A2.OTNGRB02 PRDCRD.BTHSEQ.MY20A2.OTNGRB03 PRDCRD.BTHSEQ.MY20A2.OTNGRB04 PRDCRD.BTHSEQ.MY20A2.OTNGRB05 PRDCRD.BTHSEQ.MY20A2.OTNGRB06 PRDCRD.BTHSEQ.MY20A2.OTNGRB07 PRDCRD.BTHSEQ.MY20A2.OTNGRB08 PRDCRD.BTHSEQ.MY20A2.OTNGRB09 PRDCRD.BTHSEQ.MY20A2.OTNGRB10 PRDCRD.BTHSEQ.MY20A2.TNGPUT.RB PRDCRD.BTHSEQ.MY20A2.TNGRB.HOL.ENC PRDCRD.BTHSEQ.MY20A2.TNGRB.HOLIDAY PRDCRD.BTHSEQ.MY20A2.TNGRB01 PRDCRD.BTHSEQ.MY20A2.TNGRB01.ENC PRDCRD.BTHSEQ.MY20A2.TNGRB02 PRDCRD.BTHSEQ.MY20A2.TNGRB02.ENC PRDCRD.BTHSEQ.MY20A2.TNGRB03 PRDCRD.BTHSEQ.MY20A2.TNGRB03.ENC PRDCRD.BTHSEQ.MY20A2.TNGRB04 PRDCRD.BTHSEQ.MY20A2.TNGRB04.ENC PRDCRD.BTHSEQ.MY20A2.TNGRB05 PRDCRD.BTHSEQ.MY20A2.TNGRB05.ENC PRDCRD.BTHSEQ.MY20A2.TNGRB06 PRDCRD.BTHSEQ.MY20A2.TNGRB06.ENC PRDCRD.BTHSEQ.MY20A2.TNGRB07 PRDCRD.BTHSEQ.MY20A2.TNGRB07.ENC PRDCRD.BTHSEQ.MY20A2.TNGRB08 PRDCRD.BTHSEQ.MY20A2.TNGRB08.ENC PRDCRD.BTHSEQ.MY20A2.TNGRB09 PRDCRD.BTHSEQ.MY20A2.TNGRB09.ENC PRDCRD.BTHSEQ.MY20A2.TNGRB10 PRDCRD.BTHSEQ.MY20A2.TNGRB10.ENC PRDCRD.ONLVSM.MY20A2.BRANCH PSUC.PAYMATE.ETALK.MASTER PSUC.UID.EFTP.MY.TNG,43,22,520,MY_JCL_Evidence.txt
MY,JCP0889U,CP604650 IEFBR14,PRDCIS.BTHVSM.MY20A2.CPBSYS PRDCRD.BKPSEQ.MY20A2.TNGCS.HOLIDAY PRDCRD.BKPSEQ.MY20A2.TNGN0.HOLIDAY PRDCRD.BTHLOD.MY20A2 PRDCRD.ONLVSM.MY20A2.BRANCH,5,8,34,MY_JCL_Evidence.txt
MY,JCP0890U,CP604650 ICEGENER IDCAMS IEFBR14,PRDCIS.BTHVSM.MY20A2.CPBSYS PRDCRD.BTHLOD.MY20A2 PRDCRD.BTHSEQ.MY20A2.TNGCS.HOLIDAY PRDCRD.BTHSEQ.MY20A2.TNGCS01.HOLIDAY PRDCRD.BTHSEQ.MY20A2.TNGCS02.HOLIDAY PRDCRD.BTHSEQ.MY20A2.TNGCS03.HOLIDAY PRDCRD.BTHSEQ.MY20A2.TNGCS04.HOLIDAY PRDCRD.BTHSEQ.MY20A2.TNGCS05.HOLIDAY PRDCRD.BTHSEQ.MY20A2.TNGCS06.HOLIDAY PRDCRD.BTHSEQ.MY20A2.TNGCS07.HOLIDAY PRDCRD.BTHSEQ.MY20A2.TNGCS08.HOLIDAY PRDCRD.BTHSEQ.MY20A2.TNGCS09.HOLIDAY PRDCRD.BTHSEQ.MY20A2.TNGCS10.HOLIDAY PRDCRD.BTHSEQ.MY20A2.TNGN0.HOLIDAY PRDCRD.BTHSEQ.MY20A2.TNGN001.HOLIDAY PRDCRD.BTHSEQ.MY20A2.TNGN002.HOLIDAY PRDCRD.BTHSEQ.MY20A2.TNGN003.HOLIDAY PRDCRD.BTHSEQ.MY20A2.TNGN004.HOLIDAY PRDCRD.BTHSEQ.MY20A2.TNGN005.HOLIDAY PRDCRD.ONLVSM.MY20A2.BRANCH,20,4,162,MY_JCL_Evidence.txt
MY,JCP0890Y,IDCAMS,,0,16,16,MY_JCL_Evidence.txt
MY,JCP0891U,CP604650 IEFBR14,PRDCIS.BTHVSM.MY20A2.CPBSYS PRDCRD.BKPSEQ.MY20A2.OTNGR2.HOLIDAY PRDCRD.BKPSEQ.MY20A2.OTNGRB.HOLIDAY PRDCRD.BKPSEQ.MY20A2.OTNGRZ.HOLIDAY PRDCRD.BTHLOD.MY20A2 PRDCRD.ONLVSM.MY20A2.BRANCH,6,4,34,MY_JCL_Evidence.txt
MY,JCP0892U,CP604650 IDCAMS,PRDCIS.BTHVSM.MY20A2.CPBSYS PRDCRD.BTHLOD.MY20A2 PRDCRD.BTHSEQ.MY20A2.OTNGR2.HOLIDAY PRDCRD.BTHSEQ.MY20A2.OTNGR201.HOLIDAY PRDCRD.BTHSEQ.MY20A2.OTNGR202.HOLIDAY PRDCRD.BTHSEQ.MY20A2.OTNGR203.HOLIDAY PRDCRD.BTHSEQ.MY20A2.OTNGR204.HOLIDAY PRDCRD.BTHSEQ.MY20A2.OTNGR205.HOLIDAY PRDCRD.BTHSEQ.MY20A2.OTNGRB.HOLIDAY PRDCRD.BTHSEQ.MY20A2.OTNGRB01.HOLIDAY PRDCRD.BTHSEQ.MY20A2.OTNGRB02.HOLIDAY PRDCRD.BTHSEQ.MY20A2.OTNGRB03.HOLIDAY PRDCRD.BTHSEQ.MY20A2.OTNGRB04.HOLIDAY PRDCRD.BTHSEQ.MY20A2.OTNGRB05.HOLIDAY PRDCRD.BTHSEQ.MY20A2.OTNGRB06.HOLIDAY PRDCRD.BTHSEQ.MY20A2.OTNGRB07.HOLIDAY PRDCRD.BTHSEQ.MY20A2.OTNGRB08.HOLIDAY PRDCRD.BTHSEQ.MY20A2.OTNGRB09.HOLIDAY PRDCRD.BTHSEQ.MY20A2.OTNGRB10.HOLIDAY PRDCRD.BTHSEQ.MY20A2.OTNGRZ.HOLIDAY PRDCRD.BTHSEQ.MY20A2.OTNGRZ01.HOLIDAY PRDCRD.BTHSEQ.MY20A2.OTNGRZ02.HOLIDAY PRDCRD.BTHSEQ.MY20A2.OTNGRZ03.HOLIDAY PRDCRD.BTHSEQ.MY20A2.OTNGRZ04.HOLIDAY PRDCRD.BTHSEQ.MY20A2.OTNGRZ05.HOLIDAY PRDCRD.BTHSEQ.MY20A2.OTNGRZ06.HOLIDAY PRDCRD.BTHSEQ.MY20A2.OTNGRZ07.HOLIDAY PRDCRD.BTHSEQ.MY20A2.OTNGRZ08.HOLIDAY PRDCRD.BTHSEQ.MY20A2.OTNGRZ09.HOLIDAY PRDCRD.BTHSEQ.MY20A2.OTNGRZ10.HOLIDAY PRDCRD.ONLVSM.MY20A2.BRANCH,31,4,202,MY_JCL_Evidence.txt
MY,JCP0892Y,IDCAMS,,0,16,16,MY_JCL_Evidence.txt
MY,JCP0893U,CP604650 IEFBR14,PRDCIS.BTHVSM.MY20A2.CPBSYS PRDCRD.BKPSEQ.MY20A2.TNGCR.HOLIDAY PRDCRD.BKPSEQ.MY20A2.TNGR0.HOLIDAY PRDCRD.BKPSEQ.MY20A2.TNGZR.HOLIDAY PRDCRD.BTHLOD.MY20A2 PRDCRD.ONLVSM.MY20A2.BRANCH,6,4,33,MY_JCL_Evidence.txt
MY,JCP0894U,CP604650 ICEGENER IDCAMS IEFBR14,PRDCIS.BTHVSM.MY20A2.CPBSYS PRDCRD.BTHLOD.MY20A2 PRDCRD.BTHSEQ.MY20A2.TNGCR.HOLIDAY PRDCRD.BTHSEQ.MY20A2.TNGCR01.HOLIDAY PRDCRD.BTHSEQ.MY20A2.TNGCR02.HOLIDAY PRDCRD.BTHSEQ.MY20A2.TNGCR03.HOLIDAY PRDCRD.BTHSEQ.MY20A2.TNGCR04.HOLIDAY PRDCRD.BTHSEQ.MY20A2.TNGCR05.HOLIDAY PRDCRD.BTHSEQ.MY20A2.TNGCR06.HOLIDAY PRDCRD.BTHSEQ.MY20A2.TNGCR07.HOLIDAY PRDCRD.BTHSEQ.MY20A2.TNGCR08.HOLIDAY PRDCRD.BTHSEQ.MY20A2.TNGCR09.HOLIDAY PRDCRD.BTHSEQ.MY20A2.TNGCR10.HOLIDAY PRDCRD.BTHSEQ.MY20A2.TNGR0.HOLIDAY PRDCRD.BTHSEQ.MY20A2.TNGR001.HOLIDAY PRDCRD.BTHSEQ.MY20A2.TNGR002.HOLIDAY PRDCRD.BTHSEQ.MY20A2.TNGR003.HOLIDAY PRDCRD.BTHSEQ.MY20A2.TNGR004.HOLIDAY PRDCRD.BTHSEQ.MY20A2.TNGR005.HOLIDAY PRDCRD.BTHSEQ.MY20A2.TNGZR.HOLIDAY PRDCRD.BTHSEQ.MY20A2.TNGZR01.HOLIDAY PRDCRD.BTHSEQ.MY20A2.TNGZR02.HOLIDAY PRDCRD.BTHSEQ.MY20A2.TNGZR03.HOLIDAY PRDCRD.BTHSEQ.MY20A2.TNGZR04.HOLIDAY PRDCRD.BTHSEQ.MY20A2.TNGZR05.HOLIDAY PRDCRD.BTHSEQ.MY20A2.TNGZR06.HOLIDAY PRDCRD.BTHSEQ.MY20A2.TNGZR07.HOLIDAY PRDCRD.BTHSEQ.MY20A2.TNGZR08.HOLIDAY PRDCRD.BTHSEQ.MY20A2.TNGZR09.HOLIDAY PRDCRD.BTHSEQ.MY20A2.TNGZR10.HOLIDAY PRDCRD.ONLVSM.MY20A2.BRANCH,31,4,246,MY_JCL_Evidence.txt
MY,JCP0894Y,IDCAMS,,0,16,16,MY_JCL_Evidence.txt
MY,JCP0895U,CP604650 IEFBR14,PRDCIS.BTHVSM.MY20A2.CPBSYS PRDCRD.BKPSEQ.MY20A2.OTNGR2.HOLIDAY PRDCRD.BKPSEQ.MY20A2.OTNGRB.HOLIDAY PRDCRD.BKPSEQ.MY20A2.OTNGRZ.HOLIDAY PRDCRD.BKPSEQ.MY20A2.TNGCR.HOLIDAY PRDCRD.BKPSEQ.MY20A2.TNGCS.HOLIDAY PRDCRD.BKPSEQ.MY20A2.TNGN0.HOLIDAY PRDCRD.BKPSEQ.MY20A2.TNGR0.HOLIDAY PRDCRD.BKPSEQ.MY20A2.TNGZR.HOLIDAY PRDCRD.BTHLOD.MY20A2 PRDCRD.ONLVSM.MY20A2.BRANCH,11,4,43,MY_JCL_Evidence.txt
MY,JCP0901U,IDCAMS,PRDCRD.BTHCTL.MY20A2(ICP00368) PRDCRD.BTHCTL.MY20A2(ICP00370) PRDCRD.BTHCTL.MY20A2(ICP00371),3,12,39,MY_JCL_Evidence.txt
MY,JCP0902U,CP604650 IDCAMS,PRDCIS.BTHVSM.MY20A2.CPBSYS PRDCRD.BTHCTL.MY20A2(ICP00368) PRDCRD.BTHCTL.MY20A2(ICP00370) PRDCRD.BTHCTL.MY20A2(ICP00371) PRDCRD.BTHLOD.MY20A2 PRDCRD.ONLVSM.MY20A2.BRANCH,6,8,58,MY_JCL_Evidence.txt
MY,JCP0906A,IDCAMS,PRDCIS.ONLVSM.MY20A2.TNGERL PRDCRD.BTHCTL.MY20A2(ICP00368) PRDCRD.BTHCTL.MY20A2(ICP00370),3,17,35,MY_JCL_Evidence.txt
MY,JCP0906B,CP612080 CP612090 CPDVMHL ETALK IDCAMS SORT,PRDCIS.BTHSEQ.MY20A2.TNGBM PRDCIS.BTHVSM.MY20A2.CPBSYS PRDCIS.ONLVSM.MY20A2.TNGERL PRDCRD.BTHCTL.MY20A2(ICP00368) PRDCRD.BTHCTL.MY20A2(ICP00369) PRDCRD.BTHCTL.MY20A2(ICP00429) PRDCRD.BTHCTL.MY20A2(ICP00432) PRDCRD.BTHCTL.MY20A2(ICPK0050) PRDCRD.BTHCTL.MY20A2(RESETCC) PRDCRD.BTHSEQ.MY20A2.TNGERLH PRDCRD.BTHSEQ.MY20A2.TNGFTP PRDCRD.BTHSEQ.MY20A2.TNGFTPZ PRDCRD.BTHSEQ.MY20A2.TNGHL01 PRDCRD.BTHSEQ.MY20A2.TNGHL01.ENC PRDCRD.BTHSEQ.MY20A2.TNGHL02 PRDCRD.BTHSEQ.MY20A2.TNGHL02.ENC PRDCRD.BTHSEQ.MY20A2.TNGHL03 PRDCRD.BTHSEQ.MY20A2.TNGHL03.ENC PRDCRD.BTHSEQ.MY20A2.TNGHL04 PRDCRD.BTHSEQ.MY20A2.TNGHL04.ENC PRDCRD.BTHSEQ.MY20A2.TNGHL05 PRDCRD.BTHSEQ.MY20A2.TNGHL05.ENC PRDCRD.BTHSEQ.MY20A2.TNGHL06 PRDCRD.BTHSEQ.MY20A2.TNGHL06.ENC PRDCRD.BTHSEQ.MY20A2.TNGHL07 PRDCRD.BTHSEQ.MY20A2.TNGHL07.ENC PRDCRD.BTHSEQ.MY20A2.TNGHL08 PRDCRD.BTHSEQ.MY20A2.TNGHL08.ENC PRDCRD.BTHSEQ.MY20A2.TNGHL09 PRDCRD.BTHSEQ.MY20A2.TNGHL09.ENC PRDCRD.BTHSEQ.MY20A2.TNGHL10 PRDCRD.BTHSEQ.MY20A2.TNGHL10.ENC PRDCRD.BTHSEQ.MY20A2.TNGHZ01 PRDCRD.BTHSEQ.MY20A2.TNGHZ01.ENC PRDCRD.BTHSEQ.MY20A2.TNGHZ02 PRDCRD.BTHSEQ.MY20A2.TNGHZ02.ENC PRDCRD.BTHSEQ.MY20A2.TNGHZ03 PRDCRD.BTHSEQ.MY20A2.TNGHZ03.ENC PRDCRD.BTHSEQ.MY20A2.TNGHZ04 PRDCRD.BTHSEQ.MY20A2.TNGHZ04.ENC PRDCRD.BTHSEQ.MY20A2.TNGHZ05 PRDCRD.BTHSEQ.MY20A2.TNGHZ05.ENC PRDCRD.BTHSEQ.MY20A2.TNGHZ06 PRDCRD.BTHSEQ.MY20A2.TNGHZ06.ENC PRDCRD.BTHSEQ.MY20A2.TNGHZ07 PRDCRD.BTHSEQ.MY20A2.TNGHZ07.ENC PRDCRD.BTHSEQ.MY20A2.TNGHZ08 PRDCRD.BTHSEQ.MY20A2.TNGHZ08.ENC PRDCRD.BTHSEQ.MY20A2.TNGHZ09 PRDCRD.BTHSEQ.MY20A2.TNGHZ09.ENC,60,20,642,MY_JCL_Evidence.txt
MY,JCP0906Y,IDCAMS,PRDCRD.BTHCTL.MY20A2(ICP00368) PRDCRD.BTHCTL.MY20A2(ICP00429) PRDCRD.BTHCTL.MY20A2(RESETCC),3,16,48,MY_JCL_Evidence.txt
MY,JCP0907A,IDCAMS,PRDCIS.ONLVSM.MY20A2.TNGERL PRDCRD.BTHCTL.MY20A2(ICP00368) PRDCRD.BTHCTL.MY20A2(ICP00370),3,17,35,MY_JCL_Evidence.txt
MY,JCP0907B,CP612080 CP612090 CPDVMHL ETALK IDCAMS SORT,PRDCIS.BTHSEQ.MY20A2.TNGBM PRDCIS.BTHVSM.MY20A2.CPBSYS PRDCIS.ONLVSM.MY20A2.TNGERL PRDCRD.BTHCTL.MY20A2(ICP00368) PRDCRD.BTHCTL.MY20A2(ICP00369) PRDCRD.BTHCTL.MY20A2(ICP00429) PRDCRD.BTHCTL.MY20A2(ICP00432) PRDCRD.BTHCTL.MY20A2(ICPK0050) PRDCRD.BTHCTL.MY20A2(RESETCC) PRDCRD.BTHSEQ.MY20A2.TNGFTP PRDCRD.BTHSEQ.MY20A2.TNGFTPZ PRDCRD.BTHSEQ.MY20A2.TNGHL01 PRDCRD.BTHSEQ.MY20A2.TNGHL01.ENC PRDCRD.BTHSEQ.MY20A2.TNGHL02 PRDCRD.BTHSEQ.MY20A2.TNGHL02.ENC PRDCRD.BTHSEQ.MY20A2.TNGHL03 PRDCRD.BTHSEQ.MY20A2.TNGHL03.ENC PRDCRD.BTHSEQ.MY20A2.TNGHL04 PRDCRD.BTHSEQ.MY20A2.TNGHL04.ENC PRDCRD.BTHSEQ.MY20A2.TNGHL05 PRDCRD.BTHSEQ.MY20A2.TNGHL05.ENC PRDCRD.BTHSEQ.MY20A2.TNGHZ01 PRDCRD.BTHSEQ.MY20A2.TNGHZ01.ENC PRDCRD.BTHSEQ.MY20A2.TNGHZ02 PRDCRD.BTHSEQ.MY20A2.TNGHZ02.ENC PRDCRD.BTHSEQ.MY20A2.TNGHZ03 PRDCRD.BTHSEQ.MY20A2.TNGHZ03.ENC PRDCRD.BTHSEQ.MY20A2.TNGHZ04 PRDCRD.BTHSEQ.MY20A2.TNGHZ04.ENC PRDCRD.BTHSEQ.MY20A2.TNGHZ05 PRDCRD.BTHSEQ.MY20A2.TNGHZ05.ENC PRDCRD.BTHSEQ.MY20A2.TNGPUT.HL PRDCRD.BTHSEQ.MY20A2.TNGPUT.HZ PRDCRD.BTHSEQ.MY20A2.TNGVMHU.#0800 PRDCRD.WRKSEQ.MY20A2.TNGERL.JCP0907B PRDCRD.WRKSEQ.MY20A2.TNGERL.JCP0907R PSUC.PAYMATE.ETALK.MASTER PSUC.UID.EFTP.MY.TNG,38,21,425,MY_JCL_Evidence.txt
MY,JCP0907Y,IDCAMS,PRDCRD.BTHCTL.MY20A2(ICP00368) PRDCRD.BTHCTL.MY20A2(ICP00429) PRDCRD.BTHCTL.MY20A2(RESETCC),3,16,47,MY_JCL_Evidence.txt
MY,JCP0908A,IDCAMS,PRDCIS.ONLVSM.MY20A2.TNGERL PRDCRD.BTHCTL.MY20A2(ICP00368) PRDCRD.BTHCTL.MY20A2(ICP00370),3,16,34,MY_JCL_Evidence.txt
MY,JCP0908B,CP612080 CP612090 CPDVMHL ETALK IDCAMS SORT,PRDCIS.BTHSEQ.MY20A2.TNGBM PRDCIS.BTHVSM.MY20A2.CPBSYS PRDCIS.ONLVSM.MY20A2.TNGERL PRDCRD.BTHCTL.MY20A2(ICP00368) PRDCRD.BTHCTL.MY20A2(ICP00369) PRDCRD.BTHCTL.MY20A2(ICP00429) PRDCRD.BTHCTL.MY20A2(ICP00432) PRDCRD.BTHCTL.MY20A2(ICPK0050) PRDCRD.BTHCTL.MY20A2(RESETCC) PRDCRD.BTHSEQ.MY20A2.TNGFTP PRDCRD.BTHSEQ.MY20A2.TNGFTPZ PRDCRD.BTHSEQ.MY20A2.TNGHL01 PRDCRD.BTHSEQ.MY20A2.TNGHL01.ENC PRDCRD.BTHSEQ.MY20A2.TNGHL02 PRDCRD.BTHSEQ.MY20A2.TNGHL02.ENC PRDCRD.BTHSEQ.MY20A2.TNGHL03 PRDCRD.BTHSEQ.MY20A2.TNGHL03.ENC PRDCRD.BTHSEQ.MY20A2.TNGHL04 PRDCRD.BTHSEQ.MY20A2.TNGHL04.ENC PRDCRD.BTHSEQ.MY20A2.TNGHL05 PRDCRD.BTHSEQ.MY20A2.TNGHL05.ENC PRDCRD.BTHSEQ.MY20A2.TNGHZ01 PRDCRD.BTHSEQ.MY20A2.TNGHZ01.ENC PRDCRD.BTHSEQ.MY20A2.TNGHZ02 PRDCRD.BTHSEQ.MY20A2.TNGHZ02.ENC PRDCRD.BTHSEQ.MY20A2.TNGHZ03 PRDCRD.BTHSEQ.MY20A2.TNGHZ03.ENC PRDCRD.BTHSEQ.MY20A2.TNGHZ04 PRDCRD.BTHSEQ.MY20A2.TNGHZ04.ENC PRDCRD.BTHSEQ.MY20A2.TNGHZ05 PRDCRD.BTHSEQ.MY20A2.TNGHZ05.ENC PRDCRD.BTHSEQ.MY20A2.TNGPUT.HL PRDCRD.BTHSEQ.MY20A2.TNGPUT.HZ PRDCRD.BTHSEQ.MY20A2.TNGVMHU.#0900 PRDCRD.WRKSEQ.MY20A2.TNGERL.JCP0908B PRDCRD.WRKSEQ.MY20A2.TNGERL.JCP0908R PSUC.PAYMATE.ETALK.MASTER PSUC.UID.EFTP.MY.TNG,38,21,426,MY_JCL_Evidence.txt
MY,JCP0908Y,IDCAMS,PRDCRD.BTHCTL.MY20A2(ICP00368) PRDCRD.BTHCTL.MY20A2(ICP00429) PRDCRD.BTHCTL.MY20A2(RESETCC),3,16,47,MY_JCL_Evidence.txt
MY,JCP0909A,IDCAMS,PRDCIS.ONLVSM.MY20A2.TNGERL PRDCRD.BTHCTL.MY20A2(ICP00368) PRDCRD.BTHCTL.MY20A2(ICP00370),3,17,35,MY_JCL_Evidence.txt
MY,JCP0909B,CP612080 CP612090 CPDVMHL ETALK IDCAMS SORT,PRDCIS.BTHSEQ.MY20A2.TNGBM PRDCIS.BTHVSM.MY20A2.CPBSYS PRDCIS.ONLVSM.MY20A2.TNGERL PRDCRD.BTHCTL.MY20A2(ICP00368) PRDCRD.BTHCTL.MY20A2(ICP00369) PRDCRD.BTHCTL.MY20A2(ICP00429) PRDCRD.BTHCTL.MY20A2(ICP00432) PRDCRD.BTHCTL.MY20A2(ICPK0050) PRDCRD.BTHCTL.MY20A2(RESETCC) PRDCRD.BTHSEQ.MY20A2.TNGFTP PRDCRD.BTHSEQ.MY20A2.TNGFTPZ PRDCRD.BTHSEQ.MY20A2.TNGHL01 PRDCRD.BTHSEQ.MY20A2.TNGHL01.ENC PRDCRD.BTHSEQ.MY20A2.TNGHL02 PRDCRD.BTHSEQ.MY20A2.TNGHL02.ENC PRDCRD.BTHSEQ.MY20A2.TNGHL03 PRDCRD.BTHSEQ.MY20A2.TNGHL03.ENC PRDCRD.BTHSEQ.MY20A2.TNGHL04 PRDCRD.BTHSEQ.MY20A2.TNGHL04.ENC PRDCRD.BTHSEQ.MY20A2.TNGHL05 PRDCRD.BTHSEQ.MY20A2.TNGHL05.ENC PRDCRD.BTHSEQ.MY20A2.TNGHZ01 PRDCRD.BTHSEQ.MY20A2.TNGHZ01.ENC PRDCRD.BTHSEQ.MY20A2.TNGHZ02 PRDCRD.BTHSEQ.MY20A2.TNGHZ02.ENC PRDCRD.BTHSEQ.MY20A2.TNGHZ03 PRDCRD.BTHSEQ.MY20A2.TNGHZ03.ENC PRDCRD.BTHSEQ.MY20A2.TNGHZ04 PRDCRD.BTHSEQ.MY20A2.TNGHZ04.ENC PRDCRD.BTHSEQ.MY20A2.TNGHZ05 PRDCRD.BTHSEQ.MY20A2.TNGHZ05.ENC PRDCRD.BTHSEQ.MY20A2.TNGPUT.HL PRDCRD.BTHSEQ.MY20A2.TNGPUT.HZ PRDCRD.BTHSEQ.MY20A2.TNGVMHU.#1000 PRDCRD.WRKSEQ.MY20A2.TNGERL.JCP0909B PRDCRD.WRKSEQ.MY20A2.TNGERL.JCP0909R PSUC.PAYMATE.ETALK.MASTER PSUC.UID.EFTP.MY.TNG,38,21,426,MY_JCL_Evidence.txt
MY,JCP0909Y,IDCAMS,PRDCRD.BTHCTL.MY20A2(ICP00368) PRDCRD.BTHCTL.MY20A2(ICP00429) PRDCRD.BTHCTL.MY20A2(RESETCC),3,16,47,MY_JCL_Evidence.txt
MY,JCP0910A,IDCAMS,PRDCIS.ONLVSM.MY20A2.TNGERL PRDCRD.BTHCTL.MY20A2(ICP00368) PRDCRD.BTHCTL.MY20A2(ICP00370),3,18,36,MY_JCL_Evidence.txt
MY,JCP0910B,CP612080 CP612090 CPDVMHL ETALK IDCAMS SORT,PRDCIS.BTHSEQ.MY20A2.TNGBM PRDCIS.BTHVSM.MY20A2.CPBSYS PRDCIS.ONLVSM.MY20A2.TNGERL PRDCRD.BTHCTL.MY20A2(ICP00368) PRDCRD.BTHCTL.MY20A2(ICP00369) PRDCRD.BTHCTL.MY20A2(ICP00429) PRDCRD.BTHCTL.MY20A2(ICP00432) PRDCRD.BTHCTL.MY20A2(ICPK0050) PRDCRD.BTHCTL.MY20A2(RESETCC) PRDCRD.BTHSEQ.MY20A2.TNGFTP PRDCRD.BTHSEQ.MY20A2.TNGFTPZ PRDCRD.BTHSEQ.MY20A2.TNGHL01 PRDCRD.BTHSEQ.MY20A2.TNGHL01.ENC PRDCRD.BTHSEQ.MY20A2.TNGHL02 PRDCRD.BTHSEQ.MY20A2.TNGHL02.ENC PRDCRD.BTHSEQ.MY20A2.TNGHL03 PRDCRD.BTHSEQ.MY20A2.TNGHL03.ENC PRDCRD.BTHSEQ.MY20A2.TNGHL04 PRDCRD.BTHSEQ.MY20A2.TNGHL04.ENC PRDCRD.BTHSEQ.MY20A2.TNGHL05 PRDCRD.BTHSEQ.MY20A2.TNGHL05.ENC PRDCRD.BTHSEQ.MY20A2.TNGHZ01 PRDCRD.BTHSEQ.MY20A2.TNGHZ01.ENC PRDCRD.BTHSEQ.MY20A2.TNGHZ02 PRDCRD.BTHSEQ.MY20A2.TNGHZ02.ENC PRDCRD.BTHSEQ.MY20A2.TNGHZ03 PRDCRD.BTHSEQ.MY20A2.TNGHZ03.ENC PRDCRD.BTHSEQ.MY20A2.TNGHZ04 PRDCRD.BTHSEQ.MY20A2.TNGHZ04.ENC PRDCRD.BTHSEQ.MY20A2.TNGHZ05 PRDCRD.BTHSEQ.MY20A2.TNGHZ05.ENC PRDCRD.BTHSEQ.MY20A2.TNGPUT.HL PRDCRD.BTHSEQ.MY20A2.TNGPUT.HZ PRDCRD.BTHSEQ.MY20A2.TNGVMHU.#1100 PRDCRD.WRKSEQ.MY20A2.TNGERL.JCP0910B PRDCRD.WRKSEQ.MY20A2.TNGERL.JCP0910R PSUC.PAYMATE.ETALK.MASTER PSUC.UID.EFTP.MY.TNG,38,21,426,MY_JCL_Evidence.txt
MY,JCP0910Y,IDCAMS,PRDCRD.BTHCTL.MY20A2(ICP00368) PRDCRD.BTHCTL.MY20A2(ICP00429) PRDCRD.BTHCTL.MY20A2(RESETCC),3,16,47,MY_JCL_Evidence.txt
MY,JCP0911A,IDCAMS,PRDCIS.ONLVSM.MY20A2.TNGERL PRDCRD.BTHCTL.MY20A2(ICP00368) PRDCRD.BTHCTL.MY20A2(ICP00370),3,17,35,MY_JCL_Evidence.txt
MY,JCP0911B,CP612080 CP612090 CPDVMHL ETALK IDCAMS SORT,PRDCIS.BTHSEQ.MY20A2.TNGBM PRDCIS.BTHVSM.MY20A2.CPBSYS PRDCIS.ONLVSM.MY20A2.TNGERL PRDCRD.BTHCTL.MY20A2(ICP00368) PRDCRD.BTHCTL.MY20A2(ICP00369) PRDCRD.BTHCTL.MY20A2(ICP00429) PRDCRD.BTHCTL.MY20A2(ICP00432) PRDCRD.BTHCTL.MY20A2(ICPK0050) PRDCRD.BTHCTL.MY20A2(RESETCC) PRDCRD.BTHSEQ.MY20A2.TNGFTP PRDCRD.BTHSEQ.MY20A2.TNGFTPZ PRDCRD.BTHSEQ.MY20A2.TNGHL01 PRDCRD.BTHSEQ.MY20A2.TNGHL01.ENC PRDCRD.BTHSEQ.MY20A2.TNGHL02 PRDCRD.BTHSEQ.MY20A2.TNGHL02.ENC PRDCRD.BTHSEQ.MY20A2.TNGHL03 PRDCRD.BTHSEQ.MY20A2.TNGHL03.ENC PRDCRD.BTHSEQ.MY20A2.TNGHL04 PRDCRD.BTHSEQ.MY20A2.TNGHL04.ENC PRDCRD.BTHSEQ.MY20A2.TNGHL05 PRDCRD.BTHSEQ.MY20A2.TNGHL05.ENC PRDCRD.BTHSEQ.MY20A2.TNGHZ01 PRDCRD.BTHSEQ.MY20A2.TNGHZ01.ENC PRDCRD.BTHSEQ.MY20A2.TNGHZ02 PRDCRD.BTHSEQ.MY20A2.TNGHZ02.ENC PRDCRD.BTHSEQ.MY20A2.TNGHZ03 PRDCRD.BTHSEQ.MY20A2.TNGHZ03.ENC PRDCRD.BTHSEQ.MY20A2.TNGHZ04 PRDCRD.BTHSEQ.MY20A2.TNGHZ04.ENC PRDCRD.BTHSEQ.MY20A2.TNGHZ05 PRDCRD.BTHSEQ.MY20A2.TNGHZ05.ENC PRDCRD.BTHSEQ.MY20A2.TNGPUT.HL PRDCRD.BTHSEQ.MY20A2.TNGPUT.HZ PRDCRD.BTHSEQ.MY20A2.TNGVMHU.#1200 PRDCRD.WRKSEQ.MY20A2.TNGERL.JCP0911B PRDCRD.WRKSEQ.MY20A2.TNGERL.JCP0911R PSUC.PAYMATE.ETALK.MASTER PSUC.UID.EFTP.MY.TNG,38,21,426,MY_JCL_Evidence.txt
MY,JCP0911Y,IDCAMS,PRDCRD.BTHCTL.MY20A2(ICP00368) PRDCRD.BTHCTL.MY20A2(ICP00429) PRDCRD.BTHCTL.MY20A2(RESETCC),3,16,47,MY_JCL_Evidence.txt
MY,JCP0912A,IDCAMS,PRDCIS.ONLVSM.MY20A2.TNGERL PRDCRD.BTHCTL.MY20A2(ICP00368) PRDCRD.BTHCTL.MY20A2(ICP00370),3,17,35,MY_JCL_Evidence.txt
MY,JCP0912B,CP612080 CP612090 CPDVMHL ETALK IDCAMS SORT,PRDCIS.BTHSEQ.MY20A2.TNGBM PRDCIS.BTHVSM.MY20A2.CPBSYS PRDCIS.ONLVSM.MY20A2.TNGERL PRDCRD.BTHCTL.MY20A2(ICP00368) PRDCRD.BTHCTL.MY20A2(ICP00369) PRDCRD.BTHCTL.MY20A2(ICP00429) PRDCRD.BTHCTL.MY20A2(ICP00432) PRDCRD.BTHCTL.MY20A2(ICPK0050) PRDCRD.BTHCTL.MY20A2(RESETCC) PRDCRD.BTHSEQ.MY20A2.TNGFTP PRDCRD.BTHSEQ.MY20A2.TNGFTPZ PRDCRD.BTHSEQ.MY20A2.TNGHL01 PRDCRD.BTHSEQ.MY20A2.TNGHL01.ENC PRDCRD.BTHSEQ.MY20A2.TNGHL02 PRDCRD.BTHSEQ.MY20A2.TNGHL02.ENC PRDCRD.BTHSEQ.MY20A2.TNGHL03 PRDCRD.BTHSEQ.MY20A2.TNGHL03.ENC PRDCRD.BTHSEQ.MY20A2.TNGHL04 PRDCRD.BTHSEQ.MY20A2.TNGHL04.ENC PRDCRD.BTHSEQ.MY20A2.TNGHL05 PRDCRD.BTHSEQ.MY20A2.TNGHL05.ENC PRDCRD.BTHSEQ.MY20A2.TNGHZ01 PRDCRD.BTHSEQ.MY20A2.TNGHZ01.ENC PRDCRD.BTHSEQ.MY20A2.TNGHZ02 PRDCRD.BTHSEQ.MY20A2.TNGHZ02.ENC PRDCRD.BTHSEQ.MY20A2.TNGHZ03 PRDCRD.BTHSEQ.MY20A2.TNGHZ03.ENC PRDCRD.BTHSEQ.MY20A2.TNGHZ04 PRDCRD.BTHSEQ.MY20A2.TNGHZ04.ENC PRDCRD.BTHSEQ.MY20A2.TNGHZ05 PRDCRD.BTHSEQ.MY20A2.TNGHZ05.ENC PRDCRD.BTHSEQ.MY20A2.TNGPUT.HL PRDCRD.BTHSEQ.MY20A2.TNGPUT.HZ PRDCRD.BTHSEQ.MY20A2.TNGVMHU.#1300 PRDCRD.WRKSEQ.MY20A2.TNGERL.JCP0912B PRDCRD.WRKSEQ.MY20A2.TNGERL.JCP0912R PSUC.PAYMATE.ETALK.MASTER PSUC.UID.EFTP.MY.TNG,38,21,426,MY_JCL_Evidence.txt
MY,JCP0912Y,IDCAMS,PRDCRD.BTHCTL.MY20A2(ICP00368) PRDCRD.BTHCTL.MY20A2(ICP00429) PRDCRD.BTHCTL.MY20A2(RESETCC),3,16,47,MY_JCL_Evidence.txt
MY,JCP0913A,IDCAMS,PRDCIS.ONLVSM.MY20A2.TNGERL PRDCRD.BTHCTL.MY20A2(ICP00368) PRDCRD.BTHCTL.MY20A2(ICP00370),3,17,35,MY_JCL_Evidence.txt
MY,JCP0913B,CP612080 CP612090 CPDVMHL ETALK IDCAMS SORT,PRDCIS.BTHSEQ.MY20A2.TNGBM PRDCIS.BTHVSM.MY20A2.CPBSYS PRDCIS.ONLVSM.MY20A2.TNGERL PRDCRD.BTHCTL.MY20A2(ICP00368) PRDCRD.BTHCTL.MY20A2(ICP00369) PRDCRD.BTHCTL.MY20A2(ICP00429) PRDCRD.BTHCTL.MY20A2(ICP00432) PRDCRD.BTHCTL.MY20A2(ICPK0050) PRDCRD.BTHCTL.MY20A2(RESETCC) PRDCRD.BTHSEQ.MY20A2.TNGFTP PRDCRD.BTHSEQ.MY20A2.TNGFTPZ PRDCRD.BTHSEQ.MY20A2.TNGHL01 PRDCRD.BTHSEQ.MY20A2.TNGHL01.ENC PRDCRD.BTHSEQ.MY20A2.TNGHL02 PRDCRD.BTHSEQ.MY20A2.TNGHL02.ENC PRDCRD.BTHSEQ.MY20A2.TNGHL03 PRDCRD.BTHSEQ.MY20A2.TNGHL03.ENC PRDCRD.BTHSEQ.MY20A2.TNGHL04 PRDCRD.BTHSEQ.MY20A2.TNGHL04.ENC PRDCRD.BTHSEQ.MY20A2.TNGHL05 PRDCRD.BTHSEQ.MY20A2.TNGHL05.ENC PRDCRD.BTHSEQ.MY20A2.TNGHZ01 PRDCRD.BTHSEQ.MY20A2.TNGHZ01.ENC PRDCRD.BTHSEQ.MY20A2.TNGHZ02 PRDCRD.BTHSEQ.MY20A2.TNGHZ02.ENC PRDCRD.BTHSEQ.MY20A2.TNGHZ03 PRDCRD.BTHSEQ.MY20A2.TNGHZ03.ENC PRDCRD.BTHSEQ.MY20A2.TNGHZ04 PRDCRD.BTHSEQ.MY20A2.TNGHZ04.ENC PRDCRD.BTHSEQ.MY20A2.TNGHZ05 PRDCRD.BTHSEQ.MY20A2.TNGHZ05.ENC PRDCRD.BTHSEQ.MY20A2.TNGPUT.HL PRDCRD.BTHSEQ.MY20A2.TNGPUT.HZ PRDCRD.BTHSEQ.MY20A2.TNGVMHU.#1400 PRDCRD.WRKSEQ.MY20A2.TNGERL.JCP0913B PRDCRD.WRKSEQ.MY20A2.TNGERL.JCP0913R PSUC.PAYMATE.ETALK.MASTER PSUC.UID.EFTP.MY.TNG,38,21,425,MY_JCL_Evidence.txt
MY,JCP0913Y,IDCAMS,PRDCRD.BTHCTL.MY20A2(ICP00368) PRDCRD.BTHCTL.MY20A2(ICP00429) PRDCRD.BTHCTL.MY20A2(RESETCC),3,16,47,MY_JCL_Evidence.txt
MY,JCP0914A,IDCAMS,PRDCIS.ONLVSM.MY20A2.TNGERL PRDCRD.BTHCTL.MY20A2(ICP00368) PRDCRD.BTHCTL.MY20A2(ICP00370),3,17,35,MY_JCL_Evidence.txt
MY,JCP0914B,CP612080 CP612090 CPDVMHL ETALK IDCAMS SORT,PRDCIS.BTHSEQ.MY20A2.TNGBM PRDCIS.BTHVSM.MY20A2.CPBSYS PRDCIS.ONLVSM.MY20A2.TNGERL PRDCRD.BTHCTL.MY20A2(ICP00368) PRDCRD.BTHCTL.MY20A2(ICP00369) PRDCRD.BTHCTL.MY20A2(ICP00429) PRDCRD.BTHCTL.MY20A2(ICP00432) PRDCRD.BTHCTL.MY20A2(ICPK0050) PRDCRD.BTHCTL.MY20A2(RESETCC) PRDCRD.BTHSEQ.MY20A2.TNGFTP PRDCRD.BTHSEQ.MY20A2.TNGFTPZ PRDCRD.BTHSEQ.MY20A2.TNGHL01 PRDCRD.BTHSEQ.MY20A2.TNGHL01.ENC PRDCRD.BTHSEQ.MY20A2.TNGHL02 PRDCRD.BTHSEQ.MY20A2.TNGHL02.ENC PRDCRD.BTHSEQ.MY20A2.TNGHL03 PRDCRD.BTHSEQ.MY20A2.TNGHL03.ENC PRDCRD.BTHSEQ.MY20A2.TNGHL04 PRDCRD.BTHSEQ.MY20A2.TNGHL04.ENC PRDCRD.BTHSEQ.MY20A2.TNGHL05 PRDCRD.BTHSEQ.MY20A2.TNGHL05.ENC PRDCRD.BTHSEQ.MY20A2.TNGHZ01 PRDCRD.BTHSEQ.MY20A2.TNGHZ01.ENC PRDCRD.BTHSEQ.MY20A2.TNGHZ02 PRDCRD.BTHSEQ.MY20A2.TNGHZ02.ENC PRDCRD.BTHSEQ.MY20A2.TNGHZ03 PRDCRD.BTHSEQ.MY20A2.TNGHZ03.ENC PRDCRD.BTHSEQ.MY20A2.TNGHZ04 PRDCRD.BTHSEQ.MY20A2.TNGHZ04.ENC PRDCRD.BTHSEQ.MY20A2.TNGHZ05 PRDCRD.BTHSEQ.MY20A2.TNGHZ05.ENC PRDCRD.BTHSEQ.MY20A2.TNGPUT.HL PRDCRD.BTHSEQ.MY20A2.TNGPUT.HZ PRDCRD.BTHSEQ.MY20A2.TNGVMHU.#1500 PRDCRD.WRKSEQ.MY20A2.TNGERL.JCP0914B PRDCRD.WRKSEQ.MY20A2.TNGERL.JCP0914R PSUC.PAYMATE.ETALK.MASTER PSUC.UID.EFTP.MY.TNG,38,21,426,MY_JCL_Evidence.txt
MY,JCP0914Y,IDCAMS,PRDCRD.BTHCTL.MY20A2(ICP00368) PRDCRD.BTHCTL.MY20A2(ICP00429) PRDCRD.BTHCTL.MY20A2(RESETCC),3,16,47,MY_JCL_Evidence.txt
MY,JCP0915A,IDCAMS,PRDCIS.ONLVSM.MY20A2.TNGERL PRDCRD.BTHCTL.MY20A2(ICP00368) PRDCRD.BTHCTL.MY20A2(ICP00370),3,17,35,MY_JCL_Evidence.txt
MY,JCP0915B,CP612080 CP612090 CPDVMHL ETALK IDCAMS SORT,PRDCIS.BTHSEQ.MY20A2.TNGBM PRDCIS.BTHVSM.MY20A2.CPBSYS PRDCIS.ONLVSM.MY20A2.TNGERL PRDCRD.BTHCTL.MY20A2(ICP00368) PRDCRD.BTHCTL.MY20A2(ICP00369) PRDCRD.BTHCTL.MY20A2(ICP00429) PRDCRD.BTHCTL.MY20A2(ICP00432) PRDCRD.BTHCTL.MY20A2(ICPK0050) PRDCRD.BTHCTL.MY20A2(RESETCC) PRDCRD.BTHSEQ.MY20A2.TNGFTP PRDCRD.BTHSEQ.MY20A2.TNGFTPZ PRDCRD.BTHSEQ.MY20A2.TNGHL01 PRDCRD.BTHSEQ.MY20A2.TNGHL01.ENC PRDCRD.BTHSEQ.MY20A2.TNGHL02 PRDCRD.BTHSEQ.MY20A2.TNGHL02.ENC PRDCRD.BTHSEQ.MY20A2.TNGHL03 PRDCRD.BTHSEQ.MY20A2.TNGHL03.ENC PRDCRD.BTHSEQ.MY20A2.TNGHL04 PRDCRD.BTHSEQ.MY20A2.TNGHL04.ENC PRDCRD.BTHSEQ.MY20A2.TNGHL05 PRDCRD.BTHSEQ.MY20A2.TNGHL05.ENC PRDCRD.BTHSEQ.MY20A2.TNGHZ01 PRDCRD.BTHSEQ.MY20A2.TNGHZ01.ENC PRDCRD.BTHSEQ.MY20A2.TNGHZ02 PRDCRD.BTHSEQ.MY20A2.TNGHZ02.ENC PRDCRD.BTHSEQ.MY20A2.TNGHZ03 PRDCRD.BTHSEQ.MY20A2.TNGHZ03.ENC PRDCRD.BTHSEQ.MY20A2.TNGHZ04 PRDCRD.BTHSEQ.MY20A2.TNGHZ04.ENC PRDCRD.BTHSEQ.MY20A2.TNGHZ05 PRDCRD.BTHSEQ.MY20A2.TNGHZ05.ENC PRDCRD.BTHSEQ.MY20A2.TNGPUT.HL PRDCRD.BTHSEQ.MY20A2.TNGPUT.HZ PRDCRD.BTHSEQ.MY20A2.TNGVMHU.#1600 PRDCRD.WRKSEQ.MY20A2.TNGERL.JCP0915B PRDCRD.WRKSEQ.MY20A2.TNGERL.JCP0915R PSUC.PAYMATE.ETALK.MASTER PSUC.UID.EFTP.MY.TNG,38,21,426,MY_JCL_Evidence.txt
MY,JCP0915Y,IDCAMS,PRDCRD.BTHCTL.MY20A2(ICP00368) PRDCRD.BTHCTL.MY20A2(ICP00429) PRDCRD.BTHCTL.MY20A2(RESETCC),3,16,47,MY_JCL_Evidence.txt
MY,JCP0916A,IDCAMS,PRDCIS.ONLVSM.MY20A2.TNGERL PRDCRD.BTHCTL.MY20A2(ICP00368) PRDCRD.BTHCTL.MY20A2(ICP00370),3,17,35,MY_JCL_Evidence.txt
MY,JCP0916B,CP612080 CP612090 CPDVMHL ETALK IDCAMS SORT,PRDCIS.BTHSEQ.MY20A2.TNGBM PRDCIS.BTHVSM.MY20A2.CPBSYS PRDCIS.ONLVSM.MY20A2.TNGERL PRDCRD.BTHCTL.MY20A2(ICP00368) PRDCRD.BTHCTL.MY20A2(ICP00369) PRDCRD.BTHCTL.MY20A2(ICP00429) PRDCRD.BTHCTL.MY20A2(ICP00432) PRDCRD.BTHCTL.MY20A2(ICPK0050) PRDCRD.BTHCTL.MY20A2(RESETCC) PRDCRD.BTHSEQ.MY20A2.TNGFTP PRDCRD.BTHSEQ.MY20A2.TNGFTPZ PRDCRD.BTHSEQ.MY20A2.TNGHL01 PRDCRD.BTHSEQ.MY20A2.TNGHL01.ENC PRDCRD.BTHSEQ.MY20A2.TNGHL02 PRDCRD.BTHSEQ.MY20A2.TNGHL02.ENC PRDCRD.BTHSEQ.MY20A2.TNGHL03 PRDCRD.BTHSEQ.MY20A2.TNGHL03.ENC PRDCRD.BTHSEQ.MY20A2.TNGHL04 PRDCRD.BTHSEQ.MY20A2.TNGHL04.ENC PRDCRD.BTHSEQ.MY20A2.TNGHL05 PRDCRD.BTHSEQ.MY20A2.TNGHL05.ENC PRDCRD.BTHSEQ.MY20A2.TNGHZ01 PRDCRD.BTHSEQ.MY20A2.TNGHZ01.ENC PRDCRD.BTHSEQ.MY20A2.TNGHZ02 PRDCRD.BTHSEQ.MY20A2.TNGHZ02.ENC PRDCRD.BTHSEQ.MY20A2.TNGHZ03 PRDCRD.BTHSEQ.MY20A2.TNGHZ03.ENC PRDCRD.BTHSEQ.MY20A2.TNGHZ04 PRDCRD.BTHSEQ.MY20A2.TNGHZ04.ENC PRDCRD.BTHSEQ.MY20A2.TNGHZ05 PRDCRD.BTHSEQ.MY20A2.TNGHZ05.ENC PRDCRD.BTHSEQ.MY20A2.TNGPUT.HL PRDCRD.BTHSEQ.MY20A2.TNGPUT.HZ PRDCRD.BTHSEQ.MY20A2.TNGVMHU.#1700 PRDCRD.WRKSEQ.MY20A2.TNGERL.JCP0916B PRDCRD.WRKSEQ.MY20A2.TNGERL.JCP0916R PSUC.PAYMATE.ETALK.MASTER PSUC.UID.EFTP.MY.TNG,38,21,426,MY_JCL_Evidence.txt
MY,JCP0916Y,IDCAMS,PRDCRD.BTHCTL.MY20A2(ICP00368) PRDCRD.BTHCTL.MY20A2(ICP00429) PRDCRD.BTHCTL.MY20A2(RESETCC),3,16,47,MY_JCL_Evidence.txt
MY,JCP0917A,IDCAMS,PRDCIS.ONLVSM.MY20A2.TNGERL PRDCRD.BTHCTL.MY20A2(ICP00368) PRDCRD.BTHCTL.MY20A2(ICP00370),3,17,35,MY_JCL_Evidence.txt
MY,JCP0917B,CP612080 CP612090 CPDVMHL ETALK IDCAMS SORT,PRDCIS.BTHSEQ.MY20A2.TNGBM PRDCIS.BTHVSM.MY20A2.CPBSYS PRDCIS.ONLVSM.MY20A2.TNGERL PRDCRD.BTHCTL.MY20A2(ICP00368) PRDCRD.BTHCTL.MY20A2(ICP00369) PRDCRD.BTHCTL.MY20A2(ICP00429) PRDCRD.BTHCTL.MY20A2(ICP00432) PRDCRD.BTHCTL.MY20A2(ICPK0050) PRDCRD.BTHCTL.MY20A2(RESETCC) PRDCRD.BTHSEQ.MY20A2.TNGFTP PRDCRD.BTHSEQ.MY20A2.TNGFTPZ PRDCRD.BTHSEQ.MY20A2.TNGHL01 PRDCRD.BTHSEQ.MY20A2.TNGHL01.ENC PRDCRD.BTHSEQ.MY20A2.TNGHL02 PRDCRD.BTHSEQ.MY20A2.TNGHL02.ENC PRDCRD.BTHSEQ.MY20A2.TNGHL03 PRDCRD.BTHSEQ.MY20A2.TNGHL03.ENC PRDCRD.BTHSEQ.MY20A2.TNGHL04 PRDCRD.BTHSEQ.MY20A2.TNGHL04.ENC PRDCRD.BTHSEQ.MY20A2.TNGHL05 PRDCRD.BTHSEQ.MY20A2.TNGHL05.ENC PRDCRD.BTHSEQ.MY20A2.TNGHZ01 PRDCRD.BTHSEQ.MY20A2.TNGHZ01.ENC PRDCRD.BTHSEQ.MY20A2.TNGHZ02 PRDCRD.BTHSEQ.MY20A2.TNGHZ02.ENC PRDCRD.BTHSEQ.MY20A2.TNGHZ03 PRDCRD.BTHSEQ.MY20A2.TNGHZ03.ENC PRDCRD.BTHSEQ.MY20A2.TNGHZ04 PRDCRD.BTHSEQ.MY20A2.TNGHZ04.ENC PRDCRD.BTHSEQ.MY20A2.TNGHZ05 PRDCRD.BTHSEQ.MY20A2.TNGHZ05.ENC PRDCRD.BTHSEQ.MY20A2.TNGPUT.HL PRDCRD.BTHSEQ.MY20A2.TNGPUT.HZ PRDCRD.BTHSEQ.MY20A2.TNGVMHU.#1800 PRDCRD.WRKSEQ.MY20A2.TNGERL.JCP0917B PRDCRD.WRKSEQ.MY20A2.TNGERL.JCP0917R PSUC.PAYMATE.ETALK.MASTER PSUC.UID.EFTP.MY.TNG,38,21,426,MY_JCL_Evidence.txt
MY,JCP0917Y,IDCAMS,PRDCRD.BTHCTL.MY20A2(ICP00368) PRDCRD.BTHCTL.MY20A2(ICP00429) PRDCRD.BTHCTL.MY20A2(RESETCC),3,16,47,MY_JCL_Evidence.txt
MY,JCP0918A,IDCAMS,PRDCIS.ONLVSM.MY20A2.TNGERL PRDCRD.BTHCTL.MY20A2(ICP00368) PRDCRD.BTHCTL.MY20A2(ICP00370),3,17,35,MY_JCL_Evidence.txt
MY,JCP0918B,CP612080 CP612090 CPDVMHL ETALK IDCAMS SORT,PRDCIS.BTHSEQ.MY20A2.TNGBM PRDCIS.BTHVSM.MY20A2.CPBSYS PRDCIS.ONLVSM.MY20A2.TNGERL PRDCRD.BTHCTL.MY20A2(ICP00368) PRDCRD.BTHCTL.MY20A2(ICP00369) PRDCRD.BTHCTL.MY20A2(ICP00429) PRDCRD.BTHCTL.MY20A2(ICP00432) PRDCRD.BTHCTL.MY20A2(ICPK0050) PRDCRD.BTHCTL.MY20A2(RESETCC) PRDCRD.BTHSEQ.MY20A2.TNGFTP PRDCRD.BTHSEQ.MY20A2.TNGFTPZ PRDCRD.BTHSEQ.MY20A2.TNGHL01 PRDCRD.BTHSEQ.MY20A2.TNGHL01.ENC PRDCRD.BTHSEQ.MY20A2.TNGHL02 PRDCRD.BTHSEQ.MY20A2.TNGHL02.ENC PRDCRD.BTHSEQ.MY20A2.TNGHL03 PRDCRD.BTHSEQ.MY20A2.TNGHL03.ENC PRDCRD.BTHSEQ.MY20A2.TNGHL04 PRDCRD.BTHSEQ.MY20A2.TNGHL04.ENC PRDCRD.BTHSEQ.MY20A2.TNGHL05 PRDCRD.BTHSEQ.MY20A2.TNGHL05.ENC PRDCRD.BTHSEQ.MY20A2.TNGHZ01 PRDCRD.BTHSEQ.MY20A2.TNGHZ01.ENC PRDCRD.BTHSEQ.MY20A2.TNGHZ02 PRDCRD.BTHSEQ.MY20A2.TNGHZ02.ENC PRDCRD.BTHSEQ.MY20A2.TNGHZ03 PRDCRD.BTHSEQ.MY20A2.TNGHZ03.ENC PRDCRD.BTHSEQ.MY20A2.TNGHZ04 PRDCRD.BTHSEQ.MY20A2.TNGHZ04.ENC PRDCRD.BTHSEQ.MY20A2.TNGHZ05 PRDCRD.BTHSEQ.MY20A2.TNGHZ05.ENC PRDCRD.BTHSEQ.MY20A2.TNGPUT.HL PRDCRD.BTHSEQ.MY20A2.TNGPUT.HZ PRDCRD.BTHSEQ.MY20A2.TNGVMHU.#1900 PRDCRD.WRKSEQ.MY20A2.TNGERL.JCP0918B PRDCRD.WRKSEQ.MY20A2.TNGERL.JCP0918R PSUC.PAYMATE.ETALK.MASTER PSUC.UID.EFTP.MY.TNG,38,21,426,MY_JCL_Evidence.txt
MY,JCP0918Y,IDCAMS,PRDCRD.BTHCTL.MY20A2(ICP00368) PRDCRD.BTHCTL.MY20A2(ICP00429) PRDCRD.BTHCTL.MY20A2(RESETCC),3,17,48,MY_JCL_Evidence.txt
MY,JCP0919A,IDCAMS,PRDCIS.ONLVSM.MY20A2.TNGERL PRDCRD.BTHCTL.MY20A2(ICP00368) PRDCRD.BTHCTL.MY20A2(ICP00370),3,17,35,MY_JCL_Evidence.txt
MY,JCP0919B,CP612080 CP612090 CPDVMHL ETALK IDCAMS SORT,PRDCIS.BTHSEQ.MY20A2.TNGBM PRDCIS.BTHVSM.MY20A2.CPBSYS PRDCIS.ONLVSM.MY20A2.TNGERL PRDCRD.BTHCTL.MY20A2(ICP00368) PRDCRD.BTHCTL.MY20A2(ICP00369) PRDCRD.BTHCTL.MY20A2(ICP00429) PRDCRD.BTHCTL.MY20A2(ICP00432) PRDCRD.BTHCTL.MY20A2(ICPK0050) PRDCRD.BTHCTL.MY20A2(RESETCC) PRDCRD.BTHSEQ.MY20A2.TNGFTP PRDCRD.BTHSEQ.MY20A2.TNGFTPZ PRDCRD.BTHSEQ.MY20A2.TNGHL01 PRDCRD.BTHSEQ.MY20A2.TNGHL01.ENC PRDCRD.BTHSEQ.MY20A2.TNGHL02 PRDCRD.BTHSEQ.MY20A2.TNGHL02.ENC PRDCRD.BTHSEQ.MY20A2.TNGHL03 PRDCRD.BTHSEQ.MY20A2.TNGHL03.ENC PRDCRD.BTHSEQ.MY20A2.TNGHL04 PRDCRD.BTHSEQ.MY20A2.TNGHL04.ENC PRDCRD.BTHSEQ.MY20A2.TNGHL05 PRDCRD.BTHSEQ.MY20A2.TNGHL05.ENC PRDCRD.BTHSEQ.MY20A2.TNGHZ01 PRDCRD.BTHSEQ.MY20A2.TNGHZ01.ENC PRDCRD.BTHSEQ.MY20A2.TNGHZ02 PRDCRD.BTHSEQ.MY20A2.TNGHZ02.ENC PRDCRD.BTHSEQ.MY20A2.TNGHZ03 PRDCRD.BTHSEQ.MY20A2.TNGHZ03.ENC PRDCRD.BTHSEQ.MY20A2.TNGHZ04 PRDCRD.BTHSEQ.MY20A2.TNGHZ04.ENC PRDCRD.BTHSEQ.MY20A2.TNGHZ05 PRDCRD.BTHSEQ.MY20A2.TNGHZ05.ENC PRDCRD.BTHSEQ.MY20A2.TNGPUT.HL PRDCRD.BTHSEQ.MY20A2.TNGPUT.HZ PRDCRD.BTHSEQ.MY20A2.TNGVMHU.#2000 PRDCRD.WRKSEQ.MY20A2.TNGERL.JCP0919B PRDCRD.WRKSEQ.MY20A2.TNGERL.JCP0919R PSUC.PAYMATE.ETALK.MASTER PSUC.UID.EFTP.MY.TNG,38,21,426,MY_JCL_Evidence.txt
MY,JCP0919Y,IDCAMS,PRDCRD.BTHCTL.MY20A2(ICP00368) PRDCRD.BTHCTL.MY20A2(ICP00429) PRDCRD.BTHCTL.MY20A2(RESETCC),3,17,48,MY_JCL_Evidence.txt
MY,JCP091UD,ICEGENER MH501010,PRDCRD.BTHSEQ.MY20A2.MATCH.T654 PRDMHP.BTHBGD.MY20A2.MCI.SRTMP(0) TCPIP.PARMLIB(TCPDATA),3,20,52,MY_JCL_Evidence.txt
MY,JCP0920A,IDCAMS,PRDCIS.ONLVSM.MY20A2.TNGERL PRDCRD.BTHCTL.MY20A2(ICP00368) PRDCRD.BTHCTL.MY20A2(ICP00370),3,18,36,MY_JCL_Evidence.txt
MY,JCP0920B,CP612080 CP612090 CPDVMHL ETALK IDCAMS SORT,PRDCIS.BTHSEQ.MY20A2.TNGBM PRDCIS.BTHVSM.MY20A2.CPBSYS PRDCIS.ONLVSM.MY20A2.TNGERL PRDCRD.BTHCTL.MY20A2(ICP00368) PRDCRD.BTHCTL.MY20A2(ICP00369) PRDCRD.BTHCTL.MY20A2(ICP00429) PRDCRD.BTHCTL.MY20A2(ICP00432) PRDCRD.BTHCTL.MY20A2(ICPK0050) PRDCRD.BTHCTL.MY20A2(RESETCC) PRDCRD.BTHSEQ.MY20A2.TNGFTP PRDCRD.BTHSEQ.MY20A2.TNGFTPZ PRDCRD.BTHSEQ.MY20A2.TNGHL01 PRDCRD.BTHSEQ.MY20A2.TNGHL01.ENC PRDCRD.BTHSEQ.MY20A2.TNGHL02 PRDCRD.BTHSEQ.MY20A2.TNGHL02.ENC PRDCRD.BTHSEQ.MY20A2.TNGHL03 PRDCRD.BTHSEQ.MY20A2.TNGHL03.ENC PRDCRD.BTHSEQ.MY20A2.TNGHL04 PRDCRD.BTHSEQ.MY20A2.TNGHL04.ENC PRDCRD.BTHSEQ.MY20A2.TNGHL05 PRDCRD.BTHSEQ.MY20A2.TNGHL05.ENC PRDCRD.BTHSEQ.MY20A2.TNGHZ01 PRDCRD.BTHSEQ.MY20A2.TNGHZ01.ENC PRDCRD.BTHSEQ.MY20A2.TNGHZ02 PRDCRD.BTHSEQ.MY20A2.TNGHZ02.ENC PRDCRD.BTHSEQ.MY20A2.TNGHZ03 PRDCRD.BTHSEQ.MY20A2.TNGHZ03.ENC PRDCRD.BTHSEQ.MY20A2.TNGHZ04 PRDCRD.BTHSEQ.MY20A2.TNGHZ04.ENC PRDCRD.BTHSEQ.MY20A2.TNGHZ05 PRDCRD.BTHSEQ.MY20A2.TNGHZ05.ENC PRDCRD.BTHSEQ.MY20A2.TNGPUT.HL PRDCRD.BTHSEQ.MY20A2.TNGPUT.HZ PRDCRD.BTHSEQ.MY20A2.TNGVMHU.#2100 PRDCRD.WRKSEQ.MY20A2.TNGERL.JCP0920B PRDCRD.WRKSEQ.MY20A2.TNGERL.JCP0920R PSUC.PAYMATE.ETALK.MASTER PSUC.UID.EFTP.MY.TNG,38,21,426,MY_JCL_Evidence.txt
MY,JCP0920Y,IDCAMS,PRDCRD.BTHCTL.MY20A2(ICP00368) PRDCRD.BTHCTL.MY20A2(ICP00429) PRDCRD.BTHCTL.MY20A2(RESETCC),3,17,48,MY_JCL_Evidence.txt
MY,JCP0921A,IDCAMS,PRDCIS.ONLVSM.MY20A2.TNGERL PRDCRD.BTHCTL.MY20A2(ICP00368) PRDCRD.BTHCTL.MY20A2(ICP00370),3,18,36,MY_JCL_Evidence.txt
MY,JCP0921B,CP612080 CP612090 CPDVMHL ETALK IDCAMS SORT,PRDCIS.BTHSEQ.MY20A2.TNGBM PRDCIS.BTHVSM.MY20A2.CPBSYS PRDCIS.ONLVSM.MY20A2.TNGERL PRDCRD.BTHCTL.MY20A2(ICP00368) PRDCRD.BTHCTL.MY20A2(ICP00369) PRDCRD.BTHCTL.MY20A2(ICP00429) PRDCRD.BTHCTL.MY20A2(ICP00432) PRDCRD.BTHCTL.MY20A2(ICPK0050) PRDCRD.BTHCTL.MY20A2(RESETCC) PRDCRD.BTHSEQ.MY20A2.TNGFTP PRDCRD.BTHSEQ.MY20A2.TNGFTPZ PRDCRD.BTHSEQ.MY20A2.TNGHL01 PRDCRD.BTHSEQ.MY20A2.TNGHL01.ENC PRDCRD.BTHSEQ.MY20A2.TNGHL02 PRDCRD.BTHSEQ.MY20A2.TNGHL02.ENC PRDCRD.BTHSEQ.MY20A2.TNGHL03 PRDCRD.BTHSEQ.MY20A2.TNGHL03.ENC PRDCRD.BTHSEQ.MY20A2.TNGHL04 PRDCRD.BTHSEQ.MY20A2.TNGHL04.ENC PRDCRD.BTHSEQ.MY20A2.TNGHL05 PRDCRD.BTHSEQ.MY20A2.TNGHL05.ENC PRDCRD.BTHSEQ.MY20A2.TNGHZ01 PRDCRD.BTHSEQ.MY20A2.TNGHZ01.ENC PRDCRD.BTHSEQ.MY20A2.TNGHZ02 PRDCRD.BTHSEQ.MY20A2.TNGHZ02.ENC PRDCRD.BTHSEQ.MY20A2.TNGHZ03 PRDCRD.BTHSEQ.MY20A2.TNGHZ03.ENC PRDCRD.BTHSEQ.MY20A2.TNGHZ04 PRDCRD.BTHSEQ.MY20A2.TNGHZ04.ENC PRDCRD.BTHSEQ.MY20A2.TNGHZ05 PRDCRD.BTHSEQ.MY20A2.TNGHZ05.ENC PRDCRD.BTHSEQ.MY20A2.TNGPUT.HL PRDCRD.BTHSEQ.MY20A2.TNGPUT.HZ PRDCRD.BTHSEQ.MY20A2.TNGVMHU.#2200 PRDCRD.WRKSEQ.MY20A2.TNGERL.JCP0921B PRDCRD.WRKSEQ.MY20A2.TNGERL.JCP0921R PSUC.PAYMATE.ETALK.MASTER PSUC.UID.EFTP.MY.TNG,38,21,426,MY_JCL_Evidence.txt
MY,JCP0921Y,IDCAMS,PRDCRD.BTHCTL.MY20A2(ICP00368) PRDCRD.BTHCTL.MY20A2(ICP00429) PRDCRD.BTHCTL.MY20A2(RESETCC),3,17,48,MY_JCL_Evidence.txt
MY,JCP0930G,CP604650 IEFBR14,PRDCIS.BTHLOD.MY20A2 PRDCIS.BTHVSM.MY20A2.CPBSYS PRDCRD.BTHCTL.MY20A2(ICP00365) PRDCRD.BTHLOD.MY20A2 PRDCRD.BTHSEQ.MY20A2.ADS.VMH1 PRDCRD.BTHSEQ.MY20A2.ADS.VMH1.RESP PRDCRD.ONLVSM.MY20A2.BRANCH,7,4,42,MY_JCL_Evidence.txt
MY,JCP0930U,CP610380 IDCAMS SORT,PRDCRD.BTHSEQ.MY20A2.ADS.VMH1 PRDCRD.BTHSEQ.MY20A2.ADS.VMH1.YY0930 PRDCRD.ONLVSM.MY20A2.DIALER.VMH1,3,18,99,MY_JCL_Evidence.txt
MY,JCP0931U,IDCAMS,PRDCRD.BTHCTL.MY20A2(ICP00366) PRDCRD.BTHSEQ.MY20A2.ADS.VMH1.RESP PRDCRD.ONLVSM.MY20A2.DIALER.VMH1,3,7,20,MY_JCL_Evidence.txt
MY,JCP0932G,CP604650 IEFBR14,PRDCIS.BTHLOD.MY20A2 PRDCIS.BTHVSM.MY20A2.CPBSYS PRDCRD.BTHCTL.MY20A2(ICP00365) PRDCRD.BTHLOD.MY20A2 PRDCRD.BTHSEQ.MY20A2.ADS.VMH1 PRDCRD.BTHSEQ.MY20A2.ADS.VMH1.RESP PRDCRD.ONLVSM.MY20A2.BRANCH,7,4,42,MY_JCL_Evidence.txt
MY,JCP0932U,CP610380 IDCAMS SORT,PRDCRD.BTHSEQ.MY20A2.ADS.VMH1 PRDCRD.BTHSEQ.MY20A2.ADS.VMH1.YY0932 PRDCRD.ONLVSM.MY20A2.DIALER.VMH1,3,18,99,MY_JCL_Evidence.txt
MY,JCP0933U,IDCAMS,PRDCRD.BTHCTL.MY20A2(ICP00366) PRDCRD.BTHSEQ.MY20A2.ADS.VMH1.RESP PRDCRD.ONLVSM.MY20A2.DIALER.VMH1,3,7,20,MY_JCL_Evidence.txt
MY,JCP0935G,CP604650 IEFBR14,PRDCIS.BTHLOD.MY20A2 PRDCIS.BTHVSM.MY20A2.CPBSYS PRDCRD.BTHCTL.MY20A2(ICP00365) PRDCRD.BTHLOD.MY20A2 PRDCRD.BTHSEQ.MY20A2.ADS.VMH1 PRDCRD.BTHSEQ.MY20A2.ADS.VMH1.RESP PRDCRD.ONLVSM.MY20A2.BRANCH,7,4,42,MY_JCL_Evidence.txt
MY,JCP0935U,CP610380 IDCAMS SORT,PRDCRD.BTHSEQ.MY20A2.ADS.VMH1 PRDCRD.BTHSEQ.MY20A2.ADS.VMH1.YY0935 PRDCRD.ONLVSM.MY20A2.DIALER.VMH1,3,18,99,MY_JCL_Evidence.txt
MY,JCP0936U,IDCAMS,PRDCRD.BTHCTL.MY20A2(ICP00366) PRDCRD.BTHSEQ.MY20A2.ADS.VMH1.RESP PRDCRD.ONLVSM.MY20A2.DIALER.VMH1,3,7,20,MY_JCL_Evidence.txt
MY,JCP0938U,CP611810 CP612260 IDCAMS IEFBR14 SORT,PRDCIS.BTHLOD.MY20A2 PRDCIS.BTHVSM.MY20A2.CPBSYS PRDCIS.ONLVSM.MY20A2.CPCAPCX PRDCIS.ONLVSM.MY20A2.CPICCCX PRDCRD.BTHCTL.MY20A2(ICP00382) PRDCRD.BTHLOD.MY20A2 PRDCRD.BTHPRM.MY20A2.SUP(ICP00321) PRDCRD.BTHSEQ.MY20A2.ICP00380 PRDCRD.BTHSEQ.MY20A2.ICP00381 PRDCRD.BTHSEQ.MY20A2.PRIME.REQDLY PRDCRD.BTHSEQ.MY20A2.PRIME.REQDLY.AS400 PRDCRD.BTHSEQ.MY20A2.PRIME.RESDLY.FND PRDCRD.BTHSEQ.MY20A2.PRIME.RESDLY.NOTFND,13,4,137,MY_JCL_Evidence.txt
MY,JCP0939U,IDCAMS SORT,PRDCRD.BTHCTL.MY20A2(ICP00383) PRDCRD.BTHSEQ.MY20A2.ICP00381 PRDCRD.BTHSEQ.MY20A2.PRIME.RESDLY PRDCRD.BTHSEQ.MY20A2.PRIME.RESDLY.AS400 PRDCRD.BTHSEQ.MY20A2.PRIME.RESDLY.FND,5,18,81,MY_JCL_Evidence.txt
MY,JCP093RM,ICEGENER IEFBR14 MH501010,PRDMHP.BTHBGD.MY20A2.MCI.SRTMP(0) PRDMHP.BTHSEQ.MY20A2.MCIN.T831 TCPIP.PARMLIB(TCPDATA),3,20,57,MY_JCL_Evidence.txt
MY,JCP0940U,CP611820 CP612260 IDCAMS IEFBR14,PRDCIS.BTHLOD.MY20A2 PRDCIS.BTHVSM.MY20A2.CPBCUS PRDCIS.BTHVSM.MY20A2.CPBPLT PRDCIS.BTHVSM.MY20A2.CPBSYS PRDCIS.ONLVSM.MY20A2.CPCAPCX PRDCIS.ONLVSM.MY20A2.CPICCCX PRDCLB.ONLVSM.MY20A2.LBCCX PRDCLB.ONLVSM.MY20A2.LBCRD PRDCLB.ONLVSM.MY20A2.LBPRG PRDCRD.BTHLOD.MY20A2 PRDCRD.BTHPRM.MY20A2.SUP(ICP00098) PRDCRD.BTHPRM.MY20A2.SUP(ICP00321) PRDCRD.BTHSEQ.MY20A2.ICP00386 PRDCRD.BTHSEQ.MY20A2.ICP00387 PRDCRD.BTHSEQ.MY20A2.PRIME.BPREQMLY PRDCRD.BTHSEQ.MY20A2.PRIME.BPRESMLY,16,4,109,MY_JCL_Evidence.txt
MY,JCP0941U,CP611900 CP612260 IDCAMS IEFBR14 SORT,PRDCIS.BTHLOD.MY20A2 PRDCIS.BTHVSM.MY20A2.CPBSYS PRDCIS.ONLVSM.MY20A2.CPPFX.PATH PRDCLB.BTHSEQ.MY20A2.PRIME.LBUIM PRDCRD.BTHCTL.MY20A2(ICP00322) PRDCRD.BTHLOD.MY20A2 PRDCRD.BTHSEQ.MY20A2.ICP00388 PRDCRD.BTHSEQ.MY20A2.PRIME.BPOSTMLY,8,4,107,MY_JCL_Evidence.txt
MY,JCP0942U,CP611830 CP612280 IDCAMS LBD030R LBD035B LBD035R SORT,PRDCIS.BTHVSM.MY20A2.CPBSYS PRDCLB.BTHLOD.MY20A2 PRDCLB.BTHSEQ.MY20A2.LBCRD.SORT PRDCLB.BTHSEQ.MY20A2.LBEMRPT PRDCLB.BTHSEQ.MY20A2.LBMONET PRDCLB.BTHVSM.MY20A2.LBSCTGR PRDCLB.ONLVSM.MY20A2.LBCRD PRDCLB.ONLVSM.MY20A2.LBSYS PRDCLB.TMPSEQ.MY20A2.PRIME.LBQERPT PRDCLB.TMPSEQ.MY20A2.PRIME.LBSMONET PRDCLB.TMPSEQ.MY20A2.PRIME.LBTXN PRDCRD.BTHCTL.MY20A2(DYNALL32) PRDCRD.BTHCTL.MY20A2(ICP00322) PRDCRD.BTHCTL.MY20A2(LBD02SC) PRDCRD.BTHCTL.MY20A2(LBD02SG) PRDCRD.BTHCTL.MY20A2(LBD030RA) PRDCRD.BTHCTL.MY20A2(LBD035RA) PRDCRD.BTHLOD.MY20A2 PRDCRD.BTHVSM.MY20A2.PRIME PRDCSS.BTHLOD.MY20A2,20,4,181,MY_JCL_Evidence.txt
MY,JCP0947U,CP611220 CP612450 ICETOOL SORT,PRDCIS.BTHSEQ.MY20A2.CPRPTT PRDCIS.BTHSEQ.MY20A2.RECONCO.SUMMARY PRDCIS.BTHVSM.MY20A2.CPBCRD PRDCIS.BTHVSM.MY20A2.CPBPLT PRDCIS.BTHVSM.MY20A2.CPBSYS PRDCIS.BTHVSM.MY20A2.CPSTMT PRDCIS.BTHVSM.MY20A2.NPLMST PRDCRD.BTHCTL.MY20A2(ICPK0050) PRDCRD.BTHLOD.MY20A2 PRDCRD.BTHSEQ.MY20A2.GFM.CIFILE.IISNPL PRDCRD.BTHSEQ.MY20A2.GFM.CIFILE.ISS PRDCRD.BTHSEQ.MY20A2.GFM.CPRPTT.R13 PRDCRD.BTHSEQ.MY20A2.GFM.CPRPTT.R17 PRDCRD.BTHSEQ.MY20A2.GFM.CPRPTT.R55 PRDCRD.BTHSEQ.MY20A2.GFM.CPRPTT.R55.CO PRDCRD.BTHSEQ.MY20A2.GFM.CPSTMT PRDCRD.BTHSEQ.MY20A2.NPL.FMSMTH PRDCRD.BTHVSM.MY20A2.CPS.CPOSFLT PRDCRD.WRKSEQ.MY20A2.GFM.NPLMST.SORTED PRDEPP.BTHSEQ.MY20A2.EPREPF,20,4,216,MY_JCL_Evidence.txt
MY,JCP0948U,CP606370 CP611530 IDCAMS SORT,PRDCAQ.BTHSEQ.MY20A2.CQD720.CQTTRPT PRDCAQ.BTHSEQ.MY20A2.CQD740.CQMGLI PRDCIS.BTHVSM.MY20A2.CPBSYS PRDCRD.BTHLOD.MY20A2 PRDCRD.BTHPRM.MY20A2.FIN(ICP00641) PRDCRD.BTHPRM.MY20A2.SUP(ICP00262) PRDCRD.BTHSEQ.MY20A2.EDCTOCP.SORTED PRDCRD.BTHSEQ.MY20A2.GFM.CIFILE.ACQ PRDCRD.BTHSEQ.MY20A2.GFM.G615R.MASGL.GFMS PRDCRD.BTHSEQ.MY20A2.GFM.G615R.MASGL.SORT1,10,4,106,MY_JCL_Evidence.txt
MY,JCP0949F,,PRDCRD.BTHCTL.MY20A2(ICP00404) PSUC.UID.DFTP.GFMS,2,9,10,MY_JCL_Evidence.txt
MY,JCP0949U,CP612730 IDCAMS SORT,PRDCRD.BTHCTL.MY20A2(ICP00404) PRDCRD.BTHLOD.MY20A2 PRDCRD.BTHSEQ.MY20A2.GFM.CIFILE PRDCRD.BTHSEQ.MY20A2.GFM.CIFILE.ACQ PRDCRD.BTHSEQ.MY20A2.GFM.CIFILE.BPREWARD PRDCRD.BTHSEQ.MY20A2.GFM.CIFILE.EDEBIT PRDCRD.BTHSEQ.MY20A2.GFM.CIFILE.ENRICH PRDCRD.BTHSEQ.MY20A2.GFM.CIFILE.IISNPL PRDCRD.BTHSEQ.MY20A2.GFM.CIFILE.ISS PRDCRD.BTHSEQ.MY20A2.GFM.CIFILE.LOYALTY PRDCRD.BTHSEQ.MY20A2.UCL.CIFILE2 PRDCRD.BTHSEQ.MY20A2.UCL.CIFILE3 PSUC.UID.DFTP.GFMS,13,4,99,MY_JCL_Evidence.txt
MY,JCP0950R,IDCAMS SORT,PRDCRD.BTHSEQ.MY20A2.GFM.CIFILE PRDCRD.WRKSEQ.MY20A2.GFM.CIFILE.SORT PRDCRD.WRKSEQ.MY20A2.GFM.CIFILE.SORT2,3,17,126,MY_JCL_Evidence.txt
MY,JCP0951R,CP601690 IDCAMS,PRDCIS.BTHVSM.MY20A2.BNCPU580 PRDCIS.BTHVSM.MY20A2.CPBSYS PRDCRD.BTHLOD.MY20A2 PRDCRD.BTHVSM.MY20A2.MTD.CPU580 PRDCRD.WRKSEQ.MY20A2.CP501692.BUMI.C PRDCRD.WRKSEQ.MY20A2.CP501692.NONBUMI.C,6,3,38,MY_JCL_Evidence.txt
MY,JCP0952U,CP604650 CP609920 CP611710 IDCAMS SORT,PRDCIS.BTHVSM.MY20A2.CPBCRD PRDCIS.BTHVSM.MY20A2.CPBPLT PRDCIS.BTHVSM.MY20A2.CPBSYS PRDCRD.BTHCTL.MY20A2(ICP00395) PRDCRD.BTHCTL.MY20A2(ICP01500) PRDCRD.BTHLOD.MY20A2 PRDCRD.BTHSEQ.MY20A2.RTNCHQ.CONVH PRDCRD.BTHSEQ.MY20A2.RTNCHQ.CONVH.FTP PRDCRD.BTHSEQ.MY20A2.RTNCHQ.CONVI PRDCRD.BTHSEQ.MY20A2.RTNCHQ.CONVI.FTP PRDCRD.BTHSEQ.MY20A2.RTNCHQ.CPVALID PRDCRD.BTHSEQ.MY20A2.RTNCHQ.ISLMH PRDCRD.BTHSEQ.MY20A2.RTNCHQ.ISLMH.FTP PRDCRD.BTHSEQ.MY20A2.RTNCHQ.ISLMI PRDCRD.BTHSEQ.MY20A2.RTNCHQ.ISLMI.FTP PRDCRD.BTHSEQ.MY20A2.RTNCHQ.MERGE PRDCRD.ONLVSM.MY20A2.BRANCH PRDCRD.ONLVSM.MY20A2.BRANCH.CNTL4 PRDCRD.ONLVSM.MY20A2.CCTRLF,19,9,179,MY_JCL_Evidence.txt
MY,JCP0952Y,ICEGENER IDCAMS,PRDCRD.BTHSEQ.MY20A2.RTNCHQ.CONVH PRDCRD.BTHSEQ.MY20A2.RTNCHQ.CONVH.FTP PRDCRD.BTHSEQ.MY20A2.RTNCHQ.CONVI PRDCRD.BTHSEQ.MY20A2.RTNCHQ.CONVI.FTP PRDCRD.BTHSEQ.MY20A2.RTNCHQ.CPVALID PRDCRD.BTHSEQ.MY20A2.RTNCHQ.ISLMH PRDCRD.BTHSEQ.MY20A2.RTNCHQ.ISLMH.FTP PRDCRD.BTHSEQ.MY20A2.RTNCHQ.ISLMI PRDCRD.BTHSEQ.MY20A2.RTNCHQ.ISLMI.FTP PRDCRD.BTHSEQ.MY20A2.RTNCHQ.MERGE,10,8,111,MY_JCL_Evidence.txt
MY,JCP0959U,CP612580 ICETOOL SORT,&ENV.CIS.BTHVSM.&VER.CPBCUS &ENV.CIS.BTHVSM.&VER.CPBSYS &ENV.CIS.ONLVSM.&VER.CPPAM &ENV.CRD.BTHSEQ.&VER.DMS.RHDEBTP.CRAVAIL &ENV.CRD.BTHSEQ.&VER.DMS.RHDEBTP.CRAVAIL.TDY &ENV.CRD.BTHSEQ.&VER.DMS.RHDEBTP.CRAVAIL.YST &ENV.CRD.BTHSEQ.&VER.DMS.SRT.DUP &ENV.CRD.BTHSEQ.&VER.DMS.SRT.NDP &ENV.CRD.BTHSEQ.&VER.DMS.SRT.TDY &ENV.CRD.BTHSEQ.&VER.DMS.SRT.YST PRDCIS.BTHLOD.MY20A2 PRDCRD.BTHCTL.MY20A2(DYNALL32) PRDCRD.BTHCTL.MY20A2(ICPK0250) PRDCRD.BTHLOD.MY20A2 PRDCRD.BTHSEQ.MY20A2.DMS.RHDEBTP.CRAVAIL PRDCRD.BTHSEQ.MY20A2.DMS.RHDEBTP.CRAVAIL.TDY PRDCRD.BTHSEQ.MY20A2.DMS.SRT.DUP PRDCRD.BTHSEQ.MY20A2.DMS.SRT.NDP PRDCRD.BTHSEQ.MY20A2.DMS.SRT.TDY PRDCRD.BTHSEQ.MY20A2.DMS.SRT.YST,20,5,137,MY_JCL_Evidence.txt
MY,JCP0969U,CP610100 IEFBR14 SORT,&CNTLLIB(ICPK0050) &ENV.CIS.BTHVSM.&VER.CPBSYS &ENV.CLB.ONLVSM.&VER.LBCRD &ENV.CLB.ONLVSM.&VER.LBOLS &ENV.CRD.BTHSEQ.&VER.BTHLARGE.SASLB &ENV.CRD.BTHSEQ.&VER.SAS.LBOLS.FTP &ENV.CRD.WRKSEQ.&VER.BTHLARGE.SASLB PRDCRD.BTHCTL.MY20A2(ICP00403) PRDCRD.BTHSEQ.MY20A2.BTHLARGE.SASLB PRDCRD.BTHSEQ.MY20A2.SAS.LBOLS.FTP PRDCRD.WRKSEQ.MY20A2.BTHLARGE.SASLB,11,10,91,MY_JCL_Evidence.txt
MY,JCP0982R,CP612810 CP612820 IDCAMS SORT,PRDCIS.BTHLOD.MY20A2 PRDCIS.BTHVSM.MY20A2.CPBCRD PRDCIS.BTHVSM.MY20A2.CPBCUS PRDCIS.BTHVSM.MY20A2.CPBPLT PRDCIS.BTHVSM.MY20A2.CPBSYS PRDCRD.BTHCTL.MY20A2(ICP00411) PRDCRD.BTHLOD.MY20A2 PRDCRD.BTHPRM.MY20A2.CRM(ICP00406) PRDCRD.BTHSEQ.MY20A2.COLLTR.INPUT PRDCRD.WRKSEQ.MY20A2.COLLTR PRDCRD.WRKSEQ.MY20A2.COLLTR.DBG PRDCRD.WRKSEQ.MY20A2.COLLTR.ICC PRDCRD.WRKSEQ.MY20A2.COLLTR.VMC,13,26,368,MY_JCL_Evidence.txt
MY,JCP0985R,CP612810 CP612820 IDCAMS SORT,PRDCIS.BTHLOD.MY20A2 PRDCIS.BTHVSM.MY20A2.CPBCRD PRDCIS.BTHVSM.MY20A2.CPBCUS PRDCIS.BTHVSM.MY20A2.CPBPLT PRDCIS.BTHVSM.MY20A2.CPBSYS PRDCRD.BTHCTL.MY20A2(ICP00412) PRDCRD.BTHLOD.MY20A2 PRDCRD.BTHPRM.MY20A2.FCB(ICP00407) PRDCRD.BTHSEQ.MY20A2.FRDLTR.INPUT PRDCRD.WRKSEQ.MY20A2.FRDLTR PRDCRD.WRKSEQ.MY20A2.FRDLTR.DBG PRDCRD.WRKSEQ.MY20A2.FRDLTR.ICC PRDCRD.WRKSEQ.MY20A2.FRDLTR.VMC,13,26,371,MY_JCL_Evidence.txt
MY,JCP0986R,CP612810 CP612830 IDCAMS SORT,PRDCAQ.ONLVSM.MY20A2.QMMCNT PRDCAQ.ONLVSM.MY20A2.QMMMER PRDCIS.BTHLOD.MY20A2 PRDCIS.BTHVSM.MY20A2.CPBCRD PRDCIS.BTHVSM.MY20A2.CPBCUS PRDCIS.BTHVSM.MY20A2.CPBPLT PRDCIS.BTHVSM.MY20A2.CPBSYS PRDCRD.BTHCTL.MY20A2(ICP00413) PRDCRD.BTHCTL.MY20A2(ICP00414) PRDCRD.BTHLOD.MY20A2 PRDCRD.BTHPRM.MY20A2.FCB(ICP00409) PRDCRD.BTHPRM.MY20A2.FCB(ICP00410) PRDCRD.BTHSEQ.MY20A2.CHALTR.INPUT PRDCRD.BTHSEQ.MY20A2.CHALTR.MER.INPUT PRDCRD.WRKSEQ.MY20A2.CHALTR PRDCRD.WRKSEQ.MY20A2.CHALTR.DBG PRDCRD.WRKSEQ.MY20A2.CHALTR.ICC PRDCRD.WRKSEQ.MY20A2.CHALTR.MER PRDCRD.WRKSEQ.MY20A2.CHALTR.VMC,19,26,343,MY_JCL_Evidence.txt
MY,JCP0989U,ICETOOL SORT,&ENV.CIS.BTHVSM.&VER.CPBCRD &ENV.CRD.BTHSEQ.&VER.GFM.CPBCRD.ORG001 &ENV.CRD.BTHSEQ.&VER.GFM.CPBCRD.ORG005 &ENV.CRD.BTHSEQ.&VER.GFM.CPBCRD.ORG100 &ENV.CRD.BTHSEQ.&VER.GFM.CPBCRD.ORG201 PRDCRD.BTHCTL.MY20A2(ICPK3000) PRDCRD.BTHSEQ.MY20A2.GFM.CPBCRD.ORG001 PRDCRD.BTHSEQ.MY20A2.GFM.CPBCRD.ORG005 PRDCRD.BTHSEQ.MY20A2.GFM.CPBCRD.ORG100 PRDCRD.BTHSEQ.MY20A2.GFM.CPBCRD.ORG201,10,21,79,MY_JCL_Evidence.txt
MY,JCP0990U,CP611330 CP619200 CP619270 CP621770 CP621780 CP621790 IDCAMS,PRDCIS.BTHLOD.MY20A2 PRDCIS.BTHVSM.MY20A2.CPBAPX PRDCIS.BTHVSM.MY20A2.CPBCUS PRDCIS.BTHVSM.MY20A2.CPBPLT PRDCIS.BTHVSM.MY20A2.CPBSYS PRDCIS.BTHVSM.MY20A2.NPLMST PRDCOM.BTHVSM.MY20A2.D00V.KCMACC PRDCRD.BTHCTL.MY20A2(ICP01181) PRDCRD.BTHLOD.MY20A2 PRDCRD.BTHSEQ.MY20A2.GFM.BALCHK01.ORG001 PRDCRD.BTHSEQ.MY20A2.GFM.BALCHK01.ORG100 PRDCRD.BTHSEQ.MY20A2.GFM.BALCHK01.ORG201 PRDCRD.BTHSEQ.MY20A2.GFM.CPBCRD.ORG001 PRDCRD.BTHSEQ.MY20A2.GFM.CPBCRD.ORG100 PRDCRD.BTHSEQ.MY20A2.GFM.CPBCRD.ORG201,15,4,106,MY_JCL_Evidence.txt
MY,JCP0991U,CP611330 CP621770 IDCAMS,PRDCIS.BTHVSM.MY20A2.CPBSYS PRDCIS.BTHVSM.MY20A2.NPLMST PRDCRD.BTHLOD.MY20A2 PRDCRD.BTHSEQ.MY20A2.GFM.BALCHK01.ORG005 PRDCRD.BTHSEQ.MY20A2.GFM.CPBCRD.ORG005,5,4,46,MY_JCL_Evidence.txt
MY,JCP0992F,,PRDCRD.BTHCTL.MY20A2(ICP00405) PRDCRD.BTHCTL.MY20A2(ICP00423) PSUC.UID.DFTP.GFMS,3,8,16,MY_JCL_Evidence.txt
MY,JCP0992U,CP611520 CP612740 CP613190 CP619250 ICETOOL IDCAMS,PRDCIS.BTHVSM.MY20A2.CPBSYS PRDCRD.BTHCTL.MY20A2(ICP00405) PRDCRD.BTHCTL.MY20A2(ICP00423) PRDCRD.BTHCTL.MY20A2(ICP01191) PRDCRD.BTHLOD.MY20A2 PRDCRD.BTHSEQ.MY20A2.GFM.BALCHK PRDCRD.BTHSEQ.MY20A2.GFM.BALCHK.KH PRDCRD.BTHSEQ.MY20A2.GFM.BALCHK01.ORG001 PRDCRD.BTHSEQ.MY20A2.GFM.BALCHK01.ORG005 PRDCRD.BTHSEQ.MY20A2.GFM.BALCHK01.ORG100 PRDCRD.BTHSEQ.MY20A2.GFM.BALCHK01.ORG201 PRDCRD.BTHSEQ.MY20A2.GFM.BALCHK02 PRDCRD.BTHSEQ.MY20A2.GFM.BALCHK03 PRDCRD.BTHSEQ.MY20A2.GFM.BDWGLREC PSUC.UID.DFTP.GFMS PSUC.UID.DFTP.GFMS.KH,16,4,152,MY_JCL_Evidence.txt
MY,JCP0997B,CP613030 IDCAMS SORT,PRDCIS.BTHLOD.MY20A2 PRDCIS.BTHVSM.MY20A2.CPBSYS PRDCRD.BTHCTL.MY20A2(ICP00422) PRDCRD.BTHLOD.MY20A2 PRDCRD.BTHVSM.MY20A2.BNMOLMER PRDCSS.BTHLOD.MY20A2,6,8,64,MY_JCL_Evidence.txt
MY,JCP0998U,CP613010 IDCAMS SORT,PRDCAQ.BTHVSM.MY20A2.QMMMER PRDCIS.BTHSEQ.MY20A2.CPLMT1 PRDCIS.BTHVSM.MY20A2.CPBSYS PRDCRD.BTHCTL.MY20A2(ICPK0050) PRDCRD.BTHSEQ.MY20A2.BNMOLMER.CPLMT1 PRDCRD.BTHSEQ.MY20A2.BNMOLMER.POSTED PRDCRD.BTHSEQ.MY20A2.POSTED PRDCRD.BTHVSM.MY20A2.BNMOLMER,8,20,97,MY_JCL_Evidence.txt
MY,JCP0999R,CP613020 CP613030 IEFBR14 SORT,PRDCAQ.BTHSEQ.MY20A2.MERCON PRDCIS.BTHLOD.MY20A2 PRDCIS.BTHVSM.MY20A2.CPBSYS PRDCRD.BTHCTL.MY20A2(DYNALL32) PRDCRD.BTHLOD.MY20A2 PRDCRD.BTHSEQ.MY20A2.BNMOLMER.RPTOLMER PRDCRD.BTHVSM.MY20A2.BNMOLMER PRDCRD.WRKSEQ.MY20A2.BNMOLMER.RPTOLMER.SORT PRDCSS.BTHLOD.MY20A2,9,4,79,MY_JCL_Evidence.txt
MY,JCP1012U,CP613170 ICEGENER SORT,PRDCIS.BTHVSM.MY20A2.CPBSYS PRDCRD.BTHCTL.MY20A2(ICPK0050) PRDCRD.BTHLOD.MY20A2 PRDCRD.BTHSEQ.MY20A2.MSTMT.PDB.ACC PRDCRD.BTHSEQ.MY20A2.PDB.IPT PRDCRD.BTHSEQ.MY20A2.PDB.IPT.SORTED PRDCRD.BTHSEQ.MY20A2.PDB.MSTMH.SORT PRDCRD.BTHSEQ.MY20A2.PDB.MSTMT.S1 PRDCRD.BTHSEQ.MY20A2.PDB.MSTMT.SORTED PRDCRD.BTHSEQ.MY20A2.PDB.TC86 PRDCRD.BTHSEQ.MY20A2.PDB.TC86.CQD730 PRDCRD.BTHSEQ.MY20A2.PDB.TC87 PRDCRD.BTHSEQ.MY20A2.PDB.TC87.CQD730 PRDCRD.WRKSEQ.MY20A2.MSTMT.PDB.ACC PRDCRD.WRKSEQ.MY20A2.PDB.MSTMT.ACC PRDCRD.WRKSEQ.MY20A2.PDB.MSTMT.ACSORT,16,4,168,MY_JCL_Evidence.txt
MY,JCP1013R,CP613180 ICEGENER IDCAMS,PRDCAQ.BTHVSM.MY20A2.QMMMER PRDCIS.BTHVSM.MY20A2.CPBSYS PRDCRD.BTHSEQ.MY20A2.AGL.PDB.SETTLE.O PRDCRD.BTHSEQ.MY20A2.MSTMT.PDB.ACC,4,30,77,MY_JCL_Evidence.txt
MY,JCP1014U,CP613200 IDCAMS,PRDCIS.BTHVSM.MY20A2.CPBSYS PRDCRD.BTHLOD.MY20A2 PRDCRD.BTHSEQ.MY20A2.GFM.CIFILE.BPREWARD PRDCRD.BTHSEQ.MY20A2.SMART.PARTNERS.DISC,4,8,33,MY_JCL_Evidence.txt
MY,JCP1015U,CP613210 IDCAMS,PRDCIS.BTHVSM.MY20A2.CPBPLT PRDCIS.BTHVSM.MY20A2.CPBSYS PRDCLB.BTHBGD.MY20A2.LBEMTXN(0) PRDCRD.BTHLOD.MY20A2 PRDCRD.BTHSEQ.MY20A2.GFM.CIFILE.ENRICH,5,8,31,MY_JCL_Evidence.txt
MY,JCP1016U,CP613220 IDCAMS SORT,PRDCAQ.BTHVSM.MY20A2.QMMBUS PRDCIS.BTHVSM.MY20A2.CPBSYS PRDCRD.BTHCTL.MY20A2(DYNALL32) PRDCRD.BTHLOD.MY20A2 PRDCRD.BTHSEQ.MY20A2.GFM.CIFILE.LOYALTY PRDCRD.BTHSEQ.MY20A2.LPS.BP.SORT.ORGTC PRDCRD.WRKSEQ.MY20A2.ORGTC.SORTED,7,6,61,MY_JCL_Evidence.txt
MY,JCP1017U,CP613230 IDCAMS,PIEF.PMNSEQ.MASDBTE PRDCAQ.BTHVSM.MY20A2.QMMBUS PRDCAQ.BTHVSM.MY20A2.QMMMER PRDCIS.BTHVSM.MY20A2.CPBSYS PRDCRD.BTHLOD.MY20A2 PRDCRD.BTHSEQ.MY20A2.GFM.CIFILE.EDEBIT PRDCRD.BTHSEQ.MY20A2.MASBDTE.PIEF,7,8,37,MY_JCL_Evidence.txt
MY,JCP1027U,CP613270 ICEGENER IDCAMS,&ENV.CIS.BTHVSM.&VER.CPBCRD &ENV.CIS.BTHVSM.&VER.CPBPLT &ENV.CRD.BTHSEQ.&VER.RDM.CRDPLT &ENV.CRD.BTHVSM.&VER.BTHLARGE.RDM.CRDPLT PRDCRD.BTHCTL.MY20A2(ICRDPLT) PRDCRD.BTHCTL.MY20A2(RESETCC) PRDCRD.BTHLOD.MY20A2 PRDCRD.BTHSEQ.MY20A2.RDM.CRDPLT,8,5,95,MY_JCL_Evidence.txt
MY,JCP1028U,CP613280 ICEGENER IDCAMS SORT,&ENV.CIS.BTHVSM.&VER.CPBCUS &ENV.CIS.BTHVSM.&VER.CPBKYC &ENV.CIS.ONLVSM.&VER.CPCLTE &ENV.COM.BTHVSM.&VER.D00V.KCMACC &ENV.COM.BTHVSM.&VER.DBDW.KCMBIZ &ENV.CRD.BTHSEQ.&VER.RDM.CRDPLT &ENV.CRD.BTHSEQ.&VER.RDM.CUSPLT &ENV.CRD.BTHVSM.&VER.BTHLARGE.RDM.CUSPLT &ENV.EPP.ONLVSM.&VER.EPTRANS PRDCIS.BTHLOD.MY20A2 PRDCRD.BTHCTL.MY20A2(ICUSPLT) PRDCRD.BTHCTL.MY20A2(RESETCC) PRDCRD.BTHLOD.MY20A2 PRDCRD.BTHSEQ.MY20A2.RDM.CUSPLT PRDCRD.BTHVSM.MY20A2.BTHLARGE.RDM.CUSPLT,15,5,122,MY_JCL_Evidence.txt
MY,JCP1029U,CP613240 CP613290 ETALK IEFBR14 SORT,PRDCIS.BTHLOD.MY20A2 PRDCIS.BTHSEQ.MY20A2.CPCSNMC PRDCIS.BTHSEQ.MY20A2.TNGBM PRDCIS.BTHVSM.MY20A2.CPBCRD PRDCIS.BTHVSM.MY20A2.CPBCUS PRDCIS.BTHVSM.MY20A2.CPBPLT PRDCIS.BTHVSM.MY20A2.CPBSYS PRDCIS.ONLVSM.MY20A2.TNGERL PRDCRD.BTHCTL.MY20A2(DYNALL32) PRDCRD.BTHLOD.MY20A2 PRDCRD.BTHSEQ.MY20A2.TNGCX PRDCRD.BTHSEQ.MY20A2.TNGCX.ENC PRDCRD.BTHSEQ.MY20A2.TNGPUT.CX PRDCRD.WRKSEQ.MY20A2.TNGERL.JCP1029U PSUC.ONLLIB.LOADLIB PSUC.PAYMATE.ETALK.MASTER PSUC.UID.EFTP.MY.TNG,17,6,128,MY_JCL_Evidence.txt
MY,JCP1030U,CPDVMTU IDCAMS IEBDG IEFBR14 SORT,PRDCIS.BTHVSM.MY20A2.CPBSYS PRDCIS.ONLVSM.MY20A2.TNGPART PRDCRD.BTHCTL.MY20A2(DYNALL32) PRDCRD.BTHCTL.MY20A2(ICP00431) PRDCRD.BTHCTL.MY20A2(ICP00434) PRDCRD.BTHCTL.MY20A2(ICP00436) PRDCRD.BTHCTL.MY20A2(ICP00437) PRDCRD.BTHCTL.MY20A2(RESETCC) PRDCRD.BTHSEQ.MY20A2.TNGPART PRDCRD.BTHSEQ.MY20A2.TNGPART.SORT1,10,23,122,MY_JCL_Evidence.txt
MY,JCP1031U,IDCAMS,,0,16,16,MY_JCL_Evidence.txt
MY,JCP1032U,CPDVMAR IEFBR14 SORT,PRDCIS.BTHLOD.MY20A2 PRDCIS.BTHSEQ.MY20A2.CPLFM PRDCIS.BTHVSM.MY20A2.CPBCRD PRDCIS.BTHVSM.MY20A2.CPBPLT PRDCIS.BTHVSM.MY20A2.CPBSYS PRDCIS.ONLVSM.MY20A2.TNGERL PRDCRD.BTHCTL.MY20A2(DYNALL32) PRDCRD.WRKSEQ.MY20A2.CPLFM.TNGREPL,8,4,77,MY_JCL_Evidence.txt
MY,JCP1032Y,IDCAMS,PRDCRD.BTHCTL.MY20A2(ICP00368) PRDCRD.BTHCTL.MY20A2(ICP00429) PRDCRD.BTHCTL.MY20A2(RESETCC),3,16,47,MY_JCL_Evidence.txt
MY,JCP1033U,IDCAMS,PRDCRD.BTHCTL.MY20A2(ICP00368) PRDCRD.BTHCTL.MY20A2(ICP00369) PRDCRD.BTHCTL.MY20A2(ICP00429) PRDCRD.BTHCTL.MY20A2(ICP00432) PRDCRD.BTHCTL.MY20A2(RESETCC),5,16,35,MY_JCL_Evidence.txt
MY,JCP1034U,CP604650 CP613290 CPDVMCB ETALK ICEGENER IDCAMS,PRDCIS.BTHVSM.MY20A2.CPBSYS PRDCIS.ONLVSM.MY20A2.CPPFX.PATH PRDCIS.ONLVSM.MY20A2.TNGERL PRDCRD.BTHCTL.MY20A2(ICP00368) PRDCRD.BTHCTL.MY20A2(ICP00371) PRDCRD.BTHSEQ.MY20A2.TNGN1.HOLIDAY PRDCRD.BTHSEQ.MY20A2.TNGN101 PRDCRD.BTHSEQ.MY20A2.TNGN102 PRDCRD.BTHSEQ.MY20A2.TNGN103 PRDCRD.BTHSEQ.MY20A2.TNGN104 PRDCRD.BTHSEQ.MY20A2.TNGN105 PRDCRD.BTHSEQ.MY20A2.TNGN2.HOL.ENC PRDCRD.BTHSEQ.MY20A2.TNGN2.HOLIDAY PRDCRD.BTHSEQ.MY20A2.TNGN201 PRDCRD.BTHSEQ.MY20A2.TNGN201.ENC PRDCRD.BTHSEQ.MY20A2.TNGN202 PRDCRD.BTHSEQ.MY20A2.TNGN202.ENC PRDCRD.BTHSEQ.MY20A2.TNGN203 PRDCRD.BTHSEQ.MY20A2.TNGN203.ENC PRDCRD.BTHSEQ.MY20A2.TNGN204 PRDCRD.BTHSEQ.MY20A2.TNGN204.ENC PRDCRD.BTHSEQ.MY20A2.TNGN205 PRDCRD.BTHSEQ.MY20A2.TNGN205.ENC PRDCRD.BTHSEQ.MY20A2.TNGPUT.N2 PRDCRD.ONLVSM.MY20A2.BRANCH PSUC.PAYMATE.ETALK.MASTER PSUC.UID.EFTP.MY.TNG,27,24,376,MY_JCL_Evidence.txt
MY,JCP1034X,CPDVMCB ETALK FTP IDCAMS,PRDCIS.BTHVSM.MY20A2.CPBSYS PRDCIS.ONLVSM.MY20A2.CPPFX.PATH PRDCIS.ONLVSM.MY20A2.TNGERL PRDCRD.BTHCTL.MY20A2(ICP00368) PRDCRD.BTHCTL.MY20A2(ICP00371) PRDCRD.BTHSEQ.MY20A2.TNGN101.RCV PRDCRD.BTHSEQ.MY20A2.TNGN102.RCV PRDCRD.BTHSEQ.MY20A2.TNGN103.RCV PRDCRD.BTHSEQ.MY20A2.TNGN104.RCV PRDCRD.BTHSEQ.MY20A2.TNGN105.RCV PRDCRD.BTHSEQ.MY20A2.TNGN201.RCV PRDCRD.BTHSEQ.MY20A2.TNGN201.RV.ENC PRDCRD.BTHSEQ.MY20A2.TNGN202.RCV PRDCRD.BTHSEQ.MY20A2.TNGN202.RV.ENC PRDCRD.BTHSEQ.MY20A2.TNGN203.RCV PRDCRD.BTHSEQ.MY20A2.TNGN203.RV.ENC PRDCRD.BTHSEQ.MY20A2.TNGN204.RCV PRDCRD.BTHSEQ.MY20A2.TNGN204.RV.ENC PRDCRD.BTHSEQ.MY20A2.TNGN205.RCV PRDCRD.BTHSEQ.MY20A2.TNGN205.RV.ENC PSUC.PAYMATE.ETALK.MASTER PSUC.UID.EFTP.MY.TNG,22,15,222,MY_JCL_Evidence.txt
MY,JCP1035U,CP604650 IDCAMS,PRDCIS.BTHVSM.MY20A2.CPBSYS PRDCRD.BTHLOD.MY20A2 PRDCRD.ONLVSM.MY20A2.BRANCH,3,8,29,MY_JCL_Evidence.txt
MY,JCP1035X,IDCAMS,,0,16,16,MY_JCL_Evidence.txt
MY,JCP1036U,CP604650 CP612110 CPDVMCI ETALK ICEGENER IDCAMS,PRDCIS.BTHVSM.MY20A2.CPBSYS PRDCIS.ONLVSM.MY20A2.CPPFX.PATH PRDCIS.ONLVSM.MY20A2.TNGERL PRDCIS.ONLVSM.MY20A2.TNGERL1 PRDCRD.BTHCTL.MY20A2(ICP00368) PRDCRD.BTHCTL.MY20A2(ICP00371) PRDCRD.BTHSEQ.MY20A2.TNGGET.N1 PRDCRD.BTHSEQ.MY20A2.TNGN1.HOL.IN PRDCRD.BTHSEQ.MY20A2.TNGN1.HOLIDAY PRDCRD.BTHSEQ.MY20A2.TNGN101 PRDCRD.BTHSEQ.MY20A2.TNGN101.IN PRDCRD.BTHSEQ.MY20A2.TNGN102 PRDCRD.BTHSEQ.MY20A2.TNGN102.IN PRDCRD.BTHSEQ.MY20A2.TNGN103 PRDCRD.BTHSEQ.MY20A2.TNGN103.IN PRDCRD.BTHSEQ.MY20A2.TNGN104 PRDCRD.BTHSEQ.MY20A2.TNGN104.IN PRDCRD.BTHSEQ.MY20A2.TNGN105 PRDCRD.BTHSEQ.MY20A2.TNGN105.IN PRDCRD.ONLVSM.MY20A2.BRANCH PSUC.PAYMATE.ETALK.MASTER PSUC.UID.EFTP.MY.CASSIS,22,28,442,MY_JCL_Evidence.txt
MY,JCP1036X,CPDVMCI ETALK FTP ICEGENER IDCAMS,PRDCIS.BTHVSM.MY20A2.CPBSYS PRDCIS.ONLVSM.MY20A2.CPPFX.PATH PRDCIS.ONLVSM.MY20A2.TNGERL PRDCIS.ONLVSM.MY20A2.TNGERL1 PRDCRD.BTHCTL.MY20A2(ICP00368) PRDCRD.BTHCTL.MY20A2(ICP00371) PRDCRD.BTHSEQ.MY20A2.TNGN101.RCV PRDCRD.BTHSEQ.MY20A2.TNGN101.RCV.IN PRDCRD.BTHSEQ.MY20A2.TNGN102.RCV PRDCRD.BTHSEQ.MY20A2.TNGN103.RCV PRDCRD.BTHSEQ.MY20A2.TNGN104.RCV PRDCRD.BTHSEQ.MY20A2.TNGN105.RCV PSUC.PAYMATE.ETALK.MASTER PSUC.UID.EFTP.MY.CASSIS,14,15,164,MY_JCL_Evidence.txt
MY,JCP1036Y,IDCAMS,PRDCRD.BTHCTL.MY20A2(ICP00368) PRDCRD.BTHCTL.MY20A2(ICP00429) PRDCRD.BTHCTL.MY20A2(RESETCC),3,20,51,MY_JCL_Evidence.txt
MY,JCP1037U,CP604650 IDCAMS,PRDCIS.BTHVSM.MY20A2.CPBSYS PRDCRD.BTHLOD.MY20A2 PRDCRD.ONLVSM.MY20A2.BRANCH,3,8,29,MY_JCL_Evidence.txt
MY,JCP1038U,CP604650 CP612110 CPDVMCP ETALK ICEGENER IDCAMS,PRDCIS.BTHVSM.MY20A2.CPBSYS PRDCIS.ONLVSM.MY20A2.CPPFX.PATH PRDCIS.ONLVSM.MY20A2.TNGERL PRDCIS.ONLVSM.MY20A2.TNGERL1 PRDCRD.BTHCTL.MY20A2(ICP00368) PRDCRD.BTHCTL.MY20A2(ICP00371) PRDCRD.BTHSEQ.MY20A2.TNGGET.R1 PRDCRD.BTHSEQ.MY20A2.TNGR1.HOL.IN PRDCRD.BTHSEQ.MY20A2.TNGR1.HOLIDAY PRDCRD.BTHSEQ.MY20A2.TNGR101 PRDCRD.BTHSEQ.MY20A2.TNGR101.IN PRDCRD.BTHSEQ.MY20A2.TNGR102 PRDCRD.BTHSEQ.MY20A2.TNGR102.IN PRDCRD.BTHSEQ.MY20A2.TNGR103 PRDCRD.BTHSEQ.MY20A2.TNGR103.IN PRDCRD.BTHSEQ.MY20A2.TNGR104 PRDCRD.BTHSEQ.MY20A2.TNGR104.IN PRDCRD.BTHSEQ.MY20A2.TNGR105 PRDCRD.BTHSEQ.MY20A2.TNGR105.IN PRDCRD.ONLVSM.MY20A2.BRANCH PSUC.PAYMATE.ETALK.MASTER PSUC.UID.EFTP.MY.CASSIS,22,25,428,MY_JCL_Evidence.txt
MY,JCP1038X,CPDVMCP ETALK FTP ICEGENER IDCAMS,PRDCIS.BTHVSM.MY20A2.CPBSYS PRDCIS.ONLVSM.MY20A2.CPPFX.PATH PRDCIS.ONLVSM.MY20A2.TNGERL PRDCIS.ONLVSM.MY20A2.TNGERL1 PRDCRD.BTHCTL.MY20A2(ICP00368) PRDCRD.BTHCTL.MY20A2(ICP00371) PRDCRD.BTHSEQ.MY20A2.TNGR101.RCV PRDCRD.BTHSEQ.MY20A2.TNGR101.RCV.IN PRDCRD.BTHSEQ.MY20A2.TNGR102.RCV PRDCRD.BTHSEQ.MY20A2.TNGR103.RCV PRDCRD.BTHSEQ.MY20A2.TNGR104.RCV PRDCRD.BTHSEQ.MY20A2.TNGR105.RCV PSUC.PAYMATE.ETALK.MASTER PSUC.UID.EFTP.MY.CASSIS,14,15,167,MY_JCL_Evidence.txt
MY,JCP1038Y,IDCAMS,PRDCRD.BTHCTL.MY20A2(ICP00368) PRDCRD.BTHCTL.MY20A2(ICP00429) PRDCRD.BTHCTL.MY20A2(RESETCC),3,17,48,MY_JCL_Evidence.txt
MY,JCP1039U,CP604650 CP613290 CPDVMCR ETALK ICEGENER IDCAMS,PRDCIS.BTHLOD.MY20A2 PRDCIS.BTHSEQ.MY20A2.TNGBM PRDCIS.BTHSEQ.MY20A2.TNGBM.HOLIDAY PRDCIS.BTHVSM.MY20A2.CPBCRD PRDCIS.BTHVSM.MY20A2.CPBCUS PRDCIS.BTHVSM.MY20A2.CPBPLT PRDCIS.BTHVSM.MY20A2.CPBSYS PRDCIS.ONLVSM.MY20A2.CPPFX.PATH PRDCIS.ONLVSM.MY20A2.TNGERL PRDCRD.BTHLOD.MY20A2 PRDCRD.BTHSEQ.MY20A2.OTNGR201 PRDCRD.BTHSEQ.MY20A2.OTNGR201.HOLIDAY PRDCRD.BTHSEQ.MY20A2.OTNGR202 PRDCRD.BTHSEQ.MY20A2.OTNGR202.HOLIDAY PRDCRD.BTHSEQ.MY20A2.OTNGR203 PRDCRD.BTHSEQ.MY20A2.OTNGR203.HOLIDAY PRDCRD.BTHSEQ.MY20A2.OTNGR204 PRDCRD.BTHSEQ.MY20A2.OTNGR204.HOLIDAY PRDCRD.BTHSEQ.MY20A2.OTNGR205 PRDCRD.BTHSEQ.MY20A2.OTNGR205.HOLIDAY PRDCRD.BTHSEQ.MY20A2.TNGGET.R1 PRDCRD.BTHSEQ.MY20A2.TNGPUT.R0 PRDCRD.BTHSEQ.MY20A2.TNGR0.HOL.ENC PRDCRD.BTHSEQ.MY20A2.TNGR0.HOLIDAY PRDCRD.BTHSEQ.MY20A2.TNGR001 PRDCRD.BTHSEQ.MY20A2.TNGR001.ENC PRDCRD.BTHSEQ.MY20A2.TNGR001.HOLIDAY PRDCRD.BTHSEQ.MY20A2.TNGR002 PRDCRD.BTHSEQ.MY20A2.TNGR002.ENC PRDCRD.BTHSEQ.MY20A2.TNGR002.HOLIDAY PRDCRD.BTHSEQ.MY20A2.TNGR003 PRDCRD.BTHSEQ.MY20A2.TNGR003.ENC PRDCRD.BTHSEQ.MY20A2.TNGR003.HOLIDAY PRDCRD.BTHSEQ.MY20A2.TNGR004 PRDCRD.BTHSEQ.MY20A2.TNGR004.ENC PRDCRD.BTHSEQ.MY20A2.TNGR004.HOLIDAY PRDCRD.BTHSEQ.MY20A2.TNGR005 PRDCRD.BTHSEQ.MY20A2.TNGR005.ENC PRDCRD.BTHSEQ.MY20A2.TNGR005.HOLIDAY PRDCRD.ONLVSM.MY20A2.BRANCH PRDCSS.BTHLOD.MY20A2 PSUC.ONLLIB.LOADLIB PSUC.PAYMATE.ETALK.MASTER PSUC.UID.EFTP.MY.CASSIS,44,4,440,MY_JCL_Evidence.txt
MY,JCP1040U,CP604650 CP613290 CPDVMCS ETALK ICEGENER IEFBR14 SORT,PRDCIS.BTHLOD.MY20A2 PRDCIS.BTHSEQ.MY20A2.TNGBM PRDCIS.BTHSEQ.MY20A2.TNGBM.HOLIDAY PRDCIS.BTHVSM.MY20A2.CPBCRD PRDCIS.BTHVSM.MY20A2.CPBCUS PRDCIS.BTHVSM.MY20A2.CPBPLT PRDCIS.BTHVSM.MY20A2.CPBSYS PRDCIS.ONLVSM.MY20A2.TNGERL PRDCIS.ONLVSM.MY20A2.TNGPARA PRDCRD.BTHCTL.MY20A2(DYNALL32) PRDCRD.BTHLOD.MY20A2 PRDCRD.BTHSEQ.MY20A2.TNGGET.N1 PRDCRD.BTHSEQ.MY20A2.TNGN0.HOL.ENC PRDCRD.BTHSEQ.MY20A2.TNGN0.HOLIDAY PRDCRD.BTHSEQ.MY20A2.TNGN001 PRDCRD.BTHSEQ.MY20A2.TNGN001.ENC PRDCRD.BTHSEQ.MY20A2.TNGN001.HOLIDAY PRDCRD.BTHSEQ.MY20A2.TNGN002 PRDCRD.BTHSEQ.MY20A2.TNGN002.ENC PRDCRD.BTHSEQ.MY20A2.TNGN002.HOLIDAY PRDCRD.BTHSEQ.MY20A2.TNGN003 PRDCRD.BTHSEQ.MY20A2.TNGN003.ENC PRDCRD.BTHSEQ.MY20A2.TNGN003.HOLIDAY PRDCRD.BTHSEQ.MY20A2.TNGN004 PRDCRD.BTHSEQ.MY20A2.TNGN004.ENC PRDCRD.BTHSEQ.MY20A2.TNGN004.HOLIDAY PRDCRD.BTHSEQ.MY20A2.TNGN005 PRDCRD.BTHSEQ.MY20A2.TNGN005.ENC PRDCRD.BTHSEQ.MY20A2.TNGN005.HOLIDAY PRDCRD.BTHSEQ.MY20A2.TNGPUT.N0 PRDCRD.ONLVSM.MY20A2.BRANCH PRDCRD.WRKSEQ.MY20A2.TNGERL.JCP1040U PRDCSS.BTHLOD.MY20A2 PSUC.ONLLIB.LOADLIB PSUC.PAYMATE.ETALK.MASTER PSUC.UID.EFTP.MY.CASSIS,36,4,476,MY_JCL_Evidence.txt
MY,JCP1041U,CP604650 CPDVMRB1 ICEGENER SORT,PRDCIS.BTHLOD.MY20A2 PRDCIS.BTHSEQ.MY20A2.TNGBM PRDCIS.BTHSEQ.MY20A2.TNGBM.HOLIDAY PRDCIS.BTHVSM.MY20A2.CPBPLT PRDCIS.BTHVSM.MY20A2.CPBSYS PRDCIS.ONLVSM.MY20A2.TNGERL PRDCIS.ONLVSM.MY20A2.TNGPARA PRDCRD.BTHCTL.MY20A2(ICPK0050) PRDCRD.BTHLOD.MY20A2 PRDCRD.BTHSEQ.MY20A2.OTNGR201 PRDCRD.BTHSEQ.MY20A2.OTNGR201.HOLIDAY PRDCRD.BTHSEQ.MY20A2.OTNGR202 PRDCRD.BTHSEQ.MY20A2.OTNGR202.HOLIDAY PRDCRD.BTHSEQ.MY20A2.OTNGR203 PRDCRD.BTHSEQ.MY20A2.OTNGR203.HOLIDAY PRDCRD.BTHSEQ.MY20A2.OTNGR204 PRDCRD.BTHSEQ.MY20A2.OTNGR204.HOLIDAY PRDCRD.BTHSEQ.MY20A2.OTNGR205 PRDCRD.BTHSEQ.MY20A2.OTNGR205.HOLIDAY PRDCRD.ONLVSM.MY20A2.BRANCH PRDCRD.WRKSEQ.MY20A2.TNGERL.JCP1041U,21,4,273,MY_JCL_Evidence.txt
MY,JCP1042U,CP604650 ICEGENER,PRDCIS.BTHVSM.MY20A2.CPBSYS PRDCRD.BTHBGD.MY20A2.OTNGR2.HOLIDAY(+1) PRDCRD.BTHBGD.MY20A2.OTNGR201(+1) PRDCRD.BTHBGD.MY20A2.OTNGR202(+1) PRDCRD.BTHBGD.MY20A2.OTNGR203(+1) PRDCRD.BTHBGD.MY20A2.OTNGR204(+1) PRDCRD.BTHBGD.MY20A2.OTNGR205(+1) PRDCRD.BTHLOD.MY20A2 PRDCRD.BTHSEQ.MY20A2.OTNGR2.HOLIDAY PRDCRD.BTHSEQ.MY20A2.OTNGR201 PRDCRD.BTHSEQ.MY20A2.OTNGR202 PRDCRD.BTHSEQ.MY20A2.OTNGR203 PRDCRD.BTHSEQ.MY20A2.OTNGR204 PRDCRD.BTHSEQ.MY20A2.OTNGR205 PRDCRD.ONLVSM.MY20A2.BRANCH,15,4,76,MY_JCL_Evidence.txt
MY,JCP1043U,CP604650 CP613290 CPDVMRB2 ETALK ICEGENER IDCAMS,PRDCIS.BTHVSM.MY20A2.CPBSYS PRDCIS.ONLVSM.MY20A2.CPPFX.PATH PRDCIS.ONLVSM.MY20A2.TNGERL PRDCRD.BTHCTL.MY20A2(ICP00368) PRDCRD.BTHCTL.MY20A2(ICP00371) PRDCRD.BTHSEQ.MY20A2.OTNGR2.HOLIDAY PRDCRD.BTHSEQ.MY20A2.OTNGR201 PRDCRD.BTHSEQ.MY20A2.OTNGR202 PRDCRD.BTHSEQ.MY20A2.OTNGR203 PRDCRD.BTHSEQ.MY20A2.OTNGR204 PRDCRD.BTHSEQ.MY20A2.OTNGR205 PRDCRD.BTHSEQ.MY20A2.TNGPUT.R2 PRDCRD.BTHSEQ.MY20A2.TNGR2.HOL.ENC PRDCRD.BTHSEQ.MY20A2.TNGR2.HOLIDAY PRDCRD.BTHSEQ.MY20A2.TNGR201 PRDCRD.BTHSEQ.MY20A2.TNGR201.ENC PRDCRD.BTHSEQ.MY20A2.TNGR202 PRDCRD.BTHSEQ.MY20A2.TNGR202.ENC PRDCRD.BTHSEQ.MY20A2.TNGR203 PRDCRD.BTHSEQ.MY20A2.TNGR203.ENC PRDCRD.BTHSEQ.MY20A2.TNGR204 PRDCRD.BTHSEQ.MY20A2.TNGR204.ENC PRDCRD.BTHSEQ.MY20A2.TNGR205 PRDCRD.BTHSEQ.MY20A2.TNGR205.ENC PRDCRD.ONLVSM.MY20A2.BRANCH PSUC.PAYMATE.ETALK.MASTER PSUC.UID.EFTP.MY.TNG,27,23,480,MY_JCL_Evidence.txt
MY,JCP1044U,CP604650 IDCAMS,PRDCIS.BTHVSM.MY20A2.CPBSYS PRDCRD.BTHCTL.MY20A2(ICP00368) PRDCRD.BTHCTL.MY20A2(ICP00370) PRDCRD.BTHCTL.MY20A2(ICP00371) PRDCRD.ONLVSM.MY20A2.BRANCH,5,17,55,MY_JCL_Evidence.txt
MY,JCP1045U,CPDVMAR IDCAMS IEFBR14 SORT,PRDCIS.BTHSEQ.MY20A2.EMV.CPREEMBA PRDCIS.BTHVSM.MY20A2.CPBCRD PRDCIS.BTHVSM.MY20A2.CPBPLT PRDCIS.BTHVSM.MY20A2.CPBSYS PRDCIS.ONLVSM.MY20A2.TNGERL PRDCRD.BTHCTL.MY20A2(DYNALL32) PRDCRD.BTHCTL.MY20A2(ICP00368) PRDCRD.BTHCTL.MY20A2(ICP00369) PRDCRD.BTHCTL.MY20A2(ICP00370) PRDCRD.BTHCTL.MY20A2(ICP00429) PRDCRD.BTHCTL.MY20A2(ICP00432) PRDCRD.BTHCTL.MY20A2(RESETCC) PRDCRD.WRKSEQ.MY20A2.CPREEMBA.TNGRENW,13,21,99,MY_JCL_Evidence.txt
MY,JCP1046U,CP604650 IDCAMS,PRDCIS.BTHVSM.MY20A2.CPBSYS PRDCRD.BTHCTL.MY20A2(ICP00368) PRDCRD.BTHCTL.MY20A2(ICP00369) PRDCRD.BTHCTL.MY20A2(ICP00429) PRDCRD.BTHCTL.MY20A2(ICP00432) PRDCRD.BTHCTL.MY20A2(RESETCC) PRDCRD.ONLVSM.MY20A2.BRANCH,7,15,46,MY_JCL_Evidence.txt
MY,JCP1053U,CP604650 IDCAMS,PRDCIS.BTHVSM.MY20A2.CPBSYS PRDCRD.BTHCTL.MY20A2(ICP00368) PRDCRD.BTHCTL.MY20A2(ICP00369) PRDCRD.BTHCTL.MY20A2(ICP00429) PRDCRD.BTHCTL.MY20A2(ICP00432) PRDCRD.BTHCTL.MY20A2(RESETCC) PRDCRD.ONLVSM.MY20A2.BRANCH,7,15,46,MY_JCL_Evidence.txt
MY,JCP1054U,CP604650 CP612110 CP613250 CP613410 ETALK ICEGENER IEFBR14 SORT,PRDCIS.BTHVSM.MY20A2.CPBSYS PRDCRD.BTHLOD.MY20A2 PRDCRD.BTHSEQ.MY20A2.CAS.IN PRDCRD.BTHSEQ.MY20A2.CASEXC PRDCRD.BTHSEQ.MY20A2.TNGGET.CASEXC PRDCRD.BTHSEQ.MY20A2.TNGGET.N1 PRDCRD.BTHSEQ.MY20A2.TNGGET.R1 PRDCRD.ONLVSM.MY20A2.BRANCH PSUC.ONLLIB.LOADLIB PSUC.PAYMATE.ETALK.MASTER PSUC.UID.EFTP.MY.CASSIS,11,4,186,MY_JCL_Evidence.txt
MY,JCP1056A,,&CNTLLIB(ICP00438),1,14,14,MY_JCL_Evidence.txt
MY,JCP1056U,CP613320 CP613330 ICEGENER ICETOOL IDCAMS SORT,&CNTLLIB(ICP00139) &CNTLLIB(ICP00439) &CNTLLIB(ICPK0050) &CNTLLIB(ICPK0100) &CNTLLIB(ICPK0250) &CNTLLIB(ICPK0500) &CNTLLIB(ICPK1000) &CNTLLIB(ICPK2000) &CNTLLIB(REPRO) &ENV.CAU.BTHSEQ.&VER.AURPT &ENV.CAU.BTHSEQ.&VER.ISSRPT &ENV.CAU.ONLVSM.&VER.ISSCATV &ENV.CAU.ONLVSM.&VER.ISSCCVS &ENV.CIS.BTHVSM.&VER.CPBCRD &ENV.CIS.BTHVSM.&VER.CPBSYS &ENV.CIS.BTHVSM.&VER.NPLMST &ENV.CIS.ONLVSM.&VER.CPPIN &ENV.CRD.BTHSEQ.&VER.BTHLARGE.SASIS &ENV.CRD.BTHSEQ.&VER.DMS.BSCORE.FORMAT &ENV.CRD.BTHSEQ.&VER.SAS.AURPT.FTP &ENV.CRD.BTHSEQ.&VER.SAS.BSCORE.FTP &ENV.CRD.BTHSEQ.&VER.SAS.CPCLE.FTP &ENV.CRD.BTHSEQ.&VER.SAS.CPPIN.FTP &ENV.CRD.BTHSEQ.&VER.SAS.CXIPM.FTP &ENV.CRD.BTHSEQ.&VER.SAS.CXVSI.FTP &ENV.CRD.BTHSEQ.&VER.SAS.EPTRANS.FTP &ENV.CRD.BTHSEQ.&VER.SAS.ISSCATV.FTP &ENV.CRD.BTHSEQ.&VER.SAS.ISSRPT.FTP &ENV.CRD.BTHSEQ.&VER.SAS.NPLMST.FTP &ENV.CRD.BTHSEQ.&VER.SAS.OADCTF.FTP &ENV.CRD.BTHVSM.&VER.CPBCLE &ENV.CRD.WRKSEQ.&VER.AURPT &ENV.CRD.WRKSEQ.&VER.BTHLARGE.SASIS &ENV.CRD.WRKSEQ.&VER.CPBCLE.J1056 &ENV.CRD.WRKSEQ.&VER.CPPIN.J1056 &ENV.CRD.WRKSEQ.&VER.ISSRPT &ENV.CRD.WRKSEQ.&VER.JOINED.OADCTF &ENV.CRD.WRKSEQ.&VER.OADCTA &ENV.CRD.WRKSEQ.&VER.SAS.ATVHDR &ENV.CRD.WRKSEQ.&VER.SAS.BSCHDR &ENV.CRD.WRKSEQ.&VER.SAS.CLEHDR &ENV.CRD.WRKSEQ.&VER.SAS.CLKHDR &ENV.CRD.WRKSEQ.&VER.SAS.CXVSI.FTP &ENV.CRD.WRKSEQ.&VER.SAS.EPTHDR &ENV.CRD.WRKSEQ.&VER.SAS.EPTRANS.FTP &ENV.CRD.WRKSEQ.&VER.SAS.ISSCATV.FTP &ENV.CRD.WRKSEQ.&VER.SAS.NPLHDR &ENV.CRD.WRKSEQ.&VER.SAS.NPLMST.FTP &ENV.CRD.WRKSEQ.&VER.SAS.OADCTF.FTP &ENV.CRD.WRKSEQ.&VER.SAS.OADHDR,98,5,615,MY_JCL_Evidence.txt
MY,JCP1057U,CP613310 CP613320 SORT,&CNTLLIB(ICP00440) &CNTLLIB(ICPK0050) &CNTLLIB(ICPK0100) &CNTLLIB(ICPK0250) &CNTLLIB(ICPK0500) &CNTLLIB(ICPK1000) &CNTLLIB(ICPK2000) &CNTLLIB(ICPK3000) &ENV.CAQ.BTHVSM.&VER.QMMACT &ENV.CAQ.BTHVSM.&VER.QMMBLC &ENV.CAQ.BTHVSM.&VER.QMMCNT &ENV.CAQ.BTHVSM.&VER.QMMDTTL &ENV.CAQ.BTHVSM.&VER.QMMMER &ENV.CAQ.BTHVSM.&VER.QMMPRF &ENV.CAQ.BTHVSM.&VER.QMMSTAT &ENV.CAQ.BTHVSM.&VER.QMPATI &ENV.CAQ.BTHVSM.&VER.QMPDIS &ENV.CAQ.BTHVSM.&VER.QMPPGO &ENV.CAQ.BTHVSM.&VER.QMSPTM &ENV.CAQ.BTHVSM.&VER.QMTMPT &ENV.CAU.BTHSEQ.&VER.AURPT &ENV.CAU.BTHSEQ.&VER.ISSRPT &ENV.CAU.ONLVSM.&VER.ISSCATV &ENV.CIS.BTHBGD.&VER.CPHST(0) &ENV.CIS.BTHSEQ.&VER.SAS.GLFSAHCI.FTP &ENV.CIS.BTHVSM.&VER.CPBCRD &ENV.CIS.BTHVSM.&VER.CPBCUS &ENV.CIS.BTHVSM.&VER.CPBPLT &ENV.CIS.BTHVSM.&VER.CPBSYS &ENV.CIS.BTHVSM.&VER.CPSTMT &ENV.CIS.BTHVSM.&VER.NPLMST &ENV.CIS.ONLVSM.&VER.CPZCMF &ENV.CRD.BKPVSM.&VER.TNGERL.JCP0506U &ENV.CRD.BTHSEQ.&VER.BTHLARGE.SASIS &ENV.CRD.BTHSEQ.&VER.MREBATE &ENV.CRD.BTHSEQ.&VER.SAS.ARDSQB.FTP &ENV.CRD.BTHSEQ.&VER.SAS.AURPT.FTP &ENV.CRD.BTHSEQ.&VER.SAS.AUTKN.FTP &ENV.CRD.BTHSEQ.&VER.SAS.AUTKNM.FTP &ENV.CRD.BTHSEQ.&VER.SAS.AUTKNV.FTP &ENV.CRD.BTHSEQ.&VER.SAS.BSCORE.FTP &ENV.CRD.BTHSEQ.&VER.SAS.CPABP.FTP &ENV.CRD.BTHSEQ.&VER.SAS.CPADD.FTP &ENV.CRD.BTHSEQ.&VER.SAS.CPASF.FTP &ENV.CRD.BTHSEQ.&VER.SAS.CPBALC.FTP &ENV.CRD.BTHSEQ.&VER.SAS.CPCLE.FTP &ENV.CRD.BTHSEQ.&VER.SAS.CPCLTE.FTP &ENV.CRD.BTHSEQ.&VER.SAS.CPCMA.FTP &ENV.CRD.BTHSEQ.&VER.SAS.CPCUS.FTP &ENV.CRD.BTHSEQ.&VER.SAS.CPOLS.FTP,86,92,1605,MY_JCL_Evidence.txt
MY,JCP1058U,CP613340 IEFBR14,PRDCIS.BTHVSM.MY20A2.CPBSYS PRDCRD.BTHCTL.MY20A2(ICP00444) PRDCRD.BTHLOD.MY20A2 PRDCRD.BTHSEQ.MY20A2.SAS.CTRLB.FTP,4,4,40,MY_JCL_Evidence.txt
MY,JCP1059R,CP612860 CP612870 CP612880 IDCAMS SORT,&ENV.CIS.BTHSEQ.&VER.CPRPTT &ENV.CIS.BTHVSM.&VER.CPBSYS &ENV.CRD.BTHSEQ.&VER.RDM.CUSPLT &ENV.CRD.WRKSEQ.&VER.CHFCM78 &ENV.CRD.WRKSEQ.&VER.CPBNM &ENV.CRD.WRKSEQ.&VER.CPCHNOV &ENV.CRD.WRKSEQ.&VER.CPFCM78 &ENV.CRD.WRKSEQ.&VER.CPRPTT2 &ENV.CRD.WRKVSM.&VER.CUSPLT PRDCRD.BTHCTL.MY20A2(ICPK0050) PRDCRD.BTHLOD.MY20A2 PRDCRD.WRKSEQ.MY20A2.CHFCM78 PRDCRD.WRKSEQ.MY20A2.CPBNM PRDCRD.WRKSEQ.MY20A2.CPCHNOV PRDCRD.WRKSEQ.MY20A2.CPFCM78 PRDCRD.WRKSEQ.MY20A2.CPRPTT2 PRDCRD.WRKSEQ.MY20A2.CUSPLT,17,5,339,MY_JCL_Evidence.txt
MY,JCP1065X,IDCAMS,,0,16,16,MY_JCL_Evidence.txt
MY,JCP1066R,CP60088 CP60129 CP609320 CP609330 CP612310 CP612420 ETALK ICEGENER IDCAMS PAYMATE SORT,PRDCIS.BTHLOD.MY20A2 PRDCIS.BTHSEQ.MY20A2.EMV.CPREEMBA PRDCIS.BTHVSM.MY20A2.CPBCRD PRDCIS.BTHVSM.MY20A2.CPBCUS PRDCIS.BTHVSM.MY20A2.CPBPLT PRDCIS.BTHVSM.MY20A2.CPBSYS PRDCIS.ONLVSM.MY20A2.CPPFX.PATH PRDCRD.BTHCTL.MY20A2(DYNALL32) PRDCRD.BTHCTL.MY20A2(ICP00379) PRDCRD.BTHCTL.MY20A2(ICP00442) PRDCRD.BTHLOD.MY20A2 PRDCRD.BTHSEQ.MY20A2.CP509331.CLR.JCP1066R PRDCRD.BTHSEQ.MY20A2.CP509331.J66 PRDCRD.BTHSEQ.MY20A2.CP512311.CLR.JCP1066R PRDCRD.BTHSEQ.MY20A2.CP512311.J66 PRDCRD.BTHSEQ.MY20A2.CP512312.CLR.JCP1066R PRDCRD.BTHSEQ.MY20A2.CP512312.J66 PRDCRD.ONLVSM.MY20A2.CCTRLF PRDCRD.WRKSEQ.MY20A2.CPAGENT.JCP1066R PRDCRD.WRKSEQ.MY20A2.CPAGENT.SORT.JCP1066R PRDCRD.WRKSEQ.MY20A2.CPEMBV.JCP1066R PRDCRD.WRKSEQ.MY20A2.VMCEMB.MC.JCP1066R PRDCRD.WRKSEQ.MY20A2.VMCEMB.VISA.JCP1066R PRDCRD.WRKVSM.MY20A2.CPEMBV.JCP1066R PRDHSM.BTHSEQ.MY20A2.CPBEMB PSEA.ONLVSM.CPEMBV PSUC.ONLLIB.LOADLIB PSUC.PAYMATE.CASSIS.MY.MASTER PSUC.PAYMATE.CASSIS.MY.USERS PSUC.PAYMATE.ETALK.MASTER PSUC.UID.EFTP.MY.CASSIS,31,4,404,MY_JCL_Evidence.txt
MY,JCP1067R,CP60088 CP609310 CP609320 CP609330 CP612420 ETALK ICEGENER ICETOOL IDCAMS PAYMATE SORT,&PARMSUP(ICP00942) PRDCIS.BTHLOD.MY20A2 PRDCIS.BTHVSM.MY20A2.CPBCRD PRDCIS.BTHVSM.MY20A2.CPBCUS PRDCIS.BTHVSM.MY20A2.CPBPLT PRDCIS.BTHVSM.MY20A2.CPBSYS PRDCIS.ONLVSM.MY20A2.CPPFX.PATH PRDCIS.ONLVSM.MY20A2.TNGERL PRDCRD.BTHCTL.MY20A2(DYNALL32) PRDCRD.BTHCTL.MY20A2(ICP00443) PRDCRD.BTHLOD.MY20A2 PRDCRD.BTHSEQ.MY20A2.CP509311.CLR.J1067 PRDCRD.BTHSEQ.MY20A2.CP509311.J1067 PRDCRD.BTHSEQ.MY20A2.CP509331.CLR.J1067 PRDCRD.BTHSEQ.MY20A2.CP509331.J1067 PRDCRD.BTHSEQ.MY20A2.EMV.CPEMBV1 PRDCRD.ONLVSM.MY20A2.CCTRLF PRDCRD.WRKSEQ.MY20A2.GMT.CPAGENT.J1067 PRDCRD.WRKSEQ.MY20A2.GMT.CPAGENT.SORT.J1067 PRDCRD.WRKSEQ.MY20A2.GMT.CPEMBV.J1067 PRDCRD.WRKSEQ.MY20A2.GMT.VMCEMB.MC.J1067 PRDCRD.WRKSEQ.MY20A2.GMT.VMCEMB.VISA.J1067 PRDCRD.WRKVSM.MY20A2.GMT.CPEMBV.J1067 PSUC.ONLLIB.LOADLIB PSUC.PAYMATE.CASSIS.MY.MASTER PSUC.PAYMATE.CASSIS.MY.USERS PSUC.PAYMATE.ETALK.MASTER PSUC.UID.EFTP.MY.CASSIS,28,4,411,MY_JCL_Evidence.txt
MY,JCP1068U,CP613480 CP613490 CP618030 CP618040 CP618050 CP618060 CP618090 IDCAMS SORT,&CNTLLIB(ICP00992) &ENV.CIS.BTHBGD.&VER.CPHST(0) &ENV.CIS.BTHVSM.&VER.CPBPLT &ENV.CIS.BTHVSM.&VER.CPBSYS &ENV.CIS.BTHVSM.&VER.NPLMST &ENV.CRD.BTHSEQ.&VER.FRS139.CASHLITE.CTL &ENV.CRD.BTHSEQ.&VER.FRS139.CASHLITE.DAT &ENV.CRD.BTHSEQ.&VER.FRS139.CPHST.CTL &ENV.CRD.BTHSEQ.&VER.FRS139.CPHST.DAT &ENV.CRD.BTHSEQ.&VER.FRS139.CPOLS.CTL &ENV.CRD.BTHSEQ.&VER.FRS139.CPOLS.DAT &ENV.CRD.BTHSEQ.&VER.FRS139.CPPLT.CTL &ENV.CRD.BTHSEQ.&VER.FRS139.CPPLT.DAT &ENV.CRD.BTHSEQ.&VER.FRS139.FTP1 &ENV.CRD.BTHSEQ.&VER.FRS139.FTP3 &ENV.CRD.BTHSEQ.&VER.FRS139.FTP4 &ENV.CRD.BTHSEQ.&VER.FRS139.FTP5 &ENV.CRD.BTHSEQ.&VER.FRS139.FTP6 &ENV.CRD.BTHSEQ.&VER.FRS139.NPLMST.CTL &ENV.CRD.BTHSEQ.&VER.FRS139.NPLMST.DAT &ENV.CRD.WRKSEQ.&VER.CPOLS.SORT &ENV.EPP.ONLVSM.&VER.EPTRANS PRDCIS.BTHVSM.MY20A2.CPBCRD PRDCIS.BTHVSM.MY20A2.CPBCRDS.BTHLARGE PRDCIS.BTHVSM.MY20A2.CPBPLT PRDCIS.BTHVSM.MY20A2.CPBSYS PRDCIS.ONLVSM.MY20A2.CPOLS PRDCRD.BKPSEQ.MY20A2.POSTEDA PRDCRD.BTHBGD.MY20A2.POSTEDA(0) PRDCRD.BTHCTL.MY20A2(ICPK1000) PRDCRD.BTHSEQ.MY20A2.FRS139.CPCRD.CTL PRDCRD.BTHSEQ.MY20A2.FRS139.CPCRD.DAT PRDCRD.BTHSEQ.MY20A2.FRS139.CPOLS.CTL PRDCRD.BTHSEQ.MY20A2.FRS139.CPOLS.DAT PRDCRD.BTHSEQ.MY20A2.FRS139.FTP1 PRDCRD.BTHSEQ.MY20A2.FRS139.FTP2 PRDCRD.WRKSEQ.MY20A2.CPOLS.SORT PRDCRD.WRKSEQ.MY20A2.CPOLS.SORT.PARM PRDEPP.BTHSEQ.MY20A2.EPATBF PRDEPP.WRKSEQ.MY20A2.EPATBF.SORTED,40,28,416,MY_JCL_Evidence.txt
MY,JCP1100U,CPDSTMT1 ICEGENER IDCAMS SORT,&ENV.CIS.BTHSEQ.&VER.STMT.RAWFILE1 &ENV.CIS.BTHVSM.&VER.CPBAPX.ALL &ENV.CIS.BTHVSM.&VER.CPBCMA &ENV.CIS.BTHVSM.&VER.CPBCRD &ENV.CIS.BTHVSM.&VER.CPBCUS &ENV.CIS.BTHVSM.&VER.CPBPLT &ENV.CIS.BTHVSM.&VER.CPBSYS &ENV.CIS.BTHVSM.&VER.CPSTMT &ENV.CIS.BTHVSM.&VER.CPSTMTT &ENV.CIS.ONLVSM.&VER.CPAPX &ENV.CIS.ONLVSM.&VER.CPCAH &ENV.CIS.ONLVSM.&VER.CPMSG &ENV.COM.BTHVSM.&VER.D10V.KCLAAD &ENV.COM.BTHVSM.&VER.D10V.KCMACC &ENV.COM.BTHVSM.&VER.D10V.KCPORG &ENV.COM.ONLVSM.&VER.KCLMTC &ENV.COM.ONLVSM.&VER.KCLMTR &ENV.CRD.BTHPRM.&VER.SUP(ICP00098) &ENV.CRD.BTHPRM.&VER.SUP(ICP00131) &ENV.CRD.BTHPRM.&VER.SUP(ICP00448) &ENV.CRD.BTHPRM.&VER.SUP(ICP00657) &ENV.CRD.BTHPRM.&VER.SUP(ICP00848) &ENV.CRD.BTHVSM.&VER.UCL.TC4204 &ENV.CSS.ONLVSM.&VER.CSSYS PRDCIS.BTHSEQ.MY20A2.STMT.RAWFILE1 PRDCIS.ONLVSM.MY20A2.CPBNMPRM PRDCRD.BTHCTL.MY20A2(ICP00445) PRDCRD.BTHCTL.MY20A2(ICP00446) PRDCRD.BTHCTL.MY20A2(ICP00447) PRDCRD.BTHCTL.MY20A2(RESETCC),30,25,133,MY_JCL_Evidence.txt
MY,JCP1101U,CPDSTMT2 IEFBR14,PRDCIS.BTHLOD.MY20A2 PRDCIS.BTHSEQ.MY20A2.STMT.RAWFILE2 PRDCIS.BTHVSM.MY20A2.CPBSYS PRDCIS.BTHVSM.MY20A2.CPSTMTT PRDCLB.ONLVSM.MY20A2.LBCRD PRDCRD.BTHLOD.MY20A2 PRDCRD.BTHVSM.MY20A2.PRIME PRDCSS.BTHLOD.MY20A2,8,4,43,MY_JCL_Evidence.txt
MY,JCP1102U,CPDSTMT3 CPDSTMT6 CPDSTMT7,&ENV.CIS.BTHSEQ.&VER.STMT.RAWFILE3 &ENV.CIS.BTHSEQ.&VER.STMT.RAWFILE6 &ENV.CIS.BTHVSM.&VER.CPBSYS &ENV.CIS.BTHVSM.&VER.CPSTMTT &ENV.CLB.ONLVSM.&VER.LBCRD &ENV.CLB.ONLVSM.&VER.LBEMCRD &ENV.CRD.BTHVSM.&VER.PRIME &ENV.CRD.BTHVSM.&VER.TSC.LIST &PARMSUP(ICP01043) PRDCIS.BTHLOD.MY20A2 PRDCIS.BTHSEQ.MY20A2.STMT.RAWFILE3 PRDCIS.BTHSEQ.MY20A2.STMT.RAWFILE6 PRDCRD.BTHLOD.MY20A2 PRDCSS.BTHLOD.MY20A2,14,5,92,MY_JCL_Evidence.txt
MY,JCP1103U,CPDSTMT4 SORT,&ENV.CIS.BTHSEQ.&VER.STMT.RAWFILE4 &ENV.CIS.BTHVSM.&VER.CPBAPX.ALL &ENV.CIS.BTHVSM.&VER.CPBPLT &ENV.CIS.BTHVSM.&VER.CPBSYS &ENV.CIS.BTHVSM.&VER.CPSTMTT &ENV.CIS.BTHVSM.&VER.CPSTRN &ENV.CIS.WRKSEQ.&VER.STMT.RAWFILE4 &ENV.CRD.BTHPRM.&VER.SUP(ICP00402) &ENV.CSS.ONLVSM.&VER.CSCUR &ENV.CSS.ONLVSM.&VER.CSSYS &ENV.GST.BTHVSM.&VER.GST.CPSTRN &ENV.GST.ONLVSM.&VER.GSGHI PRDCIS.BTHLOD.MY20A2 PRDCIS.BTHSEQ.MY20A2.STMT.RAWFILE4 PRDCIS.ONLVSM.MY20A2.CPADD PRDCIS.WRKSEQ.MY20A2.STMT.RAWFILE4 PRDCRD.BTHCTL.MY20A2(ICP00450) PRDCRD.BTHCTL.MY20A2(ICPK0050) PRDCRD.BTHLOD.MY20A2 PRDCSS.BTHLOD.MY20A2,20,5,101,MY_JCL_Evidence.txt
MY,JCP1104U,CPDSTMT5 IDCAMS SORT,&ENV.CIS.BTHSEQ.&VER.CPSTRN2 &ENV.CIS.BTHSEQ.&VER.CPSTRNE &ENV.CIS.BTHSEQ.&VER.STMT.RAWFILE5 &ENV.CIS.BTHVSM.&VER.CPBSYS &ENV.CIS.BTHVSM.&VER.CPSTMTT &ENV.CIS.BTHVSM.&VER.CPSTRNE1 &ENV.CIS.BTHVSM.&VER.CPSTRNE2 &ENV.CIS.WRKSEQ.&VER.STMT.RAWFILE5 &ENV.CRD.BTHPRM.&VER.SUP(ICP00402) &ENV.CSS.ONLVSM.&VER.CSCUR &ENV.CSS.ONLVSM.&VER.CSSYS &ENV.GST.ONLVSM.&VER.GSGHI PRDCIS.BTHSEQ.MY20A2.CPSTRN1 PRDCIS.BTHSEQ.MY20A2.CPSTRN2 PRDCIS.BTHSEQ.MY20A2.CPSTRNE PRDCIS.BTHSEQ.MY20A2.STMT.RAWFILE5 PRDCIS.BTHVSM.MY20A2.CPSTRN PRDCIS.ONLVSM.MY20A2.CPADD PRDCIS.WRKSEQ.MY20A2.STMT.RAWFILE5 PRDCRD.BTHCTL.MY20A2(DYNALL32) PRDCRD.BTHCTL.MY20A2(ICP00449) PRDCRD.BTHCTL.MY20A2(ICP00450) PRDCRD.BTHCTL.MY20A2(ICP00505) PRDCRD.BTHCTL.MY20A2(ICP00506) PRDCRD.BTHCTL.MY20A2(ICPK0250) PRDCRD.BTHCTL.MY20A2(ICPK0500) PRDCRD.BTHCTL.MY20A2(RESETCC) PRDGST.BTHVSM.MY20A2.GST.CPSTRN,28,25,191,MY_JCL_Evidence.txt
MY,JCP1105U,CP614360 SORT,&CNTLLIB(ICP00453) &CNTLLIB(ICPK0500) &ENV.CIS.BTHSEQ.&VER.STMT.RAWFILE.ACCEPT &ENV.CIS.BTHSEQ.&VER.STMT.RAWFILE.CAMBOD &ENV.CIS.BTHSEQ.&VER.STMT.RAWFILE.NOVVIP &ENV.CIS.BTHSEQ.&VER.STMT.RAWFILE.REJECT &ENV.CIS.BTHSEQ.&VER.STMT.RAWFILE.SME &ENV.CIS.BTHSEQ.&VER.STMT.RAWFILE.SORTED &ENV.CIS.BTHSEQ.&VER.STMT.RAWFILE1 &ENV.CIS.BTHSEQ.&VER.STMT.RAWFILE2 &ENV.CIS.BTHSEQ.&VER.STMT.RAWFILE3 &ENV.CIS.BTHSEQ.&VER.STMT.RAWFILE4 &ENV.CIS.BTHSEQ.&VER.STMT.RAWFILE5 &ENV.CIS.BTHSEQ.&VER.STMT.RAWFILE6 PRDCIS.BTHLOD.MY20A2 PRDCRD.BTHLOD.MY20A2 PRDCSS.BTHLOD.MY20A2,17,5,89,MY_JCL_Evidence.txt
MY,JCP1106R,CP603680 CP613510 IDCAMS SORT,&CNTLLIB(ICP00018) &CNTLLIB(ICP00056) &CNTLLIB(ICP00459) &CNTLLIB(ICP00467) &CNTLLIB(ICP00484) &CNTLLIB(ICP00703) &CNTLLIB(ICPK0050) &CNTLLIB(ICPK0500) &CNTLLIB(RESETCC) &ENV.CIS.BTHSEQ.&VER.STMT.RAWFCMS.NOVVIP &ENV.CIS.BTHSEQ.&VER.STMT.RAWFILE.NOVVIP &ENV.CIS.BTHVSM.&VER.CPBCUS &ENV.CIS.WRKVSM.&VER.CPCSTA2 &ENV.CRD.WRKSEQ.&VER.STMTRAW.JCP1106R,14,33,165,MY_JCL_Evidence.txt
MY,JCP1106U,CP603680 CP613510 ICETOOL IDCAMS SORT,&ENV.CIS.BTHSEQ.&VER.STMT.RAWFCMS.ACCEPT &ENV.CIS.BTHSEQ.&VER.STMT.RAWFILE.ACCEPT &ENV.CIS.BTHVSM.&VER.CPBCUS &ENV.CIS.TMPVSM.&VER.CPCSTA10 &ENV.CIS.TMPVSM.&VER.CPCSTA3 &ENV.CIS.TMPVSM.&VER.CPCSTA4 &ENV.CIS.TMPVSM.&VER.CPCSTA5 &ENV.CIS.TMPVSM.&VER.CPCSTA6 &ENV.CIS.TMPVSM.&VER.CPCSTA7 &ENV.CIS.TMPVSM.&VER.CPCSTA8 &ENV.CIS.TMPVSM.&VER.CPCSTA9 &ENV.CIS.WRKVSM.&VER.CPCSTA2 &ENV.CRD.WRKSEQ.&VER.STMTRAW.JCP1106U PRDCRD.BTHCTL.MY20A2(ICP00018) PRDCRD.BTHCTL.MY20A2(ICP00056) PRDCRD.BTHCTL.MY20A2(ICP00459) PRDCRD.BTHCTL.MY20A2(ICP00467) PRDCRD.BTHCTL.MY20A2(ICP00470) PRDCRD.BTHCTL.MY20A2(ICP00471) PRDCRD.BTHCTL.MY20A2(ICP00472) PRDCRD.BTHCTL.MY20A2(ICP00473) PRDCRD.BTHCTL.MY20A2(ICP00474) PRDCRD.BTHCTL.MY20A2(ICP00475) PRDCRD.BTHCTL.MY20A2(ICP00476) PRDCRD.BTHCTL.MY20A2(ICP00477) PRDCRD.BTHCTL.MY20A2(ICP00478) PRDCRD.BTHCTL.MY20A2(ICP00484) PRDCRD.BTHCTL.MY20A2(ICP00485) PRDCRD.BTHCTL.MY20A2(ICP00486) PRDCRD.BTHCTL.MY20A2(ICPK0050) PRDCRD.BTHCTL.MY20A2(ICPK0500) PRDCRD.BTHCTL.MY20A2(RESETCC) PRDCRD.WRKSEQ.MY20A2.STMTRAW.JCP1106U,33,37,207,MY_JCL_Evidence.txt
MY,JCP1107R,CP603680 CP613510 IDCAMS SORT,&CNTLLIB(ICP00018) &CNTLLIB(ICP00056) &CNTLLIB(ICP00460) &CNTLLIB(ICP00467) &CNTLLIB(ICP00487) &CNTLLIB(ICP00704) &CNTLLIB(ICPK0100) &CNTLLIB(ICPK0250) &CNTLLIB(RESETCC) &ENV.CIS.BTHSEQ.&VER.STMT.RAWFCMS.NOVVIP &ENV.CIS.BTHSEQ.&VER.STMT.RAWFILE.NOVVIP &ENV.CIS.BTHVSM.&VER.CPBCUS &ENV.CIS.WRKVSM.&VER.ICC.CPCSTA2 &ENV.CRD.WRKSEQ.&VER.STMTRAW.JCP1107R,14,32,164,MY_JCL_Evidence.txt
MY,JCP1107U,CP603680 CP613510 ICETOOL IDCAMS SORT,&ENV.CIS.BTHSEQ.&VER.STMT.RAWFCMS.ACCEPT &ENV.CIS.BTHSEQ.&VER.STMT.RAWFILE.ACCEPT &ENV.CIS.BTHVSM.&VER.CPBCUS &ENV.CIS.TMPVSM.&VER.ICC.CPCSTA10 &ENV.CIS.TMPVSM.&VER.ICC.CPCSTA3 &ENV.CIS.TMPVSM.&VER.ICC.CPCSTA4 &ENV.CIS.TMPVSM.&VER.ICC.CPCSTA5 &ENV.CIS.TMPVSM.&VER.ICC.CPCSTA6 &ENV.CIS.TMPVSM.&VER.ICC.CPCSTA7 &ENV.CIS.TMPVSM.&VER.ICC.CPCSTA8 &ENV.CIS.TMPVSM.&VER.ICC.CPCSTA9 &ENV.CIS.WRKVSM.&VER.ICC.CPCSTA2 &ENV.CRD.WRKSEQ.&VER.STMTRAW.JCP1107U PRDCRD.BTHCTL.MY20A2(ICP00018) PRDCRD.BTHCTL.MY20A2(ICP00056) PRDCRD.BTHCTL.MY20A2(ICP00460) PRDCRD.BTHCTL.MY20A2(ICP00467) PRDCRD.BTHCTL.MY20A2(ICP00470) PRDCRD.BTHCTL.MY20A2(ICP00471) PRDCRD.BTHCTL.MY20A2(ICP00472) PRDCRD.BTHCTL.MY20A2(ICP00473) PRDCRD.BTHCTL.MY20A2(ICP00474) PRDCRD.BTHCTL.MY20A2(ICP00475) PRDCRD.BTHCTL.MY20A2(ICP00476) PRDCRD.BTHCTL.MY20A2(ICP00477) PRDCRD.BTHCTL.MY20A2(ICP00478) PRDCRD.BTHCTL.MY20A2(ICP00487) PRDCRD.BTHCTL.MY20A2(ICP00488) PRDCRD.BTHCTL.MY20A2(ICP00489) PRDCRD.BTHCTL.MY20A2(ICPK0100) PRDCRD.BTHCTL.MY20A2(ICPK0250) PRDCRD.BTHCTL.MY20A2(RESETCC) PRDCRD.WRKSEQ.MY20A2.STMTRAW.JCP1107U,33,38,208,MY_JCL_Evidence.txt
MY,JCP1108R,CP603680 CP613510 IDCAMS SORT,&CNTLLIB(ICP00020) &CNTLLIB(ICP00057) &CNTLLIB(ICP00461) &CNTLLIB(ICP00468) &CNTLLIB(ICP00493) &CNTLLIB(ICP00705) &CNTLLIB(ICPK0050) &CNTLLIB(ICPK0500) &CNTLLIB(RESETCC) &ENV.CIS.BTHSEQ.&VER.STMT.RAWFCMS.NOVVIP &ENV.CIS.BTHSEQ.&VER.STMT.RAWFILE.NOVVIP &ENV.CIS.BTHVSM.&VER.CPBCUS &ENV.CIS.WRKVSM.&VER.CPDSTA &ENV.CRD.WRKSEQ.&VER.STMTRAW.JCP1108R,14,32,167,MY_JCL_Evidence.txt
MY,JCP1108U,CP603680 CP603700 CP613510 ICETOOL IDCAMS SORT,&ENV.CIS.BTHVSM.&VER.CPBCUS PRDCIS.BTHSEQ.MY20A2.STMT.RAWFCMS.ACCEPT PRDCIS.BTHSEQ.MY20A2.STMT.RAWFILE.ACCEPT PRDCIS.BTHVSM.MY20A2.CPBSYS PRDCIS.TMPVSM.MY20A2.CPDSTA1 PRDCIS.TMPVSM.MY20A2.CPDSTA2 PRDCIS.TMPVSM.MY20A2.CPDSTA3 PRDCIS.WRKVSM.MY20A2.CPDSTA PRDCRD.BTHCTL.MY20A2(ICP00020) PRDCRD.BTHCTL.MY20A2(ICP00057) PRDCRD.BTHCTL.MY20A2(ICP00461) PRDCRD.BTHCTL.MY20A2(ICP00468) PRDCRD.BTHCTL.MY20A2(ICP00479) PRDCRD.BTHCTL.MY20A2(ICP00480) PRDCRD.BTHCTL.MY20A2(ICP00481) PRDCRD.BTHCTL.MY20A2(ICP00482) PRDCRD.BTHCTL.MY20A2(ICP00493) PRDCRD.BTHCTL.MY20A2(ICP00494) PRDCRD.BTHCTL.MY20A2(ICP00495) PRDCRD.BTHCTL.MY20A2(ICP00502) PRDCRD.BTHCTL.MY20A2(ICP00503) PRDCRD.BTHCTL.MY20A2(ICPK0050) PRDCRD.BTHCTL.MY20A2(ICPK0500) PRDCRD.BTHCTL.MY20A2(RESETCC) PRDCRD.BTHVSM.MY20A2.PRMETER PRDCRD.WRKSEQ.MY20A2.STMTRAW.JCP1108U,26,37,220,MY_JCL_Evidence.txt
MY,JCP1109R,CP603680 CP613510 IDCAMS SORT,&CNTLLIB(ICP00018) &CNTLLIB(ICP00056) &CNTLLIB(ICP00462) &CNTLLIB(ICP00467) &CNTLLIB(ICP00490) &CNTLLIB(ICP00706) &CNTLLIB(ICPK0050) &CNTLLIB(ICPK0500) &CNTLLIB(RESETCC) &ENV.CIS.BTHSEQ.&VER.STMT.RAWFCMS.NOVVIP &ENV.CIS.BTHSEQ.&VER.STMT.RAWFILE.NOVVIP &ENV.CIS.BTHVSM.&VER.CPBCUS &ENV.CIS.WRKVSM.&VER.ENR.CPCSTA2 &ENV.CRD.WRKSEQ.&VER.STMTRAW.JCP1109R,14,32,167,MY_JCL_Evidence.txt
MY,JCP1109U,CP603680 CP613510 ICETOOL IDCAMS SORT,&ENV.CIS.BTHVSM.&VER.CPBCUS PRDCIS.BTHSEQ.MY20A2.STMT.RAWFCMS.ACCEPT PRDCIS.BTHSEQ.MY20A2.STMT.RAWFILE.ACCEPT PRDCIS.TMPVSM.MY20A2.ENR.CPCSTA10 PRDCIS.TMPVSM.MY20A2.ENR.CPCSTA3 PRDCIS.TMPVSM.MY20A2.ENR.CPCSTA4 PRDCIS.TMPVSM.MY20A2.ENR.CPCSTA5 PRDCIS.TMPVSM.MY20A2.ENR.CPCSTA6 PRDCIS.TMPVSM.MY20A2.ENR.CPCSTA7 PRDCIS.TMPVSM.MY20A2.ENR.CPCSTA8 PRDCIS.TMPVSM.MY20A2.ENR.CPCSTA9 PRDCIS.WRKVSM.MY20A2.ENR.CPCSTA2 PRDCRD.BTHCTL.MY20A2(ICP00018) PRDCRD.BTHCTL.MY20A2(ICP00056) PRDCRD.BTHCTL.MY20A2(ICP00462) PRDCRD.BTHCTL.MY20A2(ICP00467) PRDCRD.BTHCTL.MY20A2(ICP00470) PRDCRD.BTHCTL.MY20A2(ICP00471) PRDCRD.BTHCTL.MY20A2(ICP00472) PRDCRD.BTHCTL.MY20A2(ICP00473) PRDCRD.BTHCTL.MY20A2(ICP00474) PRDCRD.BTHCTL.MY20A2(ICP00475) PRDCRD.BTHCTL.MY20A2(ICP00476) PRDCRD.BTHCTL.MY20A2(ICP00477) PRDCRD.BTHCTL.MY20A2(ICP00478) PRDCRD.BTHCTL.MY20A2(ICP00490) PRDCRD.BTHCTL.MY20A2(ICP00491) PRDCRD.BTHCTL.MY20A2(ICP00492) PRDCRD.BTHCTL.MY20A2(ICPK0050) PRDCRD.BTHCTL.MY20A2(ICPK0500) PRDCRD.BTHCTL.MY20A2(RESETCC) PRDCRD.WRKSEQ.MY20A2.STMTRAW.JCP1109U,32,34,208,MY_JCL_Evidence.txt
MY,JCP1110R,CP603680 CP613510 IDCAMS SORT,&CNTLLIB(ICP00018) &CNTLLIB(ICP00056) &CNTLLIB(ICP00463) &CNTLLIB(ICP00466) &CNTLLIB(ICP00498) &CNTLLIB(ICP00499) &CNTLLIB(ICPK0050) &CNTLLIB(ICPK0500) &CNTLLIB(RESETCC) &ENV.CIS.BTHSEQ.&VER.STMT.RAWFCMS.NOVVIP &ENV.CIS.BTHSEQ.&VER.STMT.RAWFILE.NOVVIP &ENV.CIS.BTHVSM.&VER.CPBCUS &ENV.CIS.WRKVSM.&VER.CPCSTA2E &ENV.CRD.WRKSEQ.&VER.STMTRAW.JCP1110R,14,33,168,MY_JCL_Evidence.txt
MY,JCP1110U,CP603680 CP603700 CP613510 IDCAMS SORT,&ENV.CIS.BTHVSM.&VER.CPBCUS PRDCIS.BTHSEQ.MY20A2.STMT.RAWFCMS.ACCEPT PRDCIS.BTHSEQ.MY20A2.STMT.RAWFILE.ACCEPT PRDCIS.BTHVSM.MY20A2.CPBSYS PRDCIS.WRKVSM.MY20A2.CPCSTA2E PRDCRD.BTHCTL.MY20A2(ICP00018) PRDCRD.BTHCTL.MY20A2(ICP00056) PRDCRD.BTHCTL.MY20A2(ICP00463) PRDCRD.BTHCTL.MY20A2(ICP00466) PRDCRD.BTHCTL.MY20A2(ICP00498) PRDCRD.BTHCTL.MY20A2(ICP00499) PRDCRD.BTHCTL.MY20A2(ICP00502) PRDCRD.BTHCTL.MY20A2(ICP00504) PRDCRD.BTHCTL.MY20A2(ICPK0050) PRDCRD.BTHCTL.MY20A2(ICPK0500) PRDCRD.BTHCTL.MY20A2(RESETCC) PRDCRD.BTHVSM.MY20A2.PRMETER PRDCRD.WRKSEQ.MY20A2.CPCSTA2E.JCP1110U PRDCRD.WRKSEQ.MY20A2.STMTRAW.JCP1110U,19,40,221,MY_JCL_Evidence.txt
MY,JCP1111R,CP603680 CP613510 ICEGENER IDCAMS SORT,&CNTLLIB(ICP00464) &CNTLLIB(ICP00500) &CNTLLIB(ICP00501) &CNTLLIB(ICPK0500) &CNTLLIB(RESETCC) &ENV.CIS.BTHSEQ.&VER.STMT.RAWFCMS.NOVVIP &ENV.CIS.BTHSEQ.&VER.STMT.RAWFILE.NOVVIP &ENV.CIS.BTHVSM.&VER.CPBCUS &ENV.CIS.WRKVSM.&VER.ONDEM.CPDSTA &ENV.CRD.WRKSEQ.&VER.CPDSTA.JCP1111R &ENV.CRD.WRKSEQ.&VER.STMTRAW.JCP1111R,11,32,162,MY_JCL_Evidence.txt
MY,JCP1111U,CP603680 CP613510 ICEGENER IDCAMS SORT,&ENV.CIS.BTHVSM.&VER.CPBCUS PRDCIS.BTHSEQ.MY20A2.STMT.RAWFCMS.ACCEPT PRDCIS.BTHSEQ.MY20A2.STMT.RAWFILE.ACCEPT PRDCIS.WRKVSM.MY20A2.ONDEM.CPDSTA PRDCRD.BTHCTL.MY20A2(ICP00464) PRDCRD.BTHCTL.MY20A2(ICP00500) PRDCRD.BTHCTL.MY20A2(ICP00501) PRDCRD.BTHCTL.MY20A2(ICPK0500) PRDCRD.BTHCTL.MY20A2(RESETCC) PRDCRD.WRKSEQ.MY20A2.CPDSTA.JCP1111U PRDCRD.WRKSEQ.MY20A2.STMTRAW.JCP1111U,11,32,162,MY_JCL_Evidence.txt
MY,JCP1112R,CP603680 CP613510 IDCAMS SORT,&CNTLLIB(ICP00018) &CNTLLIB(ICP00056) &CNTLLIB(ICP00465) &CNTLLIB(ICP00469) &CNTLLIB(ICP00707) &CNTLLIB(ICP00708) &CNTLLIB(ICPK0050) &CNTLLIB(ICPK0500) &CNTLLIB(RESETCC) &ENV.CIS.BTHSEQ.&VER.STMT.RAWFCMS.NOVVIP &ENV.CIS.BTHSEQ.&VER.STMT.RAWFILE.NOVVIP &ENV.CIS.BTHVSM.&VER.CPBCUS &ENV.CIS.TMPVSM.&VER.CPCSTA11.NVIP &ENV.CRD.WRKSEQ.&VER.STMTRAW.JCP1112R,14,32,169,MY_JCL_Evidence.txt
MY,JCP1112U,CP603680 CP613510 IDCAMS SORT,&ENV.CIS.BTHVSM.&VER.CPBCUS PRDCIS.BTHSEQ.MY20A2.STMT.RAWFCMS.ACCEPT PRDCIS.BTHSEQ.MY20A2.STMT.RAWFILE.ACCEPT PRDCIS.TMPVSM.MY20A2.CPCSTA11 PRDCRD.BTHCTL.MY20A2(ICP00018) PRDCRD.BTHCTL.MY20A2(ICP00056) PRDCRD.BTHCTL.MY20A2(ICP00465) PRDCRD.BTHCTL.MY20A2(ICP00469) PRDCRD.BTHCTL.MY20A2(ICP00496) PRDCRD.BTHCTL.MY20A2(ICP00497) PRDCRD.BTHCTL.MY20A2(ICPK0050) PRDCRD.BTHCTL.MY20A2(ICPK0500) PRDCRD.BTHCTL.MY20A2(RESETCC) PRDCRD.WRKSEQ.MY20A2.STMTRAW.JCP1112U,14,32,160,MY_JCL_Evidence.txt
MY,JCP1113U,CPDSTMTC ICEMAN IEFBR14 SORT,PRDCIS.BTHSEQ.MY20A2.CPSTMT.CORP PRDCIS.BTHSEQ.MY20A2.STMT.RAWFILE6 PRDCIS.BTHSEQ.MY20A2.STMT.RAWFILE6.RAW PRDCIS.BTHSEQ.MY20A2.STMT.RAWFILE6.SORTC1 PRDCIS.BTHSEQ.MY20A2.STMT.RAWFILE6.SORTC2 PRDCIS.BTHSEQ.MY20A2.STMT.RAWFILE6.SORTC3 PRDCIS.BTHSEQ.MY20A2.STMT.RAWFILE6.SORTED PRDCIS.BTHVSM.MY20A2.CPBAPX.ALL PRDCIS.BTHVSM.MY20A2.CPBCRD PRDCIS.BTHVSM.MY20A2.CPBCUS PRDCIS.BTHVSM.MY20A2.CPBPLT PRDCIS.BTHVSM.MY20A2.CPBSYS PRDCIS.BTHVSM.MY20A2.CPSTMT PRDCIS.BTHVSM.MY20A2.CPSTRN PRDCIS.ONLVSM.MY20A2.CPADD PRDCIS.ONLVSM.MY20A2.CPAPX PRDCIS.ONLVSM.MY20A2.CPPFX.PATH PRDCOM.BTHVSM.MY20A2.D10V.KCMACC PRDCOM.BTHVSM.MY20A2.D10V.KCXUPL PRDCOM.ONLVSM.MY20A2.KCLMTR PRDCOM.ONLVSM.MY20A2.KCMCNT PRDCRD.BTHCTL.MY20A2(DYNALL32) PRDCRD.BTHCTL.MY20A2(ICP00451) PRDCRD.BTHCTL.MY20A2(ICP00452) PRDCSS.ONLVSM.MY20A2.CSMCC PRDGST.BTHVSM.MY20A2.GST.CPSTRN,26,19,451,MY_JCL_Evidence.txt
MY,JCP1114R,CP603700 CP610330 CP613500 CP615820 IDCAMS,PRDCIS.BTHLOD.MY20A2 PRDCIS.BTHSEQ.MY20A2.STMT.RAWFILE6.SORTED PRDCIS.BTHSEQ.MY20A2.STMT.RAWFILE6.VIP PRDCIS.BTHVSM.MY20A2.CPBSYS PRDCRD.BTHLOD.MY20A2 PRDCRD.BTHVSM.MY20A2.PRMETER PRDCRD.WRKSEQ.MY20A2.CPCSTA2 PRDCRD.WRKVSM.MY20A2.CPCSTA1 PRDCSS.BTHLOD.MY20A2,9,4,112,MY_JCL_Evidence.txt
MY,JCP1114U,CP603700 CP610330 CP613500 IDCAMS,PRDCIS.BTHLOD.MY20A2 PRDCIS.BTHSEQ.MY20A2.STMT.RAWFILE6.SORTED PRDCIS.BTHVSM.MY20A2.CPBSYS PRDCRD.BTHLOD.MY20A2 PRDCRD.BTHVSM.MY20A2.PRMETER PRDCRD.WRKSEQ.MY20A2.CPCSTA2 PRDCRD.WRKVSM.MY20A2.CPCSTA1 PRDCSS.BTHLOD.MY20A2,8,4,105,MY_JCL_Evidence.txt
MY,JCP1117U,CP613570 IDCAMS,&ENV.CIS.BTHVSM.&VER.CPBCRD &ENV.CIS.BTHVSM.&VER.CPBKYC &ENV.COM.BTHVSM.&VER.D10V.KCMACC &ENV.COM.BTHVSM.&VER.D10V.KCXUPL &ENV.CRD.BTHVSM.&VER.CPBPRM PRDCIS.BTHVSM.MY20A2.CPBPLT PRDCIS.BTHVSM.MY20A2.CPBSYS PRDCRD.BTHCTL.MY20A2(ICP00454) PRDCRD.BTHSEQ.MY20A2.BDW.DSCLM06.BTHLARGE PRDCRD.BTHSEQ.MY20A2.BDW.DSCLM06.CTL PRDCRD.BTHVSM.MY20A2.RDM.CUSPLT,11,32,87,MY_JCL_Evidence.txt
MY,JCP1117W,CP613570 IDCAMS,&ENV.CIS.BTHVSM.&VER.CPBCRD &ENV.CIS.BTHVSM.&VER.CPBKYC &ENV.COM.BTHVSM.&VER.D10V.KCMACC &ENV.COM.BTHVSM.&VER.D10V.KCXUPL &ENV.CRD.BTHVSM.&VER.CPBPRM PRDCIS.BTHVSM.MY20A2.CPBPLT PRDCIS.BTHVSM.MY20A2.CPBSYS PRDCRD.BTHCTL.MY20A2(ICP00454) PRDCRD.BTHSEQ.MY20A2.BDW.DSCLM06.CTL PRDCRD.BTHSEQ.MY20A2.BDW.DSCLM06.DAT PRDCRD.BTHVSM.MY20A2.RDM.CUSPLT,11,31,71,MY_JCL_Evidence.txt
MY,JCP1118U,CP613580 IDCAMS,PRDCAQ.BTHVSM.MY20A2.QMMPRF PRDCAQ.BTHVSM.MY20A2.QMPSYSR PRDCRD.BTHCTL.MY20A2(ICP00455) PRDCRD.BTHLOD.MY20A2 PRDCRD.BTHSEQ.MY20A2.BDW.DSCLQ15.CTL PRDCRD.BTHSEQ.MY20A2.BDW.DSCLQ15.DAT,6,22,58,MY_JCL_Evidence.txt
MY,JCP1119U,CP613590 IDCAMS,PRDCAQ.BTHVSM.MY20A2.QMMCNT PRDCAQ.BTHVSM.MY20A2.QMPSYSR PRDCRD.BTHCTL.MY20A2(ICP00456) PRDCRD.BTHLOD.MY20A2 PRDCRD.BTHSEQ.MY20A2.BDW.DSCLQ16.CTL PRDCRD.BTHSEQ.MY20A2.BDW.DSCLQ16.DAT,6,22,58,MY_JCL_Evidence.txt
MY,JCP1120U,CP613600 IDCAMS,PRDCAQ.BTHVSM.MY20A2.QMMBUS PRDCAQ.BTHVSM.MY20A2.QMMMER PRDCAQ.BTHVSM.MY20A2.QMPSYSR PRDCRD.BTHCTL.MY20A2(ICP00457) PRDCRD.BTHLOD.MY20A2 PRDCRD.BTHSEQ.MY20A2.BDW.DSCLQ17.CTL PRDCRD.BTHSEQ.MY20A2.BDW.DSCLQ17.DAT,7,21,59,MY_JCL_Evidence.txt
MY,JCP1121U,CP613610 IDCAMS,PRDCAQ.BTHVSM.MY20A2.QMMACT PRDCAQ.BTHVSM.MY20A2.QMPSYSR PRDCRD.BTHCTL.MY20A2(ICP00458) PRDCRD.BTHLOD.MY20A2 PRDCRD.BTHSEQ.MY20A2.BDW.DSCLQ18A.CTL PRDCRD.BTHSEQ.MY20A2.BDW.DSCLQ18A.DAT PRDCRD.BTHSEQ.MY20A2.BDW.DSCLQ18B.CTL PRDCRD.BTHSEQ.MY20A2.BDW.DSCLQ18B.DAT,8,20,62,MY_JCL_Evidence.txt
MY,JCP1171B,ADRDSSU,PRDCRD.BKPTGD.MY20A2.INHSEBK(+1),1,34,37,MY_JCL_Evidence.txt
MY,JCP1172B,ADRDSSU,PRDCRD.BKPTGD.MY20A2.CLCBBK(+1),1,38,41,MY_JCL_Evidence.txt
MY,JCP1175R,CP606240 CP606370 CP618970 SORT,&ENV.CAQ.BTHSEQ.&VER.CQD740.CQMGLI &ENV.CIS.BTHVSM.&VER.CPBSYS &ENV.CRD.BTHPRM.&VER.FIN(ICP00641) &ENV.CRD.BTHSEQ.&VER.CPERR2.G615R &ENV.CRD.BTHSEQ.&VER.CPGL2.G615R &ENV.CRD.BTHSEQ.&VER.G615R.MASGL &ENV.CRD.WRKSEQ.&VER.G615R.MASGL.SORT PRDCRD.BKPSEQ.MY20A2.CPBPRJ2 PRDCRD.BTHCTL.MY20A2(ICPK0050) PRDCRD.BTHLOD.MY20A2 PRDCRD.BTHSEQ.MY20A2.CPERR2.G615R PRDCRD.BTHSEQ.MY20A2.CPGL2.G615R PRDCRD.BTHSEQ.MY20A2.G615R.MASGL PRDCRD.WRKSEQ.MY20A2.G615R.MASGL.SORT,14,5,132,MY_JCL_Evidence.txt
MY,JCP1176R,CP612850 CP612890 CPD000 ICETOOL,&ENV.CIS.BTHVSM.&VER.CPBSYS &ENV.CRD.BTHVSM.&VER.RDM.CUSPLT &ENV.CRD.WRKSEQ.&VER.CPCLE.ORG1 &ENV.CRD.WRKSEQ.&VER.CPCLE.ORG1.S &ENV.CRD.WRKSEQ.&VER.CPCLE.ORG5 &ENV.CRD.WRKSEQ.&VER.CPCLE.ORG5.S &ENV.CRD.WRKSEQ.&VER.CUSPLT.ORG1 &ENV.CRD.WRKSEQ.&VER.CUSPLT.ORG5 &PARMSUP(ICP00836) PRDCIS.BTHLOD.MY20A2 PRDCRD.BTHLOD.MY20A2,11,4,204,MY_JCL_Evidence.txt
MY,JCP1177B,IDCAMS,PRDCIS.ONLVSM.MY20A2.TNGERL PRDCRD.BTHCTL.MY20A2(ICP00368) PRDCRD.BTHCTL.MY20A2(ICP00370),3,26,44,MY_JCL_Evidence.txt
MY,JCP1177R,CP617490 CP617500 IDCAMS IEFBR14 SBBD004 SORT,&CNTLLIB(DYNALL32) &CNTLLIB(ICP00536) &CNTLLIB(ICP00537) &ENV.CIS.BTHSEQ.&VER.SBBD001A &ENV.CIS.BTHSEQ.&VER.SBBD001A.SPLIT &ENV.CIS.BTHSEQ.&VER.SBBD001B.SPLIT &ENV.CIS.BTHSEQ.&VER.SBBD001C.SPLIT &ENV.CIS.BTHVSM.&VER.CPBAPX &ENV.CIS.BTHVSM.&VER.CPBCMA &ENV.CIS.BTHVSM.&VER.CPBPLT &ENV.CIS.BTHVSM.&VER.CPBSYS &ENV.CIS.ONLVSM.&VER.CPAPX &ENV.CIS.ONLVSM.&VER.TNGERL &ENV.CRD.BTHSEQ.&VER.AUTOBLK.EQUOUI &ENV.CRD.BTHSEQ.&VER.AUTOBLK.LOWOUI &PARMSUP(ICP00876) PRDCRD.BTHCTL.MY20A2(ICP00369) PRDCRD.BTHCTL.MY20A2(ICP00429) PRDCRD.BTHCTL.MY20A2(ICP00432) PRDCRD.BTHCTL.MY20A2(RESETCC),20,31,202,MY_JCL_Evidence.txt
MY,JCP1177Y,IDCAMS,PRDCRD.BTHCTL.MY20A2(ICP00368) PRDCRD.BTHCTL.MY20A2(ICP00429) PRDCRD.BTHCTL.MY20A2(RESETCC),3,15,46,MY_JCL_Evidence.txt
MY,JCP1179U,IDCAMS,,0,20,20,MY_JCL_Evidence.txt
MY,JCP1180U,IDCAMS IEFBR14 NPD005 SORT,PRDCAU.BTHLOD.MY20A2 PRDCIS.BTHLOD.MY20A2 PRDCIS.BTHSEQ.MY20A2.BNS150 PRDCIS.BTHSEQ.MY20A2.BNS150.RNR.SORTD PRDCIS.BTHSEQ.MY20A2.BNS150.SORTD PRDCIS.BTHSEQ.MY20A2.BNS150M PRDCIS.BTHSEQ.MY20A2.BNS150M.AKPK PRDCIS.BTHSEQ.MY20A2.NPL.CLASS.CPTUI PRDCIS.BTHSEQ.MY20A2.NPL.DECLASS.CPTUI PRDCIS.BTHSEQ.MY20A2.NPL.YEARLY.CPTUI PRDCIS.BTHSEQ.MY20A2.NPLMSTD.NPD001 PRDCIS.BTHSEQ.MY20A2.RNR.DECLASS.CPTUI PRDCIS.BTHVSM.MY20A2.CPBCRD PRDCIS.WRKSEQ.MY20A2.BNS150.AKPK.SORTO PRDCIS.WRKSEQ.MY20A2.BNS150.RNR.SORTO PRDCIS.WRKSEQ.MY20A2.BNS150.SORTI PRDCIS.WRKSEQ.MY20A2.BNS150.SORTO PRDCIS.WRKSEQ.MY20A2.BNS150M.AKPK.SORTM PRDCIS.WRKSEQ.MY20A2.BNS150M.SORTM PRDCRD.BTHCTL.MY20A2(DYNALL32) PRDCSS.BTHLOD.MY20A2,21,4,253,MY_JCL_Evidence.txt
MY,JCP1180Y,IDCAMS,,0,19,19,MY_JCL_Evidence.txt
MY,JCP1182U,IDCAMS NPD002 SORT,PRDCAU.BTHLOD.MY20A2 PRDCIS.BTHLOD.MY20A2 PRDCIS.BTHSEQ.MY20A2.NPL.CLASS.CPTUI PRDCIS.BTHSEQ.MY20A2.NPLMST.PM PRDCIS.BTHVSM.MY20A2.CPBCRD PRDCIS.BTHVSM.MY20A2.CPBSYS PRDCIS.BTHVSM.MY20A2.CPSNPL PRDCIS.BTHVSM.MY20A2.NPLMST PRDCIS.ONLVSM.MY20A2.CPPAM PRDCRD.BTHCTL.MY20A2(DYNALL32) PRDCSS.BTHLOD.MY20A2,11,8,108,MY_JCL_Evidence.txt
MY,JCP1183U,ICETOOL IDCAMS NPD003A SORT,&CNTLLIB(DYNALL32) &CNTLLIB(ICP00579) &CNTLLIB(SORTCOPY) &ENV.CIS.BTHSEQ.&VER.CPCMH.NPD003A PRDCAU.BTHLOD.MY20A2 PRDCIS.BTHLOD.MY20A2 PRDCIS.BTHSEQ.MY20A2.BKPNPL.NPD003A PRDCIS.BTHSEQ.MY20A2.BKPNPL.OLD PRDCIS.BTHSEQ.MY20A2.EXTNPL PRDCIS.BTHSEQ.MY20A2.NEWNPL PRDCIS.BTHSEQ.MY20A2.NPL.DECLASS.CPTUI PRDCIS.BTHSEQ.MY20A2.NPLMSTD.NPD003A PRDCIS.BTHSEQ.MY20A2.NPLMSTO.UPD PRDCIS.BTHVSM.MY20A2.BKPNPL PRDCIS.BTHVSM.MY20A2.CPBAPX.ALL PRDCIS.BTHVSM.MY20A2.CPBCUS PRDCIS.BTHVSM.MY20A2.CPBSYS PRDCIS.BTHVSM.MY20A2.CPSNPL PRDCIS.BTHVSM.MY20A2.NPLMST PRDCIS.ONLVSM.MY20A2.CPAPX PRDCRD.BTHCTL.MY20A2(CPDFNPLB) PRDCRD.BTHCTL.MY20A2(CPDLNPLB) PRDCRD.BTHCTL.MY20A2(RESETCC) PRDCSS.BTHLOD.MY20A2,24,4,149,MY_JCL_Evidence.txt
MY,JCP1184U,IDCAMS SORT,PRDCIS.BTHSEQ.MY20A2.NPLMSTO.NEW PRDCIS.BTHSEQ.MY20A2.NPLMSTO.UPD PRDCIS.BTHVSM.MY20A2.NPLMST PRDCRD.BTHCTL.MY20A2(DYNALL32),4,12,58,MY_JCL_Evidence.txt
MY,JCP1185U,IDCAMS NPLRPT01 SORT,PRDCAU.BTHLOD.MY20A2 PRDCIS.BTHLOD.MY20A2 PRDCIS.BTHVSM.MY20A2.CPBSYS PRDCIS.BTHVSM.MY20A2.NPLMST PRDCIS.WRKSEQ.MY20A2.J1185.NPLMST.KH PRDCIS.WRKSEQ.MY20A2.J1185.NPLMST.WS PRDCIS.WRKSEQ.MY20A2.J1185.NPLMSTCV PRDCIS.WRKSEQ.MY20A2.J1185.NPLMSTIS PRDCSS.BTHLOD.MY20A2,9,4,180,MY_JCL_Evidence.txt
MY,JCP1186U,IDCAMS NPLRPT04 SORT,PRDCAU.BTHLOD.MY20A2 PRDCIS.BTHLOD.MY20A2 PRDCIS.BTHVSM.MY20A2.CPBSYS PRDCIS.BTHVSM.MY20A2.NPLMST PRDCIS.WRKSEQ.MY20A2.J1186.NPLMST PRDCIS.WRKSEQ.MY20A2.J1186.NPLMST.KH PRDCIS.WRKSEQ.MY20A2.J1186.NPLMST.WS PRDCSS.BTHLOD.MY20A2,8,4,146,MY_JCL_Evidence.txt
MY,JCP1187U,IDCAMS NPLRPT05 SORT,PRDCAU.BTHLOD.MY20A2 PRDCIS.BTHLOD.MY20A2 PRDCIS.BTHVSM.MY20A2.CPBSYS PRDCIS.BTHVSM.MY20A2.NPLMST PRDCIS.WRKSEQ.MY20A2.J1187.NPLMST.CUST PRDCIS.WRKSEQ.MY20A2.J1187.NPLMST.CUST.KH PRDCIS.WRKSEQ.MY20A2.J1187.NPLMST.CUST.WS PRDCSS.BTHLOD.MY20A2,8,4,150,MY_JCL_Evidence.txt
MY,JCP1188U,IDCAMS NPLRPT08 SORT,PRDCIS.BTHLOD.MY20A2 PRDCIS.BTHVSM.MY20A2.CPBSYS PRDCIS.BTHVSM.MY20A2.NPLMST PRDCIS.WRKVSM.MY20A2.NPLMST.X1 PRDCSS.BTHLOD.MY20A2,5,4,87,MY_JCL_Evidence.txt
MY,JCP1189U,IDCAMS NPLRPT06 SORT,PRDCIS.BTHLOD.MY20A2 PRDCIS.BTHSEQ.MY20A2.NPLMST.PM PRDCIS.BTHVSM.MY20A2.CPBSYS PRDCIS.BTHVSM.MY20A2.NPLMST PRDCRD.BTHLOD.MY20A2 PRDCRD.BTHSEQ.MY20A2.NPL.FMSMTH PRDCSS.BTHLOD.MY20A2,7,4,83,MY_JCL_Evidence.txt
MY,JCP1190U,NPLRPT03 SORT,PRDCIS.BTHLOD.MY20A2 PRDCIS.BTHVSM.MY20A2.NPLMST PRDCSS.BTHLOD.MY20A2,3,4,147,MY_JCL_Evidence.txt
MY,JCP1191U,IDCAMS NPLRPT07 SORT,PRDCIS.BTHLOD.MY20A2 PRDCIS.BTHVSM.MY20A2.CPBSYS PRDCIS.BTHVSM.MY20A2.NPLMST PRDCIS.WRKVSM.MY20A2.NPLMST.X2 PRDCSS.BTHLOD.MY20A2,5,4,90,MY_JCL_Evidence.txt
MY,JCP1192U,NPLRPT02 SORT,PRDCIS.BTHLOD.MY20A2 PRDCIS.BTHVSM.MY20A2.NPLMST PRDCSS.BTHLOD.MY20A2,3,4,45,MY_JCL_Evidence.txt
MY,JCP1193U,NPD001,PRDCIS.BTHLOD.MY20A2 PRDCIS.BTHSEQ.MY20A2.CLEANUP PRDCIS.BTHSEQ.MY20A2.NPL.YEARLY.CPTUI PRDCIS.BTHSEQ.MY20A2.NPLMSTD.NPD001 PRDCIS.BTHVSM.MY20A2.CPBCRD PRDCIS.BTHVSM.MY20A2.CPBSYS PRDCIS.BTHVSM.MY20A2.NPLMST PRDCSS.BTHLOD.MY20A2,8,4,57,MY_JCL_Evidence.txt
MY,JCP1193Y,IDCAMS,,0,16,16,MY_JCL_Evidence.txt
MY,JCP1194Y,IDCAMS SORT,PRDCIS.BKPVSM.MY20A2.CPZCMF.UC500 PRDCIS.ONLVSM.MY20A2.CPZCMF,2,12,60,MY_JCL_Evidence.txt
MY,JCP1195U,IEFBR14 NPD004A,PRDCAU.BTHLOD.MY20A2 PRDCIS.BTHLOD.MY20A2 PRDCIS.BTHSEQ.MY20A2.NEWNPL PRDCIS.BTHSEQ.MY20A2.NPLMSTO.NEW PRDCIS.BTHVSM.MY20A2.CPBSYS PRDCIS.ONLVSM.MY20A2.CPOLP PRDCIS.ONLVSM.MY20A2.CPOLS PRDCIS.ONLVSM.MY20A2.CPTCD PRDCSS.BTHLOD.MY20A2,9,4,46,MY_JCL_Evidence.txt
MY,JCP1196U,IDCAMS IEFBR14 NPD004B,PRDCAU.BTHLOD.MY20A2 PRDCIS.BKPSEQ.MY20A2.BNS150M.NPD004 PRDCIS.BTHLOD.MY20A2 PRDCIS.BTHSEQ.MY20A2.BNS150M PRDCIS.BTHSEQ.MY20A2.EXTNPL PRDCIS.BTHSEQ.MY20A2.NPLMSTO.UPD PRDCIS.BTHVSM.MY20A2.CPBSYS PRDCIS.ONLVSM.MY20A2.CPOLS PRDCIS.ONLVSM.MY20A2.CPTCD PRDCSS.BTHLOD.MY20A2,10,4,73,MY_JCL_Evidence.txt
MY,JCP1200U,IDCAMS,,0,16,16,MY_JCL_Evidence.txt
MY,JCP1201U,IEFBR14 SORT,&ENV.CIS.BTHSEQ.&VER.NPL.CPTUI.MERGE &ENV.CIS.BTHSEQ.&VER.NPL.DECLASS.CPTUI &ENV.CIS.BTHSEQ.&VER.NPL.YEARLY.CPTUI &ENV.CIS.BTHSEQ.&VER.RNR.DECLASS.CPTUI PRDCIS.BTHSEQ.MY20A2.NPL.CLASS.CPTUI PRDCIS.BTHSEQ.MY20A2.NPL.CPTUI.MERGE PRDCIS.BTHSEQ.MY20A2.NPL.DECLASS.CPTUI PRDCIS.BTHSEQ.MY20A2.NPL.MAINT.CPTUI PRDCIS.BTHSEQ.MY20A2.NPL.YEARLY.CPTUI PRDCIS.BTHSEQ.MY20A2.RNR.DECLASS.CPTUI PRDCRD.BTHCTL.MY20A2(DYNALL32),11,12,54,MY_JCL_Evidence.txt
MY,JCP1202U,IDCAMS,,0,14,14,MY_JCL_Evidence.txt
MY,JCP1203U,CPD000 CPGST002,PRDCIS.BTHLOD.MY20A2 PRDCIS.BTHSEQ.MY20A2.GSTPFM PRDCIS.BTHVSM.MY20A2.CPBAPX PRDCIS.BTHVSM.MY20A2.CPBPLT PRDCRD.BTHCTL.MY20A2(CPGSTPR),5,4,35,MY_JCL_Evidence.txt
MY,JCP1203Y,IDCAMS,PRDCIS.BKPVSM.MY20A2.CPBPLT.GST,1,11,26,MY_JCL_Evidence.txt
MY,JCP1205U,ICEGENER,PRDCIS.BTHBGD.MY20A2.&XXI PRDCIS.BTHTGD.MY20A2.&XXO,2,10,15,MY_JCL_Evidence.txt
MY,JCP1210R,CP614680 IDCAMS SORT,PRDCAQ.BTHSEQ.MY20A2.MERCON PRDCAQ.BTHVSM.MY20A2.QMPSYSR PRDCAQ.ONLVSM.MY20A2.QMMMER PRDCAQ.ONLVSM.MY20A2.QMSPTM PRDCAQ.WRKSEQ.MY20A2.MERCON PRDCAQ.WRKSEQ.MY20A2.QMSPTM PRDCAQ.WRKVSM.MY20A2.MERCON.REPRO PRDCRD.BTHLOD.MY20A2 PRDEDC.ONLVSM.MY20A2.OADCTF,9,4,104,MY_JCL_Evidence.txt
MY,JCP1211R,CP614690 IDCAMS SORT,PRDCAQ.BTHSEQ.MY20A2.MERCON PRDCAQ.BTHVSM.MY20A2.QMPSYSR PRDCAQ.ONLVSM.MY20A2.QMMMER PRDCAQ.ONLVSM.MY20A2.QMSPTM PRDCAQ.WRKSEQ.MY20A2.MERCON PRDCAQ.WRKSEQ.MY20A2.QMSPTM PRDCAQ.WRKVSM.MY20A2.MERCON.REPRO PRDCRD.BTHLOD.MY20A2 PRDEDC.ONLVSM.MY20A2.OADCTF,9,4,97,MY_JCL_Evidence.txt
MY,JCP1212R,CP614700 IDCAMS SORT,PRDCAQ.BTHSEQ.MY20A2.MERCON PRDCAQ.BTHVSM.MY20A2.QMPSYSR PRDCAQ.ONLVSM.MY20A2.QMMMER PRDCAQ.ONLVSM.MY20A2.QMSPTM PRDCAQ.WRKSEQ.MY20A2.MERCON PRDCAQ.WRKSEQ.MY20A2.QMSPTM PRDCAQ.WRKVSM.MY20A2.MERCON.REPRO PRDCRD.BTHLOD.MY20A2 PRDEDC.ONLVSM.MY20A2.OADCTF,9,4,97,MY_JCL_Evidence.txt
MY,JCP1213R,CP614710 CP617760 IDCAMS SORT,PRDCAQ.BTHVSM.MY20A2.QMPSYSR PRDCAQ.BTHVSM.MY20A2.QMSPTM PRDCSS.BTHBGD.MY20A2.CSAUDT(0) PRDCSS.WRKSEQ.MY20A2.CSAUDT PRDEDC.ONLVSM.MY20A2.OADCTF,5,24,164,MY_JCL_Evidence.txt
MY,JCP1218U,IDCAMS,PRDCRD.BTHCTL.MY20A2(FOAHCL) PRDCRD.BTHCTL.MY20A2(ICP00593) PRDCRD.BTHCTL.MY20A2(ICP00594) PRDCRD.BTHCTL.MY20A2(RESETCC),4,15,34,MY_JCL_Evidence.txt
MY,JCP1219U,IDCAMS,PRDCIS.BTHVSM.MY20A2.CPBAPX PRDCIS.BTHVSM.MY20A2.CPBCAPCX PRDCIS.BTHVSM.MY20A2.CPBCAX PRDCIS.BTHVSM.MY20A2.CPBCPX PRDCIS.BTHVSM.MY20A2.CPBICCCX PRDCIS.BTHVSM.MY20A2.CPBNAK PRDCRD.BTHCTL.MY20A2(ICP00597) PRDCRD.BTHCTL.MY20A2(ICP00598) PRDCRD.BTHCTL.MY20A2(RESETCC),9,15,49,MY_JCL_Evidence.txt
MY,JCP1220U,IDCAMS,,0,15,15,MY_JCL_Evidence.txt
MY,JCP1221A,IDCAMS,PRDCAQ.BTHVSM.MY20A2.QMMACT PRDCAQ.BTHVSM.MY20A2.QMMBUS PRDCAQ.BTHVSM.MY20A2.QMMCNT PRDCAQ.BTHVSM.MY20A2.QMMMER PRDCAQ.BTHVSM.MY20A2.QMMPRF,5,11,52,MY_JCL_Evidence.txt
MY,JCP1221B,IDCAMS,PRDCAQ.BTHVSM.MY20A2.QMMBLC PRDCAQ.BTHVSM.MY20A2.QMMDTTL PRDCAQ.BTHVSM.MY20A2.QMMSTAT PRDCAQ.BTHVSM.MY20A2.QMPATI PRDCAQ.BTHVSM.MY20A2.QMPDIS PRDCAQ.BTHVSM.MY20A2.QMPPGO PRDCAQ.BTHVSM.MY20A2.QMPSYS PRDCAQ.BTHVSM.MY20A2.QMSPTM PRDCAQ.BTHVSM.MY20A2.QMTMPT,9,10,67,MY_JCL_Evidence.txt
MY,JCP1223U,,PRDCIS.BTHLOD.MY20A2 PRDCSS.BTHLOD.MY20A2,2,4,5,MY_JCL_Evidence.txt
MY,JCP1224U,,PRDCIS.BTHLOD.MY20A2 PRDCSS.BTHLOD.MY20A2,2,4,5,MY_JCL_Evidence.txt
MY,JCP1225U,,PRDCIS.BTHLOD.MY20A2 PRDCSS.BTHLOD.MY20A2,2,4,5,MY_JCL_Evidence.txt
MY,JCP1226U,,PRDCIS.BTHLOD.MY20A2 PRDCSS.BTHLOD.MY20A2,2,4,5,MY_JCL_Evidence.txt
MY,JCP1227U,,PRDCIS.BTHLOD.MY20A2 PRDCSS.BTHLOD.MY20A2,2,4,5,MY_JCL_Evidence.txt
MY,JCP1228U,,PRDCIS.BTHLOD.MY20A2 PRDCSS.BTHLOD.MY20A2,2,4,5,MY_JCL_Evidence.txt
MY,JCP1229U,,PRDCIS.BTHLOD.MY20A2 PRDCSS.BTHLOD.MY20A2,2,4,5,MY_JCL_Evidence.txt
MY,JCP1230U,,PRDCRD.BTHCTL.MY20A2(ICP00631) PRDCRD.BTHCTL.MY20A2(ICP00632),2,21,28,MY_JCL_Evidence.txt
MY,JCP1231Q,IDCAMS SORT,PRDCIS.BTHVSM.MY20A2.CPBSYS PRDCRD.BTHSEQ.MY20A2.J1231.CTL.F1 PRDCRD.BTHSEQ.MY20A2.J1231.CTL.F2 PRDCRD.BTHSEQ.MY20A2.J1231.F1 PRDCRD.BTHSEQ.MY20A2.J1231.F2 PRDCRD.BTHSEQ.MY20A2.J1231.F3 PRDCRD.BTHSEQ.MY20A2.J1231.F4 PRDCRD.BTHSEQ.MY20A2.J1231.SYS PRDIMX.BTHSEQ.MY20A2.CXACIO,9,15,101,MY_JCL_Evidence.txt
MY,JCP1231U,CP614430 CP614610 CXRC060 CXRM010 CXU016 IDCAMS IEFBR14,&CNTLLIB(ICPK2000) PATM.PMNSEQ.MY20A2.MDCIN.GCMS.ALL PRDCIS.BTHVSM.MY20A2.CPBSYS PRDCIS.ONLVSM.MY20A2.CPPFX.PATH PRDCRD.BTHCTL.MY20A2(ICP00586) PRDCRD.BTHCTL.MY20A2(ICP00675) PRDCRD.BTHCTL.MY20A2(ICP00677) PRDIMX.BTHSEQ.MY20A2.CXACIO PRDIMX.BTHSEQ.MY20A2.CXTFO.POSTD PRDIMX.ONLVSM.MY20A2.CXASO PRDIMX.ONLVSM.MY20A2.CXSYS,11,27,176,MY_JCL_Evidence.txt
MY,JCP1232Q,IDCAMS SORT,PRDCRD.BTHSEQ.MY20A2.J1232.CTL.F1 PRDCRD.BTHSEQ.MY20A2.J1232.CTL.F2 PRDCRD.BTHSEQ.MY20A2.J1232.F1 PRDCRD.BTHSEQ.MY20A2.J1232.F2 PRDCRD.BTHSEQ.MY20A2.J1232.F3 PRDCRD.BTHSEQ.MY20A2.J1232.F4 PRDIMX.BTHSEQ.MY20A2.CXTFOD.MCO,7,10,67,MY_JCL_Evidence.txt
MY,JCP1232U,CP614620 IDCAMS IEFBR14,PRDCIS.BTHVSM.MY20A2.CPBSYS PRDCIS.ONLVSM.MY20A2.CPPFX.PATH PRDCRD.BTHCTL.MY20A2(REPROR) PRDIMX.BTHSEQ.MY20A2.CXTFO.MCO PRDIMX.BTHSEQ.MY20A2.CXTFOD.MCO PRDIMX.BTHSEQ.MY20A2.MYC.CPADD.X021 PRDIMX.BTHVSM.MY20A2.CPADD PRDIMX.ONLVSM.MY20A2.CXRTE,8,20,111,MY_JCL_Evidence.txt
MY,JCP1233U,CP613970 ICEGENER IDCAMS SORT,&ENV.CIS.BTHVSM.&VER.CPBCRD &ENV.CIS.BTHVSM.&VER.EISCC &ENV.CIS.ONLVSM.&VER.CPPAM &ENV.CIS.WRKSEQ.&VER.CRD.EIS.SORT &ENV.CIS.WRKSEQ.&VER.EIS001 &ENV.CIS.WRKSEQ.&VER.EISCC.SORTED PRDCIS.WRKSEQ.MY20A2.CRD.EIS.SORT PRDCIS.WRKSEQ.MY20A2.EIS001 PRDCIS.WRKSEQ.MY20A2.EISCC.SORTED PRDCRD.BTHCTL.MY20A2(EISCC) PRDCRD.BTHLOD.MY20A2,11,5,157,MY_JCL_Evidence.txt
MY,JCP1234U,CP613980 IDCAMS IEFBR14 SORT,&CNTLLIB(EIS608S2) PRDCIS.BTHBGD.MY20A2.BNSTRN.DBK(0) PRDCIS.BTHSEQ.MY20A2.EIS103 PRDCIS.BTHVSM.MY20A2.CPBSYS PRDCIS.WRKSEQ.MY20A2.BNSTRN.SORT PRDCIS.WRKSEQ.MY20A2.BNSTRN.SORT2 PRDCRD.BTHLOD.MY20A2,7,4,108,MY_JCL_Evidence.txt
MY,JCP1235U,CP614000 ICEGENER SORT,&ENV.CIS.BTHBGD.&VER.EIS113.BKP(+1) &ENV.CIS.BTHBGD.&VER.EIS113.BKP(0) &ENV.CIS.BTHSEQ.&VER.EIS103 &ENV.CIS.BTHSEQ.&VER.EIS113 &ENV.CIS.BTHVSM.&VER.CPBSYS &ENV.CIS.WRKSEQ.&VER.EIS103.SORT &ENV.CIS.WRKSEQ.&VER.EIS113.BK.PREV PRDCIS.BTHSEQ.MY20A2.EIS113 PRDCIS.WRKSEQ.MY20A2.EIS103.SORT PRDCIS.WRKSEQ.MY20A2.EIS113.BK.PREV PRDCIS.WRKSEQ.MY20A2.EIS113.SORT PRDCRD.BTHLOD.MY20A2,12,5,102,MY_JCL_Evidence.txt
MY,JCP1236U,CP614020 ICEGENER ICETOOL SORT,&ENV.CIS.BTHSEQ.&VER.EIS113 &ENV.CIS.BTHSEQ.&VER.EISERR &ENV.CIS.BTHSEQ.&VER.EISERR.NEW.ORG005 &ENV.CIS.BTHSEQ.&VER.EISWKLY.FINAL &ENV.CIS.BTHSEQ.&VER.EISWKLY.FINAL.ORG5 &ENV.CIS.BTHVSM.&VER.CPBSYS &ENV.CIS.WRKSEQ.&VER.EIS.IDXSORT &ENV.CIS.WRKSEQ.&VER.EIS.IDXSORT.ORG5 &ENV.CIS.WRKSEQ.&VER.EIS113.SORTED &ENV.CIS.WRKSEQ.&VER.EIS113.SORTED.ORG005 &ENV.CIS.WRKSEQ.&VER.EISWKLY.NEW &ENV.CIS.WRKSEQ.&VER.EISWKLY.NEW.ORG5 &ENV.CRD.BTHSEQ.&VER.EISWKLY &ENV.CRD.BTHSEQ.&VER.EISWKLY.ORG005 CLKCUST.DAT ICLKCUST.DAT PRDCIS.BTHSEQ.MY20A2.EISERR PRDCIS.BTHSEQ.MY20A2.EISERR.NEW.ORG005 PRDCIS.BTHSEQ.MY20A2.EISWKLY.FINAL PRDCIS.BTHSEQ.MY20A2.EISWKLY.FINAL.ORG5 PRDCIS.WRKSEQ.MY20A2.EIS.IDXSORT PRDCIS.WRKSEQ.MY20A2.EIS.IDXSORT.ORG5 PRDCIS.WRKSEQ.MY20A2.EIS113.SORTED PRDCIS.WRKSEQ.MY20A2.EIS113.SORTED.ORG005 PRDCIS.WRKSEQ.MY20A2.EISWKLY.NEW PRDCIS.WRKSEQ.MY20A2.EISWKLY.NEW.ORG5 PRDCRD.BTHLOD.MY20A2 PRDCRD.BTHLOD.MY20A2.EIS.E151003,28,5,287,MY_JCL_Evidence.txt
MY,JCP1239U,IDCAMS,PRDCAU.BKPVSM.MY20A2.AULOG1.EOD.BEFORE PRDCAU.BKPVSM.MY20A2.AULOG2.EOD.BEFORE PRDCAU.BKPVSM.MY20A2.AULOG3.EOD.BEFORE PRDCAU.BKPVSM.MY20A2.AUSYS.EOD.BEF PRDCAU.BKPVSM.MY20A2.AUSYS.EOD.BEFORE PRDCAU.BKPVSM.MY20A2.ISSCATV.EOD.BEFORE PRDCAU.BKPVSM.MY20A2.ISSCCVS.EOD.BEFORE PRDCAU.BKPVSM.MY20A2.ISSCTYV.EOD.BEFORE PRDCAU.BKPVSM.MY20A2.ISSFRD.EOD.BEFORE PRDCAU.BKPVSM.MY20A2.ISSLOGA.EOD.BEFORE PRDCAU.BKPVSM.MY20A2.ISSLOGB.EOD.BEFORE PRDCAU.BKPVSM.MY20A2.ISSPAR.EOD.BEFORE PRDCAU.BKPVSM.MY20A2.ISSRPCS.EOD.BEFORE PRDCAU.BKPVSM.MY20A2.ISSSPCL.EOD.BEFORE PRDCAU.BKPVSM.MY20A2.ISSSTLA.EOD.BEFORE PRDCAU.BKPVSM.MY20A2.ISSSTLB.EOD.BEFORE PRDCAU.BKPVSM.MY20A2.ISSSTV.EOD.BEFORE PRDCAU.BKPVSM.MY20A2.ISSVTP.EOD.BEFORE PRDCAU.BKPVSM.MY20A2.ISSWMSG.EOD.BEFORE PRDCAU.BTHLOD.MY20A2 PRDCSS.BTHLOD.MY20A2,21,4,123,MY_JCL_Evidence.txt
MY,JCP1240U,IDCAMS,,0,14,14,MY_JCL_Evidence.txt
MY,JCP1241U,ICEGENER,PRDCRD.BTHSEQ.MY20A2.EIS.ORG002.CLEAR PSUC.ONLLIB.LOADLIB,2,4,15,MY_JCL_Evidence.txt
MY,JCP1242U,ADRDSSU IDCAMS,PRDCIS.TMPVSM.MY20A2.CPNIAP.ONLLARGE PRDCIS.TMPVSM.MY20A2.CPNOLP.ONLLARGE PRDCIS.TMPVSM.MY20A2.CPNPMH PRDCIS.TMPVSM.MY20A2.CPNPMX,4,10,59,MY_JCL_Evidence.txt
MY,JCP1242Y,ADRDSSU IDCAMS,,0,10,27,MY_JCL_Evidence.txt
MY,JCP1244U,ICEGENER IEBCOPY,&DSN PRDCL2.ONLLOD.MY20A2,2,6,27,MY_JCL_Evidence.txt
MY,JCP1247U,IDCAMS,PRDCRD.BKPVSM.MY20A2.TNGERL.JCP0506U,1,13,37,MY_JCL_Evidence.txt
MY,JCP1248U,IDCAMS SORT,PRDCRD.BTHCTL.MY20A2(DYNALL32) PRDIMX.BTHSEQ.MY20A2.CXCHA PRDIMX.BTHSEQ.MY20A2.CXCHA.TEMP PRDIMX.BTHSEQ.MY20A2.CXCP1.CXCHA,4,10,66,MY_JCL_Evidence.txt
MY,JCP1248Y,IDCAMS,,0,10,10,MY_JCL_Evidence.txt
MY,JCP1249U,IDCAMS SORT,PRDCRD.BTHCTL.MY20A2(DYNALL32) PRDIMX.BTHSEQ.MY20A2.CXCHU.TEMP PRDIMX.BTHSEQ.MY20A2.CXCP1.CXCHU,3,12,68,MY_JCL_Evidence.txt
MY,JCP1249Y,IDCAMS,,0,12,12,MY_JCL_Evidence.txt
MY,JCP1250B,IDCAMS,PRDCIS.ONLVSM.MY20A2.CPNIAP.ONLLARGE.T PRDCIS.ONLVSM.MY20A2.CPNOLP.ONLLARGE.T PRDCIS.ONLVSM.MY20A2.CPNPMH.T,3,22,55,MY_JCL_Evidence.txt
MY,JCP1250Y,IDCAMS,,0,20,20,MY_JCL_Evidence.txt
MY,JCP1251B,IDCAMS,PRDCIS.TMPVSM.MY20A2.CPNPMX,1,14,39,MY_JCL_Evidence.txt
MY,JCP1251Y,IDCAMS,,0,14,14,MY_JCL_Evidence.txt
MY,JCP1252U,AUU000 AUU001 CP616920 CP617180 CP617300 ICEGENER SORT,&CNTLLIB(AUU001D) &CNTLLIB(ICP00871) &CNTLLIB(ICP01332) &ENV.CAU.ONLVSM.&VER.AUSYS &ENV.CIS.BTHVSM.&VER.CPBABP &ENV.CIS.BTHVSM.&VER.CPBCRD &ENV.CIS.BTHVSM.&VER.CPBCUS &ENV.CIS.BTHVSM.&VER.CPBPLT &ENV.CIS.BTHVSM.&VER.CPBSYS &ENV.CIS.ONLVSM.&VER.CPAPXA &ENV.CIS.ONLVSM.&VER.CPAPXB &ENV.CIS.ONLVSM.&VER.CPCAXA &ENV.CIS.ONLVSM.&VER.CPCAXB &ENV.CIS.ONLVSM.&VER.CPCPX &ENV.CIS.ONLVSM.&VER.CPPFX &ENV.CRD.BTHBGD.&VER.BUCLTOCP.L400(+1) &ENV.CRD.BTHSEQ.&VER.BUCLTOCP.LSTEXTR &ENV.CRD.BTHSEQ.&VER.FAXDCUCR &ENV.CRD.BTHVSM.&VER.BLKA.CUSTEXCL.CLD &ENV.CRD.BTHVSM.&VER.BLKA.CUSTEXCL.CRI &ENV.CRD.WRKSEQ.&VER.FAXDCUCR &PARMSUP(ICP00870),22,20,183,MY_JCL_Evidence.txt
MY,JCP1253U,CP617190 SORT,&CNTLLIB(SORTCOPY) &ENV.CIS.BTHVSM.&VER.CPBCRD &ENV.CIS.BTHVSM.&VER.CPBCUS &ENV.CIS.BTHVSM.&VER.CPBPLT &ENV.CIS.BTHVSM.&VER.CPBSYS &ENV.CIS.BTHVSM.&VER.CPCCPF.ALL &ENV.CIS.BTHVSM.&VER.CPTCPF.ALL &ENV.CRD.BTHSEQ.&VER.BUCLTOCP.LSTEXTR &ENV.CRD.BTHSEQ.&VER.BUCLTOCP.SUCEXTR &ENV.CRD.BTHSEQ.&VER.RCS.CUCR.LSTEXTR &ENV.CRD.BTHSEQ.&VER.RCS.LSTEXTR.J1253,11,20,61,MY_JCL_Evidence.txt
MY,JCP1254U,CP617250 SORT,&CNTLLIB(DYNALL32) &ENV.CIS.BTHVSM.&VER.CPBSYS &ENV.CRD.BTHSEQ.&VER.AUTOUPD.CPTUI &ENV.CRD.BTHVSM.&VER.RDM.CRDPLT &ENV.CRD.WRKSEQ.&VER.AUTOUPD.CRDPLT &PARMSUP(ICP00870) PRDCRD.BTHLOD.MY20A2 PRDCSS.BTHLOD.MY20A2,8,4,77,MY_JCL_Evidence.txt
MY,JCP1255U,CP617370,&ENV.CIS.BTHVSM.&VER.CPBCMA &ENV.CIS.BTHVSM.&VER.CPBSYS &ENV.CIS.BTHVSM.&VER.CPCCPF.ALL &ENV.CRD.BTHSEQ.&VER.BUCLTOCP.SUCEXTR &ENV.CRD.BTHSEQ.&VER.INSUR.MAINT.CPTUI &PARMSUP(ICP00870),6,16,35,MY_JCL_Evidence.txt
MY,JCP1256U,CP617270 IDCAMS SORT,&CNTLLIB(DYNALL32) &CNTLLIB(ICP00873) &CNTLLIB(ICPK0050) &CNTLLIB(ICPK2000) &ENV.CIS.BTHVSM.&VER.CPBCUS &ENV.CIS.BTHVSM.&VER.CPBPLT &ENV.CIS.BTHVSM.&VER.CPBSYS &ENV.CIS.BTHVSM.&VER.CPCCPF.ALL &ENV.CRD.BTHSEQ.&VER.BUCLTOCP.SUCEXTR &ENV.CRD.BTHSEQ.&VER.CRLMT.CP614190 &ENV.CRD.BTHSEQ.&VER.SMS.BULKUPG &ENV.CRD.WRKSEQ.&VER.BUCLTOCP.J1256 &ENV.CRD.WRKVSM.&VER.CPCCPF.J1256 &PARMSUP(ICP00870),14,15,146,MY_JCL_Evidence.txt
MY,JCP1257U,IDCAMS,&ENV.IMX.BTHSEQ.&VER.CXMEX.JCB.MERGE &ENV.IMX.BTHSEQ.&VER.CXMEX.JCB.YEST,2,19,33,MY_JCL_Evidence.txt
MY,JCP1259U,CP614180 ETALK IDCAMS SORT,PRDCIS.BTHVSM.MY20A2.CPBSYS PRDCRD.BTHCTL.MY20A2(DYNALL32) PRDCRD.BTHLOD.MY20A2 PRDCRD.BTHSEQ.MY20A2.GFM.CIFILE.MONIES PRDCRD.BTHSEQ.MY20A2.MONIES.CPTUI PRDCRD.BTHSEQ.MY20A2.MONIES.TEXT PRDCRD.BTHSEQ.MY20A2.MONIES.TEXT.ENCVS PRDCRD.BTHVSM.MY20A2.RDM.CUSPLT PRDCRD.WRKSEQ.MY20A2.CUSPLT.MONIES PSUC.ONLLIB.LOADLIB PSUC.PAYMATE.ETALK.MASTER,11,4,98,MY_JCL_Evidence.txt
MY,JCP1274U,AUU000 AUU001 CP614880 CP616360 CP617820 CP619810 CP620100 SORT,PRDCAU.ONLVSM.MY20A2.AUSYS PRDCAU.ONLVSM.MY20A2.ISSLOGA PRDCAU.ONLVSM.MY20A2.ISSLOGB PRDCIS.BTHVSM.MY20A2.CPBSYS PRDCRD.BTHCTL.MY20A2(AUU001C),5,60,322,MY_JCL_Evidence.txt
MY,JCP1278R,CPD000 CPD130 IEFBR14 SORT,&CNTLLIB(CCP03NCO) &CNTLLIB(CPD130A) &CNTLLIB(ICP00588) &ENV.CIS.BTHSEQ.&VER.CPSR0919 &ENV.CIS.BTHSEQ.&VER.CPSRPTT &ENV.CIS.BTHVSM.&VER.CPBCRD &ENV.CIS.BTHVSM.&VER.CPBCUS &ENV.CIS.BTHVSM.&VER.CPBSYS &ENV.CIS.BTHVSM.&VER.CPCCPF.ALL &ENV.CIS.BTHVSM.&VER.CPTCPF.ALL &ENV.CIS.ONLVSM.&VER.CPPAM &ENV.CRD.BTHSEQ.&VER.CPD13000 &ENV.CRD.BTHSEQ.&VER.CPD13001 &ENV.CRD.BTHSEQ.&VER.CPD13031 &ENV.CRD.BTHSEQ.&VER.CPD13032 PRDCIS.BTHLOD.MY20A2 PRDCSS.BTHLOD.MY20A2,17,4,129,MY_JCL_Evidence.txt
MY,JCP1279R,CP514191 CP514192 CP514193 CP614190 IEFBR14,PRDCIS.BTHLOD.MY20A2 PRDCIS.BTHVSM.MY20A2.CPBCRD PRDCIS.BTHVSM.MY20A2.CPBCUS PRDCIS.BTHVSM.MY20A2.CPBPLT PRDCIS.BTHVSM.MY20A2.CPBSYS PRDCRD.BTHLOD.MY20A2 PRDCRD.BTHSEQ.MY20A2.CPD13000 PRDCRD.BTHSEQ.MY20A2.CPD13001 PRDCRD.BTHSEQ.MY20A2.CPD13031 PRDCRD.BTHSEQ.MY20A2.CRLMT.CP614190 PRDCRD.WRKSEQ.MY20A2.CRLMT.ORG001 PRDCRD.WRKSEQ.MY20A2.CRLMT.ORG005 PRDCRD.WRKSEQ.MY20A2.CRLMT.ORG100,13,13,133,MY_JCL_Evidence.txt
MY,JCP1288U,CPDCR01 IDCAMS SORT,PRDCIS.BTHLOD.MY20A2 PRDCIS.BTHSEQ.MY20A2.CPRPTT PRDCIS.BTHVSM.MY20A2.CPBCRD PRDCIS.BTHVSM.MY20A2.CPBPLT PRDCIS.BTHVSM.MY20A2.CPBSYS PRDCRD.BTHCTL.MY20A2(DYNALL32) PRDCRD.BTHPRM.MY20A2.SUP(ICP00662) PRDCRD.BTHSEQ.MY20A2.CR.CPTUI.#1 PRDCRD.BTHSEQ.MY20A2.CR.CPTUI.#2 PRDCRD.WRKSEQ.MY20A2.CR.CPRPTT PRDCRD.WRKSEQ.MY20A2.CR.CPTUI.#1,11,4,92,MY_JCL_Evidence.txt
MY,JCP1289X,CP614390 IDCAMS,PRDCIS.BTHVSM.MY20A2.CPBCRD PRDCIS.BTHVSM.MY20A2.CPBPLT PRDCLB.ONLVSM.MY20A2.LBCRD,3,21,48,MY_JCL_Evidence.txt
MY,JCP1289Y,IDCAMS,PRDCLB.ONLVSM.MY20A2.LBCRD PRDCRD.BTHLOD.MY20A2,2,8,44,MY_JCL_Evidence.txt
MY,JCP1290U,CP615000 IEFBR14 SORT,PRDCIS.BTHLOD.MY20A2 PRDCIS.BTHVSM.MY20A2.CPBCRD PRDCIS.BTHVSM.MY20A2.CPBCUS PRDCIS.BTHVSM.MY20A2.CPBPLT PRDCIS.BTHVSM.MY20A2.CPBSYS PRDCIS.ONLVSM.MY20A2.CPPFX.PATH PRDCLB.ONLVSM.MY20A2.LBCRD PRDCRD.BTHCTL.MY20A2(ICP00663) PRDCRD.BTHCTL.MY20A2(ICP00701) PRDCRD.BTHCTL.MY20A2(ICP00702) PRDCRD.BTHCTL.MY20A2(ICP00795) PRDCRD.BTHLOD.MY20A2 PRDCRD.BTHPRM.MY20A2.SUP(ICP00225) PRDCRD.BTHSEQ.MY20A2.OLS.INFILE PRDCRD.BTHSEQ.MY20A2.OLS.INFILE.REJ PRDCRD.BTHSEQ.MY20A2.OLS.LBUIM PRDCRD.BTHSEQ.MY20A2.OLS.OUTFILE,17,4,139,MY_JCL_Evidence.txt
MY,JCP1291U,CP612280 CP615010 IDCAMS LBD030R LBD035B LBD035R SORT,PRDCIS.BTHVSM.MY20A2.CPBSYS PRDCLB.BTHLOD.MY20A2 PRDCLB.BTHSEQ.MY20A2.LBCRD.SORT PRDCLB.BTHSEQ.MY20A2.LBEMRPT PRDCLB.BTHSEQ.MY20A2.LBMONET PRDCLB.BTHVSM.MY20A2.LBSCTGR PRDCLB.ONLVSM.MY20A2.LBCRD PRDCLB.ONLVSM.MY20A2.LBSYS PRDCLB.TMPSEQ.MY20A2.OLS.LBQERPT PRDCLB.TMPSEQ.MY20A2.OLS.LBSMONET PRDCLB.TMPSEQ.MY20A2.OLS.LBTXN PRDCRD.BTHCTL.MY20A2(DYNALL32) PRDCRD.BTHCTL.MY20A2(ICP00663) PRDCRD.BTHCTL.MY20A2(LBD02SC) PRDCRD.BTHCTL.MY20A2(LBD02SG) PRDCRD.BTHCTL.MY20A2(LBD030RA) PRDCRD.BTHCTL.MY20A2(LBD035RA) PRDCRD.BTHLOD.MY20A2 PRDCRD.TMPVSM.MY20A2.OLS PRDCSS.BTHLOD.MY20A2,20,4,202,MY_JCL_Evidence.txt
MY,JCP1293U,CP615080 ICETOOL IDCAMS,&CNTLLIB(CPDFOR) &CNTLLIB(CPDLOR) &CNTLLIB(RESETCC) PRDCIS.BKPVSM.MY20A2.CPPRJ PRDCIS.BTHSEQ.MY20A2.CPPRJ.SRT PRDCIS.BTHVSM.MY20A2.CPBCRD PRDCIS.BTHVSM.MY20A2.CPBPLT PRDCIS.BTHVSM.MY20A2.CPBSYS PRDCIS.BTHVSM.MY20A2.CPPRJ.SRT PRDCIS.ONLVSM.MY20A2.CPCAPCX PRDCIS.ONLVSM.MY20A2.CPPRJ PRDCRD.BTHCTL.MY20A2(REPRO),12,20,178,MY_JCL_Evidence.txt
MY,JCP1293Y,IDCAMS,PRDCIS.BKPVSM.MY20A2.CPPRJ,1,13,16,MY_JCL_Evidence.txt
MY,JCP1298U,CP615260 CP615280 IEFBR14,&CNTLLIB(ICP00673) &CNTLLIB(ICP00674) &ENV.CIS.BTHVSM.&VER.CPBPLT &ENV.CIS.BTHVSM.&VER.CPBSYS &ENV.CRD.BTHSEQ.&VER.AKPK.CPTUI &ENV.CRD.BTHSEQ.&VER.AKPK.INFILE &ENV.CRD.BTHSEQ.&VER.AKPK.REJECT &ENV.CRD.BTHSEQ.&VER.AKPK.SUCCESS PRDCIS.BTHLOD.MY20A2 PRDCRD.BTHLOD.MY20A2,10,4,102,MY_JCL_Evidence.txt
MY,JCP1298Y,IEFBR14,&ENV.CRD.BTHSEQ.&VER.AKPK.CPTUI &ENV.CRD.BTHSEQ.&VER.AKPK.REJECT &ENV.CRD.BTHSEQ.&VER.AKPK.SUCCESS,3,14,33,MY_JCL_Evidence.txt
MY,JCP1299U,CP615270 CP615290 CP615610 SORT,&CNTLLIB(DYNALL32) &CNTLLIB(ICP00674) &CNTLLIB(ICP00681) &ENV.CIS.BTHSEQ.&VER.CPRPTT &ENV.CIS.BTHSEQ.&VER.CPTUI2 &ENV.CIS.BTHVSM.&VER.CPBCRD &ENV.CIS.BTHVSM.&VER.CPBCUS &ENV.CIS.BTHVSM.&VER.CPBPLT &ENV.CIS.BTHVSM.&VER.CPBSYS &ENV.CRD.BTHSEQ.&VER.AKPK.CPRPTT02 &ENV.CRD.BTHSEQ.&VER.AKPK.CPRPTT17 &ENV.CRD.BTHSEQ.&VER.AKPK.REJECT &ENV.CRD.BTHSEQ.&VER.AKPK.STATIS &ENV.CRD.BTHSEQ.&VER.AKPK.SUCCESS &ENV.CRD.WRKSEQ.&VER.AKPK.CPRPTTST &ENV.CRD.WRKSEQ.&VER.AKPK.CPTUI.#1 &ENV.CRD.WRKSEQ.&VER.AKPK.SUCCESS.#1 PRDCIS.BTHLOD.MY20A2 PRDCRD.BTHLOD.MY20A2 PRDCSS.BTHLOD.MY20A2,20,4,183,MY_JCL_Evidence.txt
MY,JCP1299Y,IEFBR14,&CNTLLIB(ICP00681) &ENV.CRD.BTHSEQ.&VER.AKPK.STATIS,2,14,29,MY_JCL_Evidence.txt
MY,JCP1300B,IDCAMS,,0,16,16,MY_JCL_Evidence.txt
MY,JCP1300U,CP614600 IDCAMS SORT,PRDCAQ.ONLVSM.MY20A2.QMMMER PRDCAU.ONLVSM.MY20A2.AUSYS PRDCRD.BTHCTL.MY20A2(ICP00272) PRDCRD.BTHCTL.MY20A2(ICPK0100) PRDCRD.BTHLOD.MY20A2 PRDCRD.BTHSEQ.MY20A2.DCC.PREAUTH PRDCRD.BTHVSM.MY20A2.PREAUTH PRDCRD.BTHVSM.MY20A2.PREAUTHA PRDCRD.TMPSEQ.MY20A2.PREAUTH PRDEDC.ONLVSM.MY20A2.OADCLGA PRDEDC.ONLVSM.MY20A2.OADCLGB,11,4,99,MY_JCL_Evidence.txt
MY,JCP1300Y,IDCAMS SORT,PRDCRD.BKPVSM.MY20A2.PREAUTHA.#1 PRDCRD.BTHVSM.MY20A2.PREAUTHA,2,13,46,MY_JCL_Evidence.txt
MY,JCP1301B,IDCAMS SORT,PRDCRD.BKPSEQ.MY20A2.TOAMEDC1 PRDEDC.BTHBGD.MY20A2.TOAMEDC1(0),2,15,30,MY_JCL_Evidence.txt
MY,JCP1301U,CP615070,PRDCRD.BTHLOD.MY20A2 PRDCRD.BTHVSM.MY20A2.PREAUTHA PRDEDC.BTHBGD.MY20A2.TOAMEDC1(0),3,4,23,MY_JCL_Evidence.txt
MY,JCP1301Y,SORT,PRDCRD.BKPSEQ.MY20A2.TOAMEDC1 PRDEDC.BTHBGD.MY20A2.TOAMEDC1(+1),2,18,25,MY_JCL_Evidence.txt
MY,JCP1303B,IDCAMS,,0,16,16,MY_JCL_Evidence.txt
MY,JCP1303U,CP615090 IDCAMS SORT,PRDCIS.BTHVSM.MY20A2.CPBSYS PRDCRD.BKPSEQ.MY20A2.TOAMEDC1 PRDCRD.BTHLOD.MY20A2 PRDCRD.BTHVSM.MY20A2.PREAUTHA PRDCRD.TMPSEQ.MY20A2.PREAUTHA,5,4,84,MY_JCL_Evidence.txt
MY,JCP1303Y,IDCAMS SORT,PRDCRD.BKPVSM.MY20A2.PREAUTHA.#2 PRDCRD.BTHVSM.MY20A2.PREAUTHA,2,13,46,MY_JCL_Evidence.txt
MY,JCP1305U,CP615020 ICETOOL IDCAMS SORT,&CNTLLIB(DFCOPY2) &CNTLLIB(ICP00665) &CNTLLIB(ICPK4000) &CNTLLIB(LBDFOLSR) &CNTLLIB(LBDLOLSR) &CNTLLIB(RESETCC) &ENV.CIS.BTHVSM.&VER.CPBCRD &ENV.CIS.BTHVSM.&VER.CPBPLT &ENV.CIS.BTHVSM.&VER.CPBSYS &ENV.CLB.BTHSEQ.&VER.LBPTTRN &ENV.CLB.BTHVSM.&VER.LBOLST &ENV.CLB.ONLVSM.&VER.LBCRD &ENV.CRD.BTHBGD.&VER.BP.MTDDTL1(+1) &ENV.CRD.BTHBGD.&VER.BP.MTDDTL2(+1) &ENV.CRD.BTHVSM.&VER.BP.MTDDTL1 &ENV.CRD.BTHVSM.&VER.BP.MTDDTL2 &ENV.CRD.BTHVSM.&VER.LBOLSR PRDCIS.BTHLOD.MY20A2 PRDCRD.BTHLOD.MY20A2,19,5,119,MY_JCL_Evidence.txt
MY,JCP1305Y,CP615020 ICETOOL IDCAMS,&CNTLLIB(DFCOPY2) &CNTLLIB(ICP00665) &ENV.CIS.BTHVSM.&VER.CPBCRD &ENV.CIS.BTHVSM.&VER.CPBPLT &ENV.CIS.BTHVSM.&VER.CPBSYS &ENV.CLB.ONLVSM.&VER.LBCRD &ENV.CRD.BTHBGD.&VER.BP.MTDDTL1(0) &ENV.CRD.BTHBGD.&VER.BP.MTDDTL2(0) &ENV.CRD.BTHVSM.&VER.BP.MTDDTL1 &ENV.CRD.BTHVSM.&VER.BP.MTDDTL2 &ENV.CRD.BTHVSM.&VER.LBOLSR PRDCIS.BTHLOD.MY20A2 PRDCRD.BTHLOD.MY20A2,13,5,89,MY_JCL_Evidence.txt
MY,JCP1306U,CP615590 ICETOOL,&ENV.CIS.BTHVSM.&VER.CPBCRD &ENV.CIS.BTHVSM.&VER.CPBPLT &ENV.CIS.BTHVSM.&VER.CPBSYS &ENV.CLB.ONLVSM.&VER.LBCRD &ENV.CRD.BTHBGD.&VER.BP.MTDDTL1(+1) &ENV.CRD.BTHVSM.&VER.BP.MTDDTL1 PRDCIS.BTHLOD.MY20A2 PRDCRD.BTHLOD.MY20A2,8,5,48,MY_JCL_Evidence.txt
MY,JCP1306Y,CP615590 ICETOOL IDCAMS,&ENV.CIS.BTHVSM.&VER.CPBCRD &ENV.CIS.BTHVSM.&VER.CPBPLT &ENV.CIS.BTHVSM.&VER.CPBSYS &ENV.CLB.ONLVSM.&VER.LBCRD &ENV.CRD.BTHBGD.&VER.BP.MTDDTL1(0) &ENV.CRD.BTHVSM.&VER.BP.MTDDTL1 PRDCIS.BTHLOD.MY20A2 PRDCRD.BTHLOD.MY20A2,8,5,66,MY_JCL_Evidence.txt
MY,JCP1307U,CP615030 CP615040 ICETOOL,&CNTLLIB(ICP00665) &ENV.CIS.BTHVSM.&VER.CPBSYS &ENV.CRD.BTHBGD.&VER.BP.YTDDTL1(+1) &ENV.CRD.BTHBGD.&VER.BP.YTDDTL2(+1) &ENV.CRD.BTHBGD.&VER.BP.YTDSUM1(+1) &ENV.CRD.BTHBGD.&VER.BP.YTDSUM2(+1) &ENV.CRD.BTHVSM.&VER.BP.MTDDTL1 &ENV.CRD.BTHVSM.&VER.BP.MTDDTL2 &ENV.CRD.BTHVSM.&VER.BP.MTDSUM1 &ENV.CRD.BTHVSM.&VER.BP.MTDSUM2 &ENV.CRD.BTHVSM.&VER.BP.YTDDTL1 &ENV.CRD.BTHVSM.&VER.BP.YTDDTL2 &ENV.CRD.BTHVSM.&VER.BP.YTDSUM1 &ENV.CRD.BTHVSM.&VER.BP.YTDSUM2 PRDCIS.BTHLOD.MY20A2 PRDCRD.BTHLOD.MY20A2,16,5,102,MY_JCL_Evidence.txt
MY,JCP1307Y,CP615040 ICETOOL IDCAMS,&CNTLLIB(ICP00665) &ENV.CIS.BTHVSM.&VER.CPBSYS &ENV.CRD.BTHBGD.&VER.BP.YTDDTL1(0) &ENV.CRD.BTHBGD.&VER.BP.YTDDTL2(0) &ENV.CRD.BTHBGD.&VER.BP.YTDSUM1(0) &ENV.CRD.BTHBGD.&VER.BP.YTDSUM2(0) &ENV.CRD.BTHVSM.&VER.BP.MTDDTL1 &ENV.CRD.BTHVSM.&VER.BP.MTDDTL2 &ENV.CRD.BTHVSM.&VER.BP.MTDSUM1 &ENV.CRD.BTHVSM.&VER.BP.MTDSUM2 &ENV.CRD.BTHVSM.&VER.BP.YTDDTL1 &ENV.CRD.BTHVSM.&VER.BP.YTDDTL2 &ENV.CRD.BTHVSM.&VER.BP.YTDSUM1 &ENV.CRD.BTHVSM.&VER.BP.YTDSUM2 PRDCIS.BTHLOD.MY20A2 PRDCRD.BTHLOD.MY20A2,16,5,139,MY_JCL_Evidence.txt
MY,JCP1308U,CP615300 ICETOOL IDCAMS,&ENV.CIS.BTHVSM.&VER.CPBSYS &ENV.CRD.BTHBGD.&VER.BP.MTDDTL1(+1) &ENV.CRD.BTHBGD.&VER.BP.MTDDTL2(+1) &ENV.CRD.BTHBGD.&VER.BP.MTDSUM1(+1) &ENV.CRD.BTHBGD.&VER.BP.MTDSUM2(+1) &ENV.CRD.BTHVSM.&VER.BP.MTDDTL1 &ENV.CRD.BTHVSM.&VER.BP.MTDDTL2 &ENV.CRD.BTHVSM.&VER.BP.MTDSUM1 &ENV.CRD.BTHVSM.&VER.BP.MTDSUM2 PRDCIS.BTHLOD.MY20A2 PRDCRD.BTHLOD.MY20A2,11,5,85,MY_JCL_Evidence.txt
MY,JCP1308Y,CP615300 ICETOOL IDCAMS,&CNTLLIB(DFCOPY3) &ENV.CIS.BTHVSM.&VER.CPBSYS &ENV.CRD.BTHBGD.&VER.BP.MTDDTL1(0) &ENV.CRD.BTHBGD.&VER.BP.MTDSUM1(0) &ENV.CRD.BTHBGD.&VER.BP.MTDSUM2(0) &ENV.CRD.BTHVSM.&VER.BP.MTDDTL1 &ENV.CRD.BTHVSM.&VER.BP.MTDSUM1 &ENV.CRD.BTHVSM.&VER.BP.MTDSUM2 PRDCIS.BTHLOD.MY20A2 PRDCRD.BTHLOD.MY20A2,10,5,118,MY_JCL_Evidence.txt
MY,JCP1309U,CP615300 ICETOOL IDCAMS,&ENV.CIS.BTHVSM.&VER.CPBSYS &ENV.CRD.BTHBGD.&VER.BP.YTDDTL1(+1) &ENV.CRD.BTHBGD.&VER.BP.YTDDTL2(+1) &ENV.CRD.BTHBGD.&VER.BP.YTDSUM1(+1) &ENV.CRD.BTHBGD.&VER.BP.YTDSUM2(+1) &ENV.CRD.BTHVSM.&VER.BP.YTDDTL1 &ENV.CRD.BTHVSM.&VER.BP.YTDDTL2 &ENV.CRD.BTHVSM.&VER.BP.YTDSUM1 &ENV.CRD.BTHVSM.&VER.BP.YTDSUM2 PRDCIS.BTHLOD.MY20A2 PRDCRD.BTHLOD.MY20A2,11,5,85,MY_JCL_Evidence.txt
MY,JCP1309Y,CP615300 ICETOOL IDCAMS,&CNTLLIB(DFCOPY3) &ENV.CIS.BTHVSM.&VER.CPBSYS &ENV.CRD.BTHBGD.&VER.BP.YTDDTL1(0) &ENV.CRD.BTHBGD.&VER.BP.YTDSUM1(0) &ENV.CRD.BTHBGD.&VER.BP.YTDSUM2(0) &ENV.CRD.BTHVSM.&VER.BP.YTDDTL1 &ENV.CRD.BTHVSM.&VER.BP.YTDSUM1 &ENV.CRD.BTHVSM.&VER.BP.YTDSUM2 PRDCIS.BTHLOD.MY20A2 PRDCRD.BTHLOD.MY20A2,10,5,118,MY_JCL_Evidence.txt
MY,JCP1310R,CP614440 CP614450 CP614460 CP614470 CP614480 IDCAMS SORT,PRDCAQ.BTHVSM.MY20A2.QMMMER PRDCIS.BTHVSM.MY20A2.CPBSYS PRDCIS.ONLVSM.MY20A2.CPPFX.PATH PRDCRD.BTHPRM.MY20A2.SUP(ICP00679) PRDCRD.BTHSEQ.MY20A2.LPS.BP.SORT PRDCRD.WRKSEQ.MY20A2.LPS.SORT.BYCARD PRDCRD.WRKSEQ.MY20A2.LPS.SORT.BYMERC PRDCRD.WRKSEQ.MY20A2.LPS.SORT.BYMERCHT,8,32,166,MY_JCL_Evidence.txt
MY,JCP1325U,CP615310 CP615320 CP616530 ICEGENER IDCAMS SORT,PRDCIS.BTHLOD.MY20A2 PRDCIS.BTHVSM.MY20A2.CPBCRD PRDCIS.BTHVSM.MY20A2.CPBSYS PRDCIS.ONLVSM.MY20A2.CPCAPCX PRDCIS.ONLVSM.MY20A2.CPICCCX PRDCRD.BTHCTL.MY20A2(ICP00749) PRDCRD.BTHLOD.MY20A2 PRDCRD.BTHSEQ.MY20A2.ICP00380 PRDCRD.BTHSEQ.MY20A2.ICP00381 PRDCRD.BTHSEQ.MY20A2.MIRV.REQDLY PRDCRD.BTHSEQ.MY20A2.MIRV.REQDLY.AS400 PRDCRD.BTHSEQ.MY20A2.MIRV.RESFND PSUC.ONLLIB.LOADLIB PSUC.UID.MFT.MY,14,4,137,MY_JCL_Evidence.txt
MY,JCP1326U,CP615920 IDCAMS,PRDCIS.BTHVSM.MY20A2.CPBSYS PRDCRD.BTHCTL.MY20A2(ICP00750) PRDCRD.BTHLOD.MY20A2 PRDCRD.BTHSEQ.MY20A2.ICP00381 PRDCRD.BTHSEQ.MY20A2.MIRV.RESDLY.AS400 PRDCRD.BTHSEQ.MY20A2.MIRV.RESFND PRDCRD.BTHSEQ.MY20A2.MIRV.RESP PSUC.ONLLIB.LOADLIB PSUC.UID.MFT.MY,9,4,52,MY_JCL_Evidence.txt
MY,JCP1332R,CP615350 CP616190 CP616200 CP616910 ICEGENER IDCAMS SORT,PRDCIS.BTHBGD.MY20A2.CPHST(-1) PRDCIS.BTHSEQ.MY20A2.CPHST.CPDY3 PRDCIS.BTHVSM.MY20A2.CPBAPX.ALL PRDCIS.BTHVSM.MY20A2.CPBCAX PRDCIS.BTHVSM.MY20A2.CPBCRD PRDCIS.BTHVSM.MY20A2.CPBCUS PRDCIS.BTHVSM.MY20A2.CPBPLT PRDCIS.BTHVSM.MY20A2.CPBSYS PRDCIS.BTHVSM.MY20A2.CPSTRN PRDCIS.ONLVSM.MY20A2.CPADD PRDCIS.ONLVSM.MY20A2.CPAPX PRDCIS.ONLVSM.MY20A2.CPCAX PRDCIS.ONLVSM.MY20A2.CPCLTE PRDCRD.BTHCTL.MY20A2(ICP00719) PRDCRD.BTHCTL.MY20A2(ICP00894) PRDCRD.BTHPRM.MY20A2.SUP(ICP00718) PRDCRD.BTHPRM.MY20A2.SUP(ICP00894) PRDCRD.BTHSEQ.MY20A2.AGL.CLT.INTEARN PRDCRD.BTHSEQ.MY20A2.AGL.CLT.INTMTH PRDCRD.BTHSEQ.MY20A2.AGL.CLT.PYMT PRDCRD.BTHSEQ.MY20A2.AS4.CLT.RFMT PRDCRD.BTHSEQ.MY20A2.CLT.DIRC.PYMT PRDCRD.BTHSEQ.MY20A2.CLT.GIRO.PYMT PRDCRD.BTHSEQ.MY20A2.FAXDCLT PRDCRD.BTHSEQ.MY20A2.POSTED PRDCRD.BTHSEQ.MY20A2.RCS.CLT.RFMT PRDCRD.BTHVSM.MY20A2.FAXDCLT PRDCRD.WRKSEQ.MY20A2.FAXDCLT PRDCRD.WRKSEQ.MY20A2.TC4046 PRDCRD.WRKVSM.MY20A2.TC4046 PRDEPP.ONLVSM.MY20A2.EPTRANS,31,43,344,MY_JCL_Evidence.txt
MY,JCP1333R,CP615880 CP620630 ICETOOL IDCAMS SORT,PRDCIS.BTHLOD.MY20A2 PRDCIS.BTHVSM.MY20A2.CPBSYS PRDCIS.ONLVSM.MY20A2.CPAHF PRDCIS.ONLVSM.MY20A2.CPOLP PRDCIS.ONLVSM.MY20A2.CPOLS PRDCRD.BTHCTL.MY20A2(ICP01414) PRDCRD.BTHCTL.MY20A2(ICP01415) PRDCRD.BTHCTL.MY20A2(ICP01416) PRDCRD.BTHCTL.MY20A2(ICPK0050) PRDCRD.BTHCTL.MY20A2(REPRO) PRDCRD.BTHLOD.MY20A2 PRDCRD.BTHSEQ.MY20A2.SMSOWL PRDCRD.BTHVSM.MY20A2.OWLIMIT.CRDPLT PRDCRD.BTHVSM.MY20A2.RDM.CRDPLT PRDCRD.BTHVSM.MY20A2.RDM.CUSPLT PRDCRD.WRKSEQ.MY20A2.JCP1333R.CPAHF PRDCRD.WRKSEQ.MY20A2.JCP1333R.CPOLP PRDCRD.WRKSEQ.MY20A2.JCP1333R.CPOLS PRDCRD.WRKSEQ.MY20A2.JCP1333R.CPTXNS PRDCRD.WRKSEQ.MY20A2.JCP1333R.CRDPLT PRDCRD.WRKSEQ.MY20A2.JCP1333R.REPORT.MATCH PRDCRD.WRKSEQ.MY20A2.OWLIMIT.CRDPLT.NEW PRDCRD.WRKSEQ.MY20A2.OWLIMIT.CRDPLT.SORT PRDCRD.WRKSEQ.MY20A2.OWLIMIT.SMS.CUSPLT,24,4,323,MY_JCL_Evidence.txt
MY,JCP1340U,ICEGENER SORT,&CNTLLIB(ICP00680) &CNTLLIB(ICPK0050) &ENV.CIS.BTHVSM.&VER.CPBCRD &ENV.CRD.BTHSEQ.&VER.SAS.ARDSQB.FTP &ENV.CRD.BTHSEQ.&VER.SAS.BINHDR &ENV.CRD.BTHSEQ.&VER.SAS.CXCBF.FTP &ENV.CRD.BTHSEQ.&VER.SAS.CXISS.FTP &ENV.CRD.BTHSEQ.&VER.SAS.IP0016.FTP &ENV.CRD.BTHSEQ.&VER.SAS.UNMATCH.FTP &ENV.CRD.WRKSEQ.&VER.SAS.ARDSQB &ENV.CRD.WRKSEQ.&VER.SAS.CXCBF &ENV.CRD.WRKSEQ.&VER.SAS.CXISS &ENV.CRD.WRKSEQ.&VER.SAS.CXISS.SRT &ENV.CRD.WRKSEQ.&VER.SAS.IP0016 &ENV.CRD.WRKSEQ.&VER.SAS.UNMATCH &ENV.IMX.BTHVSM.&VER.CXCBF.CUP &ENV.IMX.BTHVSM.&VER.CXISS PRDBS3.BTHSEQ.MY20A2.EP302F PRDCRD.BTHSEQ.MY20A2.SAS.ARDSQB.FTP PRDCRD.BTHSEQ.MY20A2.SAS.BINHDR PRDCRD.BTHSEQ.MY20A2.SAS.CXCBF.FTP PRDCRD.BTHSEQ.MY20A2.SAS.CXISS.FTP PRDCRD.BTHSEQ.MY20A2.SAS.IP0016.FTP PRDCRD.BTHSEQ.MY20A2.SAS.UNMATCH.FTP PRDCRD.WRKSEQ.MY20A2.SAS.ARDSQB PRDCRD.WRKSEQ.MY20A2.SAS.CXCBF PRDCRD.WRKSEQ.MY20A2.SAS.CXISS PRDCRD.WRKSEQ.MY20A2.SAS.CXISS.SRT PRDCRD.WRKSEQ.MY20A2.SAS.IP0016 PRDCRD.WRKSEQ.MY20A2.SAS.UNMATCH PRDMHP.BTHBGD.MY20A2.IP605.WDATE(0),31,50,278,MY_JCL_Evidence.txt
MY,JCP1343R,CP615360 CP615370 ICETOOL IDCAMS SORT,PRDCIS.BTHLOD.MY20A2 PRDCIS.BTHVSM.MY20A2.CPBCRD PRDCIS.BTHVSM.MY20A2.CPBCRD.VIP PRDCIS.BTHVSM.MY20A2.CPBCUS PRDCIS.BTHVSM.MY20A2.CPBCUS.VIP PRDCIS.BTHVSM.MY20A2.CPBPLT PRDCIS.BTHVSM.MY20A2.CPBPLT.VIP PRDCRD.BTHCTL.MY20A2(DYNALL32) PRDCRD.BTHLOD.MY20A2 PRDCRD.BTHSEQ.MY20A2.VIPLOG PRDCSS.BTHBGD.MY20A2.CSAUDT(0) PRDCSS.BTHLOD.MY20A2 PRDCSS.WRKSEQ.MY20A2.CSAUDT,13,4,188,MY_JCL_Evidence.txt
MY,JCP1344U,CP615430 CP615530 CP616550 ICETOOL IDCAMS SORT,PRDCIS.BKPVSM.MY20A2.CPBAPX.JCPALXR PRDCIS.BKPVSM.MY20A2.CPBCAX.JCPALXR PRDCIS.BTHSEQ.MY20A2.CPRPTT PRDCIS.BTHVSM.MY20A2.CPBCRD PRDCIS.BTHVSM.MY20A2.CPBPLT PRDCIS.BTHVSM.MY20A2.CPBSYS PRDCIS.BTHVSM.MY20A2.NPLMST PRDCRD.BKPBGD.MY20A2.UCL.APD.UI(+1) PRDCRD.BKPBGD.MY20A2.UCL.RECON(+1) PRDCRD.BKPBGD.MY20A2.UCL.UNMSTR(+1) PRDCRD.BTHCTL.MY20A2(DFCOPY3) PRDCRD.BTHSEQ.MY20A2.UCL.APND.MAINT.UI PRDCRD.BTHSEQ.MY20A2.UCL.CPRPTT PRDCRD.BTHSEQ.MY20A2.UCL.CPRPTT.S PRDCRD.BTHSEQ.MY20A2.UCL.MAINT.UI PRDCRD.BTHSEQ.MY20A2.UCL.TC4204 PRDCRD.BTHSEQ.MY20A2.UCL.UNMSTR.TC4204 PRDCRD.BTHVSM.MY20A2.UCL.RECON PRDCRD.BTHVSM.MY20A2.UCL.TC4204 PRDCRD.ONLVSM.MY20A2.UNMSTR PRDCRD.ONLVSM.MY20A2.UNPARM PRDCRD.WRKSEQ.MY20A2.UCL.ACCT.M.UI PRDCRD.WRKSEQ.MY20A2.UCL.CARD.M.UI PRDCRD.WRKSEQ.MY20A2.UCL.FOR.APPEND,24,17,349,MY_JCL_Evidence.txt
MY,JCP1344Y,ICETOOL IDCAMS SORT,PRDCRD.BKPBGD.MY20A2.UCL.APD.UI(0) PRDCRD.BKPBGD.MY20A2.UCL.RECON(0) PRDCRD.BKPBGD.MY20A2.UCL.UNMSTR(0) PRDCRD.BTHCTL.MY20A2(DFCOPY2) PRDCRD.BTHSEQ.MY20A2.UCL.APND.MAINT.UI PRDCRD.BTHVSM.MY20A2.UCL.RECON PRDCRD.ONLVSM.MY20A2.UNMSTR,7,24,127,MY_JCL_Evidence.txt
MY,JCP1345R,CP615440 CP615450 SORT,PRDCIS.BKPVSM.MY20A2.CPBAPX.JCPALXR PRDCIS.BKPVSM.MY20A2.CPBCAX.JCPALXR PRDCIS.BTHVSM.MY20A2.CPBCRD PRDCIS.BTHVSM.MY20A2.CPBCUS PRDCIS.BTHVSM.MY20A2.CPBPLT PRDCIS.BTHVSM.MY20A2.CPBSYS PRDCRD.BTHSEQ.MY20A2.UCL.CP515451 PRDCRD.BTHSEQ.MY20A2.UCL.CP515451.S PRDCRD.BTHSEQ.MY20A2.UCL.CPBCRD.S PRDCRD.ONLVSM.MY20A2.UNPARM,10,19,107,MY_JCL_Evidence.txt
MY,JCP1346R,CP615510 CP615520 CP615550 CP615560 CP616510 CP616520 ICETOOL IDCAMS SORT,PRDCIS.BTHVSM.MY20A2.CPBCRD PRDCIS.BTHVSM.MY20A2.CPBCUS PRDCIS.BTHVSM.MY20A2.CPBPLT PRDCIS.BTHVSM.MY20A2.CPBSYS PRDCIS.BTHVSM.MY20A2.NPLMST PRDCRD.BTHSEQ.MY20A2.UCL.CPRPTT PRDCRD.BTHSEQ.MY20A2.UCL.MAINT.UI.PE PRDCRD.BTHVSM.MY20A2.RDM.CRDPLT PRDCRD.ONLVSM.MY20A2.UNMSTR PRDCRD.ONLVSM.MY20A2.UNPARM PRDCRD.ONLVSM.MY20A2.UNXRF PRDCRD.WRKSEQ.MY20A2.UCL.CP515521 PRDCRD.WRKSEQ.MY20A2.UCL.CP515521.S PRDCRD.WRKSEQ.MY20A2.UCL.CPRPTT.S1 PRDCRD.WRKSEQ.MY20A2.UCL.UNMSTR.S PRDCRD.WRKSEQ.MY20A2.UCL.UNMSTR.S1 PRDCRD.WRKSEQ.MY20A2.UCL.UNXRF1 PRDCRD.WRKSEQ.MY20A2.UCL.UNXRF2,18,30,358,MY_JCL_Evidence.txt
