Production Job,Runs,Average min,P95 min,Minimum min,Maximum min,Mapped to A7
ADDVOL,11,0,0,0,0,No
CLBFCT1A,1,0,0,0,0,No
CLBFCT2A,1,0,0,0,0,No
COPYPD12,2,0,0,0,0,No
CSDLIST1,3,0,0,0,0,No
DAILYPLN,32,0.86,1.05,0.6166666666666667,1.1,No
DFHCLK1#,2,0.03,0.07,0,0.06666666666666667,No
ENDED,1776,0,0,0,0,No
GPMQUERY,32,0,0,0,0,No
JAIAFHJC,32,0.37,0.57,0.2833333333333333,0.5833333333333334,Yes
JAIBKEOD,32,0.96,1.43,0.55,1.75,Yes
JAICATV,7,1.72,2.02,1.483333333333333,2.016666666666667,No
JAICCVS,7,17.73,19.82,16.85,19.81666666666667,No
JAICIAJC,32,0.03,0.03,0.01666666666666667,0.05,Yes
JAIDHST,32,12.13,15.22,4.966666666666667,15.71666666666667,Yes
JAIEOD,32,6.52,11.42,2.433333333333333,11.45,Yes
JAIEOD2,32,3.37,4.5,1.2,5.15,Yes
JAIEXBC,32,1.79,2.92,1.133333333333333,3,No
JAIFRD,32,0.06,0.08,0.01666666666666667,0.08333333333333333,No
JAIHSTBK,32,0.62,0.92,0.45,1.033333333333333,Yes
JAIINMI,7,0.02,0.02,0.01666666666666667,0.01666666666666667,No
JAIKCJC,32,0.11,0.15,0.08333333333333333,0.1666666666666667,Yes
JAIMBLS,32,9.41,24.97,1.316666666666667,26.08333333333333,No
JAINHMJC,32,0.03,0.05,0.01666666666666667,0.05,Yes
JAINHSJC,32,0.68,0.82,0.5,0.8833333333333333,Yes
JAIRCATV,7,0.02,0.02,0.01666666666666667,0.01666666666666667,No
JAIRCCVS,7,0.03,0.03,0.01666666666666667,0.03333333333333333,No
JAIRHSJC,32,0.05,0.08,0.01666666666666667,0.1166666666666667,Yes
JAIRISSM,1,0,0,0,0,No
JAIRPBC,32,0.03,0.07,0,0.08333333333333333,No
JAISM#1,32,0.03,0.05,0.01666666666666667,0.05,Yes
JAISM#3,32,2.53,3.43,1.766666666666667,3.433333333333333,Yes
JAISPCLD,32,3.78,5.1,1.416666666666667,5.9,Yes
JAISTBK,32,0.05,0.05,0.05,0.05,No
JAIUCME#,7,0,0,0,0,No
JAIUCMO#,7,0,0,0,0,No
JAIWLT07,32,6.9,9.18,4.6,9.716666666666667,No
JAIWLT08,32,0.97,1.05,0.8333333333333334,1.116666666666667,No
JASFHKC,32,2.24,3.12,1.816666666666667,3.15,Yes
JASFHKCB,32,0.08,0.1,0.06666666666666667,0.1,Yes
JAT0128U,32,0.49,0.9,0.15,1.133333333333333,No
JAT0146U,32,0.66,0.77,0.6,0.7666666666666667,No
JAT0147U,32,0.26,0.35,0.1833333333333333,0.3833333333333334,No
JAT031R,32,0.08,0.17,0.03333333333333333,0.2166666666666667,No
JAT031S,32,0.43,0.7,0.1,0.9666666666666667,No
JAT0526R,32,0,0,0,0.01666666666666667,No
JAT0527U,32,0.14,0.22,0.03333333333333333,0.2333333333333333,No
JAT0528U,32,0.29,0.45,0.06666666666666667,0.5666666666666667,No
JAT0529U,32,0.18,0.3,0.05,0.3833333333333334,No
JAT0530U,32,0.22,0.35,0.06666666666666667,0.4833333333333333,No
JAT0531U,32,0.09,0.17,0.01666666666666667,0.1833333333333333,No
JAT0532U,32,0.09,0.17,0.03333333333333333,0.1833333333333333,No
JAT0537U,32,0.75,0.95,0.6333333333333333,1.633333333333333,No
JAT0538U,32,0.15,0.18,0.1166666666666667,0.1833333333333333,No
JAT0539U,32,0.86,0.9,0.8333333333333334,1.016666666666667,No
JAT0540U,32,0.36,0.38,0.3333333333333333,0.4166666666666667,No
JAT0544U,32,0.06,0.08,0.01666666666666667,0.1,No
JAT0545U,32,0.07,0.1,0.01666666666666667,0.1166666666666667,No
JAT0568T,32,0.38,0.45,0.3333333333333333,0.45,No
JAT0569T,32,0.42,0.52,0.35,0.5166666666666667,No
JAT0570T,32,0.49,0.6,0.3666666666666666,0.6166666666666667,No
JAT0578U,32,0.37,0.38,0.3666666666666666,0.3833333333333334,No
JAT0581D,32,0.05,0.1,0.03333333333333333,0.1333333333333333,No
JAT0585D,6,0.09,0.13,0,0.1333333333333333,No
JAT0585T,4,0.38,0.4,0.35,0.4,No
JAT0586T,4,0.41,0.42,0.4,0.4166666666666667,No
JAT0591U,32,0.6,0.75,0.4666666666666667,1.4,No
JAT0592U,32,2.62,3.28,2.033333333333333,3.283333333333333,No
JAT0599T,32,0.4,0.42,0.35,0.4333333333333333,No
JAT0600U,32,0.04,0.05,0,0.06666666666666667,No
JAT0615T,32,0.35,0.37,0.3333333333333333,0.3666666666666666,No
JAT0616U,35,0,0,0,0.01666666666666667,No
JAT0617R,3,0.01,0.02,0,0.01666666666666667,No
JAT0617U,34,0.01,0.02,0,0.01666666666666667,No
JAT0618T,32,0.34,0.35,0.3333333333333333,0.35,No
JAT0619D,32,0.41,0.48,0.3166666666666667,0.5,No
JAT0619U,32,0.07,0.08,0.05,0.1,No
JAT0620T,32,0.7,0.7,0.6833333333333333,0.7,No
JAT0647D,32,0.28,0.52,0.1333333333333333,0.6,No
JAT0647U,32,0.02,0.02,0.01666666666666667,0.01666666666666667,No
JAT068RD,32,0.57,1.02,0.1666666666666667,1.3,No
JAT073WD,32,0,0,0,0.01666666666666667,No
JAT074RD,32,0,0,0,0,No
JAT093WD,32,0,0,0,0.01666666666666667,No
JAT5160T,32,0.36,0.38,0.35,0.4,No
JATMBK11,32,0.11,0.2,0.06666666666666667,0.2666666666666667,No
JATMBK13,32,0.01,0.02,0,0.01666666666666667,No
JATMBK14,32,0,0,0,0,No
JATMBK15,32,0.02,0.1,0,0.1,No
JATMBK16,32,0,0,0,0.03333333333333333,No
JATMBK3B,31,0.2,0.28,0.1,0.3833333333333334,No
JATMBK3M,1,0.2,0.2,0.2,0.2,No
JATMBK7A,32,0.06,0.08,0.05,0.1333333333333333,No
JATMBK8A,32,0,0,0,0,No
JATMBK9A,32,0.06,0.07,0.05,0.06666666666666667,No
JATMCIN2,32,0,0,0,0,No
JATMCRIN,32,0,0,0,0,No
JATPS1O,32,0,0,0,0,No
JAUAFHJC,32,0.38,0.48,0.3166666666666667,0.55,Yes
JAUBINJC,32,0.03,0.03,0.03333333333333333,0.03333333333333333,Yes
JAUBKEOD,32,0.13,0.17,0.08333333333333333,0.6,Yes
JAUBKRJC,7,0.13,0.15,0.1166666666666667,0.15,No
JAUD800,32,0.07,0.1,0.05,0.1,Yes
JAUDHST,32,6.03,8.27,1.533333333333333,8.333333333333334,Yes
JAUDR85,32,38.15,42.03,33.93333333333333,43.25,No
JAUEOD,32,11.8,15.27,4.466666666666667,15.66666666666667,Yes
JAUEOD2,32,1.71,2.22,1.233333333333333,2.933333333333333,Yes
JAUEODDB,32,0.73,1.53,0.4833333333333333,1.7,No
JAUFRD,32,0.09,0.12,0.06666666666666667,0.1166666666666667,Yes
JAUHSTBK,32,0.63,0.7,0.55,0.7,Yes
JAUINBKR,7,0.05,0.05,0.05,0.05,No
JAUNHMJC,32,0.01,0.02,0,0.01666666666666667,Yes
JAUNHSJC,32,0.61,0.67,0.5333333333333333,0.7,Yes
JAUQMIT,32,0,0,0,0,Yes
JAURACQM,2,0,0,0,0,No
JAURBKRT,7,0,0,0,0,No
JAURHSJC,32,2.8,3.93,0.9333333333333333,4.783333333333333,Yes
JAUSM#1,32,0.19,0.22,0.1833333333333333,0.2333333333333333,Yes
JAUSM#12,32,0.02,0.02,0.01666666666666667,0.01666666666666667,Yes
JAUSM#15,7,0,0,0,0,No
JAUSM#16,7,0,0,0,0,No
JAUSM#3,32,0.02,0.02,0.01666666666666667,0.01666666666666667,Yes
JAUSM#6,1,0,0,0,0,No
JAUU801,32,0.09,0.12,0.06666666666666667,0.1166666666666667,Yes
JAUUTRA,1,0.02,0.02,0.01666666666666667,0.01666666666666667,No
JAUVAUJ1,32,0,0,0,0,Yes
JAUVAUJ2,32,0.04,0.05,0.03333333333333333,0.05,Yes
JAUVAUJC,32,0,0,0,0,Yes
JAUVTS01,32,3.58,4.17,3.35,4.233333333333333,No
JAUVTS03,32,0.5,0.62,0.4333333333333333,0.6166666666666667,No
JB2BSTMC,32,0.44,0.55,0.4166666666666667,0.9166666666666666,Yes
JB2BSTMT,32,0.8,2.27,0.35,3.1,Yes
JBACKCAT,96,2.45,2.83,2.116666666666667,3.116666666666667,No
JBDWEXT,32,0.41,0.48,0.3666666666666666,0.4833333333333333,Yes
JBKPBDW,32,0.27,0.28,0.25,0.3,Yes
JBKPCRP2,32,0.02,0.03,0.01666666666666667,0.03333333333333333,Yes
JBKPPDS,4,4.98,5.2,4.666666666666667,5.2,No
JBKPPDS1,4,13.23,14.5,12.18333333333333,14.5,No
JBN1130U,32,1.22,1.45,1.083333333333333,1.516666666666667,No
JBN1131U,32,0.14,0.18,0.03333333333333333,0.2166666666666667,No
JBN1132U,32,1.61,2,1.4,2.333333333333333,No
JBN1133U,32,0,0,0,0,No
JBN1134U,32,0.12,0.15,0.1,0.1666666666666667,No
JBN1137U,4,0,0,0,0,No
JBN1138U,1,0.02,0.02,0.01666666666666667,0.01666666666666667,No
JBN1139U,1,0.95,0.95,0.95,0.95,No
JBN1140U,1,0.75,0.75,0.75,0.75,No
JBN1142U,1,0.23,0.23,0.2333333333333333,0.2333333333333333,No
JBN1144U,1,0.5,0.5,0.5,0.5,No
JBN1146U,1,0.22,0.22,0.2166666666666667,0.2166666666666667,No
JBN1148U,1,3.23,3.23,3.233333333333333,3.233333333333333,No
JBN1150U,1,28.22,28.22,28.21666666666667,28.21666666666667,No
JBN1152U,1,0.47,0.47,0.4666666666666667,0.4666666666666667,No
JBN1154U,1,12.85,12.85,12.85,12.85,No
JBN1156U,1,0.23,0.23,0.2333333333333333,0.2333333333333333,No
JBN1157U,1,0.4,0.4,0.4,0.4,No
JBN1158R,1,0,0,0,0,No
JBN1159R,1,0,0,0,0,No
JBN1160R,1,0,0,0,0,No
JBN1161U,1,0.07,0.07,0.06666666666666667,0.06666666666666667,No
JBN1163U,1,28.33,28.33,28.33333333333333,28.33333333333333,No
JBN1165U,1,0.07,0.07,0.06666666666666667,0.06666666666666667,No
JBNMLHK,32,0.34,0.38,0.3166666666666667,0.4166666666666667,Yes
JBRNXRFA,32,0.02,0.02,0,0.01666666666666667,Yes
JBRNXRFB,32,0,0,0,0,Yes
JCEXCRPT,32,0,0.02,0,0.03333333333333333,Yes
JCF06811,32,0.76,0.87,0.7166666666666667,1.066666666666667,No
JCF06812,32,1.18,1.35,1.133333333333333,1.566666666666667,No
JCF06813,32,0.4,0.42,0.4,0.4166666666666667,No
JCF1117W,4,1.31,1.82,1.016666666666667,1.816666666666667,No
JCF12321,32,0.04,0.07,0.01666666666666667,0.45,Yes
JCF12322,32,1.28,2.07,1.033333333333333,2.483333333333333,Yes
JCF12323,4,1.9,2.12,1.733333333333333,2.116666666666667,Yes
JCF12324,28,0.04,0.1,0.01666666666666667,0.15,Yes
JCF12325,32,0.06,0.18,0.03333333333333333,0.25,Yes
JCF13331,32,0.33,0.33,0.3333333333333333,0.35,Yes
JCF20381,32,0.42,0.7,0.3666666666666666,0.75,No
JCF20431,32,0.37,0.4,0.35,0.6,No
JCF20441,32,0.36,0.37,0.35,0.3666666666666666,No
JCF22001,32,0.35,0.35,0.3333333333333333,0.35,Yes
JCF22002,32,0.34,0.35,0.3333333333333333,0.3666666666666666,Yes
JCF22081,32,0.34,0.35,0.3333333333333333,0.35,No
JCF22091,32,0.37,0.42,0.35,0.4333333333333333,No
JCF22191,32,1.29,1.72,1.2,1.866666666666667,Yes
JCF22701,32,0.52,0.78,0.4,0.8666666666666667,Yes
JCF22741,32,0.38,0.43,0.35,0.5,No
JCF22801,32,0.88,0.98,0.85,1.05,Yes
JCF23301,32,0.36,0.37,0.35,0.3666666666666666,Yes
JCF23302,32,0.36,0.37,0.35,0.3833333333333334,Yes
JCF23303,32,0.41,0.47,0.3666666666666666,0.4833333333333333,Yes
JCF23304,32,0.41,0.47,0.35,0.4666666666666667,Yes
JCF23305,32,0.34,0.35,0.3333333333333333,0.35,Yes
JCF24001,32,0.34,0.35,0.3333333333333333,0.35,Yes
JCF24101,32,0.34,0.35,0.3333333333333333,0.35,Yes
JCF24201,32,0.34,0.35,0.3333333333333333,0.35,Yes
JCF24701,32,0.02,0.03,0.01666666666666667,0.03333333333333333,Yes
JCF2482U,32,0.72,0.72,0.7,0.7333333333333333,Yes
JCF2483U,32,0.35,0.37,0.35,0.3833333333333334,Yes
JCF25491,32,0.36,0.38,0.35,0.45,No
JCF25492,32,0.35,0.38,0.35,0.4166666666666667,No
JCF25493,32,0.36,0.38,0.35,0.4,No
JCF25494,32,0.35,0.38,0.35,0.3833333333333334,No
JCF25495,32,0.36,0.38,0.35,0.4166666666666667,No
JCF25496,32,0.36,0.38,0.35,0.45,No
JCF25497,32,0.36,0.4,0.35,0.4666666666666667,No
JCF25498,32,0.36,0.4,0.35,0.4666666666666667,No
JCF25499,32,0.37,0.4,0.35,0.5,No
JCF2549A,32,0.39,0.48,0.35,0.5,No
JCF2549B,32,0.36,0.38,0.35,0.45,No
JCF2549C,32,0.36,0.38,0.35,0.4333333333333333,No
JCF2549D,32,0.37,0.42,0.35,0.4666666666666667,No
JCF2549E,32,0.36,0.4,0.35,0.5,No
JCF2549F,32,0.36,0.4,0.35,0.4666666666666667,No
JCF2549G,32,0.36,0.38,0.35,0.45,No
JCF2549H,32,0.36,0.38,0.35,0.45,No
JCF2549I,32,0.35,0.37,0.35,0.3833333333333334,No
JCF2549J,32,0.35,0.38,0.35,0.4,No
JCF2549K,32,0.36,0.38,0.35,0.4166666666666667,No
JCF2549L,32,0.36,0.38,0.35,0.4166666666666667,No
JCF2549M,32,0.35,0.37,0.35,0.3666666666666666,No
JCF2549N,32,0.36,0.38,0.35,0.3833333333333334,No
JCF2549O,32,0.36,0.38,0.35,0.45,No
JCF2549P,32,0.36,0.38,0.35,0.4166666666666667,No
JCF2549Q,32,0.36,0.38,0.35,0.45,No
JCF2549R,32,0.35,0.37,0.35,0.3833333333333334,No
JCF2549S,32,0.36,0.38,0.35,0.4166666666666667,No
JCF2549T,32,0.36,0.38,0.35,0.3833333333333334,No
JCF2549U,32,0.36,0.38,0.35,0.45,No
JCF25571,32,0.36,0.37,0.35,0.3666666666666666,Yes
JCF25581,32,0.36,0.37,0.35,0.3666666666666666,Yes
JCF25591,32,0.36,0.37,0.35,0.3666666666666666,Yes
JCF2585U,32,0.37,0.4,0.35,0.4166666666666667,No
JCF25861,32,0.35,0.35,0.35,0.35,No
JCF26131,32,0.36,0.37,0.35,0.3666666666666666,Yes
JCF26141,32,0.37,0.37,0.3666666666666666,0.3833333333333334,Yes
JCF26151,32,0.35,0.37,0.35,0.4,Yes
JCF26160,1,0,0,0,0,No
JCF26351,32,0.35,0.35,0.35,0.35,No
JCF26361,32,0.35,0.35,0.35,0.35,No
JCF26811,32,1.12,1.18,1.066666666666667,1.183333333333333,No
JCF26821,32,0.35,0.35,0.3333333333333333,0.35,No
JCF26901,32,0.34,0.35,0.3333333333333333,0.35,Yes
JCF27141,1,3.33,3.33,3.333333333333333,3.333333333333333,No
JCF2730U,1,6.17,6.17,6.166666666666667,6.166666666666667,No
JCF27681,32,0.34,0.35,0.3333333333333333,0.3666666666666666,No
JCF27761,32,0.04,0.07,0.01666666666666667,0.1333333333333333,No
JCF27762,32,2.5,3.23,2.133333333333333,3.516666666666667,No
JCF27763,32,0.27,0.48,0.1666666666666667,0.5833333333333334,No
JCF27764,32,0.09,0.22,0.05,0.3666666666666666,No
JCF27765,32,0.06,0.15,0.03333333333333333,0.2833333333333333,No
JCF27766,32,0.07,0.08,0.06666666666666667,0.08333333333333333,No
JCF27781,32,0.77,0.88,0.7166666666666667,0.9166666666666666,No
JCF28031,32,0.37,0.38,0.3666666666666666,0.3833333333333334,Yes
JCF28051,32,0.37,0.37,0.3666666666666666,0.3833333333333334,No
JCF28052,32,0.43,0.45,0.4166666666666667,0.4666666666666667,Yes
JCF28053,32,0.38,0.4,0.3666666666666666,0.4166666666666667,Yes
JCF28181,32,0.7,0.75,0.65,0.7833333333333333,No
JCF28261,3,0.35,0.35,0.35,0.35,No
JCF28341,32,0.96,1.02,0.9,1.133333333333333,Yes
JCF28361,32,0.91,1.77,0.5,1.866666666666667,Yes
JCF28362,32,1.78,2.53,1.166666666666667,2.633333333333333,Yes
JCF28363,32,2.07,2.52,1.816666666666667,2.6,Yes
JCF28401,32,0.56,0.65,0.5166666666666667,0.65,No
JCF28402,32,0.78,0.92,0.6833333333333333,0.9333333333333333,No
JCF28403,32,0.67,0.78,0.5833333333333334,0.8,No
JCF28404,32,0.38,0.4,0.3666666666666666,0.4,No
JCF2844U,32,2.15,2.23,2.1,2.316666666666667,No
JCF28461,32,0.35,0.37,0.35,0.3666666666666666,No
JCF28551,32,0.39,0.45,0.3666666666666666,0.45,Yes
JCF28561,32,0.41,0.5,0.3833333333333334,0.5333333333333333,Yes
JCF28671,8,0.37,0.38,0.35,0.3833333333333334,No
JCF28811,6,0.36,0.37,0.35,0.3666666666666666,No
JCFDLY21,32,0.4,0.47,0.35,0.4666666666666667,Yes
JCFFPRP1,32,0.35,0.35,0.35,0.35,Yes
JCFKSIB1,32,0.39,0.45,0.35,0.8333333333333334,Yes
JCFKSIB2,32,0.02,0.02,0,0.3666666666666666,Yes
JCFKYCX1,32,0.42,0.45,0.3666666666666666,0.45,Yes
JCFKYCX2,32,0.46,0.5,0.3666666666666666,0.5,Yes
JCFSMSOP,32,0.36,0.38,0.3333333333333333,0.4,Yes
JCFSMSTR,32,0.36,0.38,0.3333333333333333,0.4166666666666667,Yes
JCHRTFRI,4,0,0,0,0,No
JCHRTMON,5,0,0,0,0,No
JCHRTMTH,1,0,0,0,0,No
JCHRTSAT,4,0,0,0,0,No
JCHRTSUN,3,0,0,0,0,No
JCHRTTHU,5,0,0,0,0,No
JCHRTTUE,5,0,0,0,0,No
JCHRTWED,5,0,0,0,0,No
JCIWLT01,32,0,0,0,0,No
JCIWLT04,32,1.02,1.22,0.8666666666666667,1.316666666666667,No
JCIWLT05,32,0.95,1.17,0.8,1.216666666666667,No
JCIWLT06,1,0.87,0.87,0.8666666666666667,0.8666666666666667,No
JCOPYDSX,1,0,0,0,0,No
JCP0049R,32,0.02,0.03,0,0.03333333333333333,No
JCP0193R,32,0.47,0.68,0.3,0.9166666666666666,No
JCP0203R,32,1.14,1.52,0.85,2.333333333333333,No
JCP0206R,1,16.63,16.63,16.63333333333333,16.63333333333333,No
JCP0207R,1,6.37,6.37,6.366666666666666,6.366666666666666,No
JCP0208R,1,0.77,0.77,0.7666666666666667,0.7666666666666667,No
JCP0211U,32,0.9,1.12,0.8166666666666667,1.25,Yes
JCP0214R,1,15.48,15.48,15.48333333333333,15.48333333333333,No
JCP0221R,32,0,0.02,0,0.01666666666666667,No
JCP0290R,32,0.44,0.55,0.3333333333333333,0.5833333333333334,No
JCP0298R,32,0.05,0.07,0.03333333333333333,0.06666666666666667,No
JCP0353R,32,2.33,2.92,2.05,3,Yes
JCP0355R,32,1.01,1.15,0.8833333333333333,1.233333333333333,No
JCP0361R,4,0,0,0,0,No
JCP0362U,1,0,0,0,0,No
JCP0363R,1,2.28,2.28,2.283333333333333,2.283333333333333,No
JCP0388U,32,0.15,0.18,0.1333333333333333,0.2666666666666667,No
JCP0402U,32,0.06,0.07,0.05,0.06666666666666667,No
JCP0403U,32,0.12,0.13,0.1166666666666667,0.1333333333333333,No
JCP0404R,32,0.63,1,0.1,1.716666666666667,No
JCP0416R,1,6.23,6.23,6.233333333333333,6.233333333333333,Yes
JCP0459R,32,9.08,14.82,2.133333333333333,15.91666666666667,Yes
JCP0474R,1,0,0,0,0,No
JCP0477U,32,2.29,2.37,2.233333333333333,2.583333333333333,Yes
JCP0495H,32,0,0,0,0.01666666666666667,No
JCP0495W,32,0.35,0.58,0.01666666666666667,0.65,Yes
JCP0497U,32,7.55,8.93,5.533333333333333,9.05,No
JCP0498R,5,0.23,0.25,0.2,0.25,No
JCP0505U,32,3.61,5.5,1.716666666666667,5.7,Yes
JCP0506U,32,32.68,35.55,31,35.8,Yes
JCP0507U,32,4.81,5.77,4.216666666666667,7.15,Yes
JCP0508U,2,1.69,1.82,1.566666666666667,1.816666666666667,Yes
JCP0531U,32,0.11,0.35,0.03333333333333333,0.4166666666666667,Yes
JCP0532U,1,0.82,0.82,0.8166666666666667,0.8166666666666667,Yes
JCP0533U,32,0.02,0.05,0.01666666666666667,0.1166666666666667,No
JCP0537U,32,0.57,0.95,0.1166666666666667,0.9666666666666667,Yes
JCP0538U,32,0.78,1.47,0.2166666666666667,2.233333333333333,Yes
JCP0540R,1,12.58,12.58,12.58333333333333,12.58333333333333,No
JCP0542R,32,2.19,2.95,1.55,3.016666666666667,No
JCP0543R,1,2.27,2.27,2.266666666666667,2.266666666666667,No
JCP0577U,1,0.12,0.12,0.1166666666666667,0.1166666666666667,No
JCP0594U,32,0.03,0.13,0,0.35,No
JCP0595U,32,0.03,0.18,0.01666666666666667,0.2333333333333333,Yes
JCP0609U,32,0.94,1,0.9166666666666666,1.016666666666667,Yes
JCP0623U,32,0.36,0.37,0.35,0.3666666666666666,No
JCP0637U,32,0,0,0,0,No
JCP0653R,1,12.47,12.47,12.46666666666667,12.46666666666667,No
JCP0657R,32,0.05,0.07,0.03333333333333333,0.06666666666666667,Yes
JCP065WA,32,0,0.02,0,0.01666666666666667,Yes
JCP0680U,32,5.71,6.58,5.183333333333334,6.85,Yes
JCP0681U,32,23.13,25.4,20.85,27.65,Yes
JCP0682U,32,0.94,1.22,0.6166666666666667,1.233333333333333,Yes
JCP0684U,32,0.69,1.17,0.3666666666666666,1.283333333333333,Yes
JCP0686R,32,2.14,2.48,1.916666666666667,3.066666666666667,Yes
JCP0687U,32,1.14,1.92,0.4833333333333333,3.033333333333333,Yes
JCP0688U,1,1.97,1.97,1.966666666666667,1.966666666666667,No
JCP0692R,32,0.21,0.28,0.1833333333333333,0.35,No
JCP0693R,32,0.27,0.3,0.25,0.3,No
JCP0697U,32,0.28,0.37,0.2333333333333333,0.45,Yes
JCP0698R,1,0.57,0.57,0.5666666666666667,0.5666666666666667,No
JCP0708U,32,4.73,7.08,2.483333333333333,7.816666666666666,Yes
JCP0709U,1,1.17,1.17,1.166666666666667,1.166666666666667,No
JCP070UD,32,0.11,0.12,0.08333333333333333,0.1833333333333333,No
JCP0710R,32,0.8,1.02,0.5833333333333334,1.483333333333333,No
JCP0718R,1,3.77,3.77,3.766666666666667,3.766666666666667,No
JCP0723U,32,0.05,0.1,0.01666666666666667,0.1333333333333333,No
JCP0725R,4,1.05,1.3,0.85,1.3,No
JCP0730R,32,0.42,0.63,0.2333333333333333,0.65,No
JCP0746R,2,0.42,0.45,0.3833333333333334,0.45,Yes
JCP0749R,32,0.07,0.07,0.06666666666666667,0.08333333333333333,No
JCP0753U,32,4.79,5.8,3.866666666666667,6.133333333333334,Yes
JCP0756R,32,1.47,2.17,0.85,2.4,No
JCP0758U,33,0.38,0.43,0.3666666666666666,0.4666666666666667,No
JCP0766R,32,3.7,4.62,2.466666666666667,5.266666666666667,Yes
JCP0768U,32,0.08,0.08,0.06666666666666667,0.1,No
JCP0769U,32,0.1,0.12,0.1,0.1166666666666667,No
JCP0770U,32,0,0.02,0,0.01666666666666667,No
JCP0772U,32,0.05,0.12,0.01666666666666667,0.1666666666666667,No
JCP0773U,32,0.37,0.38,0.35,0.4,Yes
JCP0774U,2,0.07,0.12,0.03333333333333333,0.1166666666666667,Yes
JCP0775U,32,0.35,0.37,0.35,0.3666666666666666,Yes
JCP0776U,2,0.36,0.37,0.35,0.3666666666666666,Yes
JCP0780R,32,0.17,0.32,0.05,0.9333333333333333,No
JCP0785U,32,0.72,1,0.5,1.016666666666667,No
JCP0786U,1,0.35,0.35,0.35,0.35,No
JCP0802U,32,0.39,0.48,0.35,0.6,Yes
JCP0803U,2,0.38,0.42,0.35,0.4166666666666667,Yes
JCP0806U,32,0.05,0.08,0,0.15,No
JCP0807R,32,0,0,0,0,No
JCP081WD,32,0,0,0,0,No
JCP0825U,32,0.23,0.38,0,0.3833333333333334,No
JCP0836U,32,0,0,0,0.01666666666666667,No
JCP0850B,1,0.05,0.05,0.05,0.05,No
JCP0850U,1,0.75,0.75,0.75,0.75,Yes
JCP0861R,32,0.49,0.57,0.4666666666666667,0.6333333333333333,No
JCP0865U,32,0.01,0.02,0,0.01666666666666667,No
JCP0867U,32,0.05,0.05,0.05,0.05,Yes
JCP0868U,32,0.14,0.55,0.03333333333333333,0.7333333333333333,Yes
JCP0869U,32,0.05,0.05,0.05,0.05,Yes
JCP0870U,32,1.31,2.32,0.8833333333333333,2.65,Yes
JCP0871U,32,0.05,0.05,0.03333333333333333,0.05,Yes
JCP0872U,32,0.04,0.07,0.03333333333333333,0.06666666666666667,Yes
JCP0873U,32,0.07,0.13,0,0.1333333333333333,No
JCP0874U,32,0.03,0.05,0,0.05,No
JCP0875U,32,0.04,0.08,0,0.08333333333333333,No
JCP0876U,32,0.03,0.05,0,0.05,No
JCP0877R,2,0.46,0.47,0.45,0.4666666666666667,No
JCP0877U,32,0.11,0.42,0,0.4166666666666667,No
JCP0878U,32,0.18,0.5,0.1333333333333333,0.5,Yes
JCP0879U,32,0.08,0.1,0.06666666666666667,0.1333333333333333,Yes
JCP0881U,32,0.01,0.02,0,0.01666666666666667,Yes
JCP0882U,32,0.43,0.53,0.3333333333333333,0.55,Yes
JCP0883U,32,0.15,0.2,0.1333333333333333,0.2,Yes
JCP0884U,32,0,0.02,0,0.01666666666666667,No
JCP0885U,30,1,1.72,0,1.716666666666667,No
JCP0885Z,2,0.79,0.8,0.7833333333333333,0.8,No
JCP0889U,32,0.03,0.1,0,0.1,Yes
JCP0890U,32,0,0,0,0.01666666666666667,Yes
JCP0891U,32,0.05,0.15,0,0.15,Yes
JCP0892U,32,0.01,0.02,0,0.01666666666666667,Yes
JCP0893U,32,0.05,0.15,0,0.15,Yes
JCP0894U,32,0.01,0.02,0,0.01666666666666667,Yes
JCP0895U,32,0.23,0.4,0,0.4,Yes
JCP0901U,32,0.08,0.1,0.06666666666666667,0.1,Yes
JCP0902U,32,0.03,0.05,0,0.05,No
JCP0906A,32,0.11,0.13,0.06666666666666667,0.1666666666666667,No
JCP0906B,32,4.54,6.72,3.033333333333333,7,No
JCP0907A,32,0.08,0.12,0.06666666666666667,0.1333333333333333,No
JCP0907B,32,2.87,3.97,2.466666666666667,4.2,No
JCP0908A,31,0.08,0.1,0.06666666666666667,0.1666666666666667,No
JCP0908B,31,2.03,2.52,1.8,2.666666666666667,No
JCP0909A,31,0.07,0.08,0.06666666666666667,0.08333333333333333,No
JCP0909B,31,2.25,2.77,1.65,2.883333333333333,No
JCP0910A,31,0.08,0.08,0.06666666666666667,0.08333333333333333,No
JCP0910B,31,2.59,3.03,1.75,3.233333333333333,No
JCP0911A,31,0.08,0.1,0.06666666666666667,0.1,No
JCP0911B,31,2.34,2.65,1.733333333333333,2.716666666666667,No
JCP0912A,31,0.08,0.08,0.06666666666666667,0.08333333333333333,No
JCP0912B,31,2.61,3.03,1.75,3.433333333333333,No
JCP0913A,31,0.07,0.08,0.06666666666666667,0.08333333333333333,No
JCP0913B,31,2.96,4.35,1.783333333333333,4.383333333333334,No
JCP0914A,31,0.08,0.1,0.06666666666666667,0.1,No
JCP0914B,31,2.61,3.12,1.8,3.183333333333333,No
JCP0915A,31,0.08,0.1,0.06666666666666667,0.1,No
JCP0915B,31,2.26,2.73,1.916666666666667,2.75,No
JCP0916A,31,0.07,0.08,0.06666666666666667,0.1,No
JCP0916B,31,2.58,3.05,1.816666666666667,4.716666666666667,No
JCP0917A,31,0.09,0.1,0.06666666666666667,0.15,No
JCP0917B,31,2.42,3.28,1.95,3.7,No
JCP0918A,31,0.07,0.08,0.06666666666666667,0.08333333333333333,No
JCP0918B,31,2.46,2.98,1.866666666666667,3.016666666666667,No
JCP0919A,32,0.07,0.07,0.06666666666666667,0.08333333333333333,No
JCP0919B,32,2.53,2.95,2.266666666666667,3.316666666666667,No
JCP0920A,32,0.09,0.1,0.08333333333333333,0.1166666666666667,No
JCP0920B,32,2.9,3.22,1.966666666666667,3.3,No
JCP0921A,32,0.14,0.17,0.1166666666666667,0.2166666666666667,No
JCP0921B,32,2.59,2.95,2.366666666666667,2.983333333333333,No
JCP0930G,32,0.39,0.47,0.3333333333333333,0.4666666666666667,No
JCP0930U,32,0.55,0.7,0.4333333333333333,0.7333333333333333,No
JCP0931U,32,0.35,0.35,0.35,0.35,No
JCP0932G,32,0.38,0.42,0.3333333333333333,0.4166666666666667,No
JCP0932U,32,0.52,0.67,0.3833333333333334,0.6666666666666666,No
JCP0933U,32,0.35,0.35,0.35,0.35,No
JCP0935G,32,0.36,0.4,0.3333333333333333,0.4,No
JCP0935U,32,0.56,0.7,0.45,0.8166666666666667,No
JCP0936U,32,0.35,0.35,0.35,0.3666666666666666,No
JCP093RM,32,0.02,0.02,0.01666666666666667,0.01666666666666667,No
JCP0948U,32,0.02,0.03,0.01666666666666667,0.03333333333333333,No
JCP0951R,32,0.02,0.03,0,0.05,No
JCP0952U,32,0.24,0.4,0,0.4,No
JCP0989U,32,1.03,1.08,0.9833333333333333,1.166666666666667,Yes
JCP0990U,32,1.58,1.85,1.4,2.266666666666667,Yes
JCP0991U,32,0.22,0.3,0.1666666666666667,0.3,Yes
JCP0992U,32,1.25,1.35,1.166666666666667,1.383333333333333,Yes
JCP1013R,1,2.02,2.02,2.016666666666667,2.016666666666667,No
JCP1017U,32,0.07,0.08,0.05,0.08333333333333333,No
JCP1027U,32,6.19,7.25,5.366666666666666,8.35,Yes
JCP1028U,32,46.12,48.45,42.98333333333333,60.66666666666666,Yes
JCP1029U,32,0.5,0.55,0.45,0.6166666666666667,No
JCP1030U,32,0.02,0.03,0.01666666666666667,0.03333333333333333,Yes
JCP1031U,32,0.05,0.05,0.05,0.05,Yes
JCP1032U,32,0,0,0,0,Yes
JCP1033U,32,1.85,2.28,1.466666666666667,2.4,Yes
JCP1034U,32,0.02,0.03,0.01666666666666667,0.03333333333333333,No
JCP1035U,32,0.03,0.05,0,0.05,No
JCP1036U,32,0.04,0.05,0.03333333333333333,0.06666666666666667,No
JCP1037U,32,0.03,0.05,0,0.05,No
JCP1038U,32,0.04,0.05,0.03333333333333333,0.05,No
JCP1039U,32,0.03,0.03,0.01666666666666667,0.03333333333333333,Yes
JCP1040U,32,0.02,0.02,0.01666666666666667,0.03333333333333333,Yes
JCP1041U,32,0.11,0.13,0.08333333333333333,0.15,Yes
JCP1042U,32,0,0,0,0,No
JCP1043U,32,0.05,0.07,0.03333333333333333,0.06666666666666667,No
JCP1044U,32,0.04,0.08,0,0.08333333333333333,No
JCP1045U,2,2.84,2.97,2.716666666666667,2.966666666666667,Yes
JCP1046U,32,1.06,1.82,0,1.883333333333333,No
JCP1053U,32,1.35,2.43,0,2.583333333333333,No
JCP1054U,32,0,0,0,0,No
JCP1056A,32,1.17,1.33,1.05,1.633333333333333,No
JCP1056U,40,11.03,14.62,0.6166666666666667,16.21666666666667,Yes
JCP1057U,32,5.61,5.98,5.266666666666667,6.05,Yes
JCP1058U,32,0.36,0.38,0.35,0.3833333333333334,Yes
JCP1059R,32,0.45,0.65,0.3333333333333333,0.6666666666666666,No
JCP1065X,2,0.05,0.05,0.05,0.05,No
JCP1066R,2,0.39,0.4,0.3833333333333334,0.4,Yes
JCP1067R,32,0.37,0.38,0.3666666666666666,0.4166666666666667,No
JCP1100U,32,3.27,14.52,0.01666666666666667,15.63333333333333,Yes
JCP1103U,32,0.51,2.07,0,2.883333333333333,Yes
JCP1104U,32,0.12,0.45,0.03333333333333333,0.5,Yes
JCP1106R,32,1.72,11.18,0.01666666666666667,11.45,No
JCP1106U,32,2.17,13.33,0.05,13.86666666666667,No
JCP1107R,32,0.19,0.68,0.01666666666666667,3.316666666666667,No
JCP1107U,32,0.28,1.03,0.05,4.8,No
JCP1108R,32,0.05,0.1,0.01666666666666667,0.35,No
JCP1108U,32,0.07,0.12,0.03333333333333333,0.45,No
JCP1109R,32,0.04,0.1,0.01666666666666667,0.15,No
JCP1109U,32,0.06,0.12,0.03333333333333333,0.1333333333333333,No
JCP1110R,32,0.04,0.08,0.01666666666666667,0.1,No
JCP1110U,32,0.05,0.1,0.03333333333333333,0.1,No
JCP1111R,32,0.1,0.42,0.01666666666666667,0.7,No
JCP1111U,32,0.1,0.43,0.03333333333333333,0.8333333333333334,No
JCP1112R,32,0.04,0.1,0.01666666666666667,0.1,No
JCP1112U,32,0.04,0.08,0.01666666666666667,0.08333333333333333,No
JCP1113U,3,0.17,0.38,0.06666666666666667,0.3833333333333334,Yes
JCP1114R,3,0.18,0.55,0,0.55,No
JCP1114U,3,0.19,0.58,0,0.5833333333333334,No
JCP1117U,28,0.64,0.73,0.5666666666666667,0.9666666666666667,Yes
JCP1117W,4,3.47,4.08,2.933333333333333,4.083333333333333,Yes
JCP1118U,32,0.39,0.4,0.3833333333333334,0.4,Yes
JCP1119U,32,0.41,0.42,0.4,0.4166666666666667,Yes
JCP1120U,32,0.74,0.77,0.6166666666666667,0.7666666666666667,Yes
JCP1121U,32,1.25,1.6,0.8833333333333333,1.616666666666667,Yes
JCP1171B,32,5.04,6.28,3.666666666666667,6.466666666666667,No
JCP1172B,32,0.57,0.62,0.4833333333333333,0.9833333333333333,No
JCP1175R,32,0.08,0.1,0.05,0.1166666666666667,Yes
JCP1176R,32,1.13,1.93,0.85,2.216666666666667,No
JCP1177B,32,0.08,0.1,0.06666666666666667,0.1,Yes
JCP1177R,32,2.67,3.48,2,3.833333333333333,Yes
JCP1179U,32,0.1,0.1,0.08333333333333333,0.1166666666666667,Yes
JCP1180U,32,0.86,0.95,0.75,1.016666666666667,Yes
JCP1182U,32,0.71,0.98,0.5333333333333333,1.066666666666667,Yes
JCP1183U,32,1.61,2.5,0.7166666666666667,2.683333333333333,Yes
JCP1184U,32,0.04,0.07,0.01666666666666667,0.06666666666666667,Yes
JCP1185U,1,0.12,0.12,0.1166666666666667,0.1166666666666667,No
JCP1186U,1,0.08,0.08,0.08333333333333333,0.08333333333333333,No
JCP1187U,1,0.1,0.1,0.1,0.1,No
JCP1188U,1,0.05,0.05,0.05,0.05,No
JCP1189U,1,0.05,0.05,0.05,0.05,No
JCP1190U,1,0.1,0.1,0.1,0.1,No
JCP1191U,1,0.05,0.05,0.05,0.05,No
JCP1192U,1,0.03,0.03,0.03333333333333333,0.03333333333333333,No
JCP1195U,32,0.03,0.07,0,0.08333333333333333,Yes
JCP1196U,1,1.05,1.05,1.05,1.05,No
JCP1201U,32,0,0,0,0,Yes
JCP1202U,32,0.06,0.08,0.05,0.08333333333333333,Yes
JCP1203U,32,0.11,0.48,0.03333333333333333,0.7166666666666667,Yes
JCP1205U,1,3.77,3.77,3.766666666666667,3.766666666666667,No
JCP1210R,1,1.42,1.42,1.416666666666667,1.416666666666667,No
JCP1211R,1,0.93,0.93,0.9333333333333333,0.9333333333333333,No
JCP1212R,1,1.6,1.6,1.6,1.6,No
JCP1213R,32,0.06,0.1,0.03333333333333333,0.1,No
JCP1218U,33,0.12,0.15,0.06666666666666667,0.1666666666666667,Yes
JCP1219U,32,0.11,0.12,0.08333333333333333,0.1166666666666667,Yes
JCP1220U,34,0.11,0.13,0.06666666666666667,0.1333333333333333,Yes
JCP1221A,32,0.07,0.08,0.06666666666666667,0.08333333333333333,Yes
JCP1221B,32,0.13,0.15,0.1166666666666667,0.1833333333333333,Yes
JCP1226U,32,0.09,0.12,0.08333333333333333,0.15,No
JCP1227U,32,0.07,0.22,0.05,0.2166666666666667,No
JCP1228U,1,0.97,0.97,0.9666666666666667,0.9666666666666667,No
JCP1230U,32,2.98,3.73,2.083333333333333,4.983333333333333,Yes
JCP1231Q,32,0.09,0.15,0,0.2333333333333333,No
JCP1231U,32,0.98,1.28,0.7833333333333333,1.783333333333333,Yes
JCP1232Q,32,0.07,0.1,0.05,0.1166666666666667,No
JCP1232U,32,0.2,0.37,0.1166666666666667,0.45,Yes
JCP1233U,32,0.4,0.47,0.35,0.4666666666666667,No
JCP1234U,32,0.02,0.03,0.01666666666666667,0.03333333333333333,No
JCP1235U,32,0.2,0.25,0.08333333333333333,0.2666666666666667,No
JCP1239U,32,0.96,1.15,0.7333333333333333,1.266666666666667,No
JCP1240U,32,0.05,0.07,0.05,0.06666666666666667,Yes
JCP1244U,1,0,0,0,0,No
JCP1247U,32,0.05,0.07,0.05,0.06666666666666667,No
JCP1248U,32,0.1,0.12,0.08333333333333333,0.1333333333333333,Yes
JCP1249U,32,0.06,0.07,0.03333333333333333,0.06666666666666667,Yes
JCP1250B,1,0.15,0.15,0.15,0.15,No
JCP1253U,32,0.01,0.02,0,0.01666666666666667,No
JCP1254U,32,0.23,0.27,0.1833333333333333,0.3,No
JCP1255U,32,0,0,0,0,No
JCP1256U,32,0.45,0.72,0.3833333333333334,0.8166666666666667,Yes
JCP1257U,32,0,0,0,0,No
JCP1274U,32,1.02,1.47,0.65,2.083333333333333,Yes
JCP1278R,32,0.13,0.17,0.08333333333333333,0.2333333333333333,Yes
JCP1279R,32,0.01,0.03,0,0.03333333333333333,Yes
JCP1288U,32,2.24,3.47,1.766666666666667,4.5,No
JCP1293U,32,0.12,0.15,0.1,0.15,Yes
JCP1298U,32,0.36,0.47,0.3333333333333333,0.4666666666666667,No
JCP1299U,32,0.74,1,0.5833333333333334,1.05,No
JCP1300B,32,0.07,0.08,0.05,0.08333333333333333,No
JCP1300U,32,1.12,2,0.3833333333333334,2.2,No
JCP1301B,32,0.07,0.08,0.03333333333333333,0.08333333333333333,No
JCP1301U,32,1.72,2.48,0.4166666666666667,2.533333333333333,No
JCP1303B,32,0.06,0.08,0.03333333333333333,0.1,No
JCP1303U,32,3.41,3.97,2.583333333333333,4.266666666666667,No
JCP1310R,32,0.07,0.12,0.05,0.2166666666666667,No
JCP1332R,34,0.69,1.3,0.1333333333333333,1.316666666666667,Yes
JCP1332Y,1,0.35,0.35,0.35,0.35,No
JCP1333R,32,3.61,4.13,2.833333333333333,4.25,No
JCP1340U,32,0.48,0.52,0.4666666666666667,0.5333333333333333,Yes
JCP1343R,32,8.04,17.38,2.683333333333333,18.36666666666667,No
JCP1344U,32,0.17,0.25,0.1166666666666667,0.2833333333333333,Yes
JCP1345R,1,1.13,1.13,1.133333333333333,1.133333333333333,No
JCP1346R,32,0.24,0.38,0.1,0.45,No
JCP1347U,32,0.49,0.55,0.45,0.6166666666666667,Yes
JCP1348U,1,0.08,0.08,0.08333333333333333,0.08333333333333333,No
JCP1350U,32,0.78,0.87,0.6833333333333333,1.033333333333333,Yes
JCP1351U,32,0.37,0.38,0.35,0.3833333333333334,No
JCP1354U,32,1.07,1.23,1.016666666666667,1.25,Yes
JCP1362U,32,0.01,0.03,0,0.1666666666666667,No
JCP1363U,32,1.5,1.68,1.283333333333333,2.333333333333333,No
JCP1364U,32,0.03,0.05,0.03333333333333333,0.05,No
JCP1365U,32,0.03,0.03,0.03333333333333333,0.05,No
JCP1367U,32,0.34,0.35,0.3333333333333333,0.35,No
JCP1372U,32,0.99,1.95,0.7166666666666667,2.35,No
JCP1374B,32,0.1,0.12,0.1,0.1166666666666667,No
JCP1374U,32,0,0.02,0,0.01666666666666667,No
JCP1379B,32,0.05,0.07,0.05,0.06666666666666667,No
JCP1379U,32,0.28,0.4,0.1833333333333333,0.5,No
JCP1396U,32,0.21,0.23,0.1833333333333333,0.2333333333333333,Yes
JCP1397U,1,0.58,0.58,0.5833333333333334,0.5833333333333334,No
JCP1398R,1,0,0,0,0,No
JCP1404R,32,0.03,0.03,0.01666666666666667,0.03333333333333333,No
JCP1408U,32,0.07,0.1,0.06666666666666667,0.1166666666666667,No
JCP1412R,32,0.49,0.87,0.2166666666666667,0.9166666666666666,No
JCP1413U,32,0.36,0.38,0.35,0.3833333333333334,No
JCP1419U,3,0.37,0.4,0.35,0.4,Yes
JCP14221,32,19.42,35.1,0,35.55,No
JCP14222,32,19.42,38.3,0,42.26666666666667,No
JCP14223,32,17.49,33.05,0,41.91666666666666,No
JCP14224,32,0.06,0.07,0.05,0.08333333333333333,No
JCP14225,32,0.07,0.08,0.05,0.1,No
JCP14226,32,0.06,0.08,0.05,0.08333333333333333,No
JCP1422B,32,0.17,0.27,0.1,0.3,Yes
JCP14231,32,5.39,17.47,0,18.11666666666667,No
JCP14232,32,5.69,18.88,0,19.2,No
JCP14233,32,4.47,16.68,0,19.48333333333333,No
JCP14234,32,0.05,0.05,0.05,0.06666666666666667,No
JCP14235,32,0.05,0.05,0.05,0.06666666666666667,No
JCP14236,32,0.05,0.05,0.05,0.05,No
JCP1423B,32,0.2,0.27,0.1333333333333333,0.3333333333333333,Yes
JCP1436U,32,0.2,0.23,0.1666666666666667,0.2666666666666667,Yes
JCP1437U,32,3.79,4.35,3.3,4.5,Yes
JCP1442R,32,0.03,0.03,0.01666666666666667,0.05,Yes
JCP1443R,32,0.08,0.08,0.06666666666666667,0.1,Yes
JCP1445R,32,0.06,0.07,0.05,0.06666666666666667,Yes
JCP1446R,32,0.05,0.07,0.03333333333333333,0.06666666666666667,Yes
JCP1450U,1,17.88,17.88,17.88333333333333,17.88333333333333,No
JCP1451U,32,1.03,1.17,0.9166666666666666,1.333333333333333,No
JCP1458B,32,0.11,0.13,0.08333333333333333,0.15,No
JCP1458U,32,0.42,0.87,0.1833333333333333,0.9666666666666667,No
JCP1460R,32,16.74,19.07,14.68333333333333,23.96666666666667,No
JCP1475U,32,0.22,0.37,0,0.3666666666666666,No
JCP1483U,32,0,0,0,0,No
JCP1484U,32,27.45,24.83,12.65,319.8666666666667,No
JCP1487U,32,0.08,0.13,0.05,0.1333333333333333,Yes
JCP1488U,32,74.41,77.03,71.78333333333333,77.95,Yes
JCP1489U,32,26.69,27.6,25.76666666666667,27.88333333333333,Yes
JCP1490U,32,14.74,15.88,13.26666666666667,16.6,Yes
JCP1491U,32,0.05,0.07,0.03333333333333333,0.06666666666666667,Yes
JCP1492U,32,0,0,0,0,Yes
JCP1493U,32,0,0,0,0,Yes
JCP1498U,24,0.1,0.15,0,0.1666666666666667,Yes
JCP1499U,24,0.11,0.15,0,0.1666666666666667,Yes
JCP1500U,24,0.1,0.15,0,0.1666666666666667,Yes
JCP1501U,24,0.09,0.13,0,0.1666666666666667,Yes
JCP1502U,24,0.08,0.12,0,0.15,No
JCP1513U,32,0.01,0.02,0,0.01666666666666667,No
JCP1524G,32,0.38,0.42,0.3666666666666666,0.4166666666666667,No
JCP1524U,32,0.43,0.47,0.4166666666666667,0.4666666666666667,No
JCP1527U,32,0.66,0.73,0.6333333333333333,0.7333333333333333,Yes
JCP1528U,32,0.09,0.12,0.06666666666666667,0.15,No
JCP1531U,32,0.41,0.42,0.4,0.4166666666666667,No
JCP1532U,32,2,2.08,1.9,2.766666666666667,Yes
JCP1533U,32,0.2,0.28,0.1666666666666667,0.2833333333333333,Yes
JCP1536U,32,0.51,0.55,0.35,1.85,No
JCP1537U,32,0.41,0.45,0.35,0.4666666666666667,No
JCP1538R,32,0.06,0.1,0.01666666666666667,0.1166666666666667,No
JCP1539U,32,0,0,0,0,No
JCP1540U,1,0.35,0.35,0.35,0.35,No
JCP1542U,32,0.41,0.48,0.3833333333333334,0.5833333333333334,No
JCP1543U,24,0.18,0.3,0,0.3166666666666667,Yes
JCP1550U,32,0,0,0,0,No
JCP1551R,1,0,0,0,0,No
JCP1552U,32,0,0.02,0,0.01666666666666667,No
JCP1553R,1,0,0,0,0,No
JCP1595U,32,1.66,1.8,1.483333333333333,2.533333333333333,No
JCP1596U,32,0.41,0.47,0.3833333333333334,0.5833333333333334,Yes
JCP1597U,32,0.28,0.32,0.2666666666666667,0.35,Yes
JCP1609U,32,0.35,0.35,0.35,0.35,No
JCP1610U,32,0.35,0.35,0.35,0.35,No
JCP1612U,32,0.12,0.13,0.1,0.15,No
JCP1613B,32,0.1,0.12,0.1,0.1166666666666667,Yes
JCP1613U,32,0.25,0.3,0.2166666666666667,0.3,Yes
JCP1616B,32,0.05,0.05,0.05,0.06666666666666667,Yes
JCP1616U,32,13.07,14.6,10.18333333333333,14.95,Yes
JCP1617U,32,0.29,0.47,0,1.216666666666667,No
JCP1618U,25,0.04,0.07,0,0.06666666666666667,No
JCP1619U,24,0.06,0.08,0,0.08333333333333333,No
JCP1620U,24,0.05,0.07,0,0.08333333333333333,No
JCP1621U,24,0.05,0.07,0,0.06666666666666667,No
JCP1622U,24,0.11,0.18,0,0.2,No
JCP1623U,24,0.02,0.05,0,0.05,No
JCP1624B,32,0.03,0.03,0.03333333333333333,0.03333333333333333,No
JCP1624U,32,0.41,0.45,0.3333333333333333,0.5166666666666667,No
JCP1625U,1,0,0,0,0,No
JCP1628U,32,0.36,0.37,0.35,0.3666666666666666,No
JCP1632U,32,0.3,0.47,0.15,0.5,Yes
JCP1634U,32,0.59,0.72,0.4333333333333333,0.7166666666666667,No
JCP1635U,32,0.4,0.43,0.3833333333333334,0.4333333333333333,No
JCP1636U,32,0.39,0.4,0.3833333333333334,0.4166666666666667,No
JCP1637U,32,0.39,0.4,0.3833333333333334,0.4166666666666667,No
JCP1653U,32,0.03,0.03,0.01666666666666667,0.1,No
JCP1659U,32,0.21,0.32,0.01666666666666667,1.883333333333333,Yes
JCP1660R,32,0.11,0.37,0,0.3833333333333334,No
JCP1661R,2,0.35,0.35,0.35,0.35,Yes
JCP1663U,32,1.33,1.85,1.033333333333333,2.033333333333333,Yes
JCP1664U,32,2.44,3,2.133333333333333,3.116666666666667,Yes
JCP1665U,32,1.54,2.08,1.266666666666667,2.35,Yes
JCP1675R,32,0,0,0,0,No
JCP1686U,32,0.35,0.35,0.35,0.3666666666666666,No
JCP1688U,32,1.54,1.87,1.15,2.716666666666667,Yes
JCP1689U,32,0.73,0.93,0.45,0.95,No
JCP1692R,32,0.63,1.45,0.15,1.6,Yes
JCP1693R,32,1.57,1.72,1.5,1.9,Yes
JCP1694R,2,1.35,1.38,1.316666666666667,1.383333333333333,Yes
JCP1704U,32,72.7,79.87,68.08333333333333,88.65,No
JCP1705U,32,13.4,15.7,12.01666666666667,17.91666666666667,Yes
JCP1706U,32,4.84,7.7,2.533333333333333,8.033333333333333,Yes
JCP1707U,1,0.75,0.75,0.75,0.75,No
JCP1712R,32,0.01,0.02,0,0.1333333333333333,No
JCP1715U,32,0.05,0.07,0.01666666666666667,0.08333333333333333,No
JCP1721R,32,0.09,0.22,0.05,0.2333333333333333,No
JCP1722R,32,0.33,0.35,0.3333333333333333,0.35,No
JCP1723R,5,0.35,0.37,0.3333333333333333,0.3666666666666666,No
JCP1724R,1,0.5,0.5,0.5,0.5,No
JCP1732R,32,0.19,0.38,0.06666666666666667,0.9666666666666667,No
JCP1748U,32,0.8,0.82,0.7833333333333333,0.9666666666666667,Yes
JCP1749U,32,0.01,0.02,0,0.1166666666666667,No
JCP1751U,32,0,0,0,0,No
JCP1752U,32,0,0,0,0.01666666666666667,No
JCP1753U,32,0,0,0,0,No
JCP1754U,32,0.38,0.4,0.3666666666666666,0.4166666666666667,Yes
JCP1755U,32,0.38,0.4,0.3666666666666666,0.4,Yes
JCP1756U,32,0.08,0.1,0.06666666666666667,0.1333333333333333,Yes
JCP1757U,32,1.2,1.25,1.166666666666667,1.316666666666667,Yes
JCP1758U,32,1.39,1.5,1.333333333333333,1.666666666666667,Yes
JCP1781U,32,0,0,0,0,No
JCP1782U,32,0,0,0,0,No
JCP1783R,32,0,0,0,0,No
JCP1784U,32,0.29,0.38,0.2166666666666667,0.4166666666666667,No
JCP1796U,32,0.1,0.13,0.06666666666666667,0.1666666666666667,No
JCP1797U,32,0,0.02,0,0.03333333333333333,No
JCP1798U,32,0,0,0,0,No
JCP1799U,32,0,0,0,0,No
JCP1804R,32,0.39,0.4,0.3833333333333334,0.4166666666666667,No
JCP1805R,2,0.53,0.65,0.4166666666666667,0.65,Yes
JCP1809R,32,0.38,0.38,0.3666666666666666,0.4,Yes
JCP1811U,32,0.12,0.15,0.08333333333333333,0.15,Yes
JCP1813U,32,0.39,0.48,0.3666666666666666,0.5166666666666667,Yes
JCP1820G,32,0.38,0.4,0.35,0.4,No
JCP1820U,32,0.03,0.03,0.03333333333333333,0.03333333333333333,Yes
JCP1821R,32,0.65,1.38,0.45,1.566666666666667,No
JCP1823U,33,0.91,1.13,0.7333333333333333,1.866666666666667,Yes
JCP1824U,33,6.61,7.55,5.366666666666666,7.683333333333334,Yes
JCP1825U,32,0.72,0.73,0.7,0.7833333333333333,Yes
JCP1826U,32,0,0,0,0,No
JCP1828U,32,2.94,6.08,1.416666666666667,6.183333333333334,Yes
JCP1832U,32,0.58,1.33,0.35,2.4,Yes
JCP1835U,32,0.35,0.38,0.35,0.3833333333333334,No
JCP1839U,32,0.38,0.45,0.35,0.4666666666666667,No
JCP1840U,32,0.35,0.35,0.35,0.3833333333333334,No
JCP1841R,1,0.02,0.02,0.01666666666666667,0.01666666666666667,No
JCP1842R,1,0,0,0,0,No
JCP1843R,1,0.05,0.05,0.05,0.05,No
JCP1848U,32,23.21,24.83,21.23333333333333,24.83333333333333,Yes
JCP1849B,32,0.04,0.05,0.03333333333333333,0.05,Yes
JCP1849U,32,12.18,12.88,11.5,13.45,Yes
JCP1852U,32,0.58,0.67,0.5166666666666667,0.7333333333333333,No
JCP1853U,24,0.32,0.4,0,0.4,No
JCP1854U,24,0.03,0.03,0.01666666666666667,0.03333333333333333,No
JCP1855U,24,0.02,0.03,0.01666666666666667,0.03333333333333333,No
JCP1856U,24,0.03,0.03,0.01666666666666667,0.03333333333333333,No
JCP1857U,24,0.31,0.38,0,0.3833333333333334,Yes
JCP1860U,32,0,0,0,0,No
JCP1862U,24,0.31,0.38,0,0.3833333333333334,No
JCP1863U,23,0.02,0.02,0.01666666666666667,0.01666666666666667,No
JCP1864U,23,0.02,0.02,0.01666666666666667,0.01666666666666667,No
JCP1865U,23,0.03,0.03,0.01666666666666667,0.03333333333333333,No
JCP1866U,23,0.31,0.38,0,0.3833333333333334,Yes
JCP1867U,24,0.29,0.37,0,0.3666666666666666,No
JCP1868U,24,0.02,0.02,0,0.01666666666666667,No
JCP1869U,24,0.02,0.02,0.01666666666666667,0.01666666666666667,No
JCP1870U,24,0.03,0.03,0.01666666666666667,0.03333333333333333,No
JCP1871U,24,0.31,0.37,0,0.3833333333333334,Yes
JCP1872U,24,0.3,0.37,0,0.3666666666666666,No
JCP1873U,24,0.02,0.02,0,0.03333333333333333,No
JCP1874U,24,0.02,0.02,0.01666666666666667,0.05,No
JCP1875U,24,0.03,0.03,0.01666666666666667,0.08333333333333333,No
JCP1876U,24,0.31,0.38,0,0.3833333333333334,Yes
JCP1877U,24,0.32,0.42,0,0.4333333333333333,No
JCP1878U,24,0.03,0.03,0.01666666666666667,0.03333333333333333,No
JCP1879U,24,0.02,0.03,0.01666666666666667,0.05,No
JCP1880U,24,0.03,0.03,0.01666666666666667,0.05,No
JCP1881U,24,0.31,0.38,0,0.3833333333333334,Yes
JCP1889U,32,0.54,0.65,0.4666666666666667,0.7333333333333333,Yes
JCP1907U,32,0.03,0.07,0,0.08333333333333333,No
JCP1912U,32,0.01,0.02,0,0.03333333333333333,No
JCP1913U,32,0.08,0.1,0.06666666666666667,0.15,No
JCP1914U,32,0.05,0.07,0.05,0.06666666666666667,No
JCP1915U,32,0.02,0.02,0,0.01666666666666667,No
JCP1921U,32,0.35,0.35,0.3333333333333333,0.35,No
JCP1922U,32,0.35,0.35,0.3333333333333333,0.35,No
JCP1932U,4,0.05,0.07,0.03333333333333333,0.06666666666666667,No
JCP1933U,32,0.11,0.15,0.05,0.1833333333333333,No
JCP1938U,32,0.05,0.07,0.03333333333333333,0.1666666666666667,No
JCP1939U,32,0.03,0.05,0.01666666666666667,0.06666666666666667,Yes
JCP1941U,32,3.81,17.32,0.5833333333333334,20.85,No
JCP1946U,32,0.13,0.32,0.05,0.4666666666666667,No
JCP1953U,32,0,0,0,0,No
JCP1954U,32,0.01,0.05,0,0.06666666666666667,No
JCP1955U,32,0.51,0.55,0.4666666666666667,0.6,No
JCP1956U,1,2.22,2.22,2.216666666666667,2.216666666666667,Yes
JCP1957U,1,32.4,32.4,32.4,32.4,Yes
JCP1958U,32,0.08,0.13,0.01666666666666667,0.1333333333333333,Yes
JCP1959U,32,0,0.05,0,0.06666666666666667,Yes
JCP1960U,1,49.87,49.87,49.86666666666667,49.86666666666667,No
JCP1961U,32,0.13,0.13,0.1166666666666667,0.1333333333333333,No
JCP1962U,10,0,0,0,0,No
JCP1973C,32,0,0,0,0,No
JCP1977U,32,0,0,0,0,No
JCP1978U,32,0,0,0,0,No
JCP1979U,1,0,0,0,0,No
JCP1981U,32,0,0,0,0,No
JCP1982U,32,0,0,0,0,No
JCP1983U,32,0,0,0,0,No
JCP1984U,32,0,0,0,0,No
JCP1985U,32,0,0,0,0,No
JCP1986U,32,0,0,0,0,No
JCP1987U,32,0,0,0,0,Yes
JCP1988U,32,0,0,0,0,No
JCP1989U,32,0,0,0,0,No
JCP2010R,10,0.07,0.07,0.05,0.06666666666666667,No
JCP2011U,32,0,0,0,0,No
JCP2012U,32,0.38,0.4,0.3666666666666666,0.4,No
JCP2020U,32,0.64,0.67,0.5666666666666667,0.7166666666666667,Yes
JCP2021U,32,4.24,4.43,2.883333333333333,4.55,No
JCP2024U,32,0,0,0,0,No
JCP2025U,1,0,0,0,0,No
JCP2028R,32,36.38,39.92,33.51666666666667,41.01666666666667,No
JCP2037U,32,0.13,0.65,0,0.6833333333333333,Yes
JCP2038C,32,0.22,1.23,0,1.316666666666667,No
JCP2038U,32,0.79,4.45,0.03333333333333333,4.516666666666667,Yes
JCP2043C,32,0.04,0.17,0,0.8333333333333334,No
JCP2043U,32,0.21,0.7,0.03333333333333333,2.9,Yes
JCP2044C,32,0,0,0,0,No
JCP2044U,32,0.08,0.2,0.05,0.2333333333333333,Yes
JCP2046G,32,0.36,0.42,0.35,0.4333333333333333,No
JCP2046R,32,0.39,0.42,0.3833333333333334,0.4333333333333333,No
JCP2048U,1,0.42,0.42,0.4166666666666667,0.4166666666666667,No
JCP2054U,1,0.78,0.78,0.7833333333333333,0.7833333333333333,No
JCP2068U,1,1.6,1.6,1.6,1.6,Yes
JCP2071U,5,0.35,0.35,0.35,0.35,No
JCP2072U,32,1.05,1.18,0.4166666666666667,1.216666666666667,Yes
JCP2073U,2,67.32,70.33,64.3,70.33333333333333,Yes
JCP2081U,1,0.5,0.5,0.5,0.5,No
JCP2083U,32,0.15,0.27,0.03333333333333333,1.1,No
JCP2084U,1,11.82,11.82,11.81666666666667,11.81666666666667,No
JCP2085R,1,0.03,0.03,0.03333333333333333,0.03333333333333333,No
JCP2088U,32,0.38,0.42,0.35,0.4333333333333333,No
JCP2089U,32,0.41,0.43,0.4,0.4666666666666667,No
JCP2090U,32,0.38,0.42,0.3666666666666666,0.45,No
JCP2091U,32,0.38,0.38,0.3666666666666666,0.3833333333333334,No
JCP2092U,32,0.35,0.35,0.35,0.35,Yes
JCP2093U,32,0.42,0.52,0.4,0.65,Yes
JCP2094U,32,0.4,0.47,0.3833333333333334,0.4833333333333333,No
JCP2095C,32,0.05,0.05,0.03333333333333333,0.05,No
JCP2095U,32,0.36,0.37,0.3333333333333333,0.3833333333333334,No
JCP2096U,32,0.35,0.37,0.35,0.3666666666666666,No
JCP2097C,32,0.04,0.05,0.03333333333333333,0.05,No
JCP2097U,32,0.37,0.38,0.35,0.4666666666666667,No
JCP2100U,32,0.84,0.7,0.45,10.73333333333333,Yes
JCP2104U,33,0.14,0.18,0.01666666666666667,0.1833333333333333,Yes
JCP2106U,32,0.31,0.7,0,0.7166666666666667,Yes
JCP2107U,32,2.77,3.28,2.3,3.666666666666667,Yes
JCP2108B,32,0.06,0.08,0.05,0.08333333333333333,Yes
JCP2108U,32,10.63,12.53,8.066666666666666,13.91666666666667,Yes
JCP2112U,32,0.81,0.87,0.7,0.8666666666666667,No
JCP2115U,1,0.42,0.42,0.4166666666666667,0.4166666666666667,Yes
JCP2149U,32,0.05,0.07,0.05,0.06666666666666667,No
JCP2150U,1,1.07,1.07,1.066666666666667,1.066666666666667,No
JCP2152U,32,0.36,0.37,0.35,0.3666666666666666,Yes
JCP2153U,32,0.37,0.42,0.35,0.4333333333333333,Yes
JCP2154U,32,0.01,0.02,0,0.06666666666666667,Yes
JCP2155U,1,0.87,0.87,0.8666666666666667,0.8666666666666667,Yes
JCP2156U,32,0.02,0.03,0.01666666666666667,0.05,Yes
JCP2162U,32,0.02,0.03,0.01666666666666667,0.05,No
JCP2166U,32,0,0,0,0,No
JCP2167U,32,0.35,0.35,0.3333333333333333,0.3666666666666666,Yes
JCP2168U,32,0,0,0,0,No
JCP2169B,1,0,0,0,0,No
JCP2173U,32,0.35,0.35,0.3333333333333333,0.3666666666666666,No
JCP2174U,2,0.35,0.35,0.35,0.35,Yes
JCP2177U,32,0.33,0.37,0,0.3666666666666666,No
JCP2182U,32,0.33,0.33,0.3333333333333333,0.3333333333333333,No
JCP2184U,32,0.35,0.35,0.35,0.3666666666666666,No
JCP2185U,32,0.02,0.02,0.01666666666666667,0.01666666666666667,No
JCP2186U,32,0,0,0,0,No
JCP2187U,32,0,0,0,0,No
JCP2188U,32,0,0,0,0,No
JCP2189U,32,0.37,0.38,0.3666666666666666,0.3833333333333334,No
JCP2192U,32,11.76,13.1,9.366666666666667,13.38333333333333,Yes
JCP2193U,32,11.86,13.3,9.983333333333333,14.56666666666667,No
JCP2194U,32,21.97,23.43,20.25,26.26666666666667,No
JCP2195U,32,1.1,2.15,0.75,2.333333333333333,No
JCP2196U,32,12.81,15.17,11,15.26666666666667,No
JCP2197U,32,0.77,1.4,0.4833333333333333,1.733333333333333,No
JCP2201U,32,0.03,0.03,0.01666666666666667,0.05,No
JCP2202U,32,19.87,26.2,13.2,27.78333333333333,No
JCP2206U,1,0,0,0,0,No
JCP2207U,32,0.06,0.08,0.03333333333333333,0.08333333333333333,No
JCP2208U,32,4.68,6.93,3.166666666666667,7.733333333333333,No
JCP2209U,32,0.18,0.33,0.06666666666666667,0.3833333333333334,No
JCP2212U,32,0.37,0.42,0.35,0.4166666666666667,No
JCP2214U,32,0.01,0.05,0,0.2333333333333333,No
JCP2216U,32,0,0,0,0,No
JCP2217U,32,0,0,0,0,No
JCP2218B,32,0,0,0,0,No
JCP2218M,1,0,0,0,0,No
JCP2218U,32,0.03,0.05,0,0.08333333333333333,No
JCP2241B,32,0,0.02,0,0.03333333333333333,No
JCP2241U,32,0.03,0.07,0.01666666666666667,0.06666666666666667,No
JCP2242U,32,0,0,0,0,No
JCP2243R,32,0,0,0,0.01666666666666667,No
JCP2244R,1,0.02,0.02,0.01666666666666667,0.01666666666666667,No
JCP2245U,1,0,0,0,0,No
JCP2246U,1,0,0,0,0,No
JCP2266U,32,0.04,0.08,0.01666666666666667,0.1,No
JCP2267U,32,0.07,0.1,0.05,0.1,No
JCP2270U,32,0.4,0.47,0.35,0.4666666666666667,No
JCP2280U,32,1.95,2.07,1.75,2.416666666666667,No
JCP2284U,2,0.02,0.03,0,0.03333333333333333,Yes
JCP2290U,32,0.43,0.47,0.35,0.4833333333333333,No
JCP2291R,32,0.09,0.23,0.05,0.2333333333333333,No
JCP2292R,2,0.01,0.02,0,0.01666666666666667,Yes
JCP2310U,32,0.02,0.03,0,0.03333333333333333,Yes
JCP2320U,32,0.1,0.13,0.06666666666666667,0.15,Yes
JCP2340U,32,0.56,0.93,0,0.9666666666666667,No
JCP2353U,32,0.04,0.05,0.03333333333333333,0.06666666666666667,No
JCP2378U,32,0.08,0.08,0.05,0.1666666666666667,No
JCP2382Q,32,0,0,0,0.01666666666666667,No
JCP2397U,32,0.01,0.03,0,0.03333333333333333,No
JCP2400U,32,19.86,26.17,13.18333333333333,27.75,No
JCP2410U,32,0.06,0.07,0.05,0.08333333333333333,No
JCP2420U,32,19.55,25.63,12.95,27.55,No
JCP2427U,32,0.39,0.4,0.3666666666666666,0.4,No
JCP2431U,33,0.43,0.5,0.35,0.5,Yes
JCP2432U,32,0.03,0.05,0.01666666666666667,0.06666666666666667,No
JCP2441U,32,0.46,0.5,0.4166666666666667,0.5,Yes
JCP2442U,32,0.45,0.5,0.3833333333333334,0.5666666666666667,No
JCP2450Q,32,0.02,0.03,0,0.03333333333333333,No
JCP2451U,33,0.41,0.47,0.3333333333333333,0.4833333333333333,Yes
JCP2452U,32,0.59,0.65,0.3666666666666666,0.7333333333333333,No
JCP2457U,32,0.11,0.13,0.06666666666666667,0.2,No
JCP2458U,32,0.12,0.15,0.08333333333333333,0.2,No
JCP2459U,32,1.24,1.4,1.133333333333333,1.716666666666667,No
JCP2470U,32,0.73,0.8,0.65,0.8,Yes
JCP2473U,32,0.35,0.35,0.3333333333333333,0.35,No
JCP2474U,32,0.35,0.35,0.3333333333333333,0.3833333333333334,No
JCP2475U,32,0.35,0.35,0.35,0.3666666666666666,No
JCP2476U,32,0.35,0.35,0.3333333333333333,0.3666666666666666,No
JCP2477U,32,0.35,0.35,0.35,0.3666666666666666,No
JCP2483U,2,0.39,0.4,0.3833333333333334,0.4,No
JCP2512U,1,17.37,17.37,17.36666666666667,17.36666666666667,Yes
JCP2513U,1,70.22,70.22,70.21666666666667,70.21666666666667,Yes
JCP2514U,1,6.65,6.65,6.65,6.65,Yes
JCP2524U,32,0,0,0,0,No
JCP2528U,1,0.03,0.03,0.03333333333333333,0.03333333333333333,No
JCP2557U,32,0.02,0.03,0.01666666666666667,0.03333333333333333,Yes
JCP2558U,32,0.02,0.02,0,0.01666666666666667,Yes
JCP2559U,32,0.03,0.03,0.01666666666666667,0.03333333333333333,Yes
JCP2580U,32,0.29,0.4,0.2166666666666667,0.4666666666666667,No
JCP2581U,32,0.07,0.08,0.03333333333333333,0.08333333333333333,No
JCP2582U,32,0,0,0,0,No
JCP2583Q,32,0,0,0,0,No
JCP2583U,32,0,0,0,0,No
JCP2586U,32,0.02,0.02,0,0.1,No
JCP2591U,32,0.04,0.07,0.01666666666666667,0.06666666666666667,No
JCP2600U,32,15.89,17.18,14.28333333333333,20.6,No
JCP2608U,32,0.18,0.25,0.1333333333333333,0.2666666666666667,Yes
JCP2613U,32,0.03,0.05,0.01666666666666667,0.05,Yes
JCP2615U,32,6.19,9.77,4.883333333333334,10.15,No
JCP2625U,32,19.03,20.82,16.9,26.05,No
JCP2629U,32,0,0.02,0,0.03333333333333333,No
JCP2635U,32,0.04,0.05,0.03333333333333333,0.05,No
JCP2636U,32,19.76,25.72,13.1,27.75,No
JCP2637U,34,0.39,0.43,0.35,0.4333333333333333,No
JCP2638U,32,0.05,0.05,0.03333333333333333,0.05,No
JCP2641U,1,3.75,3.75,3.75,3.75,No
JCP2644Q,32,0,0,0,0.01666666666666667,No
JCP2645Q,32,0,0,0,0,No
JCP2646Q,32,0,0,0,0,No
JCP2647Q,32,0,0,0,0,No
JCP2648Q,32,0,0,0,0,No
JCP2649Q,32,0,0,0,0,No
JCP2650Q,32,0,0,0,0,No
JCP2651Q,32,0,0,0,0,No
JCP2652Q,32,0,0.02,0,0.01666666666666667,No
JCP2653Q,32,0,0,0,0,No
JCP2654Q,32,0,0,0,0,No
JCP2655Q,32,0.01,0.02,0,0.01666666666666667,No
JCP2656Q,32,0,0,0,0,No
JCP2657Q,32,0,0,0,0,No
JCP2670U,32,0.42,0.47,0.3833333333333334,0.4833333333333333,Yes
JCP2690U,32,0,0,0,0,Yes
JCP2700U,32,0.02,0.03,0.01666666666666667,0.05,No
JCP2715U,32,0.08,0.12,0.05,0.1166666666666667,Yes
JCP2734X,1,0.03,0.03,0.03333333333333333,0.03333333333333333,No
JCP2753U,32,0.84,1.32,0.3333333333333333,1.466666666666667,No
JCP2754U,1,0.03,0.03,0.03333333333333333,0.03333333333333333,No
JCP2755U,1,2.27,2.27,2.266666666666667,2.266666666666667,No
JCP27561,32,0.37,0.38,0.3666666666666666,0.3833333333333334,No
JCP2756U,32,0.03,0.03,0.01666666666666667,0.03333333333333333,No
JCP27571,32,0.37,0.38,0.3666666666666666,0.3833333333333334,No
JCP2757U,32,0.01,0.02,0,0.01666666666666667,No
JCP2758U,32,1.35,1.65,1.183333333333333,2.05,No
JCP2764U,32,0.13,0.18,0.1166666666666667,0.2166666666666667,No
JCP2766U,32,0.11,0.15,0.08333333333333333,0.2166666666666667,No
JCP2767U,32,0.07,0.12,0.03333333333333333,0.1666666666666667,No
JCP2768U,32,0.21,0.2,0.01666666666666667,4,No
JCP2786R,32,0.01,0.02,0,0.01666666666666667,No
JCP2787R,32,0,0,0,0,No
JCP2788R,32,0,0.02,0,0.01666666666666667,No
JCP2789R,32,0.02,0.08,0,0.08333333333333333,No
JCP2790R,32,0.03,0.08,0,0.1166666666666667,No
JCP2793R,32,0.04,0.1,0.01666666666666667,0.1,No
JCP2798B,1,0.03,0.03,0.03333333333333333,0.03333333333333333,No
JCP2798U,1,0.03,0.03,0.03333333333333333,0.03333333333333333,No
JCP28091,32,0.41,0.42,0.4,0.4166666666666667,No
JCP28101,34,0.38,0.4,0.35,0.4,No
JCP2810U,32,0.01,0.02,0,0.01666666666666667,No
JCP28111,32,0.39,0.4,0.3833333333333334,0.4,No
JCP2811U,32,0.01,0.02,0,0.01666666666666667,No
JCP28171,32,0.39,0.4,0.3833333333333334,0.4,No
JCP2817U,32,0.02,0.03,0.01666666666666667,0.03333333333333333,No
JCP2827U,1,0.98,0.98,0.9833333333333333,0.9833333333333333,No
JCP2835R,32,0.04,0.05,0.03333333333333333,0.05,No
JCP2839U,31,25.42,26.72,23.78333333333333,26.76666666666667,Yes
JCP2851R,32,0.04,0.05,0.03333333333333333,0.05,No
JCP2864R,32,1.09,1.67,0.2833333333333333,1.716666666666667,No
JCP2867U,6,0,0,0,0,No
JCP2881U,6,0.02,0.02,0.01666666666666667,0.01666666666666667,No
JCP2884U,32,19.85,27.22,13.28333333333333,29.2,No
JCP2890U,1,0.45,0.45,0.45,0.45,No
JCP2891X,1,0.02,0.02,0.01666666666666667,0.01666666666666667,No
JCP338OP,32,0.14,0.2,0.03333333333333333,0.2166666666666667,Yes
JCP339CL,32,0,0,0,0,Yes
JCP345CL,32,0,0,0,0,No
JCP345OP,32,0,0,0,0,No
JCP348CL,32,0,0,0,0,No
JCP375OP,2,1.48,2.95,0,2.95,Yes
JCP376CL,2,0,0,0,0,Yes
JCP38800,32,0,0,0,0,Yes
JCP38900,32,0.02,0.03,0.01666666666666667,0.03333333333333333,Yes
JCP39000,32,0,0,0,0,Yes
JCP39300,32,0,0,0,0,No
JCP39400,32,0,0,0,0,No
JCP4720R,32,0,0,0,0,Yes
JCP60105,32,0.02,0.05,0,0.06666666666666667,No
JCP8271U,1,0,0,0,0,No
JCP8272R,1,0,0,0,0,No
JCP8273B,1,0,0,0,0,No
JCP8280R,5,0.01,0.02,0,0.01666666666666667,No
JCPA540U,32,0,0,0,0,Yes
JCPAAS08,32,6.79,9.02,6.116666666666666,9.133333333333333,No
JCPAAS09,32,10.11,7.85,4.716666666666667,145.5666666666667,No
JCPAAS10,30,5.51,6.07,4.65,6.183333333333334,No
JCPAAS11,31,5.29,5.78,4.783333333333333,8.55,No
JCPAAS12,30,8.58,9.37,7.9,9.416666666666666,No
JCPAAS13,31,5.18,5.65,4.533333333333333,6.083333333333333,No
JCPAAS14,30,5.44,5.95,4.816666666666666,5.966666666666667,No
JCPAAS15,31,5.25,5.65,4.883333333333334,5.8,No
JCPAAS16,30,5.07,5.52,4.483333333333333,5.85,No
JCPAAS17,31,5.35,5.53,4.866666666666666,9.15,No
JCPAAS18,30,5.91,6.38,5.35,6.483333333333333,No
JCPAAS19,31,6.63,6.93,5.65,15.68333333333333,No
JCPAAS20,31,5.37,5.97,4.766666666666667,6.1,No
JCPAAS21,32,5.69,6.12,5.333333333333333,6.15,No
JCPAAS22,32,5.74,6.32,5.316666666666666,6.4,No
JCPALXR,32,0,0,0,0,Yes
JCPAUTOD,32,0.29,0.88,0,1.133333333333333,Yes
JCPBKB2B,32,5.36,5.53,4.983333333333333,5.683333333333334,No
JCPBKB3B,33,0.77,1.28,0.6666666666666666,1.35,No
JCPBKCP2,32,0.02,0.03,0.01666666666666667,0.03333333333333333,No
JCPBKD01,32,25.88,29.08,23.11666666666667,49.35,No
JCPBKD02,32,1.26,1.47,1.05,1.75,No
JCPBKD03,32,10,12.68,7.6,12.9,No
JCPBKD05,32,3.97,5.37,2.816666666666667,5.866666666666666,No
JCPBKD06,32,6.68,7.75,5.85,8.5,No
JCPBKD07,32,28.61,31.58,21.68333333333333,31.85,No
JCPBKD08,32,4.16,5.08,3.833333333333333,5.35,No
JCPBKD09,32,5.78,6.65,5.216666666666667,7.65,No
JCPBKD10,32,1.11,1.2,1.033333333333333,1.5,No
JCPBKD11,32,5.1,6.58,4.25,6.716666666666667,No
JCPBKD12,32,0.28,0.33,0.2333333333333333,0.3333333333333333,No
JCPBKD2M,32,8.05,9.63,6.916666666666667,9.816666666666666,No
JCPBKM01,1,3.97,3.97,3.966666666666667,3.966666666666667,No
JCPBKM02,1,2.22,2.22,2.216666666666667,2.216666666666667,No
JCPCBSAR,32,0.2,0.38,0.1333333333333333,0.3833333333333334,No
JCPCLTR,32,0.02,0.03,0,0.03333333333333333,No
JCPCPTUI,32,0,0,0,0,Yes
JCPCRABI,32,0,0.02,0,0.01666666666666667,No
JCPCRP1,32,0,0,0,0,Yes
JCPCRP2,32,0.05,0.07,0.03333333333333333,0.1,No
JCPCRPU1,32,0.35,0.35,0.35,0.3666666666666666,Yes
JCPCTRLF,32,0.01,0.02,0,0.03333333333333333,Yes
JCPCYCRP,32,0,0,0,0,No
JCPD3B2B,32,0.51,0.57,0.4333333333333333,0.5833333333333334,Yes
JCPDC110,32,0.42,0.92,0.2333333333333333,1.4,Yes
JCPDCL01,32,0.02,0.05,0,0.05,Yes
JCPDDS10,32,2.12,2.68,1.5,3.05,No
JCPDDS20,32,0,0,0,0,No
JCPDDS25,1,0,0,0,0,No
JCPDDS30,32,1.52,1.65,1.383333333333333,1.75,No
JCPDDS35,32,0.02,0.03,0.01666666666666667,0.03333333333333333,No
JCPDDS40,32,0,0,0,0.01666666666666667,No
JCPDSMNT,32,0.01,0.02,0,0.01666666666666667,Yes
JCPDSMS2,32,1.37,1.58,1.233333333333333,1.583333333333333,No
JCPDWB00,32,0,0.02,0,0.01666666666666667,Yes
JCPDWB01,32,0.08,0.18,0.03333333333333333,0.2333333333333333,Yes
JCPDWB02,32,0.08,0.1,0.06666666666666667,0.1166666666666667,Yes
JCPDWB03,32,0,0.02,0,0.01666666666666667,Yes
JCPDWB04,1,0,0,0,0,Yes
JCPDWB05,1,0,0,0,0,Yes
JCPDWBBK,32,0.01,0.02,0,0.03333333333333333,Yes
JCPDWBU1,32,0,0,0,0,Yes
JCPDWBU2,32,0,0,0,0.01666666666666667,Yes
JCPDY1,32,0.66,0.87,0.35,0.9166666666666666,Yes
JCPDY10,32,0.28,0.43,0.1833333333333333,0.4666666666666667,Yes
JCPDY11A,32,6.67,7.98,6.166666666666667,8.85,Yes
JCPDY11B,32,0.14,0.23,0.01666666666666667,0.6,Yes
JCPDY11C,32,0.95,1.23,0.5833333333333334,1.783333333333333,Yes
JCPDY11E,32,7.54,8.5,6.766666666666667,8.666666666666666,Yes
JCPDY11F,32,0.12,0.22,0.05,0.2166666666666667,Yes
JCPDY12,32,0,0,0,0,Yes
JCPDY12A,32,0,0.02,0,0.01666666666666667,Yes
JCPDY12B,32,0,0,0,0,Yes
JCPDY2,32,1.45,2.05,0.95,2.1,Yes
JCPDY2A,32,0.51,0.9,0.25,1.066666666666667,Yes
JCPDY2B,32,0.09,0.18,0.03333333333333333,0.2166666666666667,Yes
JCPDY2C,32,0.06,0.08,0.05,0.1,Yes
JCPDY2D,32,2.09,2.25,1.966666666666667,2.25,Yes
JCPDY2E,32,0.07,0.08,0.06666666666666667,0.08333333333333333,Yes
JCPDY2F,32,0.72,0.78,0.65,0.8,Yes
JCPDY2G,32,0.45,0.65,0.4,0.6666666666666666,Yes
JCPDY2H,32,0.24,0.27,0.2166666666666667,0.2666666666666667,Yes
JCPDY2I,32,0.07,0.07,0.06666666666666667,0.1,Yes
JCPDY2K,32,0.19,0.27,0.1166666666666667,0.3,Yes
JCPDY2L,37,3.45,3.63,3.216666666666667,3.716666666666667,Yes
JCPDY3AU,32,0.52,0.42,0.06666666666666667,8.816666666666666,Yes
JCPDY3BU,32,0.43,0.6,0.15,2.583333333333333,Yes
JCPDY3C,32,0.23,0.38,0.1333333333333333,0.8,Yes
JCPDY3DU,32,1.74,3.08,0.9833333333333333,5.3,Yes
JCPDY3E,32,0.15,0.18,0.1333333333333333,0.1833333333333333,Yes
JCPDY3F,32,0.04,0.07,0.01666666666666667,0.1166666666666667,Yes
JCPDY3GU,32,1.17,1.85,0.8666666666666667,1.916666666666667,Yes
JCPDY3HU,32,9.56,13.65,7.116666666666666,14.93333333333333,Yes
JCPDY3I,32,1.39,2.05,1.066666666666667,2.233333333333333,Yes
JCPDY3JU,32,1.52,1.75,1.3,2.933333333333333,Yes
JCPDY3K,32,2.26,9.13,0.25,11.1,Yes
JCPDY3L1,32,1.02,1.18,0.8333333333333334,1.283333333333333,Yes
JCPDY3L2,32,2.37,3.1,1.866666666666667,3.2,Yes
JCPDY3L3,32,0.74,0.93,0.6666666666666666,0.9666666666666667,Yes
JCPDY5A,32,1.54,1.68,1.433333333333333,1.75,Yes
JCPDY5AN,32,1.58,1.63,1.516666666666667,1.733333333333333,Yes
JCPDY5B,32,0.03,0.03,0.01666666666666667,0.05,Yes
JCPDY5C,32,3.83,4.15,3.516666666666667,4.816666666666666,Yes
JCPDY5D,32,0.58,0.8,0.5166666666666667,0.8666666666666667,Yes
JCPDY5E,32,0.16,0.23,0.1166666666666667,0.2333333333333333,Yes
JCPDY5F,32,0.05,0.1,0.03333333333333333,0.1,Yes
JCPDY5G,32,0.07,0.13,0.03333333333333333,0.15,Yes
JCPDY6,32,0.03,0.05,0.01666666666666667,0.05,Yes
JCPDY7A,32,4,4.53,3.583333333333333,4.816666666666666,Yes
JCPDY7B,32,0.02,0.05,0.01666666666666667,0.05,Yes
JCPDY7C,32,4.88,5.43,4.583333333333333,6.183333333333334,Yes
JCPDY7D,32,1.1,1.5,0.9333333333333333,1.6,Yes
JCPDY7E,32,0.33,0.52,0.25,0.5333333333333333,Yes
JCPDY7F,32,0.2,0.35,0.1166666666666667,0.4333333333333333,Yes
JCPDY7H,32,11.29,14.93,8.233333333333333,15.86666666666667,Yes
JCPDY8,32,6.91,11.67,2.966666666666667,12.05,Yes
JCPDY8A,32,0,0,0,0,Yes
JCPDYDIM,32,0.06,0.07,0.05,0.1333333333333333,No
JCPDYG1U,32,0.36,1.4,0.01666666666666667,1.95,Yes
JCPEIEXT,32,0.52,1.65,0.01666666666666667,1.716666666666667,Yes
JCPEXEIS,32,8.36,10.17,5.966666666666667,11.05,Yes
JCPF6001,32,1.97,2.87,1.616666666666667,3.333333333333333,Yes
JCPF6002,32,1.5,2.33,1.183333333333333,2.65,Yes
JCPF6003,32,9.45,13.1,4.85,15.28333333333333,Yes
JCPF6004,32,0.37,0.38,0.3666666666666666,0.4333333333333333,Yes
JCPF6005,32,1.65,2.07,1.466666666666667,2.15,Yes
JCPF6006,32,0.85,1.05,0.6666666666666666,1.216666666666667,Yes
JCPF6007,32,0.02,0.03,0,0.1666666666666667,No
JCPF6008,32,0.01,0.02,0,0.03333333333333333,No
JCPF65CL,1,0,0,0,0,Yes
JCPF65OP,1,0.02,0.02,0.01666666666666667,0.01666666666666667,Yes
JCPF66UW,1,1.18,1.18,1.183333333333333,1.183333333333333,Yes
JCPF672U,33,0.15,0.2,0,0.2,Yes
JCPF6BK1,32,0.92,1.35,0.35,1.383333333333333,Yes
JCPF6BKP,32,2.61,2.98,2.433333333333333,3.016666666666667,No
JCPF6FTP,32,0,0,0,0,No
JCPFPRPU,32,0.02,0.03,0.01666666666666667,0.03333333333333333,Yes
JCPGL001,32,3.12,2.92,2.1,20.25,Yes
JCPGL002,31,1.96,2.35,1.633333333333333,2.8,Yes
JCPGL003,1,1.98,1.98,1.983333333333333,1.983333333333333,No
JCPGL004,32,0.69,0.83,0.4833333333333333,1.166666666666667,Yes
JCPGL005,32,0.37,0.47,0.2666666666666667,0.4833333333333333,Yes
JCPGL006,32,0,0,0,0.01666666666666667,Yes
JCPGL007,32,0,0,0,0,Yes
JCPGL008,32,0.82,1,0.6166666666666667,1.033333333333333,Yes
JCPGL009,32,0.46,0.5,0.4166666666666667,0.55,Yes
JCPGL010,32,0,0,0,0,No
JCPGL011,32,0,0.02,0,0.01666666666666667,Yes
JCPGL012,32,0,0.02,0,0.01666666666666667,Yes
JCPGL013,32,0,0.02,0,0.01666666666666667,Yes
JCPGL014,32,0.25,0.28,0.2166666666666667,0.2833333333333333,Yes
JCPGL015,32,0.02,0.02,0.01666666666666667,0.03333333333333333,Yes
JCPGLKH1,32,0.64,0.72,0.6,0.75,Yes
JCPGSTW2,32,0.05,0.07,0.03333333333333333,0.1,No
JCPI0845,32,0,0,0,0,No
JCPI0850,32,0,0.02,0,0.01666666666666667,No
JCPI0855,32,0,0.02,0,0.01666666666666667,No
JCPI0900,32,0.02,0.03,0.01666666666666667,0.03333333333333333,No
JCPI0905,31,0,0,0,0,No
JCPI0910,30,0,0.02,0,0.01666666666666667,No
JCPI0915,30,0,0,0,0,No
JCPI0920,30,0,0.02,0,0.01666666666666667,No
JCPI0925,30,0,0,0,0,No
JCPI0930,30,0.02,0.02,0.01666666666666667,0.01666666666666667,No
JCPI0935,30,0,0,0,0,No
JCPI0940,30,0,0,0,0,No
JCPI0945,30,0,0,0,0,No
JCPI0950,30,0,0.02,0,0.01666666666666667,No
JCPI0955,30,0,0,0,0,No
JCPI1000,31,0.04,0.03,0.01666666666666667,0.5666666666666667,No
JCPI1005,30,0,0,0,0,No
JCPI1010,30,0,0.02,0,0.01666666666666667,No
JCPI1015,30,0,0,0,0,No
JCPI1020,30,0,0.02,0,0.01666666666666667,No
JCPI1025,30,0,0,0,0,No
JCPI1030,30,0.01,0.02,0,0.01666666666666667,No
JCPI1035,30,0,0,0,0,No
JCPI1040,30,0,0.02,0,0.01666666666666667,No
JCPI1045,30,0,0,0,0,No
JCPI1050,30,0,0.02,0,0.01666666666666667,No
JCPI1055,30,0,0,0,0,No
JCPI1100,31,0.02,0.02,0,0.01666666666666667,No
JCPI1105,30,0,0,0,0,No
JCPI1110,30,0,0.02,0,0.01666666666666667,No
JCPI1115,30,0,0,0,0,No
JCPI1120,30,0,0.02,0,0.01666666666666667,No
JCPI1125,30,0,0,0,0,No
JCPI1130,30,0.02,0.02,0,0.01666666666666667,No
JCPI1135,30,0,0,0,0,No
JCPI1140,30,0,0.02,0,0.01666666666666667,No
JCPI1145,30,0,0,0,0,No
JCPI1150,30,0,0.02,0,0.01666666666666667,No
JCPI1155,30,0,0,0,0,No
JCPI1200,31,0.02,0.02,0,0.01666666666666667,No
JCPI1205,30,0,0,0,0,No
JCPI1210,30,0,0.02,0,0.01666666666666667,No
JCPI1215,30,0,0,0,0,No
JCPI1220,30,0,0.02,0,0.01666666666666667,No
JCPI1225,30,0,0,0,0,No
JCPI1230,30,0.01,0.02,0,0.01666666666666667,No
JCPI1235,30,0,0,0,0,No
JCPI1240,30,0,0.02,0,0.01666666666666667,No
JCPI1245,30,0,0,0,0,No
JCPI1250,30,0,0.02,0,0.01666666666666667,No
JCPI1255,30,0,0,0,0,No
JCPI1300,31,0.02,0.03,0.01666666666666667,0.03333333333333333,No
JCPI1305,30,0,0,0,0,No
JCPI1310,30,0,0.02,0,0.01666666666666667,No
JCPI1315,30,0,0,0,0,No
JCPI1320,30,0,0,0,0.01666666666666667,No
JCPI1325,30,0,0,0,0,No
JCPI1330,30,0.01,0.02,0,0.01666666666666667,No
JCPI1335,30,0,0,0,0,No
JCPI1340,30,0,0.02,0,0.01666666666666667,No
JCPI1345,30,0,0,0,0,No
JCPI1350,30,0,0,0,0.01666666666666667,No
JCPI1355,30,0,0,0,0,No
JCPI1400,31,0.02,0.02,0.01666666666666667,0.01666666666666667,No
JCPI1405,30,0,0,0,0,No
JCPI1410,30,0,0.02,0,0.01666666666666667,No
JCPI1415,30,0,0,0,0,No
JCPI1420,30,0,0.02,0,0.01666666666666667,No
JCPI1425,30,0,0,0,0,No
JCPI1430,30,0.02,0.02,0,0.01666666666666667,No
JCPI1435,30,0,0,0,0,No
JCPI1440,30,0,0,0,0.01666666666666667,No
JCPI1445,30,0,0,0,0,No
JCPI1450,30,0,0.02,0,0.01666666666666667,No
JCPI1455,30,0,0,0,0,No
JCPI1500,31,0.02,0.02,0,0.03333333333333333,No
JCPI1505,30,0,0,0,0,No
JCPI1510,30,0,0.02,0,0.01666666666666667,No
JCPI1515,30,0,0,0,0,No
JCPI1520,30,0,0,0,0,No
JCPI1525,30,0,0,0,0,No
JCPI1530,30,0.01,0.02,0,0.01666666666666667,No
JCPI1535,30,0,0,0,0,No
JCPI1540,30,0,0,0,0,No
JCPI1545,30,0,0,0,0,No
JCPI1550,30,0,0,0,0.01666666666666667,No
JCPI1555,30,0,0,0,0,No
JCPI1600,31,0.02,0.02,0.01666666666666667,0.03333333333333333,No
JCPI1605,30,0,0,0,0,No
JCPI1610,30,0.01,0.02,0,0.01666666666666667,No
JCPI1615,30,0,0,0,0,No
JCPI1620,30,0,0.02,0,0.01666666666666667,No
JCPI1625,30,0,0,0,0,No
JCPI1630,30,0.01,0.02,0,0.01666666666666667,No
JCPI1635,30,0,0,0,0,No
JCPI1640,30,0,0,0,0.01666666666666667,No
JCPI1645,30,0,0,0,0,No
JCPI1650,30,0,0,0,0.01666666666666667,No
JCPI1655,30,0,0,0,0,No
JCPI1700,31,0.02,0.02,0.01666666666666667,0.01666666666666667,No
JCPI1705,30,0,0,0,0,No
JCPI1710,30,0.01,0.02,0,0.01666666666666667,No
JCPI1715,30,0,0,0,0,No
JCPI1720,30,0,0.02,0,0.01666666666666667,No
JCPI1725,30,0,0,0,0,No
JCPI1730,30,0.02,0.02,0.01666666666666667,0.03333333333333333,No
JCPI1735,30,0,0,0,0.05,No
JCPI1740,30,0,0.02,0,0.01666666666666667,No
JCPI1745,30,0,0,0,0,No
JCPI1750,30,0,0.02,0,0.01666666666666667,No
JCPI1755,30,0,0,0,0,No
JCPI1800,31,0.02,0.02,0,0.03333333333333333,No
JCPI1805,30,0,0,0,0,No
JCPI1810,30,0.01,0.02,0,0.01666666666666667,No
JCPI1815,30,0,0,0,0,No
JCPI1820,30,0.02,0.02,0,0.15,No
JCPI1825,30,0,0,0,0,No
JCPI1830,30,0.02,0.02,0,0.01666666666666667,No
JCPI1835,30,0,0,0,0,No
JCPI1840,30,0.01,0.02,0,0.01666666666666667,No
JCPI1845,30,0,0,0,0,No
JCPI1850,30,0.01,0.02,0,0.01666666666666667,No
JCPI1855,31,0,0,0,0,No
JCPI1900,32,0.02,0.05,0.01666666666666667,0.05,No
JCPI1905,29,0,0,0,0,No
JCPI1910,29,0.01,0.02,0,0.01666666666666667,No
JCPI1915,29,0,0,0,0,No
JCPI1920,29,0.02,0.02,0,0.15,No
JCPI1925,29,0,0,0,0,No
JCPI1930,29,0.02,0.02,0,0.2,No
JCPI1935,29,0,0,0,0,No
JCPI1940,29,0.01,0.02,0,0.01666666666666667,No
JCPI1945,29,0,0,0,0,No
JCPI1950,29,0,0,0,0.01666666666666667,No
JCPI1955,29,0,0,0,0,No
JCPI2000,30,0.02,0.02,0.01666666666666667,0.03333333333333333,No
JCPI2005,29,0,0,0,0,No
JCPI2010,29,0,0.02,0,0.01666666666666667,No
JCPI2015,29,0,0,0,0,No
JCPI2020,29,0,0,0,0,No
JCPI2025,29,0,0,0,0,No
JCPI2030,29,0.01,0.02,0,0.01666666666666667,No
JCPI2035,29,0,0,0,0,No
JCPI2040,29,0,0,0,0.01666666666666667,No
JCPI2045,29,0,0,0,0,No
JCPI2050,29,0,0,0,0.01666666666666667,No
JCPI2055,29,0,0,0,0,No
JCPI2100,30,0.03,0.03,0.01666666666666667,0.2666666666666667,No
JCPI2105,29,0,0,0,0,No
JCPI2110,29,0,0.02,0,0.01666666666666667,No
JCPI2115,29,0,0,0,0,No
JCPI2120,29,0,0,0,0.01666666666666667,No
JCPI2125,29,0,0,0,0,No
JCPI2130,29,0,0.02,0,0.01666666666666667,No
JCPI2135,29,0,0,0,0,No
JCPI2140,29,0,0,0,0,No
JCPI2145,29,0,0,0,0,No
JCPI2150,29,0,0,0,0,No
JCPI2155,29,0,0,0,0,No
JCPI2200,30,0.06,0.13,0.01666666666666667,0.1333333333333333,No
JCPISS2,32,0.13,0.25,0.06666666666666667,0.2666666666666667,Yes
JCPISSUE,32,0.65,0.82,0.5333333333333333,1.033333333333333,Yes
JCPJCBIN,5,0.36,0.37,0.35,0.3666666666666666,Yes
JCPKSIB1,32,0.05,0.12,0,0.1166666666666667,No
JCPKSIB2,32,0,0.02,0,0.01666666666666667,No
JCPKSIB3,32,0.57,0.65,0.4666666666666667,0.8333333333333334,No
JCPMCIN,32,0.61,0.72,0.5166666666666667,0.7666666666666667,No
JCPMCIN2,32,0.23,0.75,0.01666666666666667,0.7666666666666667,No
JCPMGPMX,32,0.01,0,0,0.4666666666666667,Yes
JCPMRG01,32,0,0,0,0.01666666666666667,Yes
JCPN0900,32,1.42,1.55,1.1,1.616666666666667,Yes
JCPN1600,32,1.5,1.58,1.45,1.65,Yes
JCPN2200,32,0.39,0.45,0.01666666666666667,0.4666666666666667,No
JCPNXRF,32,0.45,0.57,0.35,0.6333333333333333,Yes
JCPPCCF,32,0.04,0.03,0.03333333333333333,0.1166666666666667,Yes
JCPPCCG,32,0.05,0.1,0.03333333333333333,0.1166666666666667,Yes
JCPPCCH,32,0.05,0.05,0.05,0.06666666666666667,Yes
JCPPCCN,32,0.04,0.03,0.03333333333333333,0.1166666666666667,Yes
JCPPCCT,32,0.24,0.28,0.2,0.3333333333333333,Yes
JCPPCOF,32,0.03,0.03,0.03333333333333333,0.05,Yes
JCPPCOG,32,0.03,0.03,0.03333333333333333,0.03333333333333333,Yes
JCPPCOH,32,0.04,0.07,0,0.06666666666666667,Yes
JCPPCON,32,0.03,0.03,0.03333333333333333,0.03333333333333333,Yes
JCPPCOT,32,0.24,0.25,0.2333333333333333,0.25,Yes
JCPPRFC1,1,3.95,3.95,3.95,3.95,No
JCPQTR1,2,0.08,0.17,0,0.1666666666666667,Yes
JCPQTR5,1,0,0,0,0,Yes
JCPRCY3A,32,0,0,0,0,Yes
JCPRCYC,32,1.69,1.82,1.6,1.983333333333333,Yes
JCPRCYC0,2,1.01,1.02,1,1.016666666666667,No
JCPRCYC3,32,0.02,0.02,0.01666666666666667,0.01666666666666667,Yes
JCPRCYCA,32,0.02,0.03,0,0.15,No
JCPRCYCF,32,0.02,0.07,0,0.06666666666666667,Yes
JCPREIS2,2,0.12,0.23,0.01666666666666667,0.2333333333333333,Yes
JCPREISA,2,0,0,0,0,Yes
JCPREISR,32,0.96,1.38,0.7666666666666667,1.466666666666667,No
JCPREISS,2,0.81,0.92,0.7,0.9166666666666666,Yes
JCPSFDBK,32,0.01,0.03,0,0.1166666666666667,Yes
JCPSFMBK,1,0,0,0,0,No
JCPSST01,32,0.31,0.35,0.25,0.7166666666666667,No
JCPSST02,32,2.1,2.62,1.733333333333333,2.833333333333333,No
JCPSST03,32,0.11,0.68,0.03333333333333333,0.8666666666666667,No
JCPSST05,32,0,0,0,0.01666666666666667,No
JCPSSTRP,32,0.29,0.42,0.2166666666666667,0.5333333333333333,No
JCPSTLCL,32,0.06,0.1,0.01666666666666667,0.1,No
JCPSTMT2,32,0.03,0.13,0,0.15,No
JCPSTMT3,32,0.03,0.1,0,0.1,No
JCPSTMT4,32,0.01,0.05,0,0.05,No
JCPSTMT5,32,0.01,0.05,0,0.05,No
JCPSTMT6,32,0.01,0.05,0,0.05,No
JCPSTMT7,32,0.08,0.38,0,0.45,No
JCPSTMT8,32,0.05,0.18,0,0.2,No
JCPSTMT9,32,0,0,0,0,No
JCPSTMTI,32,0.78,2.27,0.35,2.966666666666667,Yes
JCPSTPRO,32,0.06,0.08,0.03333333333333333,0.1166666666666667,Yes
JCPSTUSR,32,0.03,0.03,0.03333333333333333,0.03333333333333333,No
JCPT006,32,0.03,0.05,0.01666666666666667,0.05,No
JCPT066,32,0.02,0.02,0.01666666666666667,0.01666666666666667,No
JCPT120,32,0.09,0.12,0.08333333333333333,0.1166666666666667,No
JCPT167,32,0.7,0.77,0.4833333333333333,0.7666666666666667,No
JCPT168,32,0.21,3.13,0.01666666666666667,3.15,No
JCPT168B,2,0.4,0.43,0.3666666666666666,0.4333333333333333,No
JCPT5G2,32,0.06,0.07,0.03333333333333333,0.06666666666666667,Yes
JCPT5G2B,32,0.1,0.12,0.06666666666666667,0.1166666666666667,Yes
JCPTMK00,30,11.63,14.85,5.466666666666667,15.88333333333333,No
JCPTMK01,32,8.82,12.32,3.616666666666667,12.65,No
JCPTMK02,32,4.12,5.53,3.116666666666667,5.833333333333333,No
JCPTMK03,32,3.66,4.03,3.383333333333333,4.133333333333334,No
JCPTMK04,33,3.77,4.35,3.366666666666667,4.75,No
JCPTMK05,32,3.78,4.88,3.383333333333333,6.366666666666666,No
JCPTMK06,32,5.04,5.77,4.133333333333334,6.5,No
JCPTMK07,32,6.54,9.08,4.2,9.216666666666667,No
JCPTMK23,32,3.4,3.55,3.25,3.766666666666667,No
JCPTWQ01,32,0.07,0.1,0.05,0.2333333333333333,Yes
JCPTWQ02,32,1.2,1.38,1.033333333333333,1.45,Yes
JCPTWQ03,32,0.41,0.47,0.3833333333333334,0.4666666666666667,Yes
JCPTXEIS,32,0.28,0.58,0.1666666666666667,0.7166666666666667,No
JCPU230,32,2.17,2.93,1.65,2.983333333333333,Yes
JCPU430A,32,0,0.02,0,0.01666666666666667,Yes
JCPU430B,2,0.03,0.07,0,0.06666666666666667,Yes
JCPU516,33,12.73,18.77,7.7,36.98333333333333,Yes
JCPU518,32,0.41,0.5,0.3166666666666667,0.7333333333333333,Yes
JCPU530,32,1.19,1.6,0.9666666666666667,1.6,Yes
JCPU580,1,0.05,0.05,0.05,0.05,No
JCPU683,32,1.8,2.87,1.166666666666667,3.283333333333333,Yes
JCPU684C,32,2.71,3.95,1.783333333333333,4.366666666666666,Yes
JCPU685,32,1.93,3,1.266666666666667,3.416666666666667,Yes
JCPU686,32,1.19,1.43,0.9333333333333333,1.45,Yes
JCPU687,32,0.13,0.33,0.06666666666666667,0.3666666666666666,Yes
JCPU688,32,0.29,0.43,0.2166666666666667,0.4666666666666667,Yes
JCPU690,32,0.99,1.18,0.85,1.216666666666667,Yes
JCPU691,32,0.15,0.3,0.08333333333333333,0.3333333333333333,Yes
JCPU692,32,0.14,0.17,0.1166666666666667,0.1833333333333333,Yes
JCPU81B,32,0.02,0.03,0.01666666666666667,0.05,No
JCPU866B,32,0.01,0.02,0,0.01666666666666667,Yes
JCPU866D,32,1.78,1.97,1.566666666666667,2,Yes
JCPU896,1,6,6,6,6,No
JCPU909,32,1.62,2,0.7166666666666667,2.383333333333333,Yes
JCPU909B,32,1.67,2.13,0.75,2.4,Yes
JCPU909C,32,0.38,0.63,0.3333333333333333,0.7166666666666667,Yes
JCPU972,32,0.01,0.02,0,0.03333333333333333,Yes
JCPUAB01,32,0.49,0.55,0.2333333333333333,0.7666666666666667,Yes
JCPUAB02,32,0.02,0.03,0,0.06666666666666667,Yes
JCPUAB03,32,0.32,0.52,0.25,0.6166666666666667,Yes
JCPUAB04,32,0.56,0.88,0.4,1.033333333333333,Yes
JCPUAB05,32,0.47,0.68,0.3833333333333334,0.8333333333333334,Yes
JCPUAB06,32,0.08,0.1,0.06666666666666667,0.1166666666666667,Yes
JCPUAB07,32,0.6,0.83,0.4666666666666667,0.9666666666666667,Yes
JCPUAB12,32,0,0,0,0,Yes
JCPUABUB,32,0.21,0.23,0.1666666666666667,0.25,Yes
JCPUC500,1,0.33,0.33,0.3333333333333333,0.3333333333333333,Yes
JCPUC501,32,0.22,0.33,0.15,0.5166666666666667,Yes
JCPUCAP,32,1.07,1.32,0.95,1.333333333333333,Yes
JCPUHRN,32,0,0,0,0.01666666666666667,Yes
JCPUHRNM,32,0,0,0,0,Yes
JCPUHST,32,0.79,0,0,25.25,Yes
JCPVMRZS,2,1.07,1.25,0.8833333333333333,1.25,Yes
JCQD727B,32,0.01,0.05,0,0.05,Yes
JCQD727H,32,0.06,0.25,0.01666666666666667,0.2666666666666667,Yes
JCQD810,33,6.86,8.98,5.466666666666667,11.81666666666667,No
JCQDMRP1,32,0.11,0.2,0.06666666666666667,0.2166666666666667,Yes
JCQDMRP2,32,0,0.02,0,0.01666666666666667,Yes
JCQDMRP3,32,0,0,0,0,Yes
JCQDMRP4,32,0,0.02,0,0.01666666666666667,Yes
JCQDMRP5,32,0,0,0,0,Yes
JCQDMRP6,32,0,0,0,0.01666666666666667,No
JCQDY01,32,14.68,18.8,12.08333333333333,18.83333333333333,Yes
JCQDY10,32,7.4,7.67,6.9,7.816666666666666,Yes
JCQDY710,32,0.32,0.37,0.2666666666666667,0.4,Yes
JCQDY712,32,0.37,0.57,0.15,0.6,Yes
JCQDY720,32,22.76,23.85,21.31666666666667,24.05,Yes
JCQDY725,32,0.83,0.92,0.7,0.9333333333333333,Yes
JCQDY727,32,0.47,0.78,0.06666666666666667,0.85,Yes
JCQDY740,32,0.12,0.18,0.08333333333333333,0.1833333333333333,Yes
JCQDY750,32,0.2,0.25,0.15,0.2833333333333333,Yes
JCQDY760,32,45.04,46.42,42.55,46.51666666666667,Yes
JCQR810,32,0,0,0,0,No
JCQRPT01,32,0.96,1.27,0.7666666666666667,1.45,Yes
JCRCPCLE,1,0.05,0.05,0.05,0.05,No
JCRDCVBA,1,13.08,13.08,13.08333333333333,13.08333333333333,No
JCRDCVBB,1,2.28,2.28,2.283333333333333,2.283333333333333,No
JCRPCS01,32,0.03,0.03,0.01666666666666667,0.05,Yes
JCRPSRT1,32,0.09,0.13,0.05,0.15,Yes
JCRPSTMF,1,0.27,0.27,0.2666666666666667,0.2666666666666667,No
JCS1216C,32,0,0,0,0,Yes
JCS1216O,32,0,0,0,0,Yes
JCSASTKN,32,3.16,3.87,2.8,4.066666666666666,No
JCSAUDBK,32,3.42,8.08,0.65,8.383333333333333,Yes
JCSD110J,32,0.87,1.5,0.35,1.533333333333333,Yes
JCSM28UD,32,0,0,0,0,No
JCSR29B0,32,0.02,0.03,0.01666666666666667,0.03333333333333333,No
JCSU900A,32,0,0,0,0,No
JCSU900B,32,0,0,0,0,No
JCSU900J,1,0.02,0.02,0.01666666666666667,0.01666666666666667,No
JCVCPCLE,2,0.53,0.55,0.5166666666666667,0.55,No
JCX747B0,32,12.94,14.23,11.51666666666667,14.25,No
JCXAQBKP,32,0,0,0,0,No
JCXARDBT,32,0.14,0.25,0.08333333333333333,0.25,Yes
JCXBCKUP,32,0.07,0.08,0.01666666666666667,0.1,Yes
JCXCBAMP,32,0.15,0.23,0.08333333333333333,0.2333333333333333,Yes
JCXCBBKP,32,0,0,0,0,No
JCXCFLOP,32,0.05,0.07,0.05,0.06666666666666667,Yes
JCXCFMUP,32,0,0.02,0,0.01666666666666667,Yes
JCXCIPAM,32,0.95,1.35,0.6,1.45,Yes
JCXCIRDC,32,0.04,0.05,0.01666666666666667,0.06666666666666667,Yes
JCXCIRDL,32,0.11,0.13,0.03333333333333333,0.15,Yes
JCXCJCIN,32,0.06,0.08,0.01666666666666667,0.1,Yes
JCXCJCNO,32,0.07,0.05,0.01666666666666667,1.566666666666667,Yes
JCXCJCNR,32,0.02,0.03,0,0.03333333333333333,Yes
JCXCJCON,32,0.04,0.05,0.01666666666666667,0.05,Yes
JCXCJMXN,32,0.13,0.13,0.1166666666666667,0.1333333333333333,Yes
JCXCLCBS,32,0.19,0.33,0.1333333333333333,0.3333333333333333,Yes
JCXCLDFI,32,0.98,1.3,0.8333333333333334,2,Yes
JCXCLDFM,32,0.08,0.1,0.06666666666666667,0.25,Yes
JCXCLDFS,32,0,0,0,0,Yes
JCXCLGL2,32,11.95,18.43,5.083333333333333,19.35,Yes
JCXCLMBU,32,0.02,0.02,0.01666666666666667,0.01666666666666667,Yes
JCXCLMCC,32,0.07,0.12,0.03333333333333333,0.1166666666666667,Yes
JCXCLMCI,32,1.81,2.88,1.2,4.55,Yes
JCXCLMCO,32,2.84,4.52,1.65,5.866666666666666,Yes
JCXCLMCP,32,0.06,0.1,0.03333333333333333,0.1,Yes
JCXCLMDI,32,8.29,14.77,4.55,15.11666666666667,Yes
JCXCLMTG,32,0.13,0.23,0.03333333333333333,0.25,Yes
JCXCLNL,32,6.68,9.28,4.983333333333333,9.516666666666667,Yes
JCXCLNRL,32,3.96,5.3,2.45,6.033333333333333,Yes
JCXCLNRX,32,2.32,3.45,1.4,3.633333333333333,Yes
JCXCLOLI,32,0.05,0.08,0.01666666666666667,0.1,Yes
JCXCLPRT,32,0.02,0.03,0,0.03333333333333333,Yes
JCXCLSPI,32,0.24,0.4,0.15,0.4166666666666667,Yes
JCXCLVAU,32,0.03,0.03,0.01666666666666667,0.03333333333333333,Yes
JCXCLVSI,32,3.12,4.62,0.7,5.183333333333334,Yes
JCXCLVSO,32,0.27,0.5,0.1333333333333333,0.5333333333333333,Yes
JCXCLVSP,32,0.06,0.1,0.03333333333333333,0.1166666666666667,Yes
JCXCLXRT,32,0.19,0.27,0.1333333333333333,0.2833333333333333,Yes
JCXCMCNO,32,2.25,2.92,1.666666666666667,3.133333333333333,Yes
JCXCMCOR,32,0.09,0.15,0.05,0.1833333333333333,Yes
JCXCMPU1,32,0,0,0,0.01666666666666667,Yes
JCXCMPU2,32,0.01,0.02,0,0.01666666666666667,Yes
JCXCMPU3,32,0.04,0.07,0,0.06666666666666667,No
JCXCMPUP,32,10.48,15.83,4.9,17.36666666666667,Yes
JCXCPADN,32,0.64,0.92,0.25,1.2,Yes
JCXCPAMP,32,0.2,0.35,0.06666666666666667,0.3666666666666666,Yes
JCXCPOST,32,3.17,5.07,1.916666666666667,5.2,Yes
JCXCPWCB,32,0.15,0.33,0.03333333333333333,0.3333333333333333,Yes
JCXCSPLT,32,0.42,0.7,0.1666666666666667,1.983333333333333,Yes
JCXCSRTE,32,0.02,0.03,0,0.03333333333333333,No
JCXCTCOL,32,0.04,0.07,0.01666666666666667,0.08333333333333333,Yes
JCXCTFED,32,0.16,0.25,0.1166666666666667,0.25,Yes
JCXCVSIM,1,0.08,0.08,0.08333333333333333,0.08333333333333333,Yes
JCXCVSIR,32,0.02,0.03,0,0.03333333333333333,Yes
JCXCVSNO,32,0.03,0.07,0.01666666666666667,0.06666666666666667,Yes
JCXCVSOR,32,0.06,0.1,0.03333333333333333,0.1,Yes
JCXCVSPR,32,0.02,0.03,0.01666666666666667,0.03333333333333333,Yes
JCXCVSRT,32,0.15,0.2,0.05,0.2333333333333333,Yes
JCXDBINR,32,0.3,0.47,0.1666666666666667,0.5166666666666667,Yes
JCXDFBKP,32,0,0.02,0,0.01666666666666667,Yes
JCXF6001,32,0.91,1.08,0.85,1.116666666666667,Yes
JCXF6BKP,32,0,0,0,0,No
JCXHKACB,32,0.02,0.03,0.01666666666666667,0.03333333333333333,Yes
JCXHKADN,32,0.1,0.17,0.05,0.1833333333333333,Yes
JCXHKBKP,32,0.05,0.08,0.03333333333333333,0.08333333333333333,Yes
JCXHKCCR,32,0.02,0.03,0,0.05,Yes
JCXHKEEP,32,0.13,0.2,0.06666666666666667,0.25,Yes
JCXHKREJ,32,0.08,0.08,0.06666666666666667,0.1,Yes
JCXHKSYS,32,0.07,0.07,0.06666666666666667,0.06666666666666667,Yes
JCXHSBEG,32,0.08,0.13,0.05,0.15,Yes
JCXHSBKP,32,2.14,4.67,0.3333333333333333,5.366666666666666,Yes
JCXHSUPD,32,4.91,7.42,2.266666666666667,7.45,Yes
JCXISBKP,32,0,0,0,0,No
JCXJBBKP,5,0,0,0,0,Yes
JCXJCBFV,23,0,0,0,0,Yes
JCXJCONR,32,0.01,0.02,0,0.01666666666666667,Yes
JCXJXCBF,5,0.02,0.02,0.01666666666666667,0.01666666666666667,Yes
JCXLEXAQ,32,0,0.02,0,0.01666666666666667,No
JCXLEXCR,32,0.03,0.07,0,0.06666666666666667,Yes
JCXLEXIS,32,0.03,0.05,0.01666666666666667,0.06666666666666667,No
JCXLEXJF,32,0.08,0.08,0.06666666666666667,0.1,Yes
JCXLEXLB,32,0.14,0.17,0.1333333333333333,0.1833333333333333,Yes
JCXLEXRT,32,0.11,0.15,0.03333333333333333,0.1666666666666667,Yes
JCXLEXVB,32,0.02,0.02,0.01666666666666667,0.01666666666666667,No
JCXMCINR,32,0.27,0.37,0.1666666666666667,0.4,Yes
JCXMCONR,32,0.13,0.15,0.1,0.1833333333333333,Yes
JCXNRBK1,32,1.09,1.57,0.65,2.6,Yes
JCXNRBK2,32,0.98,1.6,0.6333333333333333,2.05,Yes
JCXPRBKP,32,0,0,0,0,Yes
JCXRADTL,32,0.03,0.05,0.01666666666666667,0.05,Yes
JCXRAUTL,32,0.03,0.05,0.01666666666666667,0.06666666666666667,Yes
JCXRTACQ,32,2.1,3.25,0.8833333333333333,3.3,Yes
JCXRTACV,32,0.6,1.07,0.2,1.166666666666667,Yes
JCXRTCBS,32,0.03,0.05,0.01666666666666667,0.05,Yes
JCXRTIAC,32,0,0.02,0,0.01666666666666667,No
JCXRTJIN,32,0.02,0.03,0,0.03333333333333333,Yes
JCXRTJON,32,0.05,0.08,0.01666666666666667,0.1333333333333333,Yes
JCXRTLST,32,2.3,3.75,0.9666666666666667,3.983333333333333,Yes
JCXRTMCC,32,0.75,1.5,0.3166666666666667,1.55,Yes
JCXRTMCI,32,2.73,4.77,0.9,4.883333333333334,Yes
JCXRTMCO,32,2.71,4.4,0.95,5.15,Yes
JCXRTMTG,32,0.03,0.05,0.01666666666666667,0.05,Yes
JCXRTPWC,32,0.62,1.72,0.2,3.183333333333333,Yes
JCXRTSMD,32,0.1,0.12,0.06666666666666667,0.1333333333333333,Yes
JCXRTSUM,32,1.98,3.65,0.4333333333333333,3.95,Yes
JCXRTVFI,4,0,0.02,0,0.01666666666666667,Yes
JCXRTVFO,1,0.25,0.25,0.25,0.25,Yes
JCXRTVSC,32,0.25,0.5,0.08333333333333333,0.6,Yes
JCXRTVSI,32,1.25,2.18,0.3,2.25,Yes
JCXRTVSO,32,1.8,2.8,0.5333333333333333,3.383333333333333,Yes
JCXRTXSM,32,0.66,1.15,0.1666666666666667,1.333333333333333,Yes
JCXRTXSV,32,0.27,0.43,0.08333333333333333,0.4833333333333333,Yes
JCXRXVRT,32,0.02,0.03,0,0.03333333333333333,Yes
JCXSFBKP,32,0,0,0,0,Yes
JCXSGPNR,32,0,0,0,0,Yes
JCXVBBKP,32,0,0.02,0,0.01666666666666667,No
JCXVERCL,39,0.11,0.15,0.03333333333333333,0.1666666666666667,Yes
JCXVSINR,32,0.25,0.35,0.15,0.35,Yes
JCXVSONR,32,0.13,0.15,0.1,0.1833333333333333,Yes
JDEFCTRL,32,0,0,0,0,Yes
JDRACBU0,32,0.12,0.12,0.1,0.1166666666666667,No
JECOMBK,32,0.01,0.02,0,0.03333333333333333,No
JEP476CL,32,0,0,0,0,Yes
JEP476OP,32,0,0,0,0,Yes
JEPCVTIM,32,0.2,0.32,0.1333333333333333,0.3333333333333333,Yes
JEPDLY02,32,11.04,12.62,8.483333333333333,20.51666666666667,Yes
JEPDLY03,32,2.69,3.47,2.1,3.666666666666667,Yes
JEPDLY04,32,0.83,1.1,0.7,1.133333333333333,Yes
JEPDY2BK,32,1.1,1.95,0.4,2.083333333333333,Yes
JEPDY3BK,32,0.6,0.9,0.3833333333333334,1,Yes
JEPDY4BK,32,0,0,0,0,Yes
JEPDY5BK,32,0.53,0.7,0.4666666666666667,0.7166666666666667,Yes
JEPFPRPT,32,0.02,0.02,0.01666666666666667,0.01666666666666667,Yes
JEREP1B0,9,0.06,0.12,0.03333333333333333,0.1166666666666667,No
JEREP1B1,1,0.18,0.18,0.1833333333333333,0.1833333333333333,No
JEXPT3RD,1,24.23,24.23,24.23333333333333,24.23333333333333,No
JFOREX,32,0.4,0.48,0.35,0.55,No
JGSACRPT,32,0,0,0,0,Yes
JGSALGDG,1,0,0,0,0,No
JGSBKPB0,32,0.12,0.52,0.01666666666666667,0.5666666666666667,No
JGSBKRPT,1,0,0,0,0,No
JGSDEXTF,32,0,0,0,0,Yes
JGSDY0,32,0.03,0.03,0,0.05,Yes
JGSDY1,32,0,0,0,0,Yes
JGSDY2A,32,0,0,0,0.01666666666666667,Yes
JGSDY2B,32,0,0,0,0.01666666666666667,Yes
JGSDY3A,32,0,0,0,0,Yes
JGSDY3B,32,0,0,0,0,Yes
JGSDY4,32,0.02,0.03,0.01666666666666667,0.03333333333333333,Yes
JGSDYINT,32,0.01,0.02,0,0.01666666666666667,Yes
JGSHSKHA,1,0,0,0,0,No
JGSHSKHB,1,0,0,0,0,No
JGSREFHA,1,0,0,0,0,No
JGSREFHB,1,0,0,0,0,No
JGSRPT01,32,0.02,0.03,0.01666666666666667,0.03333333333333333,Yes
JGSRPT02,1,0,0,0,0,No
JGSRPT03,1,0,0,0,0,No
JHSDBK01,32,0.04,0.05,0.03333333333333333,0.05,Yes
JHSDBK02,2,0.03,0.03,0.03333333333333333,0.03333333333333333,Yes
JHSDRFTA,32,0.02,0.02,0.01666666666666667,0.01666666666666667,Yes
JHSDRFTB,2,0.04,0.07,0.01666666666666667,0.06666666666666667,Yes
JHSDYINT,32,0,0,0,0,No
JIB0132U,32,0.01,0.02,0,0.01666666666666667,No
JIE0008U,32,0.02,0.03,0,0.03333333333333333,No
JIE0024R,32,0.02,0.03,0.01666666666666667,0.05,No
JIE5038T,32,0.44,0.5,0.35,0.5166666666666667,No
JIE5039T,32,0.4,0.43,0.35,0.4333333333333333,No
JIEBZED0,17,3.67,19.22,0.05,19.21666666666667,No
JIEBZED1,10,11.7,19.58,0.25,19.58333333333333,No
JIECPBSY,32,0.42,0.47,0.3833333333333334,0.4666666666666667,No
JIF0059A,32,0.34,0.42,0,0.4166666666666667,No
JIF0059T,32,0.77,0.87,0.4333333333333333,0.9,No
JIT1061C,32,0,0.02,0,0.01666666666666667,Yes
JIT1062O,32,0.02,0.02,0,0.03333333333333333,Yes
JITDAILY,32,6.9,10.75,3.3,10.85,Yes
JKCBTCHE,32,0.02,0.02,0,0.06666666666666667,Yes
JKCBTHX,32,0.02,0.02,0.01666666666666667,0.01666666666666667,Yes
JKCDY00,32,0.47,0.57,0.2833333333333333,0.5666666666666667,Yes
JKCDY01,32,0.02,0.03,0,0.03333333333333333,Yes
JKCDY02,32,0.01,0.02,0,0.01666666666666667,Yes
JKCDY02A,32,0.23,0.35,0.1666666666666667,0.3666666666666666,Yes
JKCDY02U,32,2.62,3.45,1.75,3.65,Yes
JKCDY03A,32,0.28,0.45,0.1833333333333333,0.4833333333333333,Yes
JKCDY03B,32,0.15,0.23,0.1,0.3166666666666667,Yes
JKCDY03C,32,0.13,0.2,0.08333333333333333,0.25,Yes
JKCDY03U,32,0.01,0.02,0,0.01666666666666667,Yes
JKCDY04A,32,0.43,0.55,0.2833333333333333,0.5833333333333334,Yes
JKCDY04B,32,0.38,0.55,0.2333333333333333,0.6333333333333333,Yes
JKCDY04C,32,0.22,0.37,0.1333333333333333,0.4166666666666667,Yes
JKCDY05A,32,0.07,0.1,0.05,0.1,Yes
JKCDY05B,32,0.06,0.08,0.03333333333333333,0.1,Yes
JKCDY06A,32,2.31,3.35,2,3.566666666666667,Yes
JKCDY06B,32,0.09,0.13,0.06666666666666667,0.15,Yes
JKCDY07A,32,1.56,1.93,1.366666666666667,2.016666666666667,Yes
JKCDY07B,32,0.4,0.5,0.3166666666666667,0.5333333333333333,Yes
JKCDY07C,32,0.37,0.48,0.2833333333333333,0.5333333333333333,Yes
JKCDY07D,32,0.15,0.27,0.08333333333333333,0.2666666666666667,Yes
JKCDY07E,32,0.09,0.13,0.06666666666666667,0.1833333333333333,Yes
JKCDY07F,32,0.21,0.25,0.1666666666666667,0.7833333333333333,Yes
JKCDY07G,32,0.06,0.07,0.05,0.35,Yes
JKCDY07H,32,0.23,0.28,0.1833333333333333,0.5166666666666667,Yes
JKCDY07I,32,0.3,0.37,0.25,0.3833333333333334,Yes
JKCDY07J,32,0.03,0.05,0.01666666666666667,0.05,Yes
JKCDY07U,32,0.26,0.35,0.1833333333333333,0.4166666666666667,Yes
JKCDY08E,32,0.12,0.18,0.03333333333333333,2.65,Yes
JKCDY08F,33,0.19,1.87,0.03333333333333333,2.933333333333333,Yes
JKCDY08G,32,0.09,0.03,0.01666666666666667,2.133333333333333,Yes
JKCDY08H,32,0.09,0.03,0.01666666666666667,1.916666666666667,Yes
JKCDY08I,32,0.02,0.03,0.01666666666666667,0.06666666666666667,Yes
JKCDY09,32,0,0,0,0,Yes
JKCDY10A,32,1.32,1.55,1.083333333333333,1.633333333333333,Yes
JKCDY10B,32,0.28,0.38,0.2166666666666667,0.45,Yes
JKCDY11,32,0.02,0.03,0.01666666666666667,0.05,Yes
JKCLSEF,32,0.01,0.02,0,0.01666666666666667,Yes
JKCPENF,32,0.02,0.03,0.01666666666666667,0.03333333333333333,Yes
JKCU801,32,0.07,0.08,0.06666666666666667,0.1,No
JKCU803,32,0.05,0.07,0.03333333333333333,0.06666666666666667,No
JKCU804,32,0.07,0.08,0.06666666666666667,0.08333333333333333,No
JKYCALTJ,32,0,0.02,0,0.01666666666666667,Yes
JKYCBKPJ,32,0.01,0.02,0,0.01666666666666667,Yes
JKYCXRF1,32,0.03,0.05,0.01666666666666667,0.05,Yes
JKYCXRF2,32,0.06,0.08,0.03333333333333333,0.08333333333333333,Yes
JLSTCAT,32,1.72,1.9,1.616666666666667,2.033333333333333,No
JMH002WD,32,17.9,24.32,10.25,25.63333333333333,Yes
JMH006WD,32,0,0,0,0,No
JMH0B2WD,32,2.24,2.6,2.016666666666667,2.65,No
JMH0B4WD,32,0.54,1.9,0.3333333333333333,1.933333333333333,No
JMH0B6WD,32,0,0,0,0,No
JMHP078U,32,0.6,0.75,0.5166666666666667,0.75,No
JMI80ABC,32,0.12,0.18,0.06666666666666667,0.2,No
JMIAF1JC,32,0.42,0.78,0,0.95,No
JMID801,32,1.43,1.67,1.216666666666667,2.2,Yes
JMID802,32,0.04,0.05,0.03333333333333333,0.05,Yes
JMID803,32,0,0,0,0,No
JMID804,32,0.56,0.93,0.25,0.95,No
JMID805,32,0,0,0,0,No
JMID806,32,0.03,0.07,0.01666666666666667,0.06666666666666667,No
JMID807,32,0,0,0,0,No
JMID808,32,0.01,0.05,0,0.05,No
JMIDTKN,32,0,0,0,0,No
JMIDUPB,32,0,0,0,0,No
JMIEODJC,32,25.42,34.03,15.41666666666667,43.93333333333333,No
JMISM#0,32,0.01,0.03,0,0.06666666666666667,Yes
JMISM#1,32,0,0.02,0,0.01666666666666667,Yes
JMISM#2,32,0,0,0,0,Yes
JMISRTDN,32,0.66,0.88,0.45,1,No
JMKCDY90,32,0.19,0.32,0.1166666666666667,0.3666666666666666,Yes
JMKCEXBD,32,2.74,3.78,2.016666666666667,4.45,Yes
JNPD030,3,0.24,0.35,0.01666666666666667,0.35,No
JNPD100,32,0.13,0.17,0.1166666666666667,0.1666666666666667,Yes
JNPD120,32,0.15,0.18,0.1166666666666667,0.2,Yes
JNPD200,32,0,0,0,0.01666666666666667,Yes
JNPD300,32,2.01,2.13,1.9,2.2,Yes
JNPD400,32,0.48,0.57,0.4166666666666667,0.65,Yes
JNPD400U,33,0.02,0.03,0,0.03333333333333333,Yes
JNPLRPT,32,0.99,1.1,0.8666666666666667,1.616666666666667,Yes
JNPLSYNC,32,0.05,0.1,0.03333333333333333,0.1333333333333333,Yes
JOAAAMR,32,0.23,0.3,0.1166666666666667,0.4333333333333333,No
JOAD811B,32,0.56,0.63,0.5,0.65,Yes
JOADBKED,32,0.22,0.25,0.1333333333333333,0.2666666666666667,Yes
JOADBKRP,32,0.21,0.48,0.1666666666666667,0.5,Yes
JOADC811,32,0.46,0.67,0.3666666666666666,0.7,Yes
JOADC812,32,0,0,0,0,Yes
JOADC813,32,0,0,0,0,Yes
JOADC820,32,3.15,4.57,2.7,4.7,Yes
JOADCDEB,32,0.79,1.38,0.4333333333333333,3.416666666666667,Yes
JOADCEO2,32,20.76,24.95,14.61666666666667,35.36666666666667,Yes
JOADCEOD,32,4.05,7.42,2.216666666666667,10.66666666666667,Yes
JOADCPA1,32,0.45,0.5,0.3833333333333334,0.5,Yes
JOADCRNP,32,0.05,0.03,0.01666666666666667,1.033333333333333,Yes
JOAEC,32,0,0.02,0,0.01666666666666667,Yes
JOAEM#1,32,0.1,0.13,0.08333333333333333,0.15,Yes
JOAEM#10,32,0,0,0,0,Yes
JOAEM#11,32,0,0,0,0,Yes
JOAEM#3,32,0,0,0,0,Yes
JOAEM#6,32,0,0,0,0,Yes
JOAEM#7,32,0,0,0,0,Yes
JOAEO,32,0,0,0,0,Yes
JOMAFHJC,32,0.02,0.02,0.01666666666666667,0.03333333333333333,Yes
JOMBKEOD,32,0.22,0.3,0.1,0.35,Yes
JOMEODJC,32,0.02,0.03,0.01666666666666667,0.03333333333333333,Yes
JOPCAUD,32,0.04,0.05,0.03333333333333333,0.05,No
JOPCBK01,1,0.15,0.15,0.15,0.15,No
JOPCBKUP,31,0.15,0.17,0.15,0.1666666666666667,No
JPRTLOG1,5,0.02,0.02,0.01666666666666667,0.01666666666666667,No
JPRTLOG2,5,0.02,0.02,0.01666666666666667,0.01666666666666667,No
JPRTLOG3,5,0.02,0.02,0.01666666666666667,0.01666666666666667,No
JPRTLOG4,4,0.01,0.02,0,0.01666666666666667,No
JPRTLOG5,4,0.01,0.02,0,0.01666666666666667,No
JPRTLOG6,4,0.01,0.02,0,0.01666666666666667,No
JPRTLOG7,5,0.02,0.02,0.01666666666666667,0.01666666666666667,No
JPS1CHSK,1,0,0,0,0,No
JQBDREGX,32,0.47,0.82,0.3166666666666667,0.9,Yes
JQMAHCOX,1,3.9,3.9,3.9,3.9,Yes
JQMBKPB0,32,26.81,28.62,25.18333333333333,32.2,No
JQMBMER,32,5.64,6.6,3.616666666666667,6.616666666666666,Yes
JQMBMSF,32,8.65,9.27,7.733333333333333,9.333333333333334,Yes
JQMBQRF,32,4,4.53,3.583333333333333,4.8,Yes
JQMBTHF,32,0,0,0,0,Yes
JQMBTHFA,32,2.81,3.7,0,3.833333333333333,Yes
JQMBTHFB,32,2.94,3.88,0,3.933333333333333,Yes
JQMBTHFC,32,3.85,4.17,3.466666666666667,4.216666666666667,Yes
JQMBTHFD,32,2.82,3.15,2.25,3.183333333333333,Yes
JQMBTHFE,32,2.24,3.3,0,3.383333333333333,Yes
JQMD018,32,0.51,0.75,0.4,0.8,Yes
JQMDPAN1,32,0.01,0.02,0,0.01666666666666667,Yes
JQMDY01,32,9.14,9.6,8.2,9.966666666666667,Yes
JQMDY02,32,3.06,5.4,1.65,7.466666666666667,Yes
JQMDY02A,32,0.07,0.08,0.05,0.08333333333333333,Yes
JQMDY03,32,1.35,2.75,0.2666666666666667,9.25,Yes
JQMDY04,32,0.33,0.37,0.3,0.3833333333333334,Yes
JQMDY05,32,28.04,33.05,23.13333333333333,36.05,Yes
JQMDY06,32,5.58,6.28,5.216666666666667,6.35,Yes
JQMDY07,32,31.59,33.18,29.75,33.5,Yes
JQMDY08A,32,3.89,4.55,3.683333333333333,4.616666666666666,Yes
JQMDY08B,32,0,0,0,0,Yes
JQMDY08D,32,0.05,0.08,0.01666666666666667,0.1,Yes
JQMDY09,32,36.27,40.42,33.6,50.6,Yes
JQMDY10,32,6.08,6.53,5.583333333333333,6.55,Yes
JQMDY11A,32,1.04,1.2,0.9666666666666667,1.333333333333333,Yes
JQMDY11B,32,0.07,0.08,0.06666666666666667,0.1,Yes
JQMDY8B1,32,4.4,4.75,4.166666666666667,4.916666666666667,No
JQMDY8B2,32,14.65,15.67,13.76666666666667,15.8,No
JQMDYGL,32,1.76,2.12,1.466666666666667,2.416666666666667,Yes
JQMEIEXT,32,9.15,13.88,7.616666666666666,14.01666666666667,Yes
JQMEXT1,32,0.01,0.03,0,0.05,No
JQMEXT2,32,1.85,3.05,0.6,3.183333333333333,No
JQMEXTM,32,0.04,0.08,0.01666666666666667,0.1,No
JQMF6001,32,3.85,7.45,1.3,8.4,Yes
JQMF6002,32,1.33,1.93,1.016666666666667,2,Yes
JQMF6005,32,0.02,0.07,0.01666666666666667,0.08333333333333333,No
JQMF6BKP,32,0.51,0.58,0.4666666666666667,0.6166666666666667,No
JQMFMBLC,32,0.09,0.17,0.03333333333333333,0.2166666666666667,Yes
JQMHSKX1,32,0.05,0.05,0.01666666666666667,0.06666666666666667,Yes
JQMKYCX1,32,0.05,0.07,0.03333333333333333,0.06666666666666667,Yes
JQMMSTFB,32,0.37,0.47,0.25,0.4666666666666667,Yes
JQMQR010,32,16.03,19.08,14.25,20.45,Yes
JQMQR030,32,0,0,0,0,Yes
JQMQR040,1,0.33,0.33,0.3333333333333333,0.3333333333333333,Yes
JQMQR050,1,0.13,0.13,0.1333333333333333,0.1333333333333333,Yes
JQMQR055,1,0,0,0,0,No
JQMQR060,1,0,0,0,0,Yes
JQMQR070,32,0,0,0,0,No
JQMR141,32,0,0,0,0.01666666666666667,Yes
JQMRECN,32,0.97,1.68,0.55,2.466666666666667,No
JQMRP01A,32,1.69,2.33,1.166666666666667,2.35,Yes
JQMRP01B,32,0.04,0.05,0.01666666666666667,0.1166666666666667,Yes
JQMRP02,32,1.73,2.35,1.333333333333333,2.966666666666667,Yes
JQMRP03,32,6.79,8.05,5.716666666666667,9.233333333333333,Yes
JQMRP04,32,0.41,0.47,0.3666666666666666,0.4833333333333333,Yes
JQMRP05A,32,17.29,19.7,15.5,20.13333333333333,Yes
JQMRP05B,32,1.9,2.72,1.283333333333333,2.766666666666667,Yes
JQMRP06,32,0.23,0.33,0.1666666666666667,0.3666666666666666,Yes
JQMRP07,32,0.07,0.1,0.06666666666666667,0.1,Yes
JQMRP08,32,1.21,1.3,1.133333333333333,1.35,Yes
JQMRP99,32,23.71,27.95,21.78333333333333,30.91666666666667,Yes
JQMSHXFA,32,1.76,1.87,1.666666666666667,1.883333333333333,Yes
JQMSHXFB,32,3.72,3.92,3.366666666666667,3.95,Yes
JQMSYSBK,32,0.05,0.05,0.05,0.05,No
JQMU006,32,0.18,0.22,0.1,0.25,No
JQMU030J,1,7.45,7.45,7.45,7.45,Yes
JQMUHSKM,32,3.78,6.57,1.8,6.6,Yes
JQMUHSKP,32,0.36,0.45,0.3,0.4666666666666667,Yes
JQMUHSKT,1,0.47,0.47,0.4666666666666667,0.4666666666666667,Yes
JQMUMBLC,32,19.83,26.07,10.6,28.98333333333333,Yes
JQMURPTI,1,0.17,0.17,0.1666666666666667,0.1666666666666667,No
JQPSM#1,32,0,0,0,0,Yes
JQPSM#2,32,0.01,0.03,0,0.03333333333333333,Yes
JQSEPST,32,0.12,0.15,0.08333333333333333,0.1666666666666667,Yes
JRACFRW1,32,21.85,25.45,18.23333333333333,25.56666666666667,No
JREPCRP2,32,0.03,0.05,0.01666666666666667,0.05,Yes
JRESBKUP,1,0.07,0.07,0.06666666666666667,0.06666666666666667,No
JRMASDBT,31,0.1,0.18,0,0.2,No
JRMMBKP1,32,2.71,3.52,1.333333333333333,4.45,No
JRNRRPT1,1,2.02,2.02,2.016666666666667,2.016666666666667,No
JRPPRTP,32,0.27,0.42,0.1666666666666667,0.4833333333333333,No
JRUNCHRT,32,0.02,0.03,0.01666666666666667,0.03333333333333333,No
JSCANFRI,4,0,0.02,0,0.01666666666666667,No
JSCANMON,5,0,0,0,0,No
JSCANSAT,4,0,0,0,0,No
JSCANSUN,5,0,0,0,0,No
JSCANTHU,4,0,0,0,0,No
JSCANTUE,5,0,0,0,0,No
JSCANWED,5,0,0,0,0,No
JSEARCH7,1,0,0,0,0,No
JSMSOPT,32,0.05,0.1,0.01666666666666667,0.1,No
JSMSTRM,32,0,0,0,0.01666666666666667,No
JSRRPT1,32,0.31,0.23,0.1,4.733333333333333,No
JSTJOG1U,4,0.35,0.35,0.35,0.35,Yes
JSTJOGXU,32,0.34,0.35,0.3333333333333333,0.35,Yes
JSTREJST,32,0.06,0.15,0.03333333333333333,0.2166666666666667,No
JSTVICBG,32,0.22,0.25,0.2,0.25,Yes
JSTVICBU,32,0.13,0.22,0.08333333333333333,0.2333333333333333,Yes
JSTVIE4K,32,0.17,0.2,0.15,0.2166666666666667,Yes
JSTVIE4Q,4,0.11,0.18,0.03333333333333333,0.1833333333333333,Yes
JSTVIE4U,32,0.59,0.78,0.4666666666666667,0.8,Yes
JSTVIEGK,32,0.02,0.02,0.01666666666666667,0.03333333333333333,Yes
JSTVIEGQ,4,0.01,0.02,0,0.01666666666666667,Yes
JSTVIEGU,32,1.44,3.3,0.6666666666666666,4.6,Yes
JSTVIETK,32,0.03,0.05,0.01666666666666667,0.05,No
JSTVIETU,32,0.1,0.22,0.05,0.25,No
JSTVOE4K,32,0.07,0.08,0.06666666666666667,0.08333333333333333,Yes
JSTVOE4Q,1,0.92,0.92,0.9166666666666666,0.9166666666666666,Yes
JSTVOE4U,31,0.86,1.43,0.4,1.6,Yes
JTS1WLG1,5,0.06,0.07,0.05,0.06666666666666667,No
JTS1WLG2,5,0.06,0.07,0.05,0.06666666666666667,No
JTS1WLG3,5,0.06,0.07,0.05,0.06666666666666667,No
JTS1WLG4,4,0.07,0.07,0.06666666666666667,0.06666666666666667,No
JTS1WLG5,4,0.05,0.07,0.01666666666666667,0.06666666666666667,No
JTS1WLG6,4,0.05,0.07,0.05,0.06666666666666667,No
JTS1WLG7,5,0.06,0.07,0.05,0.06666666666666667,No
JTSABKUP,32,1.79,2.05,1.6,2.083333333333333,No
JTSCLEAN,34,2.2,2.73,0,3.966666666666667,No
JTSJNL0B,64,0.09,0.1,0.08333333333333333,0.15,No
JTSPDELU,32,0,0,0,0.01666666666666667,No
JTSPMOVE,32,0.15,0.18,0.1333333333333333,0.1833333333333333,No
JTSPPING,64,0,0,0,0,No
JTSPSMFG,32,7.29,7.37,7.233333333333333,7.383333333333334,No
JTSPSMFM,1,20.03,20.03,20.03333333333333,20.03333333333333,No
JTSPSMFT,31,18.09,21.63,15.06666666666667,21.96666666666667,No
JTSPSMFV,32,0,0,0,0,No
JTSPSMS0,69,0.85,1.12,0,1.416666666666667,No
JTSPSMS1,1,0.6,0.6,0.6,0.6,No
JTSPSMSX,7,0.08,0.53,0,0.5333333333333333,No
JTSPSTSO,2,0.05,0.1,0,0.1,No
JTSPSYSA,4,22.9,23.32,22.68333333333333,23.31666666666667,No
JTSSPCER,1,1.65,1.65,1.65,1.65,No
JTSSYSDB,1,1,1,1,1,No
JTSSYSLB,32,1.42,4.82,0.1833333333333333,6.4,No
JWMALLOG,32,0.02,0.02,0.01666666666666667,0.01666666666666667,Yes
JWMBKLOG,32,0.01,0.03,0,0.03333333333333333,Yes
JWMD200A,32,0,0,0,0,Yes
JWMD200B,32,0,0,0,0.01666666666666667,Yes
JWMD200C,32,0,0,0,0,Yes
JWMD200O,32,0.01,0.02,0,0.01666666666666667,Yes
JWMD200P,32,0,0.02,0,0.01666666666666667,Yes
JWMINLOG,32,0.03,0.05,0.03333333333333333,0.05,Yes
JXRFALTJ,32,0.03,0.05,0.03333333333333333,0.05,Yes
LIST#RNG,2,0,0,0,0,No
LONGTERM,1,0.17,0.17,0.1666666666666667,0.1666666666666667,No
LSTRING1,4,0,0,0,0,No
MODLTP,32,0.31,0.55,0.06666666666666667,0.5666666666666667,No
MY00BDUC,1,0,0,0,0,No
MY00BDUG,1,0,0,0,0,No
PCPMY26A,1,0,0,0,0,No
RACFADU,32,10.64,13.35,8.85,15.01666666666667,No
RACFADU1,32,0.07,0.1,0.06666666666666667,0.1166666666666667,No
RACFADU2,32,0.12,0.15,0.1,0.1833333333333333,No
RACFADU3,32,0.03,0.03,0.01666666666666667,0.03333333333333333,No
RACFADU4,32,0.01,0.02,0,0.01666666666666667,No
RACFADU5,55,0.02,0.05,0,0.06666666666666667,No
RACFDU,7,0.02,0.02,0.01666666666666667,0.01666666666666667,No
RACFSR,7,0,0,0,0,No
RCP0001U,2,0.18,0.35,0.01666666666666667,0.35,No
RCP0002U,2,0.18,0.35,0.01666666666666667,0.35,No
RCP0003U,2,0.18,0.35,0.01666666666666667,0.35,No
RCP0004R,2,0.17,0.33,0,0.3333333333333333,No
RCP0495A,2,0,0,0,0,No
RCP0495B,1,0,0,0,0,No
RCP0495C,1,0,0,0,0,No
RCP0495W,1,0,0,0,0,No
RCP0780R,1,0,0,0,0,No
RCPABNDM,6,0.31,0.4,0.2333333333333333,0.4,No
RCPABNDS,4,0.04,0.05,0.03333333333333333,0.05,No
RCPMFT02,3,0.88,2.62,0.01666666666666667,2.616666666666667,No
RCSGLS06,2,0.38,0.38,0.3666666666666666,0.3833333333333334,No
RCSGLS07,1,0.38,0.38,0.3833333333333334,0.3833333333333334,No
RCSGLS08,1,0.38,0.38,0.3833333333333334,0.3833333333333334,No
RCSGLS09,1,0.38,0.38,0.3833333333333334,0.3833333333333334,No
RCSGLS10,1,0.38,0.38,0.3833333333333334,0.3833333333333334,No
RCSGLS11,1,0.38,0.38,0.3833333333333334,0.3833333333333334,No
RCSGLS12,1,0.38,0.38,0.3833333333333334,0.3833333333333334,No
RCSGLS13,1,0.38,0.38,0.3833333333333334,0.3833333333333334,No
RCSGLS14,1,0.38,0.38,0.3833333333333334,0.3833333333333334,No
RCSGLS15,1,0.38,0.38,0.3833333333333334,0.3833333333333334,No
RCXCL178,1,4.22,4.22,4.216666666666667,4.216666666666667,No
RCXCL179,2,3.71,3.82,3.6,3.816666666666667,No
RCXCL180,1,3.23,3.23,3.233333333333333,3.233333333333333,No
RCXCL181,1,3.5,3.5,3.5,3.5,No
RCXCL182,1,3.12,3.12,3.116666666666667,3.116666666666667,No
RCXCL183,1,3.1,3.1,3.1,3.1,No
RCXCL184,1,2.93,2.93,2.933333333333333,2.933333333333333,No
RCXCL185,1,3.05,3.05,3.05,3.05,No
RCXCL186,1,3.07,3.07,3.066666666666667,3.066666666666667,No
RCXCL187,1,3.15,3.15,3.15,3.15,No
RCXCL188,2,3.38,3.63,3.133333333333333,3.633333333333333,No
RCXCL189,1,3.35,3.35,3.35,3.35,No
RCXCL190,1,2.9,2.9,2.9,2.9,No
RCXCL191,1,2.93,2.93,2.933333333333333,2.933333333333333,No
RDFAQRY1,64,0.13,0.15,0.1166666666666667,0.2333333333333333,No
RDFQBYRA,65,0.53,0.57,0.05,0.6833333333333333,No
RDFQLINK,64,0.92,0.97,0.8666666666666667,1.15,No
REFRESH1,4,0.53,0.68,0.45,0.6833333333333333,No
REFRESH2,4,0.2,0.28,0.15,0.2833333333333333,No
REFRESH3,4,0.17,0.17,0.1666666666666667,0.1666666666666667,No
RMH0B178,1,0.35,0.35,0.35,0.35,No
RMH0B179,1,0.45,0.45,0.45,0.45,No
RMH0B180,1,0.52,0.52,0.5166666666666667,0.5166666666666667,No
RMH0B181,1,0.53,0.53,0.5333333333333333,0.5333333333333333,No
RMH0B182,1,0.62,0.62,0.6166666666666667,0.6166666666666667,No
RMH0B183,1,0.37,0.37,0.3666666666666666,0.3666666666666666,No
RMH0B184,1,0.53,0.53,0.5333333333333333,0.5333333333333333,No
RMH0B185,1,0.5,0.5,0.5,0.5,No
RMH0B186,1,0.43,0.43,0.4333333333333333,0.4333333333333333,No
RMH0B187,1,0.3,0.3,0.3,0.3,No
RMH0B188,2,0.42,0.42,0.4166666666666667,0.4166666666666667,No
RMH0B189,1,0.58,0.58,0.5833333333333334,0.5833333333333334,No
RMH0B190,1,0.37,0.37,0.3666666666666666,0.3666666666666666,No
RMH0B191,1,0.4,0.4,0.4,0.4,No
RMMBKUP,32,0.12,0.13,0.1,0.15,No
RMMDLM01,31,116.87,121.1,112.5833333333333,121.5666666666667,No
RMMEXP,32,1.27,1.43,1.033333333333333,1.533333333333333,No
RMMEXTR,32,1.07,1.18,0.95,1.233333333333333,No
RMMINVLS,32,18.68,21.35,16.38333333333333,24.56666666666667,No
RMMLST01,32,0,0,0,0,No
RMMMOVE,32,0.1,0.12,0.1,0.1166666666666667,No
RMMMOVLS,32,0.25,0.33,0.1666666666666667,0.6666666666666666,No
RMMSCRLS,32,0.12,0.13,0.1166666666666667,0.15,No
RMMSCROP,32,0.06,0.07,0.03333333333333333,0.08333333333333333,No
RMMSTOR,32,0.1,0.12,0.08333333333333333,0.1333333333333333,No
RMMVERI,32,0.67,0.83,0.5666666666666667,0.8333333333333334,No
RMMVRS,32,0.44,0.52,0.3666666666666666,0.5833333333333334,No
RPTAFT,2,0,0,0,0,No
RRADCEOD,5,0.01,0.02,0,0.01666666666666667,No
RRAPRT20,1,0.03,0.03,0.03333333333333333,0.03333333333333333,No
RRAULG01,1,13.05,13.05,13.05,13.05,No
RRCOPY2,1,0,0,0,0,No
RRCOPY21,1,0,0,0,0,No
RRCOPY25,1,0,0,0,0,No
RRCPF01,9,0.01,0.1,0,0.1,No
RRCPF02,2,0,0,0,0,No
RRCRD16,1,1.23,1.23,1.233333333333333,1.233333333333333,No
RRCRD17,2,1.07,1.25,0.9,1.25,No
RRCSHLTE,1,1.05,1.05,1.05,1.05,No
RRCSMCC,3,0.01,0.03,0,0.03333333333333333,No
RRCUS30,1,0.1,0.1,0.1,0.1,No
RRCUS31,1,0.1,0.1,0.1,0.1,No
RRFLPP01,5,0,0,0,0,No
RRFLPP02,2,0.11,0.12,0.1,0.1166666666666667,No
RRFLPP04,2,2.17,4.23,0.1166666666666667,4.233333333333333,No
RRISS03,4,0.23,0.23,0.2,0.2333333333333333,No
RRISS04,2,0.22,0.22,0.2166666666666667,0.2166666666666667,No
RRISS07,2,1.15,1.2,1.1,1.2,No
RRISS08,3,0,0,0,0,No
RRISSL02,1,0.03,0.03,0.03333333333333333,0.03333333333333333,No
RRLCLM01,4,0.13,0.18,0,0.1833333333333333,No
RRMASBT1,1,1.92,1.92,1.916666666666667,1.916666666666667,No
RRMASBT2,1,3.95,3.95,3.95,3.95,No
RRMASBT3,1,0.62,0.62,0.6166666666666667,0.6166666666666667,No
RRMASDU1,12,0.01,0.02,0,0.01666666666666667,No
RRMASDU2,3,0,0,0,0,No
RRMASDU3,7,0.02,0.05,0,0.05,No
RRMASDU4,3,0,0,0,0,No
RRMASDU5,1,0.02,0.02,0.01666666666666667,0.01666666666666667,No
RRMASDU6,2,0,0,0,0,No
RRMBI01,1,0.63,0.63,0.6333333333333333,0.6333333333333333,No
RRMERTX1,1,14.07,14.07,14.06666666666667,14.06666666666667,No
RRMLG22,2,0.31,0.32,0.3,0.3166666666666667,No
RRMLG23,1,0,0,0,0,No
RRMLG24,1,6.23,6.23,6.233333333333333,6.233333333333333,No
RRP0495W,3,0.01,0.02,0,0.01666666666666667,No
RRP0506A,1,0.87,0.87,0.8666666666666667,0.8666666666666667,No
RRP0506B,2,0.77,0.85,0.6833333333333333,0.85,No
RRP0594U,1,0,0,0,0,No
RRP1825Y,2,1.98,2.57,1.383333333333333,2.566666666666667,No
RRPLT03,2,0.12,0.13,0.1166666666666667,0.1333333333333333,No
RRPLT04,1,0.1,0.1,0.1,0.1,No
RRPYPD11,1,0,0,0,0,No
RRSGLT06,2,0.45,0.9,0,0.9,No
RRSGLT07,1,0.83,0.83,0.8333333333333334,0.8333333333333334,No
RRSGLT08,1,0.9,0.9,0.9,0.9,No
RRSGLT09,1,0.83,0.83,0.8333333333333334,0.8333333333333334,No
RRSGLT10,1,0.75,0.75,0.75,0.75,No
RRSGLT11,1,0.73,0.73,0.7333333333333333,0.7333333333333333,No
RRSGLT12,1,0.77,0.77,0.7666666666666667,0.7666666666666667,No
RRSGLT13,1,0.9,0.9,0.9,0.9,No
RRSGLT14,1,0.83,0.83,0.8333333333333334,0.8333333333333334,No
RRSGLT15,1,0.8,0.8,0.8,0.8,No
RRSORT06,3,3.91,4.1,3.6,4.1,No
RRST049,1,0.62,0.62,0.6166666666666667,0.6166666666666667,No
RRSTMT01,3,0.75,1.03,0.5833333333333334,1.033333333333333,No
RRYK459R,4,1.95,2.38,1.466666666666667,2.383333333333333,No
RRYK459X,3,0.13,0.22,0.06666666666666667,0.2166666666666667,No
RSSSVR3N,1,0,0,0,0,No
RSSSVR4M,1,0,0,0,0,No
RSSSVR4N,1,0,0,0,0,No
RSTVOE4F,1,0.08,0.08,0.08333333333333333,0.08333333333333333,No
RSTVOE4U,1,0.52,0.52,0.5166666666666667,0.5166666666666667,No
SAIAFHJC,32,0.06,0.08,0.03333333333333333,0.08333333333333333,No
SAIBKEOD,32,0.4,0.55,0.2833333333333333,0.55,No
SAICATV,5,0.56,0.67,0.4833333333333333,0.6666666666666666,No
SAICCVS,5,3.04,3.25,2.85,3.25,No
SAICIAJC,32,0.04,0.07,0.01666666666666667,0.15,No
SAIDHST,32,6.26,9.97,1.316666666666667,10.23333333333333,No
SAIEOD,32,0.1,0.13,0.06666666666666667,0.1666666666666667,No
SAIEOD2,32,8.96,12.28,2.55,12.3,No
SAIEODWL,5,0,0,0,0,No
SAIHSTBK,32,0.05,0.07,0.03333333333333333,0.06666666666666667,No
SAIINMI,5,0.02,0.02,0.01666666666666667,0.01666666666666667,No
SAINHMJC,32,0.04,0.07,0.01666666666666667,0.06666666666666667,No
SAINHSJC,32,0.18,0.27,0.06666666666666667,0.2666666666666667,No
SAIRCATV,5,0,0,0,0,No
SAIRCCVS,5,0,0.02,0,0.01666666666666667,No
SAIRHSJC,32,0.07,0.1,0.01666666666666667,0.1,No
SAISM#1,32,0.03,0.03,0.01666666666666667,0.03333333333333333,No
SAISM#3,32,0.12,0.13,0.1,0.15,No
SAISPCLJ,32,5.72,9,0.9666666666666667,9.183333333333334,No
SAIUCME#,5,0,0,0,0,No
SAIUCMO#,5,0,0,0,0,No
SAIWLBKP,32,0.01,0.02,0,0.01666666666666667,No
SAIWLRST,5,0,0,0,0,No
SAIWLT07,32,0.35,0.62,0.2333333333333333,0.6333333333333333,No
SAIWLT08,32,0.48,0.9,0.3333333333333333,1,No
SAUAFHJC,32,0.04,0.07,0.01666666666666667,0.08333333333333333,No
SAUBINJC,32,0.03,0.03,0.01666666666666667,0.03333333333333333,No
SAUBKEOD,32,0.11,0.17,0.08333333333333333,0.25,No
SAUDHST,32,5.84,8.23,1.083333333333333,8.65,No
SAUEOD,32,0.18,0.35,0.1,0.4,No
SAUEOD2,32,0.11,0.17,0.01666666666666667,0.1666666666666667,No
SAUHSTBK,32,0.03,0.05,0.01666666666666667,0.06666666666666667,No
SAUNHMJC,32,0.02,0.05,0,0.05,No
SAUNHSJC,32,0.08,0.15,0.03333333333333333,0.1666666666666667,No
SAUQMIT,32,0,0.02,0,0.01666666666666667,No
SAURHSJC,32,0.03,0.05,0,0.05,No
SAUSM#1,32,0.18,0.2,0.1666666666666667,0.2,No
SAUSM#12,32,0.02,0.02,0.01666666666666667,0.01666666666666667,No
SAUSM#3,32,0.02,0.03,0.01666666666666667,0.05,No
SAUSM#6,1,0,0,0,0,No
SAUUTRA,1,0,0,0,0,No
SAUVAUJ1,32,0,0,0,0,No
SAUVAUJ2,32,0.06,0.07,0.05,0.08333333333333333,No
SAUVAUJC,32,0,0,0,0,No
SCF01101,1,0.38,0.38,0.3833333333333334,0.3833333333333334,No
SCF01111,1,0.37,0.37,0.3666666666666666,0.3666666666666666,No
SCF01161,1,0.57,0.57,0.5666666666666667,0.5666666666666667,No
SCF01171,1,0.6,0.6,0.6,0.6,No
SCF01291,32,0.4,0.5,0.35,0.5166666666666667,No
SCF07711,32,0.36,0.37,0.35,0.45,No
SCF1208A,32,0.42,0.45,0.3666666666666666,0.4666666666666667,No
SCF12161,1,0.75,0.75,0.75,0.75,No
SCF12271,1,0.55,0.55,0.55,0.55,No
SCF12281,1,0.37,0.37,0.3666666666666666,0.3666666666666666,No
SCF12351,32,0.4,0.45,0.3666666666666666,0.45,No
SCF12361,32,0.49,0.55,0.45,0.6,No
SCF14611,32,0.37,0.4,0.35,0.4333333333333333,No
SCF14621,32,0.62,0.73,0.5166666666666667,0.7333333333333333,No
SCF14721,32,0.35,0.35,0.35,0.35,No
SCF14731,32,0.59,0.6,0.5833333333333334,0.6,No
SCF14732,4,0.35,0.37,0.35,0.3666666666666666,No
SCF14733,4,0.35,0.35,0.35,0.35,No
SCF14800,32,0.36,0.38,0.35,0.3833333333333334,No
SCF14831,32,0.37,0.42,0.3666666666666666,0.4166666666666667,No
SCF14841,32,0.35,0.35,0.35,0.3666666666666666,No
SCF14854,32,0.41,0.43,0.4,0.45,No
SCF14891,32,0.36,0.37,0.35,0.3833333333333334,No
SCF14921,32,0.33,0.33,0.3333333333333333,0.3333333333333333,No
SCF14981,32,0.39,0.43,0.3666666666666666,0.4666666666666667,No
SCF14982,32,0.36,0.4,0.35,0.4166666666666667,No
SCF15001,32,0.39,0.43,0.3666666666666666,0.4333333333333333,No
SCFEPWH,32,0.37,0.38,0.35,0.4,No
SCFI03D1,32,0.37,0.4,0.3333333333333333,0.4166666666666667,No
SCFSTMF1,32,0.37,0.38,0.35,0.4,No
SCFSTMF3,32,0.35,0.35,0.3333333333333333,0.3666666666666666,No
SCMIREP1,32,0.01,0.05,0,0.05,No
SCP0001U,42,0.42,0.52,0.35,0.7166666666666667,No
SCP0001X,1,0,0,0,0,No
SCP0002U,32,0.41,0.57,0.35,0.5666666666666667,No
SCP0002X,1,0,0,0,0,No
SCP0003U,32,0.41,0.5,0.3666666666666666,0.5166666666666667,No
SCP0003X,1,0,0,0,0,No
SCP0004R,32,0.37,0.45,0.35,0.4833333333333333,No
SCP0005R,32,4.44,8.27,2.583333333333333,9.433333333333334,No
SCP0006U,32,0.17,0.25,0.08333333333333333,0.25,No
SCP0007U,32,0.42,0.45,0.3833333333333334,0.4666666666666667,No
SCP0008U,32,0,0,0,0,No
SCP0009U,32,0.37,0.42,0.35,0.4333333333333333,No
SCP0013M,32,2.36,4.62,0.8333333333333334,5.1,No
SCP0016R,32,0.39,0.53,0.1833333333333333,0.9333333333333333,No
SCP0017R,32,3.23,4.57,1.8,6.766666666666667,No
SCP0018R,32,0.15,0.48,0.03333333333333333,0.5,No
SCP0019R,32,0,0,0,0,No
SCP0021R,1,0.35,0.35,0.35,0.35,No
SCP0027M,1,1.43,1.43,1.433333333333333,1.433333333333333,No
SCP0028M,1,0.43,0.43,0.4333333333333333,0.4333333333333333,No
SCP0031U,32,0.35,0.35,0.3333333333333333,0.35,No
SCP0032U,32,0.36,0.37,0.3333333333333333,0.3833333333333334,No
SCP0036U,32,5.3,6.6,4.216666666666667,6.7,No
SCP0037U,32,1.56,1.93,1.05,1.95,No
SCP0038U,1,0.75,0.75,0.75,0.75,No
SCP0039U,32,0.39,0.45,0.35,0.45,No
SCP0041R,34,0.38,0.42,0.35,0.4833333333333333,No
SCP0042U,32,0.38,0.43,0.35,0.4333333333333333,No
SCP0047F,32,0.35,0.35,0.3333333333333333,0.35,No
SCP0047U,32,6.34,8.35,3.866666666666667,9.55,No
SCP0049R,32,0.01,0.02,0,0.01666666666666667,No
SCP0050F,4,0.37,0.37,0.3666666666666666,0.3666666666666666,No
SCP0050U,4,0.68,0.72,0.6166666666666667,0.7166666666666667,No
SCP0054R,32,0.11,0.18,0.05,0.2666666666666667,No
SCP0055R,32,0.05,0.08,0.01666666666666667,0.1,No
SCP0068U,32,0.46,0.58,0.4166666666666667,0.6166666666666667,No
SCP0075U,32,3.14,4.5,2.2,4.8,No
SCP0083U,32,0.36,0.38,0.35,0.4333333333333333,No
SCP0084U,32,1.08,1.22,0.9333333333333333,1.216666666666667,No
SCP0086U,32,0.02,0.08,0,0.1,No
SCP0087U,32,0,0,0,0,No
SCP0096U,32,0.11,0.17,0.06666666666666667,0.2166666666666667,No
SCP0098U,32,0.44,0.52,0.3833333333333334,0.5333333333333333,No
SCP0099U,1,0.73,0.73,0.7333333333333333,0.7333333333333333,No
SCP0100U,1,0.13,0.13,0.1333333333333333,0.1333333333333333,No
SCP0105U,32,0.06,0.08,0.01666666666666667,0.08333333333333333,No
SCP0108U,32,0.36,0.42,0.35,0.4166666666666667,No
SCP0109U,32,1.06,1.37,0.4666666666666667,1.383333333333333,No
SCP0110U,1,0.38,0.38,0.3833333333333334,0.3833333333333334,No
SCP0111U,1,0.38,0.38,0.3833333333333334,0.3833333333333334,No
SCP0113U,32,0.3,0.45,0,0.45,No
SCP0114U,32,1.13,1.28,0.8666666666666667,1.516666666666667,No
SCP0115U,33,0.25,0.37,0,0.3666666666666666,No
SCP0116U,1,0,0,0,0,No
SCP0118U,32,0.37,0.38,0.35,0.3833333333333334,No
SCP0119U,32,0.77,0.78,0.7666666666666667,0.7833333333333333,No
SCP0120U,32,0.31,0.47,0,0.4666666666666667,No
SCP0124U,32,0.37,0.38,0.35,0.45,No
SCP0126U,32,2.45,2.7,2.3,2.766666666666667,No
SCP0127U,32,1.67,2.57,0.6666666666666666,2.583333333333333,No
SCP0128U,32,0.2,0.47,0.1,0.4666666666666667,No
SCP0129U,32,0.11,0.2,0.03333333333333333,0.3666666666666666,No
SCP0130U,32,0.72,0.93,0.5166666666666667,1,No
SCP0141U,2,0.18,0.37,0,0.3666666666666666,No
SCP0142U,1,3.2,3.2,3.2,3.2,No
SCP0143U,1,1.07,1.07,1.066666666666667,1.066666666666667,No
SCP0148U,32,0.73,0.78,0.7,0.8333333333333334,No
SCP0149U,32,0.98,1.28,0.7,1.3,No
SCP0150U,1,0.52,0.52,0.5166666666666667,0.5166666666666667,No
SCP0157U,32,0.41,0.48,0.3833333333333334,0.5833333333333334,No
SCP0158U,32,0,0,0,0,No
SCP0160U,32,0.71,0.77,0.7,0.7833333333333333,No
SCP0161U,32,0,0,0,0,No
SCP0162U,32,0.05,0,0,1.516666666666667,No
SCP0163U,4,0.36,0.37,0.35,0.3666666666666666,No
SCP0165U,32,0.45,0.53,0.3833333333333334,0.5666666666666667,No
SCP0166U,32,0.37,0.42,0.35,0.4166666666666667,No
SCP0167U,1,0.12,0.12,0.1166666666666667,0.1166666666666667,No
SCP0168U,32,0.36,0.38,0.35,0.3833333333333334,No
SCP0169U,32,0.35,0.35,0.3333333333333333,0.3666666666666666,No
SCP0170U,32,0.35,0.35,0.3333333333333333,0.35,No
SCP0171U,32,0.35,0.35,0.35,0.35,No
SCP0172U,32,0.35,0.35,0.35,0.35,No
SCP0173U,32,0.35,0.35,0.35,0.3666666666666666,No
SCP0174U,32,0.35,0.35,0.35,0.35,No
SCP0175U,32,0.01,0.02,0,0.03333333333333333,No
SCP0176U,32,4.18,6.57,2.35,7.016666666666667,No
SCP0177U,5,0.36,0.37,0.35,0.3666666666666666,No
SCP0184U,32,4.08,6.17,1.916666666666667,7.433333333333334,No
SCP0185U,32,0.06,0.13,0.05,0.1333333333333333,No
SCP0186U,32,0.08,0.12,0.06666666666666667,0.2333333333333333,No
SCP0188U,32,1.77,2.37,1.1,2.383333333333333,No
SCP0199R,32,0.11,0.23,0.06666666666666667,0.25,No
SCP0204U,32,0,0,0,0,No
SCP0205U,1,0.2,0.2,0.2,0.2,No
SCP0207B,5,0.05,0.07,0.05,0.06666666666666667,No
SCP0211W,5,0.01,0.02,0,0.01666666666666667,No
SCP0212W,6,0.25,1.08,0.06666666666666667,1.083333333333333,No
SCP0214U,32,0.03,0.05,0.01666666666666667,0.05,No
SCP0221R,32,0.07,0.1,0.03333333333333333,0.1,No
SCP0230U,32,0.08,0.12,0.03333333333333333,0.1666666666666667,No
SCP0403U,32,0.12,0.13,0.1166666666666667,0.1333333333333333,No
SCP0404R,32,0.03,0.03,0.01666666666666667,0.03333333333333333,No
SCP0474R,1,0,0,0,0,No
SCP0477U,32,0.46,0.78,0,0.8166666666666667,No
SCP0508U,2,0.57,0.6,0.55,0.6,No
SCP058RD,32,0.02,0.05,0,0.05,No
SCP065WA,32,0.02,0.03,0,0.03333333333333333,No
SCP0692R,32,0.04,0.22,0,0.2333333333333333,No
SCP0693R,32,0.19,0.25,0.1166666666666667,0.25,No
SCP070UD,32,0.03,0.03,0.01666666666666667,0.03333333333333333,No
SCP0770U,32,0.05,0.07,0.05,0.06666666666666667,No
SCP0771U,32,0.44,0.52,0.3666666666666666,0.5333333333333333,No
SCP0772U,32,0.02,0.03,0,0.05,No
SCP0773U,32,0.37,0.42,0.35,0.4166666666666667,No
SCP0774U,2,0.03,0.03,0.01666666666666667,0.03333333333333333,No
SCP0775U,32,0,0,0,0,No
SCP0776U,2,0.35,0.35,0.35,0.35,No
SCP0780R,32,0.1,0.22,0.01666666666666667,0.5,No
SCP081WD,32,0.01,0.03,0,0.03333333333333333,No
SCP1179U,32,0.04,0.05,0.03333333333333333,0.05,No
SCP1180U,32,0.42,0.57,0.2166666666666667,0.6333333333333333,No
SCP1182U,1,0.47,0.47,0.4666666666666667,0.4666666666666667,No
SCP1183U,1,0.23,0.23,0.2333333333333333,0.2333333333333333,No
SCP1184U,1,0,0,0,0,No
SCP1185R,1,0,0,0,0,No
SCP1186R,1,0,0,0,0,No
SCP1187R,1,0,0,0,0,No
SCP1188R,1,0,0,0,0,No
SCP1189R,1,0.02,0.02,0.01666666666666667,0.01666666666666667,No
SCP1190R,1,0,0,0,0,No
SCP1195U,1,0.02,0.02,0.01666666666666667,0.01666666666666667,No
SCP1196U,1,0.07,0.07,0.06666666666666667,0.06666666666666667,No
SCP1201U,32,0,0,0,0,No
SCP1205U,1,0.7,0.7,0.7,0.7,No
SCP1207U,32,0.34,0.35,0.3333333333333333,0.35,No
SCP1208U,32,0.36,0.4,0.35,0.4,No
SCP1209U,32,0.35,0.35,0.35,0.35,No
SCP1212U,32,1.85,3.1,1.2,3.85,No
SCP1214U,32,0.38,0.42,0.3666666666666666,0.4333333333333333,No
SCP1216U,1,0,0,0,0,No
SCP1217U,32,0.35,0.37,0.3333333333333333,0.3833333333333334,No
SCP1218U,32,0.15,0.18,0.08333333333333333,0.25,No
SCP1219U,32,0.08,0.1,0.06666666666666667,0.1,No
SCP1220U,32,0.09,0.1,0.06666666666666667,0.15,No
SCP1221M,1,0.77,0.77,0.7666666666666667,0.7666666666666667,No
SCP1221W,5,0.81,0.97,0.7166666666666667,0.9666666666666667,No
SCP1222M,1,0.47,0.47,0.4666666666666667,0.4666666666666667,No
SCP1222W,5,0.39,0.4,0.3833333333333334,0.4,No
SCP1223M,1,0.82,0.82,0.8166666666666667,0.8166666666666667,No
SCP1223W,5,0.58,0.75,0.3666666666666666,0.75,No
SCP1224M,1,0.72,0.72,0.7166666666666667,0.7166666666666667,No
SCP1224W,5,0.55,0.58,0.5166666666666667,0.5833333333333334,No
SCP1225M,1,2.23,2.23,2.233333333333333,2.233333333333333,No
SCP1225W,5,1.3,1.48,1.15,1.483333333333333,No
SCP1227U,1,2.9,2.9,2.9,2.9,No
SCP1228U,1,0.22,0.22,0.2166666666666667,0.2166666666666667,No
SCP1230U,32,1.33,1.72,0.95,1.766666666666667,No
SCP1231U,32,16.27,20.25,8.233333333333333,20.81666666666667,No
SCP1232U,32,6.25,9.03,3.016666666666667,11.76666666666667,No
SCP1235U,32,4.91,7.13,2.483333333333333,9.083333333333334,No
SCP1236U,32,0.11,0.18,0.03333333333333333,0.1833333333333333,No
SCP1237U,32,0.37,0.48,0.35,0.65,No
SCP1239U,32,0.28,0.35,0.1333333333333333,0.3833333333333334,No
SCP1240U,32,0.06,0.07,0.05,0.08333333333333333,No
SCP1243U,1,0.43,0.43,0.4333333333333333,0.4333333333333333,No
SCP1244U,1,0,0,0,0,No
SCP1246U,1,0.02,0.02,0.01666666666666667,0.01666666666666667,No
SCP1247U,32,0.46,0.53,0.3833333333333334,0.5666666666666667,No
SCP1248R,32,0.07,0.12,0.03333333333333333,0.1333333333333333,No
SCP1249U,32,0.01,0.03,0,0.03333333333333333,No
SCP1250B,1,0.12,0.12,0.1166666666666667,0.1166666666666667,No
SCP1289U,32,0.54,0.65,0.4333333333333333,0.7166666666666667,No
SCP1303U,32,0.04,0.05,0.01666666666666667,0.08333333333333333,No
SCP1422B,32,6.04,9.18,2.3,9.75,No
SCP1423B,32,2.04,2.87,1.066666666666667,3.116666666666667,No
SCP1427U,1,1.37,1.37,1.366666666666667,1.366666666666667,No
SCP1446U,32,0,0.02,0,0.03333333333333333,No
SCP1461U,32,0.3,0.45,0.15,0.4833333333333333,No
SCP1462U,32,1.64,2.2,0.95,2.466666666666667,No
SCP1463U,32,0.37,0.38,0.35,0.3833333333333334,No
SCP1464U,32,0.37,0.4,0.35,0.4,No
SCP1465U,32,0.42,0.45,0.3833333333333334,0.45,No
SCP1466U,32,0.38,0.42,0.35,0.4333333333333333,No
SCP1467U,32,0.13,0.2,0.05,0.2166666666666667,No
SCP1468U,32,0.01,0.02,0,0.01666666666666667,No
SCP1469U,2,0,0,0,0,No
SCP1470U,5,0.36,0.37,0.35,0.3666666666666666,No
SCP1471U,32,0.35,0.37,0.35,0.3666666666666666,No
SCP1475U,32,0.08,0.13,0.05,0.1333333333333333,No
SCP1479U,4,0.05,0.05,0.05,0.05,No
SCP1480U,32,1.16,1.35,1,1.366666666666667,No
SCP1481U,32,0,0,0,0,No
SCP1482U,32,0,0,0,0,No
SCP1483U,32,0.31,0.45,0.2,0.4666666666666667,No
SCP1484U,32,0,0.02,0,0.01666666666666667,No
SCP1485U,32,0.46,0.55,0.4166666666666667,0.5666666666666667,No
SCP1486U,32,0.01,0.02,0,0.03333333333333333,No
SCP1487U,32,0.44,0.47,0.4,0.4833333333333333,No
SCP1489U,32,0.07,0.15,0.05,0.1666666666666667,No
SCP1492U,32,0.08,0.12,0.03333333333333333,0.1166666666666667,No
SCP1493U,32,0.02,0.02,0,0.01666666666666667,No
SCP1499U,32,0.59,0.77,0.4333333333333333,0.7833333333333333,No
SCP1500U,32,0.3,0.42,0.1833333333333333,0.45,No
SCP1501U,32,0,0.02,0,0.01666666666666667,No
SCP1523U,32,0,0,0,0,No
SCP337CL,32,0.02,0.05,0,0.08333333333333333,No
SCP337OP,32,0.03,0.03,0.01666666666666667,0.03333333333333333,No
SCP338OP,32,0.07,0.15,0,0.1833333333333333,No
SCP375OP,2,0.16,0.32,0,0.3166666666666667,No
SCPALXR,32,0,0.02,0,0.01666666666666667,No
SCPBKD01,32,1.96,2.3,1.55,2.716666666666667,No
SCPBKD02,32,0.46,0.6,0.4,0.65,No
SCPBKD03,32,3.22,3.7,2.783333333333333,4.033333333333333,No
SCPBKD05,32,1.31,1.82,1.083333333333333,2.283333333333333,No
SCPBKD06,32,3.39,3.65,3.183333333333333,3.8,No
SCPBKD07,32,3.12,3.72,2.75,4.016666666666667,No
SCPBKD08,32,0.68,0.78,0.5833333333333334,0.8,No
SCPBKD09,32,2.57,2.97,2.15,3,No
SCPBKD10,32,0.07,0.08,0.06666666666666667,0.1,No
SCPBKM01,1,0.77,0.77,0.7666666666666667,0.7666666666666667,No
SCPBKM02,1,0.42,0.42,0.4166666666666667,0.4166666666666667,No
SCPBKPIA,1,0.03,0.03,0.03333333333333333,0.03333333333333333,No
SCPBKW01,5,0.93,1.82,0.55,1.816666666666667,No
SCPCBS01,32,0.24,1.53,0,2.4,No
SCPCBS02,1,0.08,0.08,0.08333333333333333,0.08333333333333333,No
SCPCBS03,1,0.72,0.72,0.7166666666666667,0.7166666666666667,No
SCPCBS04,1,0.03,0.03,0.03333333333333333,0.03333333333333333,No
SCPCBS05,1,0.22,0.22,0.2166666666666667,0.2166666666666667,No
SCPCBS06,1,0.12,0.12,0.1166666666666667,0.1166666666666667,No
SCPCBS11,32,0.2,1.72,0,1.966666666666667,No
SCPCBS12,1,0.05,0.05,0.05,0.05,No
SCPCBS13,32,0.41,2.53,0.05,4.05,No
SCPCBS14,1,0.02,0.02,0.01666666666666667,0.01666666666666667,No
SCPCBS15,1,0.12,0.12,0.1166666666666667,0.1166666666666667,No
SCPCBS16,1,0.08,0.08,0.08333333333333333,0.08333333333333333,No
SCPCBS1B,1,0.03,0.03,0.03333333333333333,0.03333333333333333,No
SCPCBS2B,1,0.02,0.02,0.01666666666666667,0.01666666666666667,No
SCPCBS3B,1,0.02,0.02,0.01666666666666667,0.01666666666666667,No
SCPCBS4B,1,0,0,0,0,No
SCPCBSBK,32,0,0,0,0,No
SCPCBSBL,32,0.07,0.1,0.06666666666666667,0.1,No
SCPCBSBM,1,0,0,0,0,No
SCPCBSBN,32,0.07,0.08,0.05,0.08333333333333333,No
SCPCBSBP,32,0,0,0,0,No
SCPDC110,32,0.03,0.05,0.01666666666666667,0.05,No
SCPDSC01,32,0.1,0.67,0,1.516666666666667,No
SCPDSC02,32,0.03,0.05,0.01666666666666667,0.05,No
SCPDSC03,32,0.04,0.07,0.01666666666666667,0.1,No
SCPDY1,32,0.17,0.28,0.1,0.2833333333333333,No
SCPDY10,32,0.16,0.27,0.05,0.2833333333333333,No
SCPDY11A,32,1.58,2.05,0.9166666666666666,2.433333333333333,No
SCPDY11B,32,0.16,0.23,0.06666666666666667,0.2666666666666667,No
SCPDY11C,32,0.38,0.58,0.15,0.8833333333333333,No
SCPDY11E,32,0.93,1.22,0.45,1.933333333333333,No
SCPDY11F,32,0.08,0.12,0.03333333333333333,0.2333333333333333,No
SCPDY12,32,0.01,0.02,0,0.01666666666666667,No
SCPDY12A,32,0.01,0.02,0,0.01666666666666667,No
SCPDY12B,32,0.02,0.03,0,0.03333333333333333,No
SCPDY2,32,0.77,1.48,0.3,2.083333333333333,No
SCPDY2A,32,0.16,0.23,0.06666666666666667,0.2333333333333333,No
SCPDY2B,32,0.05,0.07,0.01666666666666667,0.06666666666666667,No
SCPDY2C,32,0.04,0.05,0.01666666666666667,0.06666666666666667,No
SCPDY2D,32,0.84,0.9,0.75,0.95,No
SCPDY2E,32,0.06,0.15,0.01666666666666667,0.1666666666666667,No
SCPDY2F,32,0.22,0.28,0.1333333333333333,0.3166666666666667,No
SCPDY2G,32,0.35,0.4,0.2833333333333333,0.4166666666666667,No
SCPDY2H,32,0.07,0.17,0.01666666666666667,0.2333333333333333,No
SCPDY2I,32,0,0.02,0,0.01666666666666667,No
SCPDY2K,32,0.12,0.15,0.08333333333333333,0.1666666666666667,No
SCPDY2L,32,0.71,0.77,0.6333333333333333,0.8,No
SCPDY3AU,32,0.16,0.62,0.03333333333333333,0.95,No
SCPDY3BU,32,0.24,0.42,0.1,0.7,No
SCPDY3C,32,0.29,0.45,0.1333333333333333,0.95,No
SCPDY3DU,32,0.25,0.5,0.08333333333333333,0.5666666666666667,No
SCPDY3E,32,0.08,0.12,0.05,0.1166666666666667,No
SCPDY3F,32,0.02,0.03,0,0.03333333333333333,No
SCPDY3GU,32,0.38,0.53,0.1833333333333333,0.55,No
SCPDY3HU,32,1.7,2.33,0.9833333333333333,2.683333333333333,No
SCPDY3I,32,0.39,0.55,0.25,0.6333333333333333,No
SCPDY3JU,32,0.37,0.55,0.25,0.55,No
SCPDY3K,32,0.48,3.78,0.06666666666666667,3.933333333333333,No
SCPDY3L,32,3.94,5.57,1.766666666666667,5.883333333333334,No
SCPDY5A,32,0.44,0.55,0.25,0.5833333333333334,No
SCPDY5B,32,0,0.02,0,0.03333333333333333,No
SCPDY5C,32,0.22,0.32,0.1666666666666667,0.3833333333333334,No
SCPDY5D,32,0.17,0.23,0.1,0.2333333333333333,No
SCPDY5E,32,0.01,0.02,0,0.03333333333333333,No
SCPDY5F,32,0.04,0.07,0.01666666666666667,0.06666666666666667,No
SCPDY5G,32,0.02,0.03,0,0.03333333333333333,No
SCPDY6,32,0.05,0.08,0.01666666666666667,0.08333333333333333,No
SCPDY7A,32,0.48,0.72,0.3333333333333333,0.7333333333333333,No
SCPDY7B,32,0.02,0.03,0,0.03333333333333333,No
SCPDY7C,32,2.03,2.6,0.9333333333333333,2.883333333333333,No
SCPDY7D,32,0.18,0.27,0.1,0.2833333333333333,No
SCPDY7E,32,0.02,0.03,0,0.05,No
SCPDY7F,32,0.11,0.18,0.03333333333333333,0.2166666666666667,No
SCPDY7H,32,1.66,2.47,0.6666666666666666,3.033333333333333,No
SCPDY8,32,0.39,0.52,0.2333333333333333,0.7333333333333333,No
SCPDY8A,32,0,0,0,0,No
SCPEPWH,32,0.5,0.9,0.25,0.9166666666666666,No
SCPF6001,32,0.4,0.67,0.2333333333333333,0.8333333333333334,No
SCPF6002,32,0.13,0.3,0.08333333333333333,0.3666666666666666,No
SCPF6003,32,2.12,3.28,0.7833333333333333,4.316666666666666,No
SCPF6004,32,0,0.02,0,0.01666666666666667,No
SCPF6005,32,0.22,0.28,0.15,0.3166666666666667,No
SCPF6006,32,0.05,0.08,0.03333333333333333,0.1,No
SCPF6007,32,0,0.02,0,0.03333333333333333,No
SCPF6008,32,0,0.02,0,0.01666666666666667,No
SCPF65CL,1,0,0,0,0,No
SCPF65OP,1,0,0,0,0,No
SCPF66UW,1,0.13,0.13,0.1333333333333333,0.1333333333333333,No
SCPF672U,32,0.1,0.12,0.08333333333333333,0.1333333333333333,No
SCPF673U,32,0,0,0,0,No
SCPF6BK1,32,0.19,0.23,0.1333333333333333,0.2666666666666667,No
SCPF6BKP,32,0.46,0.52,0.4333333333333333,0.5666666666666667,No
SCPF6FTP,32,2.11,2.13,2.1,2.166666666666667,No
SCPFCSL,32,0.08,0.1,0.05,0.1333333333333333,No
SCPGL001,32,0.48,0.57,0.4,0.5833333333333334,No
SCPGL002,31,0.08,0.12,0.05,0.1166666666666667,No
SCPGL003,1,0.1,0.1,0.1,0.1,No
SCPGL004,32,0.79,0.95,0.5666666666666667,1.033333333333333,No
SCPGL005,32,0.03,0.05,0,0.1,No
SCPGL006,32,0,0,0,0,No
SCPGL007,32,0,0,0,0,No
SCPGL008,32,0.04,0.07,0.01666666666666667,0.1166666666666667,No
SCPGL009,32,1.49,2,0.5833333333333334,2.85,No
SCPGL010,1,0,0,0,0,No
SCPI00D,32,0.02,0.03,0.01666666666666667,0.06666666666666667,No
SCPI01D,32,0,0.02,0,0.01666666666666667,No
SCPI03D,32,0.22,0.32,0.1,0.45,No
SCPI04D,32,0.06,0.08,0.03333333333333333,0.1666666666666667,No
SCPI05D,32,0.06,0.12,0.03333333333333333,0.1333333333333333,No
SCPI06M,1,0.08,0.08,0.08333333333333333,0.08333333333333333,No
SCPINSME,32,0.02,0.03,0.01666666666666667,0.03333333333333333,No
SCPISSUE,32,0.67,1.43,0,1.9,No
SCPMCIN,32,0.07,0.08,0.05,0.1,No
SCPMGPMX,32,0,0,0,0.06666666666666667,No
SCPMRG01,32,0.01,0.02,0,0.01666666666666667,No
SCPNXRF,32,0.2,0.28,0.08333333333333333,0.6166666666666667,No
SCPPCCF,32,0.04,0.05,0.03333333333333333,0.05,No
SCPPCCG,32,0.06,0.1,0.03333333333333333,0.15,No
SCPPCCH,32,0.05,0.07,0.03333333333333333,0.06666666666666667,No
SCPPCCN,32,0.03,0.03,0.03333333333333333,0.03333333333333333,No
SCPPCCT,32,0.23,0.25,0.2,0.25,No
SCPPCOF,32,0.05,0.05,0.03333333333333333,0.05,No
SCPPCOG,32,0.03,0.03,0.03333333333333333,0.03333333333333333,No
SCPPCOH,32,0.06,0.08,0.05,0.1,No
SCPPCON,32,0.04,0.05,0.03333333333333333,0.05,No
SCPPCOT,32,0.28,0.3,0.2333333333333333,0.3,No
SCPPED1M,1,0.38,0.38,0.3833333333333334,0.3833333333333334,No
SCPPED3U,32,0.26,0.42,0.15,0.4333333333333333,No
SCPPEDBK,32,0.07,0.08,0.06666666666666667,0.1,No
SCPPL01,32,0,0,0,0.01666666666666667,No
SCPQTR1,1,0,0,0,0,No
SCPRC209,4,0.03,0.05,0.01666666666666667,0.05,No
SCPRC210,4,0.82,1.48,0.3666666666666666,1.483333333333333,No
SCPRC22A,4,0,0,0,0,No
SCPRC22B,4,0.02,0.02,0.01666666666666667,0.01666666666666667,No
SCPRC22C,4,0,0,0,0,No
SCPRC22D,4,0.03,0.03,0.03333333333333333,0.03333333333333333,No
SCPRC22E,4,0,0,0,0,No
SCPRC22F,4,0,0,0,0,No
SCPRC22G,4,0.03,0.03,0.01666666666666667,0.03333333333333333,No
SCPRC22H,4,0,0,0,0,No
SCPREIS2,2,0.03,0.03,0.01666666666666667,0.03333333333333333,No
SCPREISA,2,0,0,0,0,No
SCPREISS,2,0.36,0.38,0.3333333333333333,0.3833333333333334,No
SCPSMS09,32,0.45,0.48,0.4333333333333333,0.5,No
SCPSMS1,5,0,0,0,0,No
SCPSMS11,32,0.42,0.42,0.4166666666666667,0.4333333333333333,No
SCPSMS13,32,0.42,0.42,0.4166666666666667,0.4166666666666667,No
SCPSMS15,32,0.42,0.43,0.4166666666666667,0.4333333333333333,No
SCPSMS17,32,0.44,0.45,0.4166666666666667,0.4666666666666667,No
SCPSMS19,32,0.46,0.48,0.4333333333333333,0.5333333333333333,No
SCPSMSE1,32,0.03,0.03,0.01666666666666667,0.05,No
SCPSMSF1,32,0,0,0,0.06666666666666667,No
SCPSMSF2,32,0,0,0,0,No
SCPSMSF3,32,0,0,0,0,No
SCPSMSF4,32,0,0,0,0,No
SCPSMSF5,32,0,0.02,0,0.01666666666666667,No
SCPSMSF6,32,0,0.02,0,0.01666666666666667,No
SCPSMSXT,32,0.46,0.52,0.3833333333333334,0.5333333333333333,No
SCPSTMF1,32,1.09,1.62,0.5666666666666667,1.9,No
SCPSTMF3,32,0.75,1.1,0.4666666666666667,1.133333333333333,No
SCPSTMT1,32,1.92,7.27,0.6666666666666666,11.08333333333333,No
SCPSTMT2,32,0.84,1.27,0.5666666666666667,1.4,No
SCPSTMT3,32,1.28,3.1,0.7166666666666667,5.166666666666667,No
SCPT0600,32,0,0,0,0,No
SCPT0630,32,0,0,0,0,No
SCPT0700,32,0,0,0,0,No
SCPT0705,32,0,0,0,0,No
SCPT0730,32,0,0,0,0,No
SCPT0800,32,0,0,0,0,No
SCPT0830,32,0,0,0,0,No
SCPT0900,32,0,0,0,0,No
SCPT0930,32,0,0,0,0,No
SCPT1000,32,0,0,0,0,No
SCPT1015,32,0,0,0,0,No
SCPT1100,32,0,0,0,0,No
SCPT120,32,0.07,0.07,0.06666666666666667,0.06666666666666667,No
SCPT5G2,32,0.06,0.08,0.03333333333333333,0.08333333333333333,No
SCPU230,32,0.19,0.25,0.08333333333333333,0.3,No
SCPU516,32,0.77,0.85,0.6666666666666666,0.8833333333333333,No
SCPU518,32,0.04,0.05,0.03333333333333333,0.05,No
SCPU530,32,0.92,1.23,0.7166666666666667,1.3,No
SCPU580,1,0.1,0.1,0.1,0.1,No
SCPU683,32,0.59,0.83,0.2666666666666667,0.95,No
SCPU684C,32,0.46,0.72,0.2,0.7833333333333333,No
SCPU685,32,0.48,0.73,0.2,0.8166666666666667,No
SCPU686,32,0.47,0.73,0.2666666666666667,0.7666666666666667,No
SCPU687,32,0.03,0.07,0.01666666666666667,0.06666666666666667,No
SCPU688,32,0.08,0.15,0.03333333333333333,0.15,No
SCPU690,32,0.18,0.3,0.08333333333333333,0.3166666666666667,No
SCPU691,32,0.03,0.07,0.01666666666666667,0.08333333333333333,No
SCPU692,32,0.04,0.07,0.01666666666666667,0.06666666666666667,No
SCPU750,32,0.05,0.08,0.03333333333333333,0.08333333333333333,No
SCPU81B,32,0.06,0.12,0.01666666666666667,0.1166666666666667,No
SCPU866B,32,0.02,0.02,0.01666666666666667,0.01666666666666667,No
SCPU866D,32,0.31,0.35,0.2666666666666667,0.45,No
SCPU896,1,1.77,1.77,1.766666666666667,1.766666666666667,No
SCPU909,32,0.92,1.25,0.4666666666666667,1.65,No
SCPU972,32,0.01,0.02,0,0.01666666666666667,No
SCPUAB01,32,0.07,0.12,0.01666666666666667,0.1166666666666667,No
SCPUAB02,32,0.01,0.02,0,0.01666666666666667,No
SCPUAB03,32,0.04,0.07,0.01666666666666667,0.1,No
SCPUAB04,32,0.07,0.12,0.03333333333333333,0.1166666666666667,No
SCPUAB05,32,0.07,0.12,0.03333333333333333,0.1166666666666667,No
SCPUAB06,32,0,0.02,0,0.03333333333333333,No
SCPUAB07,32,0.1,0.17,0.05,0.2,No
SCPUAB12,32,0,0,0,0,No
SCPUABUB,32,0.03,0.07,0.01666666666666667,0.06666666666666667,No
SCPUC500,1,0.02,0.02,0.01666666666666667,0.01666666666666667,No
SCPUC501,32,0.02,0.05,0,0.05,No
SCPUCAP,32,0.3,0.48,0.15,0.4833333333333333,No
SCPUCBBK,32,0.16,0.18,0.1333333333333333,0.1833333333333333,No
SCPUCBKA,32,0.06,0.08,0.05,0.08333333333333333,No
SCPUCBKG,32,0.05,0.07,0.03333333333333333,0.06666666666666667,No
SCPUCCA2,32,0.13,0,0,4.233333333333333,No
SCPUCCD1,32,0.72,1.05,0.45,1.1,No
SCPUCCD2,32,0.01,0.02,0,0.01666666666666667,No
SCPUCCD3,32,0,0,0,0,No
SCPUCCD4,32,0,0.02,0,0.01666666666666667,No
SCPUCCD5,32,0.02,0,0,0.4833333333333333,No
SCPUCCD6,32,0.7,1.27,0.2333333333333333,1.483333333333333,No
SCPUCCD7,32,0.06,0.07,0.05,0.06666666666666667,No
SCPUCCD8,32,0.06,0,0,1.783333333333333,No
SCPUCCD9,32,0.28,0.65,0.15,0.7,No
SCPUCCM1,32,0.01,0,0,0.3833333333333334,No
SCPUCD10,32,0.48,1.03,0.2166666666666667,1.1,No
SCPUCD11,32,1.06,1.8,0.4333333333333333,2.083333333333333,No
SCPUCD12,32,0.02,0,0,0.6333333333333333,No
SCPUCM1K,32,0.05,0.05,0.05,0.06666666666666667,No
SCPUCPQ,32,0.39,0.62,0.1833333333333333,0.6833333333333333,No
SCPUHRN,32,0,0,0,0.01666666666666667,No
SCPUHRNM,32,0,0,0,0,No
SCPUHST,32,0.28,0,0,9.033333333333333,No
SCPVERFY,4,0.41,0.43,0.3833333333333334,0.4333333333333333,No
SCPWLT01,32,0.02,0.05,0,0.05,No
SCS1216C,32,0,0.02,0,0.01666666666666667,No
SCS1216O,32,0,0,0,0,No
SCSAUDBK,32,0.04,0.05,0.03333333333333333,0.08333333333333333,No
SCSU210J,32,0,0,0,0,No
SCSU900A,32,0,0,0,0,No
SCSU900B,32,0,0,0,0,No
SCX747B0,32,1.71,2.68,0.9666666666666667,2.7,No
SCXAQBKP,32,0,0,0,0,No
SCXARDBT,32,0.12,0.15,0.06666666666666667,0.1666666666666667,No
SCXBCKUP,32,0.05,0.08,0.01666666666666667,0.08333333333333333,No
SCXCFLOP,32,0.05,0.07,0.03333333333333333,0.08333333333333333,No
SCXCFMUP,32,0,0,0,0,No
SCXCIPAM,32,0.06,0.07,0.01666666666666667,0.06666666666666667,No
SCXCIRDC,32,0.05,0.07,0.01666666666666667,0.08333333333333333,No
SCXCIRDL,32,0.11,0.17,0.03333333333333333,0.1833333333333333,No
SCXCLGL2,32,0.29,0.57,0.08333333333333333,0.6,No
SCXCLMBU,32,0,0,0,0,No
SCXCLMCC,32,0.04,0.05,0.01666666666666667,0.05,No
SCXCLMCI,32,0.19,0.28,0.06666666666666667,0.3,No
SCXCLMCO,32,0.02,0.03,0.01666666666666667,0.05,No
SCXCLMCP,32,0.02,0.03,0.01666666666666667,0.05,No
SCXCLMDI,32,0.07,0.12,0.03333333333333333,0.1166666666666667,No
SCXCLMTG,32,0.05,0.08,0.01666666666666667,0.15,No
SCXCLNL,32,0.12,0.18,0.05,0.2,No
SCXCLNRL,32,0.07,0.1,0.03333333333333333,0.1166666666666667,No
SCXCLNRX,32,0.03,0.05,0.01666666666666667,0.06666666666666667,No
SCXCLOLI,32,0.05,0.08,0.03333333333333333,0.1166666666666667,No
SCXCLPRT,32,0.03,0.05,0,0.06666666666666667,No
SCXCLSPI,32,0.06,0.1,0.03333333333333333,0.1833333333333333,No
SCXCLVAU,32,0.04,0.05,0.03333333333333333,0.06666666666666667,No
SCXCLVSI,32,0.06,0.1,0.03333333333333333,0.15,No
SCXCLVSO,32,0.02,0.03,0,0.03333333333333333,No
SCXCLVSP,32,0.02,0.02,0,0.06666666666666667,No
SCXCLXRT,32,0,0,0,0,No
SCXCMCNO,32,0.04,0.07,0.01666666666666667,0.06666666666666667,No
SCXCMCOR,32,0.12,0.18,0.03333333333333333,0.25,No
SCXCPADN,32,0.24,0.42,0.08333333333333333,0.4333333333333333,No
SCXCPOST,32,0.41,0.6,0.1666666666666667,0.6,No
SCXCTCOL,32,0.04,0.07,0.01666666666666667,0.1,No
SCXCTFED,32,0.02,0.03,0,0.06666666666666667,No
SCXCVSIR,32,0,0,0,0,No
SCXCVSNO,32,0.03,0.05,0.01666666666666667,0.05,No
SCXCVSOR,32,0.11,0.18,0.03333333333333333,0.25,No
SCXCVSPR,32,0.03,0.05,0.01666666666666667,0.06666666666666667,No
SCXCVSRT,32,0.05,0.08,0.01666666666666667,0.1333333333333333,No
SCXHKACB,32,0.02,0.03,0,0.03333333333333333,No
SCXHKADN,32,0.07,0.1,0.01666666666666667,0.1666666666666667,No
SCXHKBKP,32,0.05,0.08,0.01666666666666667,0.1,No
SCXHKCCR,32,0.02,0.03,0,0.03333333333333333,No
SCXHKEEP,32,0.17,0.27,0.05,0.3666666666666666,No
SCXHKREJ,32,0.1,0.13,0.05,0.1333333333333333,No
SCXHKSYS,32,0.01,0.02,0,0.01666666666666667,No
SCXHSBEG,32,0.05,0.1,0.01666666666666667,0.1333333333333333,No
SCXHSBKP,32,0.85,1.37,0.4166666666666667,1.566666666666667,No
SCXHSUPD,32,0.66,1.15,0.3166666666666667,1.283333333333333,No
SCXISBKP,32,0,0,0,0,No
SCXLEXAQ,32,0,0,0,0,No
SCXLEXCR,32,0,0,0,0.01666666666666667,No
SCXLEXIS,32,0.01,0.03,0,0.05,No
SCXLEXLB,32,0.24,0.33,0.1166666666666667,0.4,No
SCXLEXRT,32,0.02,0.03,0,0.03333333333333333,No
SCXMNETR,32,0.02,0.03,0,0.06666666666666667,No
SCXNRBK1,32,0,0,0,0,No
SCXNRBK2,32,0,0,0,0,No
SCXPRBKP,32,0,0,0,0,No
SCXRADTL,32,0.01,0.03,0,0.03333333333333333,No
SCXRAUTL,32,0.02,0.03,0,0.03333333333333333,No
SCXRTACQ,32,0.07,0.1,0.01666666666666667,0.15,No
SCXRTACV,32,0.03,0.05,0,0.06666666666666667,No
SCXRTIAC,32,0,0,0,0,No
SCXRTLST,32,0.07,0.12,0.01666666666666667,0.1333333333333333,No
SCXRTMCC,32,0.02,0.03,0,0.03333333333333333,No
SCXRTMCI,32,0.18,0.33,0.05,0.3666666666666666,No
SCXRTMCO,32,0.01,0.03,0,0.03333333333333333,No
SCXRTMTG,32,0.03,0.05,0,0.08333333333333333,No
SCXRTSMD,32,0.03,0.05,0,0.05,No
SCXRTSUM,32,0.08,0.12,0.01666666666666667,0.1833333333333333,No
SCXRTV2I,32,0.14,0.3,0.03333333333333333,0.3166666666666667,No
SCXRTVSC,32,0.07,0.13,0.01666666666666667,0.15,No
SCXRTVSI,32,0.11,0.22,0.03333333333333333,0.2166666666666667,No
SCXRTVSO,32,0.07,0.15,0.01666666666666667,0.2,No
SCXRTXSM,32,0.08,0.13,0.01666666666666667,0.1833333333333333,No
SCXRTXSV,32,0.1,0.15,0.01666666666666667,0.1833333333333333,No
SCXRXVRT,32,0,0,0,0,No
SCXSFBKP,32,0,0,0,0,No
SCXVERCL,32,0.07,0.1,0.03333333333333333,0.1166666666666667,No
SCXVNETR,32,0.02,0.03,0,0.06666666666666667,No
SEP0112U,32,0.01,0.02,0,0.01666666666666667,No
SEP476CL,32,0.01,0.03,0,0.06666666666666667,No
SEP476OP,32,0,0.02,0,0.01666666666666667,No
SEPDLY02,32,1.81,3.33,0.8166666666666667,3.666666666666667,No
SEPDLY03,32,0.36,0.57,0.1666666666666667,0.5833333333333334,No
SEPDLY04,32,0.06,0.08,0.03333333333333333,0.1333333333333333,No
SEPDY2BK,32,0.01,0.03,0,0.03333333333333333,No
SEPDY3BK,32,0.02,0.03,0,0.05,No
SEPDY4BK,32,0,0,0,0,No
SEPDY5BK,32,0.14,0.18,0.1,0.2166666666666667,No
SEPPLANP,32,0,0,0,0,No
SIT1061C,32,0,0,0,0,No
SIT1062O,32,0.02,0.02,0.01666666666666667,0.01666666666666667,No
SITDAILY,32,1.01,1.32,0.8166666666666667,1.383333333333333,No
SLB1122C,32,0,0.02,0,0.01666666666666667,No
SLB1123O,32,0.02,0.02,0.01666666666666667,0.01666666666666667,No
SLBD901B,32,1.8,2.42,0.9,3.533333333333333,No
SLBD902B,32,0,0,0,0,No
SLBD903B,32,0,0.02,0,0.01666666666666667,No
SLBD904B,32,0,0,0,0,No
SLBDEM03,32,0.03,0.07,0,0.1666666666666667,No
SLBDLY01,32,1.62,1.92,0.85,2.95,No
SLBDLY03,32,0,0,0,0.01666666666666667,No
SLBDLYCI,32,1.11,2.1,0.3833333333333334,2.483333333333333,No
SLBDY02A,32,3.81,5.58,1.95,5.733333333333333,No
SLBDY02B,32,8.69,11.17,5.966666666666667,13.05,No
SLBDY02C,32,3.45,4.67,2.5,5.183333333333334,No
SLBDY02D,32,0.16,0.32,0.1,0.4166666666666667,No
SLBHSTSJ,32,0.09,0.15,0.05,0.3,No
SLBUEM94,32,0.01,0.02,0,0.1333333333333333,No
SMH002WD,32,5.1,8.35,2.166666666666667,9.033333333333333,No
SMH007WD,32,0,0,0,0,No
SMHP078U,32,0.69,0.77,0.6,0.8666666666666667,No
SMIAF1JC,32,0.05,0.1,0,0.15,No
SMIAWMAK,32,0.01,0.02,0,0.01666666666666667,No
SMID803,32,0.01,0.02,0,0.01666666666666667,No
SMID804,32,0.05,0.08,0.03333333333333333,0.1,No
SMIEODJC,32,4.23,6.47,0.7166666666666667,6.516666666666667,No
SMIEXAWM,32,0.32,0.77,0.1833333333333333,0.95,No
SMINKEZL,32,0,0,0,0,No
SMIRCEZL,32,0.02,0.03,0.01666666666666667,0.05,No
SMIRPAW,32,0.05,0.08,0.05,0.1,No
SMIRPEZL,32,0,0,0,0.01666666666666667,No
SMIRPFCG,32,0.52,0.75,0.2333333333333333,0.75,No
SMISM#0,32,0.01,0.02,0,0.06666666666666667,No
SMISM#1,32,0,0,0,0,No
SMISM#2,32,0,0,0,0.01666666666666667,No
SOC001B1,32,0.85,0.98,0.7833333333333333,1.05,No
SOC001B2,32,0.19,0.25,0.15,0.25,No
SOC001B3,32,1.16,1.45,0.6166666666666667,2.05,No
SOC001B4,32,0.18,0.35,0.08333333333333333,0.35,No
SOC001B5,32,0,0,0,0,No
SOC003UD,32,0,0,0,0,No
SOCDLY,32,4.49,6.15,2.55,6.533333333333333,No
SOCDLY2,32,1.14,1.45,0.5166666666666667,1.566666666666667,No
SORT,15,0.02,0.1,0,0.1,No
SORT11,70,0.06,0.08,0,0.1,No
SORT12,59,0.07,0.1,0.03333333333333333,0.1333333333333333,No
SORT13,60,0.09,0.13,0.03333333333333333,0.8833333333333333,No
SORT14,58,0.02,0.05,0,0.1166666666666667,No
SORT3,6,0.07,0.22,0,0.2166666666666667,No
SORT4,10,0.01,0.02,0,0.01666666666666667,No
SORT99,3,0,0,0,0,No
SQMBKPB0,32,0.79,0.85,0.7166666666666667,1,No
SQMBMER,32,0.06,0.1,0.03333333333333333,0.2666666666666667,No
SQMBMSF,32,0.02,0.03,0,0.03333333333333333,No
SQMBQRF,32,0.2,0.27,0.08333333333333333,0.2833333333333333,No
SQMBTHF,32,0.66,0.87,0.3833333333333334,0.8833333333333333,No
SQMDY01,32,0.58,0.9,0.2833333333333333,1.483333333333333,No
SQMDY02,32,0.23,0.32,0.1166666666666667,0.4,No
SQMDY02A,32,0.12,0.2,0.06666666666666667,0.2,No
SQMDY03,32,0.11,0.15,0.05,0.1666666666666667,No
SQMDY04,32,0.03,0.05,0.01666666666666667,0.06666666666666667,No
SQMDY05,32,1.43,2.28,0.5833333333333334,2.666666666666667,No
SQMDY06,32,0.08,0.12,0.03333333333333333,0.1833333333333333,No
SQMDY07,32,0.25,0.38,0.1333333333333333,0.3833333333333334,No
SQMDY08A,32,0.04,0.07,0.01666666666666667,0.08333333333333333,No
SQMDY08B,32,0.28,0.38,0.1666666666666667,0.4,No
SQMDY08D,32,0.07,0.12,0.01666666666666667,0.1166666666666667,No
SQMDY09,32,0.14,0.22,0.06666666666666667,0.2666666666666667,No
SQMDY10,32,0.15,0.22,0.08333333333333333,0.2166666666666667,No
SQMDY11A,33,0.47,1.15,0.25,1.183333333333333,No
SQMDY11B,32,0.1,0.13,0.05,0.1333333333333333,No
SQMDYGL,32,0.19,0.27,0.08333333333333333,0.2833333333333333,No
SQMFMBLC,32,0.04,0.07,0.01666666666666667,0.06666666666666667,No
SQMMSTFB,32,0.01,0.02,0,0.03333333333333333,No
SQMR141,32,0.01,0.03,0,0.03333333333333333,No
SQMRP01A,32,0.21,0.27,0.08333333333333333,0.2666666666666667,No
SQMRP01B,32,0.03,0.05,0.01666666666666667,0.05,No
SQMRP02,32,0.15,0.2,0.05,0.2166666666666667,No
SQMRP03,32,0.11,0.15,0.03333333333333333,0.15,No
SQMRP04,32,0.03,0.05,0.01666666666666667,0.05,No
SQMRP05A,32,0.12,0.17,0.03333333333333333,0.1666666666666667,No
SQMRP05B,32,0.09,0.13,0.03333333333333333,0.1333333333333333,No
SQMRP06,32,0.04,0.05,0.01666666666666667,0.06666666666666667,No
SQMRP07,32,0.03,0.03,0,0.03333333333333333,No
SQMRP08,32,0.1,0.13,0.03333333333333333,0.15,No
SQMRP99,32,0.08,0.12,0.03333333333333333,0.1166666666666667,No
SQMUHSKM,32,0.09,0.13,0.03333333333333333,0.15,No
SQMUHSKP,32,0.12,0.2,0.06666666666666667,0.2166666666666667,No
SQMUMBLC,32,0.05,0.13,0.01666666666666667,0.15,No
SQPSM#1,32,0.01,0.02,0,0.01666666666666667,No
SQPSM#2,32,0,0,0,0.01666666666666667,No
SSTVIE42,32,0.19,0.22,0.1666666666666667,0.2166666666666667,No
SSTVIE4U,32,0.49,0.63,0.2666666666666667,0.7666666666666667,No
SSTVIETU,32,0.04,0.08,0.01666666666666667,0.08333333333333333,No
SSTVOE4U,32,0.28,0.43,0.1,0.6666666666666666,No
SSTVRAWR,32,0.2,0.27,0.1166666666666667,0.2833333333333333,No
STARTED,1779,0,0,0,0.01666666666666667,No
UNCATLG,1,0,0,0,0,No
